{
"type": "FeatureCollection",
"name": "zonasi_guraici",
"crs": { "type": "name", "properties": { "name": "urn:ogc:def:crs:OGC:1.3:CRS84" } },
"features": [
{ "type": "Feature", "properties": { "Id_zona": 29, "Zona": "Pemanfaatan Terbatas", "Sub_Zona": "Perikanan Tangkap", "Luas": 89010.004800399998, "KKP": "Kepulauan Guraici" }, "geometry": { "type": "MultiPolygon", "coordinates": [ [ [ [ 127.318700181318377, 0.168067629727277, 0.0 ], [ 127.318706421192374, 0.017521099907987, 0.0 ], [ 127.318700181318377, -0.145380487735112, 0.0 ], [ 127.31867215902902, -0.168638177103987, 0.0 ], [ 127.31867138756752, -0.169275252495996, 0.0 ], [ 127.314409517063183, -0.169287283789411, 0.0 ], [ 127.295821532109329, -0.169339746468487, 0.0 ], [ 127.205282768611212, -0.169331518530146, 0.0 ], [ 127.148616828106725, -0.169326152284376, 0.0 ], [ 127.121031905035139, -0.169293147957647, 0.0 ], [ 127.112080147539658, -0.169282429128196, 0.0 ], [ 127.088143094343238, -0.169253746730126, 0.0 ], [ 127.088048636679829, -0.145362099514317, 0.0 ], [ 127.08801120131416, -0.091094354008692, 0.0 ], [ 127.087808936737105, 0.168046403399556, 0.0 ], [ 127.318700181318377, 0.168067629727277, 0.0 ] ], [ [ 127.154102116001127, 0.162634448000069, 0.0 ], [ 127.154048648000995, 0.162598556000201, 0.0 ], [ 127.15393576200097, 0.162604526000048, 0.0 ], [ 127.153822879000998, 0.162586572000075, 0.0 ], [ 127.153721877001118, 0.162586563000108, 0.0 ], [ 127.153704053000979, 0.162586561000093, 0.0 ], [ 127.153608997001115, 0.162544683000156, 0.0 ], [ 127.153573352001004, 0.162508792000055, 0.0 ], [ 127.153478298001019, 0.162437008000105, 0.0 ], [ 127.153377298000919, 0.162413073000059, 0.0 ], [ 127.153294121001025, 0.162413066000192, 0.0 ], [ 127.153199060000944, 0.162413057000371, 0.0 ], [ 127.153121820001047, 0.162448938000082, 0.0 ], [ 127.153002991001031, 0.162490796000314, 0.0 ], [ 127.152937632001013, 0.162532659000134, 0.0 ], [ 127.152866339001008, 0.162520690000177, 0.0 ], [ 127.152812869000996, 0.162502741000088, 0.0 ], [ 127.152729699001043, 0.162407032000111, 0.0 ], [ 127.152711881000982, 0.162341236000091, 0.0 ], [ 127.152735652001013, 0.16228142600013, 0.0 ], [ 127.152723774000961, 0.162227593000065, 0.0 ], [ 127.152688131001014, 0.162173758000089, 0.0 ], [ 127.152622780001053, 0.162143846000047, 0.0 ], [ 127.152581193001097, 0.16211991700005, 0.0 ], [ 127.15250396000107, 0.162078041000037, 0.0 ], [ 127.152456431000928, 0.16206009200004, 0.0 ], [ 127.152379197000982, 0.162030179000044, 0.0 ], [ 127.152325727001099, 0.16201222900005, 0.0 ], [ 127.152260380000953, 0.161940448000054, 0.0 ], [ 127.152230677000958, 0.161904558000061, 0.0 ], [ 127.152147505000954, 0.161838755000071, 0.0 ], [ 127.152034629000923, 0.161737063000148, 0.0 ], [ 127.15199304500095, 0.161695190000058, 0.0 ], [ 127.151939580000999, 0.161617429000097, 0.0 ], [ 127.151874234000971, 0.161521722000035, 0.0 ], [ 127.151880183001211, 0.161449947000072, 0.0 ], [ 127.151903956001121, 0.161348267000047, 0.0 ], [ 127.151903964001008, 0.161258547000188, 0.0 ], [ 127.151856443001009, 0.161162842000128, 0.0 ], [ 127.151791090001055, 0.161150874000042, 0.0 ], [ 127.151678204000973, 0.161168807000049, 0.0 ], [ 127.15163661300096, 0.161192728000187, 0.0 ], [ 127.151600961001051, 0.161240576000422, 0.0 ], [ 127.151577191001095, 0.161288424000028, 0.0 ], [ 127.151499949001007, 0.161348230000059, 0.0 ], [ 127.151446472001027, 0.161414019000109, 0.0 ], [ 127.151327644000958, 0.161449896000031, 0.0 ], [ 127.151101871000989, 0.161485763000113, 0.0 ], [ 127.151054340001011, 0.16149772200003, 0.0 ], [ 127.151018700000961, 0.161407999000124, 0.0 ], [ 127.151036542001094, 0.161210617000056, 0.0 ], [ 127.151036549000992, 0.161126879000226, 0.0 ], [ 127.151030615001119, 0.161061085000216, 0.0 ], [ 127.151018740000964, 0.160965382000041, 0.0 ], [ 127.150994978001094, 0.160935474000073, 0.0 ], [ 127.150959333000998, 0.16090556400045, 0.0 ], [ 127.150876159001044, 0.160869669000022, 0.0 ], [ 127.150787041000982, 0.160845736000107, 0.0 ], [ 127.150691979000953, 0.160863671000137, 0.0 ], [ 127.150608800001166, 0.160881607000334, 0.0 ], [ 127.150549385001042, 0.160905527000367, 0.0 ], [ 127.150513736001031, 0.160917486000092, 0.0 ], [ 127.150472146001036, 0.160923464000079, 0.0 ], [ 127.150430556000984, 0.160941404000037, 0.0 ], [ 127.150412729001019, 0.160977290000081, 0.0 ], [ 127.150353309000934, 0.161061022000075, 0.0 ], [ 127.150293897001021, 0.161049054000103, 0.0 ], [ 127.149996827001047, 0.161120803000151, 0.0 ], [ 127.149984944000963, 0.161120802000027, 0.0 ], [ 127.14988988400107, 0.161114812000081, 0.0 ], [ 127.149842356000974, 0.161102845000266, 0.0 ], [ 127.149782946001039, 0.161072933000075, 0.0 ], [ 127.149693831000988, 0.161025075000209, 0.0 ], [ 127.149640361000976, 0.161001145000092, 0.0 ], [ 127.149551246001025, 0.160959268000056, 0.0 ], [ 127.149497777001017, 0.160929356000126, 0.0 ], [ 127.149426484000983, 0.160905424000032, 0.0 ], [ 127.149367075001038, 0.160869531000251, 0.0 ], [ 127.149242314000986, 0.160797744000404, 0.0 ], [ 127.149141317000968, 0.160749885000027, 0.0 ], [ 127.149075965001018, 0.160719973000045, 0.0 ], [ 127.148986847001012, 0.160719964000113, 0.0 ], [ 127.148903669001044, 0.160707994000266, 0.0 ], [ 127.148790787001033, 0.160684059000058, 0.0 ], [ 127.148559089001168, 0.160570393000066, 0.0 ], [ 127.148487799000961, 0.160510574000056, 0.0 ], [ 127.148410572001055, 0.16040290300003, 0.0 ], [ 127.14836304900102, 0.160319161000069, 0.0 ], [ 127.148309587001023, 0.16021747500032, 0.0 ], [ 127.148268004001139, 0.160145695000214, 0.0 ], [ 127.148232367001057, 0.160032048000346, 0.0 ], [ 127.148161080000961, 0.159936340000129, 0.0 ], [ 127.148107613001159, 0.159888485000091, 0.0 ], [ 127.148060086001053, 0.159858574000104, 0.0 ], [ 127.147959090001024, 0.159798752000058, 0.0 ], [ 127.147887800000944, 0.159738933000024, 0.0 ], [ 127.147840275001073, 0.15967911600006, 0.0 ], [ 127.147792750001059, 0.159613317000029, 0.0 ], [ 127.147751166000972, 0.159571445000038, 0.0 ], [ 127.147721473615277, 0.159544265675671, 0.0 ], [ 127.147685816000987, 0.159511626000055, 0.0 ], [ 127.147656112001016, 0.159493679000063, 0.0 ], [ 127.147584823001054, 0.159433860000326, 0.0 ], [ 127.147578880673066, 0.159415908633517, 0.0 ], [ 127.147567003001001, 0.159380027000084, 0.0 ], [ 127.147561066001074, 0.159332177000378, 0.0 ], [ 127.147483833001132, 0.15929030100008, 0.0 ], [ 127.147400659001008, 0.159260386000027, 0.0 ], [ 127.14733530500105, 0.159254399000062, 0.0 ], [ 127.147258070000959, 0.159242430000068, 0.0 ], [ 127.147168950001074, 0.159254384000175, 0.0 ], [ 127.147109534001032, 0.159290266000055, 0.0 ], [ 127.147020414001148, 0.159296240000065, 0.0 ], [ 127.146978829001029, 0.159260348000171, 0.0 ], [ 127.146919422001091, 0.159188567000287, 0.0 ], [ 127.146854072001119, 0.15915267400032, 0.0 ], [ 127.146788720001041, 0.159128743000208, 0.0 ], [ 127.146729307001081, 0.159140700000061, 0.0 ], [ 127.146658010000962, 0.159152656000088, 0.0 ], [ 127.146616955890678, 0.159199882094824, 0.0 ], [ 127.146616417000956, 0.159200502000204, 0.0 ], [ 127.146512988601032, 0.159250624682957, 0.0 ], [ 127.146455996001194, 0.159278244000435, 0.0 ], [ 127.146396584001081, 0.15926627700007, 0.0 ], [ 127.146319349001118, 0.15925430700008, 0.0 ], [ 127.146242114001055, 0.159242338000433, 0.0 ], [ 127.14618270400112, 0.159212426000058, 0.0 ], [ 127.146069818001095, 0.159230359000066, 0.0 ], [ 127.14601634600109, 0.159248299000112, 0.0 ], [ 127.145956931001194, 0.159266236000134, 0.0 ], [ 127.14584404800101, 0.159254264000034, 0.0 ], [ 127.145689581000994, 0.15919443700011, 0.0 ], [ 127.14567229367178, 0.159190084433886, 0.0 ], [ 127.141249735988126, 0.159215548389962, 0.0 ], [ 127.14123632036565, 0.15720542907839, 0.0 ], [ 127.141204983133377, 0.150458976192841, 0.0 ], [ 127.145523518628096, 0.150459346282373, 0.0 ], [ 127.145528412398363, 0.15150666256849, 0.0 ], [ 127.145553603001005, 0.151496521000133, 0.0 ], [ 127.145613015001032, 0.151508488000044, 0.0 ], [ 127.145633368115426, 0.151580230649779, 0.0 ], [ 127.145636772001083, 0.151592229000099, 0.0 ], [ 127.145933834001013, 0.15161618000007, 0.0 ], [ 127.145933836001149, 0.151580292000271, 0.0 ], [ 127.145933839061982, 0.151543687879618, 0.0 ], [ 127.145933847000975, 0.151448703000277, 0.0 ], [ 127.145945734001003, 0.151406835000037, 0.0 ], [ 127.145957619001052, 0.151370949000061, 0.0 ], [ 127.145999213001048, 0.151305159000106, 0.0 ], [ 127.146017040000999, 0.151281235000168, 0.0 ], [ 127.146030653640906, 0.151261659154035, 0.0 ], [ 127.146058633001005, 0.151221426000076, 0.0 ], [ 127.14608240100101, 0.151191521000062, 0.0 ], [ 127.14612993700112, 0.15111376900005, 0.0 ], [ 127.146165588000983, 0.151077884000136, 0.0 ], [ 127.146225007001107, 0.151000133000045, 0.0 ], [ 127.146254718001032, 0.150952285000259, 0.0 ], [ 127.146302254000986, 0.150880513000133, 0.0 ], [ 127.146361671000975, 0.150832669000053, 0.0 ], [ 127.146438908001031, 0.150820713000086, 0.0 ], [ 127.14651614500103, 0.150820719000025, 0.0 ], [ 127.146593380001065, 0.150820726000162, 0.0 ], [ 127.146596686605548, 0.150821003672299, 0.0 ], [ 127.146664675000949, 0.150826713000136, 0.0 ], [ 127.146718143000996, 0.150862605000043, 0.0 ], [ 127.146765669000985, 0.15091644100007, 0.0 ], [ 127.146783490001098, 0.150952331000218, 0.0 ], [ 127.146836957001057, 0.151000185000201, 0.0 ], [ 127.146872601001149, 0.151042058000066, 0.0 ], [ 127.146903495113563, 0.151065986616264, 0.0 ], [ 127.14694983300096, 0.15110187700028, 0.0 ], [ 127.147038947000993, 0.151161697000033, 0.0 ], [ 127.147086473001011, 0.151203571000089, 0.0 ], [ 127.147104294001039, 0.151233478000272, 0.0 ], [ 127.147116207854765, 0.151281473771486, 0.0 ], [ 127.147122111001025, 0.151305255000072, 0.0 ], [ 127.147163697001091, 0.151347128000065, 0.0 ], [ 127.147193400001058, 0.151394980000245, 0.0 ], [ 127.147199019946626, 0.151419508587994, 0.0 ], [ 127.147211216001125, 0.151472739000062, 0.0 ], [ 127.147205271001084, 0.151526570000051, 0.0 ], [ 127.147204880540698, 0.151532066971783, 0.0 ], [ 127.147199323001047, 0.151610307000051, 0.0 ], [ 127.147199316001036, 0.151676101000039, 0.0 ], [ 127.147223074001161, 0.151771804000032, 0.0 ], [ 127.147246834000981, 0.151825638000081, 0.0 ], [ 127.14731812100095, 0.15192732500003, 0.0 ], [ 127.147436935001039, 0.152046961000074, 0.0 ], [ 127.14750228400122, 0.152112761000162, 0.0 ], [ 127.147579513001048, 0.1521965060001, 0.0 ], [ 127.147582432832564, 0.152199641990104, 0.0 ], [ 127.147668624001057, 0.152292214000062, 0.0 ], [ 127.147817140000996, 0.152477646000024, 0.0 ], [ 127.147895568047176, 0.152556617205513, 0.0 ], [ 127.147900310001148, 0.152561392000063, 0.0 ], [ 127.148042890001008, 0.152681030000096, 0.0 ], [ 127.148096356001091, 0.152746829000047, 0.0 ], [ 127.148120119000993, 0.152776738000055, 0.0 ], [ 127.148149823001006, 0.152806646000103, 0.0 ], [ 127.148215174001137, 0.152842540000049, 0.0 ], [ 127.148236208707218, 0.152854092978607, 0.0 ], [ 127.148280525000928, 0.152878433000228, 0.0 ], [ 127.148309618127584, 0.152898714034118, 0.0 ], [ 127.148357757001037, 0.152932272000145, 0.0 ], [ 127.148405280000958, 0.153004051000165, 0.0 ], [ 127.148506277001076, 0.153057892000057, 0.0 ], [ 127.148547864001046, 0.153075839000051, 0.0 ], [ 127.148666685001047, 0.153135662000085, 0.0 ], [ 127.148743918001003, 0.153171556000138, 0.0 ], [ 127.148850853001136, 0.15326128500005, 0.0 ], [ 127.148904316001023, 0.15336297100037, 0.0 ], [ 127.148957780000984, 0.153446714000098, 0.0 ], [ 127.148968041321581, 0.153459998639417, 0.0 ], [ 127.148999364000943, 0.153500550000338, 0.0 ], [ 127.149064712000978, 0.153572331000082, 0.0 ], [ 127.149136001001054, 0.153650093000066, 0.0 ], [ 127.149183526001053, 0.153709911000046, 0.0 ], [ 127.149225112001119, 0.153733839000071, 0.0 ], [ 127.149302347001026, 0.153763752000056, 0.0 ], [ 127.149379578001046, 0.15382357300007, 0.0 ], [ 127.14947861575989, 0.153871062478776, 0.0 ], [ 127.149504339000956, 0.15388339700008, 0.0 ], [ 127.149543612286962, 0.153917783255358, 0.0 ], [ 127.14964097900102, 0.154003034000029, 0.0 ], [ 127.149695823947951, 0.154027195986826, 0.0 ], [ 127.149736035000984, 0.154044911000026, 0.0 ], [ 127.149806201904738, 0.15406846435028, 0.0 ], [ 127.150003385001142, 0.1541346540001, 0.0 ], [ 127.150104383001036, 0.154170551000054, 0.0 ], [ 127.150270736001048, 0.154200471000124, 0.0 ], [ 127.150478678000965, 0.154236378000197, 0.0 ], [ 127.150498294049171, 0.154239497953061, 0.0 ], [ 127.150591560000976, 0.154254332000051, 0.0 ], [ 127.150674735001019, 0.15429022600012, 0.0 ], [ 127.150704453325332, 0.15430193629619, 0.0 ], [ 127.150811380000974, 0.154344070000199, 0.0 ], [ 127.150900497001004, 0.154368003000055, 0.0 ], [ 127.15098961400102, 0.154397918000172, 0.0 ], [ 127.151132200000916, 0.15444578000024, 0.0 ], [ 127.151262905001019, 0.154481679000345, 0.0 ], [ 127.151363904000959, 0.154505613000083, 0.0 ], [ 127.151423315001054, 0.154529544000062, 0.0 ], [ 127.15144404776116, 0.154548100262145, 0.0 ], [ 127.151476783000973, 0.15457739900017, 0.0 ], [ 127.151500545001099, 0.15461328900005, 0.0 ], [ 127.151526182192896, 0.154650577629266, 0.0 ], [ 127.151554009000961, 0.154691051000107, 0.0 ], [ 127.151589653001039, 0.154744885000051, 0.0 ], [ 127.151643117001072, 0.154828628000096, 0.0 ], [ 127.15169658100092, 0.154912371000041, 0.0 ], [ 127.151821332000978, 0.155097802000048, 0.0 ], [ 127.151904504001081, 0.155163604000098, 0.0 ], [ 127.152029264001015, 0.155241372000081, 0.0 ], [ 127.152064903001019, 0.155337076000062, 0.0 ], [ 127.152070836000931, 0.155438758000132, 0.0 ], [ 127.152058940000998, 0.155594271000241, 0.0 ], [ 127.15205893600104, 0.1556361400001, 0.0 ], [ 127.152064873001009, 0.15568997300015, 0.0 ], [ 127.152076750001015, 0.15575576800032, 0.0 ], [ 127.152088627000921, 0.155809600000091, 0.0 ], [ 127.152106447000961, 0.15586343400005, 0.0 ], [ 127.152124266001039, 0.155917266000181, 0.0 ], [ 127.152159909001014, 0.155965120000127, 0.0 ], [ 127.152189609000985, 0.156048861000133, 0.0 ], [ 127.15229060100107, 0.1561565340001, 0.0 ], [ 127.152516389001107, 0.15592926400033, 0.0 ], [ 127.152528268000992, 0.155977115000319, 0.0 ], [ 127.15230248000104, 0.156192422000104, 0.0 ], [ 127.152403475000952, 0.156276170000218, 0.0 ], [ 127.152486643000998, 0.15638982100008, 0.0 ], [ 127.152593578001117, 0.156479550000069, 0.0 ], [ 127.152658918000981, 0.156635070000065, 0.0 ], [ 127.152712383001031, 0.156718813000122, 0.0 ], [ 127.152860908001003, 0.156796583000075, 0.0 ], [ 127.153033192001047, 0.156946131000083, 0.0 ], [ 127.153146066001042, 0.157059786000108, 0.0 ], [ 127.15320547400097, 0.157119604000058, 0.0 ], [ 127.153252999000998, 0.157179422000064, 0.0 ], [ 127.153324286000966, 0.157275128000075, 0.0 ], [ 127.153383693000933, 0.157352891000124, 0.0 ], [ 127.153454983000984, 0.15740672900007, 0.0 ], [ 127.153544097000932, 0.157460569000134, 0.0 ], [ 127.153545581001268, 0.157461241447464, 0.0 ], [ 127.153662919001022, 0.157514411000015, 0.0 ], [ 127.153799568000977, 0.157520404, 0.0 ], [ 127.153876806001065, 0.157496487000083, 0.0 ], [ 127.153983749001142, 0.157502477000057, 0.0 ], [ 127.153993142085909, 0.157497434767373, 0.0 ], [ 127.154072873000942, 0.157454635000103, 0.0 ], [ 127.154107667426658, 0.157416109798653, 0.0 ], [ 127.154132291001062, 0.157388846000094, 0.0 ], [ 127.154227353000934, 0.157370910000095, 0.0 ], [ 127.154316473001018, 0.157370918000036, 0.0 ], [ 127.154453120001008, 0.157394855000112, 0.0 ], [ 127.154583825000955, 0.157430755000118, 0.0 ], [ 127.154738296001028, 0.15746067600022, 0.0 ], [ 127.154880889001049, 0.157436763000013, 0.0 ], [ 127.15504130600111, 0.157412852000224, 0.0 ], [ 127.155148250000991, 0.157412861000195, 0.0 ], [ 127.155415607000933, 0.157412885000263, 0.0 ], [ 127.155599788000927, 0.157406920000065, 0.0 ], [ 127.156039444000939, 0.157400978000152, 0.0 ], [ 127.156152328001014, 0.15740696900001, 0.0 ], [ 127.156241447001065, 0.157424921000213, 0.0 ], [ 127.156348387000975, 0.157460819000075, 0.0 ], [ 127.156473152001055, 0.157484755000172, 0.0 ], [ 127.156591973001042, 0.157544579000062, 0.0 ], [ 127.156782088001066, 0.157610390000404, 0.0 ], [ 127.156871207001075, 0.157616380000065, 0.0 ], [ 127.157043504001123, 0.157622376000063, 0.0 ], [ 127.157162335001004, 0.157562573000373, 0.0 ], [ 127.157245516001026, 0.157526693000215, 0.0 ], [ 127.157316815001153, 0.157502774000279, 0.0 ], [ 127.157411877000953, 0.157478857000072, 0.0 ], [ 127.157500999000945, 0.157448958000232, 0.0 ], [ 127.157584178001187, 0.157437004000016, 0.0 ], [ 127.157661414001012, 0.157454954000062, 0.0 ], [ 127.157744591001091, 0.157472906000109, 0.0 ], [ 127.157899063001025, 0.157484882000092, 0.0 ], [ 127.158035715000977, 0.157460969000186, 0.0 ], [ 127.158243661001094, 0.157455006000143, 0.0 ], [ 127.158297133000943, 0.157455011000033, 0.0 ], [ 127.158332780000933, 0.157472958000033, 0.0 ], [ 127.158332776000961, 0.157514827000093, 0.0 ], [ 127.158303065000936, 0.157556694000089, 0.0 ], [ 127.158231767000999, 0.1575865940001, 0.0 ], [ 127.158154528000964, 0.157616494000028, 0.0 ], [ 127.158190168000914, 0.157700235000103, 0.0 ], [ 127.158196107001004, 0.157724161000049, 0.0 ], [ 127.158213927000915, 0.157772014000052, 0.0 ], [ 127.158237688001023, 0.157819866000372, 0.0 ], [ 127.158267389001068, 0.157879682000263, 0.0 ], [ 127.158285209000951, 0.157927534000074, 0.0 ], [ 127.158314908001032, 0.158011275000031, 0.0 ], [ 127.158326785001023, 0.158077071000068, 0.0 ], [ 127.158320829001013, 0.15823856600002, 0.0 ], [ 127.158320826000917, 0.158274454000342, 0.0 ], [ 127.158320825000928, 0.158286416000346, 0.0 ], [ 127.158320824000953, 0.158298379000311, 0.0 ], [ 127.158308936000935, 0.158358191000115, 0.0 ], [ 127.158308933001067, 0.158394079000091, 0.0 ], [ 127.158285163000997, 0.158447909000179, 0.0 ], [ 127.158255451000954, 0.158507719000057, 0.0 ], [ 127.158225740000944, 0.158555567000173, 0.0 ], [ 127.158216849728134, 0.158565410502657, 0.0 ], [ 127.158166321000991, 0.158621357000108, 0.0 ], [ 127.158100962000972, 0.158681164000238, 0.0 ], [ 127.15804154500097, 0.158723028000379, 0.0 ], [ 127.158005898001022, 0.158723024000034, 0.0 ], [ 127.15794648200098, 0.158746945000089, 0.0 ], [ 127.157904890000935, 0.15877684800005, 0.0 ], [ 127.157887691184072, 0.158792717003454, 0.0 ], [ 127.15783358900093, 0.158842636000208, 0.0 ], [ 127.157786052001029, 0.158920389000216, 0.0 ], [ 127.157762284001095, 0.158950293000403, 0.0 ], [ 127.157726673865511, 0.158992461609976, 0.0 ], [ 127.157661271000961, 0.159069910000033, 0.0 ], [ 127.15763750500102, 0.159087852000029, 0.0 ], [ 127.157619678000955, 0.159117757000088, 0.0 ], [ 127.157613733000943, 0.159159625000026, 0.0 ], [ 127.157643432000995, 0.159243367000156, 0.0 ], [ 127.157667192000986, 0.159303182000031, 0.0 ], [ 127.157678955037653, 0.159342670496362, 0.0 ], [ 127.157685010000947, 0.159362997000189, 0.0 ], [ 127.157690946001168, 0.159428792000076, 0.0 ], [ 127.157690941000951, 0.159488606000061, 0.0 ], [ 127.157690937000979, 0.159530474000073, 0.0 ], [ 127.157690932000946, 0.159584306000066, 0.0 ], [ 127.157702810000941, 0.159638139000246, 0.0 ], [ 127.157726570001017, 0.159697954000266, 0.0 ], [ 127.157756272000995, 0.159751789000051, 0.0 ], [ 127.157774088001048, 0.159829547000082, 0.0 ], [ 127.157785967001033, 0.159883381000018, 0.0 ], [ 127.157803787000972, 0.159925252000047, 0.0 ], [ 127.157869131001121, 0.160026940000368, 0.0 ], [ 127.157871567097999, 0.160033318103379, 0.0 ], [ 127.157881565305502, 0.160059495057506, 0.0 ], [ 127.157928531001033, 0.160182459000388, 0.0 ], [ 127.157869116001038, 0.160206380000036, 0.0 ], [ 127.157845931160665, 0.160253050886345, 0.0 ], [ 127.157809692001038, 0.160326000000109, 0.0 ], [ 127.157779980000981, 0.160391792000016, 0.0 ], [ 127.157738387001032, 0.160433658000038, 0.0 ], [ 127.157684915001056, 0.160433653000198, 0.0 ], [ 127.157631443000909, 0.160433648000065, 0.0 ], [ 127.157542326001007, 0.160409715000106, 0.0 ], [ 127.157482913000962, 0.160403728000241, 0.0 ], [ 127.157472183014548, 0.160403727014988, 0.0 ], [ 127.157417559000933, 0.160403722000099, 0.0 ], [ 127.157383246540093, 0.160399880770719, 0.0 ], [ 127.157364088000904, 0.160397736000062, 0.0 ], [ 127.157286857000955, 0.160331934000249, 0.0 ], [ 127.157263098000954, 0.16026015600007, 0.0 ], [ 127.157239340000942, 0.16018837900002, 0.0 ], [ 127.157197756000969, 0.160128561000019, 0.0 ], [ 127.157171055969016, 0.160117358618837, 0.0 ], [ 127.157126463001063, 0.160098649000037, 0.0 ], [ 127.157013578000985, 0.160092657000089, 0.0 ], [ 127.156966045001127, 0.160128541000437, 0.0 ], [ 127.156924450000915, 0.160194331000111, 0.0 ], [ 127.156906621000999, 0.16024816100003, 0.0 ], [ 127.156853145000937, 0.160301988000242, 0.0 ], [ 127.156841256000888, 0.160373763000258, 0.0 ], [ 127.156835308000922, 0.16045152000021, 0.0 ], [ 127.156790191521409, 0.160506013601203, 0.0 ], [ 127.156775888000993, 0.160523290000231, 0.0 ], [ 127.156758059001035, 0.160589083000022, 0.0 ], [ 127.156680797, 0.16086422709667, 0.0 ], [ 127.156680791001079, 0.160930011000084, 0.0 ], [ 127.156692665000961, 0.161019732000131, 0.0 ], [ 127.156716427001143, 0.16106160300018, 0.0 ], [ 127.156746127000929, 0.161133382000049, 0.0 ], [ 127.156763855848411, 0.161258404614555, 0.0 ], [ 127.156763939000939, 0.161258991000236, 0.0 ], [ 127.156763793968153, 0.161259647789778, 0.0 ], [ 127.156752052001011, 0.161312822000205, 0.0 ], [ 127.156734220001013, 0.161402540000074, 0.0 ], [ 127.156734216000928, 0.161450390000029, 0.0 ], [ 127.156728267001014, 0.161534128000024, 0.0 ], [ 127.15672826200101, 0.161587960000011, 0.0 ], [ 127.156728260687714, 0.161605636930235, 0.0 ], [ 127.156728258000967, 0.161641792000138, 0.0 ], [ 127.15672368098889, 0.161663285121436, 0.0 ], [ 127.156712212893353, 0.161717137971401, 0.0 ], [ 127.156708315968842, 0.161735437476071, 0.0 ], [ 127.156692594001001, 0.161809266000039, 0.0 ], [ 127.156650154363177, 0.1617964436018, 0.0 ], [ 127.156633183001048, 0.161791316000074, 0.0 ], [ 127.15659159200095, 0.161809256000075, 0.0 ], [ 127.156526235001039, 0.161845138000223, 0.0 ], [ 127.156472760000938, 0.161875039000072, 0.0 ], [ 127.156413344000953, 0.161916904000099, 0.0 ], [ 127.156389155679634, 0.161949364506506, 0.0 ], [ 127.156377691001126, 0.161964750000047, 0.0 ], [ 127.156264802000919, 0.162018572000036, 0.0 ], [ 127.156193507001021, 0.162006603000204, 0.0 ], [ 127.156151923000962, 0.161958749000382, 0.0 ], [ 127.156110332000921, 0.16198267000032, 0.0 ], [ 127.156102447292156, 0.162035554807924, 0.0 ], [ 127.156092497000984, 0.16210229400022, 0.0 ], [ 127.156092490001029, 0.162180052000197, 0.0 ], [ 127.156033072000909, 0.162239859000123, 0.0 ], [ 127.155997417001174, 0.162305651000059, 0.0 ], [ 127.15598919441301, 0.162328409004801, 0.0 ], [ 127.155973646000945, 0.162371443000047, 0.0 ], [ 127.15594987800101, 0.162407328000375, 0.0 ], [ 127.15587858100092, 0.162425266000127, 0.0 ], [ 127.155795405000958, 0.162401333000094, 0.0 ], [ 127.155730054000969, 0.162359458000365, 0.0 ], [ 127.15566470200099, 0.162341508000101, 0.0 ], [ 127.155658755001028, 0.162407302000086, 0.0 ], [ 127.155575574001077, 0.162431220000048, 0.0 ], [ 127.155563698000961, 0.162371405000043, 0.0 ], [ 127.155509080066679, 0.162328364910491, 0.0 ], [ 127.155427057001077, 0.162263729000081, 0.0 ], [ 127.155385473000976, 0.162209894000049, 0.0 ], [ 127.155320123000948, 0.162168019000061, 0.0 ], [ 127.155260708001109, 0.162185957000046, 0.0 ], [ 127.155201291000935, 0.162233802000057, 0.0 ], [ 127.155169177259296, 0.162293060296326, 0.0 ], [ 127.155129983000961, 0.162365384000167, 0.0 ], [ 127.155094329000917, 0.162437157000057, 0.0 ], [ 127.155070556000965, 0.162526874000209, 0.0 ], [ 127.155058668000962, 0.162580705000356, 0.0 ], [ 127.155005188000928, 0.162670420000399, 0.0 ], [ 127.154933884001196, 0.162772095000394, 0.0 ], [ 127.154880411001002, 0.162790034000107, 0.0 ], [ 127.15477940300093, 0.162843856000229, 0.0 ], [ 127.154684341000902, 0.162867773000266, 0.0 ], [ 127.154618983001029, 0.162903655000402, 0.0 ], [ 127.154452633001043, 0.162837845000099, 0.0 ], [ 127.154351636001024, 0.162784004000316, 0.0 ], [ 127.154345697001119, 0.162760078000021, 0.0 ], [ 127.154286284000975, 0.162754092000072, 0.0 ], [ 127.154209050001, 0.162736140000066, 0.0 ], [ 127.154102116001127, 0.162634448000069, 0.0 ] ], [ [ 127.172966386000965, 0.160464015000076, 0.0 ], [ 127.172942627001021, 0.160398218000085, 0.0 ], [ 127.172942633000915, 0.160326441000048, 0.0 ], [ 127.172930762000917, 0.160188868000037, 0.0 ], [ 127.172960477000913, 0.160093169000045, 0.0 ], [ 127.172978307000974, 0.160033357000045, 0.0 ], [ 127.172990197000956, 0.159949619000045, 0.0 ], [ 127.173002084000885, 0.159907751000071, 0.0 ], [ 127.173017681433706, 0.159870072953782, 0.0 ], [ 127.173031796000913, 0.159835977000078, 0.0 ], [ 127.173079331000906, 0.159794112000038, 0.0 ], [ 127.173130040157389, 0.159782104684928, 0.0 ], [ 127.173180337000943, 0.159770195000084, 0.0 ], [ 127.173208064336663, 0.159802767987733, 0.0 ], [ 127.173215980000847, 0.159812067000101, 0.0 ], [ 127.173239740000966, 0.159877864000083, 0.0 ], [ 127.173263499000925, 0.15996160600004, 0.0 ], [ 127.173281318000861, 0.160015440000122, 0.0 ], [ 127.17332884100108, 0.160099183000064, 0.0 ], [ 127.17340606600095, 0.160236762000103, 0.0 ], [ 127.173406057000946, 0.160338445000151, 0.0 ], [ 127.173435759000924, 0.160392280000076, 0.0 ], [ 127.173459518000925, 0.160470040000073, 0.0 ], [ 127.173477337000847, 0.160529856000052, 0.0 ], [ 127.173489212000973, 0.160607615000053, 0.0 ], [ 127.173512854100878, 0.160708808203799, 0.0 ], [ 127.17351296900091, 0.160709300000061, 0.0 ], [ 127.173524848000909, 0.160751171000064, 0.0 ], [ 127.173566431000893, 0.160822950000099, 0.0 ], [ 127.173585286867947, 0.160927407921833, 0.0 ], [ 127.173602062001123, 0.161020339000086, 0.0 ], [ 127.173578292000954, 0.161068188000099, 0.0 ], [ 127.173501050000993, 0.161110051000108, 0.0 ], [ 127.173429758000964, 0.161068175000059, 0.0 ], [ 127.173358464000941, 0.161038262000079, 0.0 ], [ 127.173269349000989, 0.160990402000066, 0.0 ], [ 127.173138643000854, 0.160942539000281, 0.0 ], [ 127.17308517400096, 0.16090664700013, 0.0 ], [ 127.173025766000876, 0.160846827000204, 0.0 ], [ 127.173037660000944, 0.160721220000271, 0.0 ], [ 127.173037664000887, 0.160667387000075, 0.0 ], [ 127.17303767200093, 0.160583648000092, 0.0 ], [ 127.173019853000909, 0.160523833000089, 0.0 ], [ 127.172966386000965, 0.160464015000076, 0.0 ] ], [ [ 127.172390108001096, 0.160099099000053, 0.0 ], [ 127.172289102001074, 0.160123016000075, 0.0 ], [ 127.172140575000952, 0.16005122600008, 0.0 ], [ 127.172093050000925, 0.159991408000049, 0.0 ], [ 127.172045525000925, 0.159919627000244, 0.0 ], [ 127.172039588000928, 0.159877757000171, 0.0 ], [ 127.172015828000951, 0.159811960000107, 0.0 ], [ 127.172009890000879, 0.15978205200004, 0.0 ], [ 127.17199206800089, 0.159752145000107, 0.0 ], [ 127.171956424000911, 0.159704290000165, 0.0 ], [ 127.17192077800091, 0.159680362000081, 0.0 ], [ 127.171831659000944, 0.159662409000184, 0.0 ], [ 127.171754424000952, 0.159644458000116, 0.0 ], [ 127.171712834001013, 0.15963847300002, 0.0 ], [ 127.171665304000868, 0.159638469000143, 0.0 ], [ 127.171594004000923, 0.159674351000071, 0.0 ], [ 127.171558354001036, 0.15969827300017, 0.0 ], [ 127.171492999000932, 0.159704249000088, 0.0 ], [ 127.171433588000895, 0.159680318000293, 0.0 ], [ 127.171403881000927, 0.15966835200006, 0.0 ], [ 127.171332589000897, 0.159626476000076, 0.0 ], [ 127.171261299000975, 0.15956067500004, 0.0 ], [ 127.171243480001024, 0.159500860000062, 0.0 ], [ 127.171273194000889, 0.159429087000071, 0.0 ], [ 127.171302905000886, 0.159375257000129, 0.0 ], [ 127.171403917000887, 0.159261619000074, 0.0 ], [ 127.171451454000859, 0.159201810000061, 0.0 ], [ 127.171469280001006, 0.159171905000054, 0.0 ], [ 127.171570285000911, 0.15915397000006, 0.0 ], [ 127.171596911551632, 0.159146661917302, 0.0 ], [ 127.171635641000933, 0.159136032000096, 0.0 ], [ 127.171677230000995, 0.159136035000072, 0.0 ], [ 127.171697945942839, 0.159129620138827, 0.0 ], [ 127.171754470000991, 0.159112117000334, 0.0 ], [ 127.171737681540861, 0.159083940912748, 0.0 ], [ 127.171736649000962, 0.159082208000089, 0.0 ], [ 127.171718828000976, 0.159052300000311, 0.0 ], [ 127.171695730864869, 0.159013537791475, 0.0 ], [ 127.171683185000873, 0.158992483000319, 0.0 ], [ 127.171641598000903, 0.158962572000132, 0.0 ], [ 127.171576245000949, 0.158938641000016, 0.0 ], [ 127.17151683300095, 0.15892667300025, 0.0 ], [ 127.171463361001031, 0.158926669000058, 0.0 ], [ 127.171403947001025, 0.158932645000112, 0.0 ], [ 127.171368299000889, 0.15892666000002, 0.0 ], [ 127.171326711000873, 0.158902730000028, 0.0 ], [ 127.171314831000885, 0.158884785000134, 0.0 ], [ 127.171314836000946, 0.158824972000105, 0.0 ], [ 127.171326722000984, 0.158783104000135, 0.0 ], [ 127.171356434000884, 0.158729274000186, 0.0 ], [ 127.171403970000895, 0.158669464000076, 0.0 ], [ 127.17144556700093, 0.158585729000051, 0.0 ], [ 127.171534690000897, 0.158549849000224, 0.0 ], [ 127.171594110000981, 0.158472096000012, 0.0 ], [ 127.171546582000886, 0.158436204000179, 0.0 ], [ 127.171487174000973, 0.158382367000036, 0.0 ], [ 127.17148717700087, 0.158352460000056, 0.0 ], [ 127.171481238000993, 0.158310590000045, 0.0 ], [ 127.171522831000914, 0.158274705000086, 0.0 ], [ 127.171552541000963, 0.158244801000056, 0.0 ], [ 127.17162978200092, 0.158202938000158, 0.0 ], [ 127.171689194000876, 0.158220888000292, 0.0 ], [ 127.17169513900086, 0.158173037000044, 0.0 ], [ 127.171695146001056, 0.158101261000249, 0.0 ], [ 127.171701097001048, 0.157993597000251, 0.0 ], [ 127.171653568001034, 0.157963685000069, 0.0 ], [ 127.171576328000967, 0.157993586000024, 0.0 ], [ 127.171528798000907, 0.157981619000404, 0.0 ], [ 127.17148721200094, 0.157945727000073, 0.0 ], [ 127.171487218001019, 0.157873950000071, 0.0 ], [ 127.171516931000909, 0.157814140000213, 0.0 ], [ 127.171516932000912, 0.157790214000222, 0.0 ], [ 127.17151693500098, 0.157754326000259, 0.0 ], [ 127.171516941001045, 0.157700493000064, 0.0 ], [ 127.171546651000952, 0.157652645000055, 0.0 ], [ 127.171617952000972, 0.157592838000014, 0.0 ], [ 127.171701135000887, 0.15754499400003, 0.0 ], [ 127.171742725001025, 0.157544998000076, 0.0 ], [ 127.171849669000935, 0.157550989000077, 0.0 ], [ 127.172016027001064, 0.15755100400009, 0.0 ], [ 127.172069498000965, 0.157551008000065, 0.0 ], [ 127.17215268000092, 0.157521108000063, 0.0 ], [ 127.172206157001028, 0.157473263000417, 0.0 ], [ 127.172259637000892, 0.157377566000403, 0.0 ], [ 127.172384403000976, 0.15739552100016, 0.0 ], [ 127.172443817000953, 0.157395526000083, 0.0 ], [ 127.172515118000945, 0.157341700000125, 0.0 ], [ 127.172574530000887, 0.157359649000052, 0.0 ], [ 127.172586404000953, 0.157461333000052, 0.0 ], [ 127.172569522224691, 0.157542024145128, 0.0 ], [ 127.17256262800089, 0.157574977000017, 0.0 ], [ 127.172544793000895, 0.157706566000221, 0.0 ], [ 127.17254080453894, 0.157770717236645, 0.0 ], [ 127.172538843000936, 0.157802267000057, 0.0 ], [ 127.172497242000958, 0.157939835000171, 0.0 ], [ 127.172479411001007, 0.158011609000052, 0.0 ], [ 127.172443761000963, 0.158035532000412, 0.0 ], [ 127.172414046001023, 0.158137212000045, 0.0 ], [ 127.172402157000946, 0.15820300700005, 0.0 ], [ 127.172402146000977, 0.158334596000323, 0.0 ], [ 127.172467471000971, 0.158669559000211, 0.0 ], [ 127.172465830040537, 0.158700896091926, 0.0 ], [ 127.172461520000937, 0.158783204000068, 0.0 ], [ 127.172408046000953, 0.158801144000344, 0.0 ], [ 127.172385075732976, 0.158811052348168, 0.0 ], [ 127.172324864000942, 0.158837025000396, 0.0 ], [ 127.172342674000987, 0.158998524000091, 0.0 ], [ 127.172410258094445, 0.159039355060954, 0.0 ], [ 127.172431789000854, 0.159052363000302, 0.0 ], [ 127.172491197000994, 0.159124145000029, 0.0 ], [ 127.172509012001015, 0.159213867000236, 0.0 ], [ 127.172520888000861, 0.159297607000211, 0.0 ], [ 127.172592167000943, 0.159489017000116, 0.0 ], [ 127.172687222000903, 0.159566784000072, 0.0 ], [ 127.172734746000913, 0.15964454600002, 0.0 ], [ 127.172776329000882, 0.15971632600001, 0.0 ], [ 127.172776324001077, 0.159770159000077, 0.0 ], [ 127.17274067000092, 0.159841932000128, 0.0 ], [ 127.172720422240488, 0.159852121693687, 0.0 ], [ 127.172645604000948, 0.159889774000091, 0.0 ], [ 127.17258024400094, 0.159943600000059, 0.0 ], [ 127.172497060000936, 0.159997426000099, 0.0 ], [ 127.172465827463185, 0.160040652605578, 0.0 ], [ 127.172449524000911, 0.160063217000063, 0.0 ], [ 127.172390108001096, 0.160099099000053, 0.0 ] ], [ [ 127.111006649141984, 0.153004753749342, 0.0 ], [ 127.09666398074576, 0.153048186805004, 0.0 ], [ 127.094102327176117, 0.153039532042071, 0.0 ], [ 127.094094376102262, 0.14747245297284, 0.0 ], [ 127.110292177912768, 0.143054608559413, 0.0 ], [ 127.111036712096322, 0.142851540339837, 0.0 ], [ 127.111363071860239, 0.142763875295897, 0.0 ], [ 127.11130261400119, 0.142742387000075, 0.0 ], [ 127.11126459400117, 0.142699321000101, 0.0 ], [ 127.111231327001136, 0.142656253000099, 0.0 ], [ 127.111136276001105, 0.142570117000082, 0.0 ], [ 127.111041221001116, 0.142531829000363, 0.0 ], [ 127.110948608200616, 0.142501985105713, 0.0 ], [ 127.110922401001162, 0.142493540000344, 0.0 ], [ 127.110846359001258, 0.142445685000127, 0.0 ], [ 127.110779821001145, 0.142397830000094, 0.0 ], [ 127.110732297001192, 0.142349976000054, 0.0 ], [ 127.110703787001242, 0.142244706000056, 0.0 ], [ 127.110718050001168, 0.142206427000129, 0.0 ], [ 127.110732313001179, 0.142144225000034, 0.0 ], [ 127.110732317001109, 0.142086806000073, 0.0 ], [ 127.110737076001186, 0.142024602000368, 0.0 ], [ 127.110737082001108, 0.141948043000064, 0.0 ], [ 127.110737086001151, 0.141900194000065, 0.0 ], [ 127.110741845001101, 0.141823635000271, 0.0 ], [ 127.110765614001323, 0.141771003, 0.0 ], [ 127.110794135001228, 0.141727941000078, 0.0 ], [ 127.110836912001261, 0.141718375000032, 0.0 ], [ 127.110889199001264, 0.141660960000011, 0.0 ], [ 127.110903461001115, 0.141608327000046, 0.0 ], [ 127.110903465001158, 0.141565263000327, 0.0 ], [ 127.110903469001116, 0.141507844000066, 0.0 ], [ 127.110893968001108, 0.14145999400012, 0.0 ], [ 127.110870207001128, 0.141407357000084, 0.0 ], [ 127.110855954001195, 0.141335582000093, 0.0 ], [ 127.110874972001099, 0.141268594000095, 0.0 ], [ 127.110893987001148, 0.141225532000148, 0.0 ], [ 127.110913001001165, 0.141192039000043, 0.0 ], [ 127.11094152100128, 0.141153762000422, 0.0 ], [ 127.110965290001175, 0.141115485000098, 0.0 ], [ 127.110993809001201, 0.141081992000146, 0.0 ], [ 127.110998566001143, 0.141029359000077, 0.0 ], [ 127.110998574001144, 0.140928876000205, 0.0 ], [ 127.111031851001101, 0.140847535000294, 0.0 ], [ 127.111065127001169, 0.140785333000066, 0.0 ], [ 127.111141175001137, 0.140766199000048, 0.0 ], [ 127.111198219001182, 0.140651365000064, 0.0 ], [ 127.111264768001178, 0.140550888000091, 0.0 ], [ 127.111279032001235, 0.140493470000058, 0.0 ], [ 127.111293294001072, 0.140440837000026, 0.0 ], [ 127.111321816001194, 0.140388205000038, 0.0 ], [ 127.11134558400127, 0.140345143000226, 0.0 ], [ 127.111355094001112, 0.140287724000226, 0.0 ], [ 127.111364606001146, 0.14022073600012, 0.0 ], [ 127.111393127001165, 0.140172888000038, 0.0 ], [ 127.111421649001088, 0.140115472000128, 0.0 ], [ 127.111431158001139, 0.140072408000042, 0.0 ], [ 127.111440668001194, 0.140019775000096, 0.0 ], [ 127.111445424001161, 0.139976711000041, 0.0 ], [ 127.111454933001326, 0.139933647000032, 0.0 ], [ 127.111469197001128, 0.139881014000046, 0.0 ], [ 127.11149771900125, 0.139818813000363, 0.0 ], [ 127.111521491001142, 0.139732686000049, 0.0 ], [ 127.11152149200116, 0.139708761000123, 0.0 ], [ 127.11154526100114, 0.139651344000107, 0.0 ], [ 127.111569030001277, 0.139608281000097, 0.0 ], [ 127.111588044001167, 0.139570004000339, 0.0 ], [ 127.111592800001119, 0.139531725000027, 0.0 ], [ 127.11159755700119, 0.139479091000135, 0.0 ], [ 127.111611823001155, 0.139392963000035, 0.0 ], [ 127.111659375001267, 0.139115441000065, 0.0 ], [ 127.111692652001167, 0.13901974500005, 0.0 ], [ 127.111721179001279, 0.1389096940001, 0.0 ], [ 127.111735451001152, 0.1387326530003, 0.0 ], [ 127.111773488001248, 0.13856518400009, 0.0 ], [ 127.111768741001299, 0.138483839000208, 0.0 ], [ 127.111749733001091, 0.138435988000104, 0.0 ], [ 127.111730725001138, 0.138397708000221, 0.0 ], [ 127.111711714001245, 0.138383352000287, 0.0 ], [ 127.111706967001126, 0.138316362000052, 0.0 ], [ 127.111754499001194, 0.138268516000033, 0.0 ], [ 127.111802030001286, 0.1382398110001, 0.0 ], [ 127.11186857400115, 0.138211106000083, 0.0 ], [ 127.111954127001283, 0.138201543000056, 0.0 ], [ 127.112191777001158, 0.138153713000143, 0.0 ], [ 127.11230109300115, 0.138153722000049, 0.0 ], [ 127.112410411001122, 0.138144161000179, 0.0 ], [ 127.112472200001179, 0.138134596000221, 0.0 ], [ 127.112562507001144, 0.138110678000154, 0.0 ], [ 127.112662320001121, 0.138086762000078, 0.0 ], [ 127.112738369001363, 0.138067629000076, 0.0 ], [ 127.112804910001174, 0.138053279000149, 0.0 ], [ 127.112871452001229, 0.13803892900007, 0.0 ], [ 127.112952253001197, 0.138024581000151, 0.0 ], [ 127.113018801001232, 0.137919318000107, 0.0 ], [ 127.113128128001222, 0.137814057000105, 0.0 ], [ 127.113204178001126, 0.1377662140001, 0.0 ], [ 127.113275474001171, 0.137723156000095, 0.0 ], [ 127.113356279001181, 0.13766095800004, 0.0 ], [ 127.113408566001155, 0.137603543000064, 0.0 ], [ 127.113437088001206, 0.137546126000177, 0.0 ], [ 127.113441844001144, 0.137503062000102, 0.0 ], [ 127.113441848001173, 0.137455213000093, 0.0 ], [ 127.113456112001174, 0.137388225000088, 0.0 ], [ 127.113498892001104, 0.137335594000072, 0.0 ], [ 127.113541671001101, 0.137306888000063, 0.0 ], [ 127.113570191001116, 0.137263825000054, 0.0 ], [ 127.113612974001242, 0.137192055000331, 0.0 ], [ 127.113617729001234, 0.137148991000061, 0.0 ], [ 127.113627240001094, 0.137101142000066, 0.0 ], [ 127.1136462550012, 0.137053295000078, 0.0 ], [ 127.113674776001105, 0.137000663000039, 0.0 ], [ 127.113688982710187, 0.136962532400417, 0.0 ], [ 127.094080090050213, 0.137469831918328, 0.0 ], [ 127.09406800016464, 0.129004894094995, 0.0 ], [ 127.09676148740084, 0.127678283375044, 0.0 ], [ 127.09868387317762, 0.126731457824521, 0.0 ], [ 127.11529498691047, 0.118549984086337, 0.0 ], [ 127.115281598063135, 0.126732679402942, 0.0 ], [ 127.115238714692353, 0.131570591883826, 0.0 ], [ 127.115310197001278, 0.131560317000081, 0.0 ], [ 127.115405257001086, 0.131536399000062, 0.0 ], [ 127.115528834001182, 0.131531624000054, 0.0 ], [ 127.11559062200115, 0.131517273000175, 0.0 ], [ 127.115619144001172, 0.131469427000367, 0.0 ], [ 127.115638158001119, 0.131426364000335, 0.0 ], [ 127.115642913001153, 0.131412009000299, 0.0 ], [ 127.115652424001084, 0.1313306660002, 0.0 ], [ 127.115671439001133, 0.131282817000137, 0.0 ], [ 127.115680949001259, 0.131225399000108, 0.0 ], [ 127.115685705001084, 0.131196690000014, 0.0 ], [ 127.11571897800107, 0.13115362800004, 0.0 ], [ 127.115752246001179, 0.131196695000237, 0.0 ], [ 127.115752241001218, 0.131249329000376, 0.0 ], [ 127.115752236001285, 0.131321103000095, 0.0 ], [ 127.11575222900106, 0.131421587000058, 0.0 ], [ 127.115756975001119, 0.131502931000053, 0.0 ], [ 127.115780737001089, 0.131545998000183, 0.0 ], [ 127.115780729001159, 0.13164648200031, 0.0 ], [ 127.115804488001288, 0.131723042000028, 0.0 ], [ 127.115842508001094, 0.131766110000206, 0.0 ], [ 127.115899542001145, 0.131780469000072, 0.0 ], [ 127.11598984800122, 0.131785261000135, 0.0 ], [ 127.116070645001102, 0.13180919200006, 0.0 ], [ 127.116103909001353, 0.131900108000255, 0.0 ], [ 127.116122913001092, 0.13200059300027, 0.0 ], [ 127.116118155001175, 0.132067582000068, 0.0 ], [ 127.116080131001141, 0.132086719000013, 0.0 ], [ 127.116013588001195, 0.132110638000015, 0.0 ], [ 127.115970803001147, 0.132225473000075, 0.0 ], [ 127.115980302001162, 0.132306819000298, 0.0 ], [ 127.116037331001095, 0.132392951000176, 0.0 ], [ 127.116084857001113, 0.132436020000049, 0.0 ], [ 127.116146642001283, 0.132474304000049, 0.0 ], [ 127.116203675001131, 0.132498233000041, 0.0 ], [ 127.116265463001227, 0.132503023000029, 0.0 ], [ 127.116341508001184, 0.132531738000115, 0.0 ], [ 127.116427059001154, 0.132546100000151, 0.0 ], [ 127.116474589001186, 0.132546103000076, 0.0 ], [ 127.11653162400124, 0.132536538000089, 0.0 ], [ 127.116598165001136, 0.132531758000034, 0.0 ], [ 127.116664706001103, 0.132536548000318, 0.0 ], [ 127.116716989001191, 0.132522197000087, 0.0 ], [ 127.116750261001187, 0.132498275000273, 0.0 ], [ 127.116793038001163, 0.132488708000284, 0.0 ], [ 127.116835811001181, 0.132531776000066, 0.0 ], [ 127.116864327001096, 0.13255570300006, 0.0 ], [ 127.116907103001239, 0.132555706000102, 0.0 ], [ 127.116959386001241, 0.132555711000072, 0.0 ], [ 127.117006913001248, 0.132579639000258, 0.0 ], [ 127.117078203001299, 0.132641849000084, 0.0 ], [ 127.117116223001076, 0.132675346000039, 0.0 ], [ 127.117187516001181, 0.132684922000094, 0.0 ], [ 127.117306341001182, 0.132670576000071, 0.0 ], [ 127.117387140001156, 0.132680152000052, 0.0 ], [ 127.11750120400113, 0.132747149000366, 0.0 ], [ 127.117520219001165, 0.132713657000058, 0.0 ], [ 127.117543986001166, 0.132684949000087, 0.0 ], [ 127.117605776001199, 0.132656244000213, 0.0 ], [ 127.117629543001158, 0.132622751000416, 0.0 ], [ 127.117620040001057, 0.13258925500003, 0.0 ], [ 127.117648563001154, 0.132522268000097, 0.0 ], [ 127.117672331001231, 0.132474421000027, 0.0 ], [ 127.117719860001216, 0.132469639000038, 0.0 ], [ 127.117800658001158, 0.132493570000072, 0.0 ], [ 127.117871952001138, 0.13249357600006, 0.0 ], [ 127.117933740001064, 0.132484010000111, 0.0 ], [ 127.117938500001131, 0.132402667000182, 0.0 ], [ 127.11793850400133, 0.132350033000384, 0.0 ], [ 127.117948015001062, 0.132278259000036, 0.0 ], [ 127.117909995001142, 0.132235191000052, 0.0 ], [ 127.11789098700109, 0.132187341000023, 0.0 ], [ 127.11789098900114, 0.132149062000076, 0.0 ], [ 127.117900500001085, 0.132096428000096, 0.0 ], [ 127.117914763001124, 0.13203901, 0.0 ], [ 127.117924273001151, 0.131981591000058, 0.0 ], [ 127.117924277001165, 0.131933741000049, 0.0 ], [ 127.117929035001254, 0.131861967000344, 0.0 ], [ 127.11792903900114, 0.131804548000424, 0.0 ], [ 127.117929044001173, 0.13173755900004, 0.0 ], [ 127.117948059001051, 0.131689711000249, 0.0 ], [ 127.117971826001067, 0.1316657870001, 0.0 ], [ 127.118019355001209, 0.131665791000095, 0.0 ], [ 127.118066886001202, 0.131641870000149, 0.0 ], [ 127.118104911001282, 0.13161794900005, 0.0 ], [ 127.118152444001154, 0.131579673000038, 0.0 ], [ 127.118171456001065, 0.131565319000261, 0.0 ], [ 127.118204731001313, 0.131503117000029, 0.0 ], [ 127.118233254001154, 0.131436130000113, 0.0 ], [ 127.118247515001158, 0.131412207000081, 0.0 ], [ 127.118257023001249, 0.131373928000081, 0.0 ], [ 127.118299802001161, 0.131340436000119, 0.0 ], [ 127.11837109600107, 0.131340442000064, 0.0 ], [ 127.118399613001117, 0.131345229000092, 0.0 ], [ 127.118456650001136, 0.131316523000179, 0.0 ], [ 127.11855646100112, 0.131335671000108, 0.0 ], [ 127.118618248001169, 0.131345246000015, 0.0 ], [ 127.118670528001104, 0.131369174000056, 0.0 ], [ 127.118746577001076, 0.131345256000056, 0.0 ], [ 127.118784603001345, 0.131302193000092, 0.0 ], [ 127.118813125001139, 0.131244776000241, 0.0 ], [ 127.118832142001153, 0.131173004000098, 0.0 ], [ 127.118808382001163, 0.131110798000046, 0.0 ], [ 127.118789375001214, 0.131048592000056, 0.0 ], [ 127.118789381001122, 0.130976818, 0.0 ], [ 127.118789386001225, 0.130909828000087, 0.0 ], [ 127.118789393001094, 0.130809344000057, 0.0 ], [ 127.118794149001147, 0.130775850000232, 0.0 ], [ 127.118798907001079, 0.130708861000389, 0.0 ], [ 127.118817922001128, 0.130661013000117, 0.0 ], [ 127.11885119400111, 0.130646660000045, 0.0 ], [ 127.118946253001155, 0.130641883000123, 0.0 ], [ 127.11897952100108, 0.130665810000048, 0.0 ], [ 127.11902705200113, 0.130637104000162, 0.0 ], [ 127.119022305001081, 0.130565329000282, 0.0 ], [ 127.118984283001112, 0.130536617000153, 0.0 ], [ 127.118974781001128, 0.130498336000068, 0.0 ], [ 127.119012808001258, 0.130450489000095, 0.0 ], [ 127.119050833001154, 0.130426568000213, 0.0 ], [ 127.119103117001046, 0.130397862000332, 0.0 ], [ 127.119150649001114, 0.130364371000103, 0.0 ], [ 127.11918392100111, 0.130340449000082, 0.0 ], [ 127.119226701001352, 0.130292603000186, 0.0 ], [ 127.119307511001153, 0.130153845000048, 0.0 ], [ 127.119326528001153, 0.130096427000088, 0.0 ], [ 127.119355049001157, 0.130043794000073, 0.0 ], [ 127.119402583001047, 0.129976809000031, 0.0 ], [ 127.119450118001097, 0.129905038000067, 0.0 ], [ 127.119511908001087, 0.129866764000184, 0.0 ], [ 127.119559439001165, 0.129861982000018, 0.0 ], [ 127.119635487001148, 0.129842848000111, 0.0 ], [ 127.119716289001133, 0.129809359000032, 0.0 ], [ 127.119773327001127, 0.129766299000048, 0.0 ], [ 127.119801847001128, 0.129732806000058, 0.0 ], [ 127.119858883001115, 0.129723241000079, 0.0 ], [ 127.119925425001071, 0.129718461000052, 0.0 ], [ 127.119972954001213, 0.129713679000246, 0.0 ], [ 127.120020482001166, 0.129728038000107, 0.0 ], [ 127.120052525261769, 0.129764334760952, 0.0 ], [ 127.120058503001218, 0.129771106, 0.0 ], [ 127.120082267001251, 0.12978546200007, 0.0 ], [ 127.120148808001119, 0.129775897000065, 0.0 ], [ 127.120152694862171, 0.12976872413994, 0.0 ], [ 127.120177329001194, 0.129723264000107, 0.0 ], [ 127.120210602001137, 0.129699342000054, 0.0 ], [ 127.120248628001079, 0.129670635000034, 0.0 ], [ 127.120296158001238, 0.129661069000083, 0.0 ], [ 127.120348439001162, 0.129670643000208, 0.0 ], [ 127.120376956001138, 0.129680215000065, 0.0 ], [ 127.120414978001236, 0.129694572000074, 0.0 ], [ 127.12045300200117, 0.12969457600029, 0.0 ], [ 127.12049102500113, 0.129708934000064, 0.0 ], [ 127.120524293001054, 0.129723290000085, 0.0 ], [ 127.120543303001128, 0.12975200200004, 0.0 ], [ 127.120581324001179, 0.129790285000114, 0.0 ], [ 127.120609839001091, 0.129833351000067, 0.0 ], [ 127.120643107001172, 0.129852493000127, 0.0 ], [ 127.120738164001096, 0.129881211000076, 0.0 ], [ 127.120795197001058, 0.129914709000093, 0.0 ], [ 127.120847479001156, 0.129909928000133, 0.0 ], [ 127.120899763001177, 0.129890792000282, 0.0 ], [ 127.120947293001123, 0.129886011000125, 0.0 ], [ 127.120980561001062, 0.129924293000076, 0.0 ], [ 127.121023334001165, 0.129962576000267, 0.0 ], [ 127.121051850001109, 0.129986502000056, 0.0 ], [ 127.121108884001032, 0.129996076000412, 0.0 ], [ 127.121170673001103, 0.129996082000237, 0.0 ], [ 127.12121820300105, 0.129981730000099, 0.0 ], [ 127.121256227001211, 0.129976948000035, 0.0 ], [ 127.121289496001154, 0.129996091000144, 0.0 ], [ 127.121327518001095, 0.130010449000061, 0.0 ], [ 127.12137029400121, 0.130024806000028, 0.0 ], [ 127.12140831600108, 0.130043949000017, 0.0 ], [ 127.121436829001155, 0.130106155000035, 0.0 ], [ 127.121441575001214, 0.130201855000057, 0.0 ], [ 127.121527125001137, 0.130244926000067, 0.0 ], [ 127.121579406001075, 0.130254499000036, 0.0 ], [ 127.121626937001125, 0.130235364000064, 0.0 ], [ 127.12164120000115, 0.130177945000095, 0.0 ], [ 127.121660214001139, 0.130134882000051, 0.0 ], [ 127.121722001001288, 0.130154026000082, 0.0 ], [ 127.121779033001246, 0.130201880000173, 0.0 ], [ 127.121831310001099, 0.13027365900025, 0.0 ], [ 127.121864577001162, 0.130321511000229, 0.0 ], [ 127.121921610001152, 0.130355009000033, 0.0 ], [ 127.121992901001164, 0.130393294000045, 0.0 ], [ 127.122083205001118, 0.130422011000414, 0.0 ], [ 127.122159252001111, 0.130426801000094, 0.0 ], [ 127.1222400510011, 0.130431593000231, 0.0 ], [ 127.122316098001107, 0.130431598000116, 0.0 ], [ 127.122396898001099, 0.130431605000102, 0.0 ], [ 127.12252998100108, 0.130426829000353, 0.0 ], [ 127.1226107810011, 0.130426836000233, 0.0 ], [ 127.122667816001197, 0.130426840000092, 0.0 ], [ 127.122739111001152, 0.130412490000028, 0.0 ], [ 127.122805655001216, 0.13038378600009, 0.0 ], [ 127.122867444001031, 0.130364650000093, 0.0 ], [ 127.12294824500114, 0.130345517000039, 0.0 ], [ 127.12302429300118, 0.13033116700009, 0.0 ], [ 127.123086084001116, 0.130297678000253, 0.0 ], [ 127.123138370001172, 0.130249832000079, 0.0 ], [ 127.123171646001182, 0.130182845000037, 0.0 ], [ 127.123200166001126, 0.130144567000098, 0.0 ], [ 127.123223935001192, 0.130087150000242, 0.0 ], [ 127.123233445001148, 0.130034515000107, 0.0 ], [ 127.123242955001032, 0.129972312000108, 0.0 ], [ 127.123257217001211, 0.129929249000115, 0.0 ], [ 127.123276231001128, 0.129895755000391, 0.0 ], [ 127.123319011001058, 0.12985269400003, 0.0 ], [ 127.123342779001163, 0.129800061000096, 0.0 ], [ 127.123347536001134, 0.12976178100009, 0.0 ], [ 127.123328527001021, 0.129713930000057, 0.0 ], [ 127.123347544001064, 0.129651727000065, 0.0 ], [ 127.123428345001173, 0.129632594000064, 0.0 ], [ 127.123485379001124, 0.129651738000182, 0.0 ], [ 127.123528157001047, 0.129632601000036, 0.0 ], [ 127.12357093500114, 0.129618250000037, 0.0 ], [ 127.12366599700124, 0.129575192000098, 0.0 ], [ 127.123708775001134, 0.129551270000198, 0.0 ], [ 127.123742048001077, 0.129512993000108, 0.0 ], [ 127.123761063001112, 0.129469930000044, 0.0 ], [ 127.123761068001045, 0.12941251000041, 0.0 ], [ 127.12374681100107, 0.129364660000019, 0.0 ], [ 127.123742063001032, 0.129307240000132, 0.0 ], [ 127.123789597001107, 0.129249824000064, 0.0 ], [ 127.123770591001076, 0.129168478000337, 0.0 ], [ 127.123808618001163, 0.129120631000032, 0.0 ], [ 127.123865655001083, 0.129091925000073, 0.0 ], [ 127.12391318600119, 0.129077574000364, 0.0 ], [ 127.123946456001192, 0.129077576000046, 0.0 ], [ 127.123979730001125, 0.129044084000057, 0.0 ], [ 127.123979732001089, 0.129005804000043, 0.0 ], [ 127.123960722001115, 0.128977093000097, 0.0 ], [ 127.123960725001098, 0.128948383000064, 0.0 ], [ 127.123960728001094, 0.12890531900009, 0.0 ], [ 127.123960732001137, 0.12884789900004, 0.0 ], [ 127.123951229001221, 0.128804834000145, 0.0 ], [ 127.123955987001224, 0.128742630000116, 0.0 ], [ 127.123994014001184, 0.128699568000095, 0.0 ], [ 127.123998778001138, 0.128536880000241, 0.0 ], [ 127.123994031001061, 0.128455535000078, 0.0 ], [ 127.12400829700114, 0.128374191000072, 0.0 ], [ 127.124032064001071, 0.128331128000074, 0.0 ], [ 127.12406058700104, 0.128264141000075, 0.0 ], [ 127.124089110001208, 0.128192369000039, 0.0 ], [ 127.124108124001197, 0.1281588760004, 0.0 ], [ 127.124131894001025, 0.128077533000087, 0.0 ], [ 127.12416992200113, 0.128024901000285, 0.0 ], [ 127.124212703001049, 0.12796748500005, 0.0 ], [ 127.124317273001239, 0.127881363000032, 0.0 ], [ 127.124360051001076, 0.12786701200003, 0.0 ], [ 127.124431346001089, 0.127862232000061, 0.0 ], [ 127.124493132001277, 0.127886161000044, 0.0 ], [ 127.124531152001055, 0.127929228000164, 0.0 ], [ 127.124569173001092, 0.12796751100014, 0.0 ], [ 127.124626206001167, 0.12799622500014, 0.0 ], [ 127.124649966001144, 0.12806321700005, 0.0 ], [ 127.124649962001044, 0.128120636000191, 0.0 ], [ 127.12470699200108, 0.128197199000107, 0.0 ], [ 127.124749766001059, 0.128225912000106, 0.0 ], [ 127.12477828200123, 0.128259409000071, 0.0 ], [ 127.124821054001146, 0.12830726200016, 0.0 ], [ 127.124882841001195, 0.128326407000022, 0.0 ], [ 127.124944627001256, 0.128369475000082, 0.0 ], [ 127.12494937700103, 0.12840775600005, 0.0 ], [ 127.12491693541034, 0.128436329443519, 0.0 ], [ 127.124911351001089, 0.128441248000086, 0.0 ], [ 127.124859069001147, 0.128431674000414, 0.0 ], [ 127.124821048001067, 0.128398176000098, 0.0 ], [ 127.124792531001077, 0.128393389000171, 0.0 ], [ 127.124783022001282, 0.128426884000049, 0.0 ], [ 127.124787770001049, 0.128503443000067, 0.0 ], [ 127.124849553001127, 0.128570437000082, 0.0 ], [ 127.12488282100108, 0.12860871900005, 0.0 ], [ 127.124925592001091, 0.128675713000101, 0.0 ], [ 127.124958858001023, 0.128737920000355, 0.0 ], [ 127.125020648001055, 0.128723569000023, 0.0 ], [ 127.125057087660821, 0.128707267114456, 0.0 ], [ 127.125063425001116, 0.12870443200026, 0.0 ], [ 127.125115711001044, 0.128670942000068, 0.0 ], [ 127.125172748001148, 0.128642235000304, 0.0 ], [ 127.125215527001032, 0.128613529000083, 0.0 ], [ 127.125253554001119, 0.128560897000103, 0.0 ], [ 127.125305844001119, 0.128460417000112, 0.0 ], [ 127.125348624001077, 0.128412570000141, 0.0 ], [ 127.125391402001142, 0.128388649000175, 0.0 ], [ 127.1254531910011, 0.128374298000042, 0.0 ], [ 127.125510226001097, 0.128374302000113, 0.0 ], [ 127.12558152300106, 0.1283455980001, 0.0 ], [ 127.125576772001125, 0.128316888000067, 0.0 ], [ 127.125595787001103, 0.128278610000304, 0.0 ], [ 127.125633813001059, 0.128240333000065, 0.0 ], [ 127.12569085100111, 0.128211627000046, 0.0 ], [ 127.125728876001048, 0.128182920000023, 0.0 ], [ 127.125814433001239, 0.1281302920001, 0.0 ], [ 127.125876224001104, 0.128106372000231, 0.0 ], [ 127.1259094960011, 0.128072879000049, 0.0 ], [ 127.125961786001085, 0.127972399000164, 0.0 ], [ 127.125961790001142, 0.127919764000116, 0.0 ], [ 127.125961793001125, 0.127871914000087, 0.0 ], [ 127.125957044001083, 0.127824064000058, 0.0 ], [ 127.125999827001124, 0.127733153000303, 0.0 ], [ 127.126042610001022, 0.127647027000055, 0.0 ], [ 127.126099648001045, 0.127603966000349, 0.0 ], [ 127.126151935001076, 0.127546550000051, 0.0 ], [ 127.126166198001087, 0.127484346000263, 0.0 ], [ 127.126189965001103, 0.127441283000299, 0.0 ], [ 127.126247005001105, 0.127388653000017, 0.0 ], [ 127.126289784001074, 0.12735516200009, 0.0 ], [ 127.12636583000112, 0.127374307000091, 0.0 ], [ 127.126413360001024, 0.127369525000072, 0.0 ], [ 127.126437126001093, 0.127340817000064, 0.0 ], [ 127.126475156001177, 0.127259475000128, 0.0 ], [ 127.126508429001092, 0.127230768000116, 0.0 ], [ 127.126546451001118, 0.127245126000111, 0.0 ], [ 127.126551199001128, 0.127321686000068, 0.0 ], [ 127.126560699001132, 0.127388677000116, 0.0 ], [ 127.126565446001109, 0.127479591000049, 0.0 ], [ 127.126570195001136, 0.127527441000039, 0.0 ], [ 127.126593949001048, 0.127685347000071, 0.0 ], [ 127.126593943001126, 0.127771477000125, 0.0 ], [ 127.126579679001196, 0.12783846400009, 0.0 ], [ 127.12657016200103, 0.127986799000046, 0.0 ], [ 127.126565403001095, 0.128077712000046, 0.0 ], [ 127.126541633001111, 0.12814470000008, 0.0 ], [ 127.126579657001116, 0.128144702000031, 0.0 ], [ 127.126617679001143, 0.128159061000017, 0.0 ], [ 127.126655699001049, 0.128211698000332, 0.0 ], [ 127.126679460001313, 0.128259549000039, 0.0 ], [ 127.126679454001078, 0.128350464000107, 0.0 ], [ 127.126679448001155, 0.128417453000099, 0.0 ], [ 127.126612903001046, 0.128474868000266, 0.0 ], [ 127.12654636100109, 0.128484433000107, 0.0 ], [ 127.12646081000112, 0.128460502000048, 0.0 ], [ 127.126294458001098, 0.128450920000065, 0.0 ], [ 127.12624217300106, 0.128479626000108, 0.0 ], [ 127.126242167001138, 0.128560971000107, 0.0 ], [ 127.126175624001164, 0.128580106000301, 0.0 ], [ 127.126080569001033, 0.128532248000109, 0.0 ], [ 127.12603304000109, 0.12852267500022, 0.0 ], [ 127.125956996001023, 0.128474820000092, 0.0 ], [ 127.125914222001242, 0.12844610700028, 0.0 ], [ 127.125890461001063, 0.128403041000101, 0.0 ], [ 127.125866699001165, 0.128364758000053, 0.0 ], [ 127.125833426001122, 0.128388681000057, 0.0 ], [ 127.125795400001053, 0.12843174400009, 0.0 ], [ 127.125757371001114, 0.12849873000015, 0.0 ], [ 127.125714592001017, 0.12852743700005, 0.0 ], [ 127.125643295001083, 0.128580066000045, 0.0 ], [ 127.125624278001141, 0.128632699000063, 0.0 ], [ 127.125586248001184, 0.128728396000118, 0.0 ], [ 127.125467569268494, 0.128788123365911, 0.0 ], [ 127.125405629001079, 0.128819296000247, 0.0 ], [ 127.125201247001101, 0.128891056000057, 0.0 ], [ 127.125106185001229, 0.12893889800009, 0.0 ], [ 127.125025382001127, 0.128977172, 0.0 ], [ 127.124958839001152, 0.129005877000109, 0.0 ], [ 127.12489229500116, 0.129039367000071, 0.0 ], [ 127.124864574896179, 0.129049512588506, 0.0 ], [ 127.124840011001112, 0.129058503000092, 0.0 ], [ 127.124773468001166, 0.129096778000128, 0.0 ], [ 127.124673652001093, 0.129149405000069, 0.0 ], [ 127.124588096001048, 0.129192463000054, 0.0 ], [ 127.124483524001221, 0.129283370000101, 0.0 ], [ 127.124388457001061, 0.129388632000037, 0.0 ], [ 127.12436944200121, 0.129436481000151, 0.0 ], [ 127.124364684001065, 0.129498685000092, 0.0 ], [ 127.124326657001291, 0.129560886000054, 0.0 ], [ 127.124264864001219, 0.129618301000095, 0.0 ], [ 127.124241093001061, 0.129694858000094, 0.0 ], [ 127.124245843001077, 0.129752278000104, 0.0 ], [ 127.124241084001255, 0.129819268000095, 0.0 ], [ 127.124226821001102, 0.129876686000065, 0.0 ], [ 127.124174536001064, 0.129910177000062, 0.0 ], [ 127.124136506001136, 0.130005874000052, 0.0 ], [ 127.124174525001109, 0.130058511000078, 0.0 ], [ 127.12420496970897, 0.130089164964686, 0.0 ], [ 127.124217299001089, 0.130101579000367, 0.0 ], [ 127.124250567001141, 0.130139861000089, 0.0 ], [ 127.124261625093766, 0.130171039142292, 0.0 ], [ 127.124274327001103, 0.130206852000112, 0.0 ], [ 127.124288579001146, 0.130283413000063, 0.0 ], [ 127.124355118001148, 0.130316912000123, 0.0 ], [ 127.124378886001097, 0.130288204000128, 0.0 ], [ 127.124364630001097, 0.130235569000077, 0.0 ], [ 127.124355126001078, 0.130206859000098, 0.0 ], [ 127.124388399001205, 0.130182936000069, 0.0 ], [ 127.124431177001114, 0.130168584000039, 0.0 ], [ 127.124488213001072, 0.130154234000032, 0.0 ], [ 127.12465456700113, 0.130130321000046, 0.0 ], [ 127.1247068490011, 0.130135110000053, 0.0 ], [ 127.12475913400111, 0.130106404000101, 0.0 ], [ 127.124782901001154, 0.13008248200003, 0.0 ], [ 127.12482092700111, 0.130044205000036, 0.0 ], [ 127.124934999001084, 0.130020288000025, 0.0 ], [ 127.125030059001119, 0.130020295000057, 0.0 ], [ 127.125082344001029, 0.129977235000072, 0.0 ], [ 127.125115617001143, 0.129934173000077, 0.0 ], [ 127.125158397001073, 0.129891110000108, 0.0 ], [ 127.125186917001116, 0.129871973000078, 0.0 ], [ 127.125319999001121, 0.129871983000113, 0.0 ], [ 127.125386540001173, 0.129871988000069, 0.0 ], [ 127.125396048001136, 0.129848063000082, 0.0 ], [ 127.125429321001093, 0.129814572000071, 0.0 ], [ 127.125524384001181, 0.129771514000028, 0.0 ], [ 127.125619443001156, 0.129757166000288, 0.0 ], [ 127.125728761001156, 0.12975717400003, 0.0 ], [ 127.125847582001143, 0.129790678000082, 0.0 ], [ 127.125928381001302, 0.129805039000104, 0.0 ], [ 127.125994922001169, 0.129809829000273, 0.0 ], [ 127.126047204001111, 0.129824187000222, 0.0 ], [ 127.126123249001111, 0.129848118000134, 0.0 ], [ 127.126218306001078, 0.129872050000148, 0.0 ], [ 127.126265834001046, 0.129895978000023, 0.0 ], [ 127.126294350001089, 0.129915120000059, 0.0 ], [ 127.126332371001126, 0.129953403000234, 0.0 ], [ 127.126360886001052, 0.129982115000271, 0.0 ], [ 127.126403660001088, 0.130029967000081, 0.0 ], [ 127.126417914001181, 0.130087388000069, 0.0 ], [ 127.12643216600128, 0.130173519000042, 0.0 ], [ 127.126436914001118, 0.130245294000017, 0.0 ], [ 127.126498698001171, 0.130302718000273, 0.0 ], [ 127.126541469001054, 0.130379281000339, 0.0 ], [ 127.126612815001124, 0.129680681000089, 0.0 ], [ 127.126574792001094, 0.129675893000062, 0.0 ], [ 127.126589052001236, 0.129651969000093, 0.0 ], [ 127.126679358001255, 0.129661546000183, 0.0 ], [ 127.126679355001144, 0.129704611000038, 0.0 ], [ 127.126646084001095, 0.12970939300012, 0.0 ], [ 127.126508125001152, 0.131374552000072, 0.0 ], [ 127.12653663900106, 0.131427189000053, 0.0 ], [ 127.126593675001175, 0.131422408000181, 0.0 ], [ 127.126645958001049, 0.131408057000039, 0.0 ], [ 127.126667969302261, 0.131401727700749, 0.0 ], [ 127.126679229001056, 0.131398490000121, 0.0 ], [ 127.126731512001115, 0.131393709000196, 0.0 ], [ 127.12678854800113, 0.131388928000027, 0.0 ], [ 127.126893113001174, 0.131388937000047, 0.0 ], [ 127.126988170001184, 0.131412868000058, 0.0 ], [ 127.127087979001104, 0.131455941000086, 0.0 ], [ 127.127130753001083, 0.13148465300003, 0.0 ], [ 127.127192541001122, 0.13149422800032, 0.0 ], [ 127.127249576001063, 0.131508588000102, 0.0 ], [ 127.127301856001054, 0.131527732000086, 0.0 ], [ 127.127339878001038, 0.131551659000179, 0.0 ], [ 127.127373146001091, 0.131585156000033, 0.0 ], [ 127.127376901343567, 0.131605328086597, 0.0 ], [ 127.127387399001094, 0.131661717000066, 0.0 ], [ 127.127477705001169, 0.131666509000262, 0.0 ], [ 127.127504420287437, 0.131576882376545, 0.0 ], [ 127.127506230001273, 0.131570811000127, 0.0 ], [ 127.127553764001036, 0.131508610000024, 0.0 ], [ 127.127601296001103, 0.131484689000242, 0.0 ], [ 127.127658333001136, 0.131460768000096, 0.0 ], [ 127.127705864001072, 0.131436847000038, 0.0 ], [ 127.127743890001042, 0.131412925000091, 0.0 ], [ 127.12781043100108, 0.13141293000011, 0.0 ], [ 127.127876972001104, 0.131412935000136, 0.0 ], [ 127.127962526001056, 0.131412942000119, 0.0 ], [ 127.128076596001151, 0.131422520000332, 0.0 ], [ 127.128133632001081, 0.131417740000121, 0.0 ], [ 127.12819542000112, 0.131412959000053, 0.0 ], [ 127.128219569967015, 0.131443354799908, 0.0 ], [ 127.128233440001125, 0.131460812000078, 0.0 ], [ 127.128314240001075, 0.131465603000075, 0.0 ], [ 127.128404546001093, 0.131465610000054, 0.0 ], [ 127.128494853001058, 0.131456047000021, 0.0 ], [ 127.128566148001113, 0.131451267000266, 0.0 ], [ 127.128656454001117, 0.131451274000032, 0.0 ], [ 127.128694477001147, 0.131460846000164, 0.0 ], [ 127.128756267001123, 0.131427356000066, 0.0 ], [ 127.128818058001116, 0.131403436000058, 0.0 ], [ 127.128875095001035, 0.131379516000079, 0.0 ], [ 127.128922627001089, 0.131355594000308, 0.0 ], [ 127.12893287103384, 0.131333253375051, 0.0 ], [ 127.128951149001054, 0.131293392000341, 0.0 ], [ 127.128960657001144, 0.131264683000051, 0.0 ], [ 127.128962299193333, 0.131255868882179, 0.0 ], [ 127.128974921001003, 0.131188124000375, 0.0 ], [ 127.129046220001072, 0.131140279000029, 0.0 ], [ 127.129093750001061, 0.131121144000021, 0.0 ], [ 127.129155539001147, 0.131111578000223, 0.0 ], [ 127.129203069001079, 0.131111582000224, 0.0 ], [ 127.129302884001177, 0.131073310000396, 0.0 ], [ 127.129378932001032, 0.131068531000371, 0.0 ], [ 127.12941695400103, 0.13108767300005, 0.0 ], [ 127.129421701001078, 0.131164233000067, 0.0 ], [ 127.12942908016251, 0.131170424653744, 0.0 ], [ 127.129450217001121, 0.131188160000186, 0.0 ], [ 127.129545278001046, 0.131154672000117, 0.0 ], [ 127.129547823762152, 0.131125227063555, 0.0 ], [ 127.129554793001134, 0.131044619000084, 0.0 ], [ 127.129573807001137, 0.131015910000097, 0.0 ], [ 127.129640349001178, 0.130996775000167, 0.0 ], [ 127.129673622001135, 0.130977638000043, 0.0 ], [ 127.129692635001192, 0.130958499000055, 0.0 ], [ 127.129721154001103, 0.130934577000109, 0.0 ], [ 127.129749673001285, 0.13092979400006, 0.0 ], [ 127.129778193001115, 0.130901086000042, 0.0 ], [ 127.129816216001132, 0.130901089000346, 0.0 ], [ 127.129892266001093, 0.130872385000041, 0.0 ], [ 127.129930291001074, 0.130858033000058, 0.0 ], [ 127.129977821000992, 0.13084368100038, 0.0 ], [ 127.130020599001128, 0.130829330000022, 0.0 ], [ 127.130034860001004, 0.130810190000052, 0.0 ], [ 127.130072886001173, 0.130771913000145, 0.0 ], [ 127.130110912001115, 0.130733637000122, 0.0 ], [ 127.130144184001239, 0.130719284000092, 0.0 ], [ 127.130182209001106, 0.130700147000042, 0.0 ], [ 127.130239246001082, 0.130685796000027, 0.0 ], [ 127.130286777001103, 0.130666660000023, 0.0 ], [ 127.130315295001083, 0.130652307000093, 0.0 ], [ 127.130396099001118, 0.130609249000075, 0.0 ], [ 127.13045788900115, 0.130590113000096, 0.0 ], [ 127.13051967800105, 0.130580548000115, 0.0 ], [ 127.130538689001114, 0.130585335000076, 0.0 ], [ 127.130586218001199, 0.130604478000088, 0.0 ], [ 127.130714547001006, 0.130614057000049, 0.0 ], [ 127.130724058001078, 0.130547069000175, 0.0 ], [ 127.13070505000114, 0.130489647000171, 0.0 ], [ 127.130804866001057, 0.130441805000077, 0.0 ], [ 127.130823881001106, 0.130398742000068, 0.0 ], [ 127.130838143001128, 0.130360463000096, 0.0 ], [ 127.130871417001146, 0.130307830000356, 0.0 ], [ 127.130904692001081, 0.130250413000059, 0.0 ], [ 127.130947470001132, 0.130240846000065, 0.0 ], [ 127.131018770001134, 0.130154722000295, 0.0 ], [ 127.131042538001083, 0.130111659000276, 0.0 ], [ 127.131094826001103, 0.130049458000403, 0.0 ], [ 127.131132853001048, 0.129992041000049, 0.0 ], [ 127.13118038600112, 0.129953764000401, 0.0 ], [ 127.131237424001128, 0.129920274000364, 0.0 ], [ 127.131294462001151, 0.129891568000114, 0.0 ], [ 127.131351502001152, 0.129824583000092, 0.0 ], [ 127.131389529001126, 0.129786306000047, 0.0 ], [ 127.131427555001068, 0.129743244000077, 0.0 ], [ 127.131475089001171, 0.129690613000278, 0.0 ], [ 127.131513117001063, 0.129642765000025, 0.0 ], [ 127.131589168001128, 0.129590136000035, 0.0 ], [ 127.131646206001022, 0.129547076000316, 0.0 ], [ 127.131717505001092, 0.129499232000183, 0.0 ], [ 127.131760284001089, 0.129465739000073, 0.0 ], [ 127.131826826001074, 0.129451389000061, 0.0 ], [ 127.131950406001124, 0.129417904000055, 0.0 ], [ 127.132031206001059, 0.129413125000292, 0.0 ], [ 127.132093004000993, 0.129288720000045, 0.0 ], [ 127.132226089001037, 0.129250449000164, 0.0 ], [ 127.132292634001061, 0.12919782000034, 0.0 ], [ 127.132340165001096, 0.129188253000076, 0.0 ], [ 127.1324685010011, 0.129102133000097, 0.0 ], [ 127.132611094001064, 0.12904950900024, 0.0 ], [ 127.13268239300109, 0.128992094000061, 0.0 ], [ 127.132729928001154, 0.128925108000039, 0.0 ], [ 127.132844007001168, 0.128815062000095, 0.0 ], [ 127.13292481300104, 0.128733722000076, 0.0 ], [ 127.132977099001067, 0.128695446000083, 0.0 ], [ 127.133024633001099, 0.128628460000431, 0.0 ], [ 127.133086426001128, 0.128561475000026, 0.0 ], [ 127.133124453001045, 0.128537553000295, 0.0 ], [ 127.133186242001088, 0.128513632000026, 0.0 ], [ 127.133243279001135, 0.128499282000188, 0.0 ], [ 127.133314574001275, 0.128499287000102, 0.0 ], [ 127.133357347001137, 0.128542355000044, 0.0 ], [ 127.133385862001191, 0.128580637000055, 0.0 ], [ 127.133385857001002, 0.128657197000106, 0.0 ], [ 127.133395361001121, 0.128685907000041, 0.0 ], [ 127.133438135001299, 0.128714621000138, 0.0 ], [ 127.133628247001056, 0.128805549000099, 0.0 ], [ 127.133675777000988, 0.12881033800003, 0.0 ], [ 127.133747069001032, 0.128834268000082, 0.0 ], [ 127.133799351001088, 0.128839057000188, 0.0 ], [ 127.13386114000113, 0.128839062000125, 0.0 ], [ 127.133918176001089, 0.128839065000016, 0.0 ], [ 127.133970461001127, 0.128810360000287, 0.0 ], [ 127.134003733001066, 0.128791222000404, 0.0 ], [ 127.134079781001077, 0.128791228000079, 0.0 ], [ 127.134141824853103, 0.128787945340557, 0.0 ], [ 127.13426039400106, 0.128781672000082, 0.0 ], [ 127.134326935001212, 0.128781676000111, 0.0 ], [ 127.134388728001085, 0.12873861600022, 0.0 ], [ 127.13443150700104, 0.128690769000093, 0.0 ], [ 127.13446478200099, 0.128638136000081, 0.0 ], [ 127.134517067001056, 0.128604645000097, 0.0 ], [ 127.134569351001161, 0.128585510000238, 0.0 ], [ 127.134645402001098, 0.128542450000358, 0.0 ], [ 127.134697687001193, 0.128508958000058, 0.0 ], [ 127.13472620800114, 0.128470681000394, 0.0 ], [ 127.134783248001085, 0.128413265000383, 0.0 ], [ 127.134849790001198, 0.128403700000031, 0.0 ], [ 127.134944845001201, 0.128465912000035, 0.0 ], [ 127.135011385001107, 0.128485057000028, 0.0 ], [ 127.135068417001065, 0.128528126000065, 0.0 ], [ 127.135101685001104, 0.128571193000349, 0.0 ], [ 127.135092744436875, 0.12862404951906, 0.0 ], [ 127.135063645001139, 0.12879608500004, 0.0 ], [ 127.135039873001105, 0.128896568000086, 0.0 ], [ 127.135025609001232, 0.128973127000066, 0.0 ], [ 127.135006592001076, 0.129030545000046, 0.0 ], [ 127.134987576001123, 0.129092750000063, 0.0 ], [ 127.134959052001079, 0.129174093000241, 0.0 ], [ 127.134935284001202, 0.12922194000005, 0.0 ], [ 127.134902008001035, 0.129293712000359, 0.0 ], [ 127.13488299300117, 0.129331991000095, 0.0 ], [ 127.134916259001045, 0.129398983000044, 0.0 ], [ 127.134954281001086, 0.129427696000118, 0.0 ], [ 127.135006561001177, 0.129465980000092, 0.0 ], [ 127.135035073001021, 0.129542542000308, 0.0 ], [ 127.135054078001062, 0.129623888000087, 0.0 ], [ 127.135075392149432, 0.129726445315177, 0.0 ], [ 127.13509684000104, 0.129829646000244, 0.0 ], [ 127.13513010700099, 0.129891854000095, 0.0 ], [ 127.135163373001035, 0.129954061000171, 0.0 ], [ 127.135168121001101, 0.130025836000057, 0.0 ], [ 127.135149103001098, 0.130102395000096, 0.0 ], [ 127.135106324001029, 0.13014545700003, 0.0 ], [ 127.135092060001028, 0.13019809, 0.0 ], [ 127.135096810001173, 0.13025072600021, 0.0 ], [ 127.135115816001104, 0.130327287000046, 0.0 ], [ 127.135115811001086, 0.130389492000405, 0.0 ], [ 127.135111052001108, 0.130470837000133, 0.0 ], [ 127.135163324001084, 0.130614390000095, 0.0 ], [ 127.135191836001113, 0.130710092000059, 0.0 ], [ 127.135234607000982, 0.130777085000036, 0.0 ], [ 127.13526787400113, 0.130829723000087, 0.0 ], [ 127.135282128001094, 0.130901499000067, 0.0 ], [ 127.135291628001113, 0.130978060000169, 0.0 ], [ 127.135301128001046, 0.131054620000101, 0.0 ], [ 127.135301123001241, 0.131126395000032, 0.0 ], [ 127.1352821060011, 0.131188598000047, 0.0 ], [ 127.135191797001028, 0.131231657000039, 0.0 ], [ 127.135144262001006, 0.131289073000395, 0.0 ], [ 127.135149006001058, 0.131413483000068, 0.0 ], [ 127.135149001001039, 0.131485258000234, 0.0 ], [ 127.135115721001014, 0.131609665000212, 0.0 ], [ 127.1351109640011, 0.131662300000295, 0.0 ], [ 127.135096702001036, 0.131714934000045, 0.0 ], [ 127.135086295103989, 0.131774277025684, 0.0 ], [ 127.135084260168341, 0.131819256267284, 0.0 ], [ 127.135082434112604, 0.131827872684889, 0.0 ], [ 127.135082430001049, 0.131872837000104, 0.0 ], [ 127.135072919001203, 0.131944611000293, 0.0 ], [ 127.135063406001109, 0.132045095000053, 0.0 ], [ 127.135011113001084, 0.132174287000179, 0.0 ], [ 127.135011101001083, 0.132341761000043, 0.0 ], [ 127.134992076001282, 0.132523590000066, 0.0 ], [ 127.135006324001097, 0.132662356000018, 0.0 ], [ 127.135030079001183, 0.132796337000205, 0.0 ], [ 127.135030071001168, 0.132906392000169, 0.0 ], [ 127.135006300001095, 0.132982950000051, 0.0 ], [ 127.134963517001054, 0.133073861000321, 0.0 ], [ 127.134968264001003, 0.133140852000056, 0.0 ], [ 127.13495399700119, 0.133246121000096, 0.0 ], [ 127.134939734001179, 0.133308325000085, 0.0 ], [ 127.134939732001143, 0.133332249000047, 0.0 ], [ 127.134949233001009, 0.133399240000074, 0.0 ], [ 127.134963489001052, 0.133442306000294, 0.0 ], [ 127.134972991001192, 0.133494942000138, 0.0 ], [ 127.13497298932441, 0.133517190455253, 0.0 ], [ 127.134972985001085, 0.133576287000034, 0.0 ], [ 127.134953969001089, 0.133628920000048, 0.0 ], [ 127.13489693100108, 0.133657626000042, 0.0 ], [ 127.13487316100111, 0.133729399000194, 0.0 ], [ 127.134871914619183, 0.1337456936537, 0.0 ], [ 127.134868403001136, 0.133791603000024, 0.0 ], [ 127.134920676001187, 0.133920802000332, 0.0 ], [ 127.134934926000994, 0.134030858000408, 0.0 ], [ 127.134949182001037, 0.134069139000132, 0.0 ], [ 127.134977694001066, 0.134150487000133, 0.0 ], [ 127.135006206001037, 0.13423183300041, 0.0 ], [ 127.135063229001062, 0.134394527000125, 0.0 ], [ 127.135072729001052, 0.134485443000102, 0.0 ], [ 127.135053711001049, 0.134552431000256, 0.0 ], [ 127.134987160001117, 0.134676836000186, 0.0 ], [ 127.134968143001046, 0.134748609000093, 0.0 ], [ 127.13494437300109, 0.134820383000033, 0.0 ], [ 127.134915851001068, 0.134877801000132, 0.0 ], [ 127.134882574001111, 0.134944788000069, 0.0 ], [ 127.13487868688712, 0.134953171999335, 0.0 ], [ 127.134849298001072, 0.135016560000049, 0.0 ], [ 127.134797007001083, 0.135121825000061, 0.0 ], [ 127.134806507001002, 0.135203172000041, 0.0 ], [ 127.134820761001023, 0.135270162000114, 0.0 ], [ 127.134820757001052, 0.135313227000181, 0.0 ], [ 127.134789359680497, 0.135362389299553, 0.0 ], [ 127.134777976001175, 0.135380214000209, 0.0 ], [ 127.134745356258264, 0.135423992667435, 0.0 ], [ 127.134735195001085, 0.135437630000107, 0.0 ], [ 127.134692413001019, 0.135495047000271, 0.0 ], [ 127.134701915001045, 0.135562037000152, 0.0 ], [ 127.134697155001021, 0.135648167000215, 0.0 ], [ 127.134687642001012, 0.135734296000092, 0.0 ], [ 127.134687637001079, 0.135801287000056, 0.0 ], [ 127.134716148001061, 0.135887418000193, 0.0 ], [ 127.134720892000999, 0.136007043000147, 0.0 ], [ 127.134730392001032, 0.136088389000059, 0.0 ], [ 127.134741851183378, 0.136131665107992, 0.0 ], [ 127.134749398001034, 0.136160166000196, 0.0 ], [ 127.134754145001281, 0.136236726000134, 0.0 ], [ 127.134763646000991, 0.136308502000128, 0.0 ], [ 127.13476364192428, 0.136364245242068, 0.0 ], [ 127.134763639001207, 0.136404201000134, 0.0 ], [ 127.134744619001168, 0.136499900000058, 0.0 ], [ 127.134725600001119, 0.136586028000082, 0.0 ], [ 127.134692325001026, 0.136643445000434, 0.0 ], [ 127.134649544000965, 0.136710432000255, 0.0 ], [ 127.134630527001036, 0.136758280000025, 0.0 ], [ 127.134625766001122, 0.136863550000052, 0.0 ], [ 127.13461625700107, 0.136916183000073, 0.0 ], [ 127.134587731001076, 0.137007097000062, 0.0 ], [ 127.134601986001059, 0.137064518000058, 0.0 ], [ 127.134568713001002, 0.137093225000077, 0.0 ], [ 127.134521188001003, 0.137035801000067, 0.0 ], [ 127.134445137001194, 0.137078860000025, 0.0 ], [ 127.134411865001027, 0.137093212000351, 0.0 ], [ 127.13434532500105, 0.137069282000056, 0.0 ], [ 127.134264527001136, 0.137045351000069, 0.0 ], [ 127.134155207001157, 0.137064482000211, 0.0 ], [ 127.134064898001014, 0.137093185000114, 0.0 ], [ 127.134050636001078, 0.137141034000024, 0.0 ], [ 127.134012608001058, 0.137198451000119, 0.0 ], [ 127.133974579001091, 0.137255868000115, 0.0 ], [ 127.133936553001035, 0.137284574000085, 0.0 ], [ 127.133841491001107, 0.137313277000048, 0.0 ], [ 127.133820225882374, 0.137321060056366, 0.0 ], [ 127.133789207001058, 0.137332413000048, 0.0 ], [ 127.133580074001117, 0.137361107000201, 0.0 ], [ 127.133470754001138, 0.137389808000128, 0.0 ], [ 127.133366178001069, 0.137523780000191, 0.0 ], [ 127.133313890001105, 0.137595550000144, 0.0 ], [ 127.133242590001089, 0.137657749000069, 0.0 ], [ 127.133176044001033, 0.137719949000056, 0.0 ], [ 127.133104744001088, 0.137791718000147, 0.0 ], [ 127.133004920001071, 0.137935260000138, 0.0 ], [ 127.132952632001079, 0.138011816000126, 0.0 ], [ 127.13286706900108, 0.138126648000114, 0.0 ], [ 127.132805273001026, 0.13822712900004, 0.0 ], [ 127.132781502001109, 0.138294116000118, 0.0 ], [ 127.132724461001089, 0.138375457000163, 0.0 ], [ 127.132653161001016, 0.138447225000056, 0.0 ], [ 127.132610378001075, 0.138523782000068, 0.0 ], [ 127.132572348001048, 0.138605124000089, 0.0 ], [ 127.132545783064458, 0.13866305592161, 0.0 ], [ 127.132543825001093, 0.138667326000129, 0.0 ], [ 127.132515302001096, 0.138729529000219, 0.0 ], [ 127.13248678100102, 0.138772592000068, 0.0 ], [ 127.132472517001233, 0.13884436500013, 0.0 ], [ 127.132458251001111, 0.138935279000094, 0.0 ], [ 127.132458245001231, 0.139007053000289, 0.0 ], [ 127.132453488001019, 0.139054903000124, 0.0 ], [ 127.132424963001071, 0.139155386000152, 0.0 ], [ 127.13240594500121, 0.13922237300038, 0.0 ], [ 127.132320380001033, 0.139375486000059, 0.0 ], [ 127.132268100001127, 0.139346772000065, 0.0 ], [ 127.132258596001037, 0.139313277000113, 0.0 ], [ 127.132254399817441, 0.139245600607455, 0.0 ], [ 127.132253849001216, 0.139236717000118, 0.0 ], [ 127.132253854001178, 0.139179297000105, 0.0 ], [ 127.132253861001089, 0.139088382000138, 0.0 ], [ 127.13225386700104, 0.139002253000373, 0.0 ], [ 127.132261998525692, 0.138966794081828, 0.0 ], [ 127.13226813200103, 0.138940048000126, 0.0 ], [ 127.132291900001036, 0.138896986000149, 0.0 ], [ 127.132230110001103, 0.138916121000066, 0.0 ], [ 127.13218732700112, 0.138987892000064, 0.0 ], [ 127.132187325001084, 0.139026172000096, 0.0 ], [ 127.132175167506006, 0.1390832680779, 0.0 ], [ 127.132173061001126, 0.13909316100009, 0.0 ], [ 127.132130277001096, 0.139169717000098, 0.0 ], [ 127.132097004001196, 0.139198424000102, 0.0 ], [ 127.132090322474227, 0.139197078078905, 0.0 ], [ 127.132073240001048, 0.139193637000049, 0.0 ], [ 127.132001945001093, 0.139198416000084, 0.0 ], [ 127.131854598000999, 0.139265394000072, 0.0 ], [ 127.131754781001021, 0.139313236000073, 0.0 ], [ 127.131697742001009, 0.139370652000043, 0.0 ], [ 127.131688232001224, 0.139423285000087, 0.0 ], [ 127.131702485001128, 0.139490277000101, 0.0 ], [ 127.131745257001043, 0.139552485000037, 0.0 ], [ 127.131773768000997, 0.139643402000085, 0.0 ], [ 127.131759502001003, 0.139734315000073, 0.0 ], [ 127.131721476001061, 0.13975823700004, 0.0 ], [ 127.131730980001066, 0.139777378000094, 0.0 ], [ 127.131760961270686, 0.139784088320702, 0.0 ], [ 127.131773756001181, 0.139786952000134, 0.0 ], [ 127.13180702200124, 0.139844374000095, 0.0 ], [ 127.131821273001009, 0.139949644000112, 0.0 ], [ 127.131816515001077, 0.140021419000067, 0.0 ], [ 127.131811756001042, 0.14008840900005, 0.0 ], [ 127.131759470001043, 0.140141039000062, 0.0 ], [ 127.131702433001109, 0.140150604000056, 0.0 ], [ 127.131683425761636, 0.140121895829118, 0.0 ], [ 127.131673919001045, 0.140107537000062, 0.0 ], [ 127.131626386001173, 0.140145813000103, 0.0 ], [ 127.131602615001015, 0.140222371000207, 0.0 ], [ 127.131588355001099, 0.140246295000054, 0.0 ], [ 127.131555079001004, 0.140303712000046, 0.0 ], [ 127.131536063001107, 0.140361130000104, 0.0 ], [ 127.131512294001112, 0.140413764000118, 0.0 ], [ 127.131488525001117, 0.140461611000034, 0.0 ], [ 127.131431484000998, 0.140523811000147, 0.0 ], [ 127.131388702001189, 0.140595582000154, 0.0 ], [ 127.131355426001022, 0.140662570000069, 0.0 ], [ 127.131308604053885, 0.140723837948954, 0.0 ], [ 127.1313078910011, 0.140724771000214, 0.0 ], [ 127.131255602001048, 0.140806111000186, 0.0 ], [ 127.131203314001127, 0.140882667000024, 0.0 ], [ 127.131122508001084, 0.140954435000032, 0.0 ], [ 127.131132010001139, 0.14099271600004, 0.0 ], [ 127.131141511001033, 0.141050136000058, 0.0 ], [ 127.131141507001061, 0.141112341000033, 0.0 ], [ 127.131103478001123, 0.141174542000052, 0.0 ], [ 127.131055944001105, 0.141227173000068, 0.0 ], [ 127.131013166001097, 0.141241525000044, 0.0 ], [ 127.130946622001105, 0.141275015000182, 0.0 ], [ 127.130899087001126, 0.141337215000039, 0.0 ], [ 127.130903833001099, 0.141428131000108, 0.0 ], [ 127.130927595001097, 0.141471197000259, 0.0 ], [ 127.130908578001112, 0.141528615000341, 0.0 ], [ 127.130837281001021, 0.141562104000075, 0.0 ], [ 127.130789750001128, 0.141581240000343, 0.0 ], [ 127.130718450001154, 0.141648224000108, 0.0 ], [ 127.130599617001209, 0.141767840000077, 0.0 ], [ 127.130533084489173, 0.141810625233542, 0.0 ], [ 127.130428501001248, 0.141877880000097, 0.0 ], [ 127.130366709001109, 0.141920940000241, 0.0 ], [ 127.130276401001083, 0.141935287000014, 0.0 ], [ 127.130171835001065, 0.141944849000038, 0.0 ], [ 127.130053010001106, 0.141968764000072, 0.0 ], [ 127.130031187714508, 0.141974034684765, 0.0 ], [ 127.129934183001055, 0.14199746400007, 0.0 ], [ 127.129867639001077, 0.142030953000092, 0.0 ], [ 127.129810600001079, 0.142074014000063, 0.0 ], [ 127.129763066001004, 0.142126645000095, 0.0 ], [ 127.129672750001077, 0.142246262000077, 0.0 ], [ 127.129660119599876, 0.142278043247447, 0.0 ], [ 127.12962521100107, 0.142365882000143, 0.0 ], [ 127.129544405001127, 0.1424328660001, 0.0 ], [ 127.129463346970439, 0.142518004107204, 0.0 ], [ 127.12943507800118, 0.142547696000082, 0.0 ], [ 127.129397051001177, 0.142585973000076, 0.0 ], [ 127.12934951900121, 0.142614679000247, 0.0 ], [ 127.1292829740011, 0.142657738000047, 0.0 ], [ 127.129240196001078, 0.142681660000034, 0.0 ], [ 127.129206920001209, 0.142739077000296, 0.0 ], [ 127.129168892001061, 0.14280127800002, 0.0 ], [ 127.129078580001064, 0.142868260000051, 0.0 ], [ 127.128993023001058, 0.142916103000242, 0.0 ], [ 127.128912221001073, 0.142935236000111, 0.0 ], [ 127.128807655001083, 0.14294958300027, 0.0 ], [ 127.128698336001065, 0.142963929000125, 0.0 ], [ 127.128603275001041, 0.14298784600007, 0.0 ], [ 127.128508216001165, 0.14297826800008, 0.0 ], [ 127.128460688001127, 0.142959124000386, 0.0 ], [ 127.128403655001065, 0.142935195000245, 0.0 ], [ 127.128356127001126, 0.142901696000033, 0.0 ], [ 127.128337117001152, 0.142896910000227, 0.0 ], [ 127.128242060001085, 0.142863406000074, 0.0 ], [ 127.128147002001128, 0.142853829000037, 0.0 ], [ 127.128089963001102, 0.142887319000266, 0.0 ], [ 127.128061439001044, 0.142968661000119, 0.0 ], [ 127.128009152001127, 0.143021292000108, 0.0 ], [ 127.12789983400117, 0.143030853000073, 0.0 ], [ 127.127823788001152, 0.143002137000049, 0.0 ], [ 127.127709722001114, 0.142954277000063, 0.0 ], [ 127.127624173001081, 0.142896851000382, 0.0 ], [ 127.127567141001094, 0.142848996000066, 0.0 ], [ 127.127514861001089, 0.142815498000104, 0.0 ], [ 127.127476841001098, 0.142772429000223, 0.0 ], [ 127.127448326001044, 0.142743717000022, 0.0 ], [ 127.127401576285521, 0.142665261944913, 0.0 ], [ 127.127377041001054, 0.142624087000095, 0.0 ], [ 127.127315257001257, 0.142571448000164, 0.0 ], [ 127.127253470001108, 0.142552302000161, 0.0 ], [ 127.127167917001159, 0.142552296000071, 0.0 ], [ 127.127148904001075, 0.142576219000303, 0.0 ], [ 127.127101372001178, 0.142604925000097, 0.0 ], [ 127.127015819001059, 0.142590563000077, 0.0 ], [ 127.126954033001056, 0.142561847000191, 0.0 ], [ 127.126911260001094, 0.142533135000147, 0.0 ], [ 127.126849473001116, 0.142513990000066, 0.0 ], [ 127.126773426001222, 0.142504413000065, 0.0 ], [ 127.126659351001081, 0.142552253000064, 0.0 ], [ 127.126554785001062, 0.142557030000011, 0.0 ], [ 127.126312376001309, 0.142676634000117, 0.0 ], [ 127.126260091001114, 0.142705340000036, 0.0 ], [ 127.126225313342161, 0.142731594727274, 0.0 ], [ 127.126222065001102, 0.142734047000094, 0.0 ], [ 127.126160273001275, 0.142781892000113, 0.0 ], [ 127.126107985001099, 0.142839306000239, 0.0 ], [ 127.126008170001128, 0.142882363000075, 0.0 ], [ 127.125941627001097, 0.142911068000079, 0.0 ], [ 127.12586082400108, 0.142939770000368, 0.0 ], [ 127.12578477500108, 0.142958904000122, 0.0 ], [ 127.125718231001116, 0.142997179000139, 0.0 ], [ 127.125665945001231, 0.143040239000109, 0.0 ], [ 127.125556614001084, 0.143198134000366, 0.0 ], [ 127.125518587001125, 0.143231626000064, 0.0 ], [ 127.125485314001224, 0.14326990300008, 0.0 ], [ 127.125466299001118, 0.143308180000011, 0.0 ], [ 127.125428271001084, 0.143365598000153, 0.0 ], [ 127.125390243001135, 0.143408659000021, 0.0 ], [ 127.125352217001122, 0.143442151000063, 0.0 ], [ 127.125295180001103, 0.143475640000028, 0.0 ], [ 127.125190609001152, 0.143542621000061, 0.0 ], [ 127.125095547001138, 0.143580894000051, 0.0 ], [ 127.125014746001071, 0.143590457000181, 0.0 ], [ 127.124955639101145, 0.1435927404055, 0.0 ], [ 127.124891169001117, 0.143595231000416, 0.0 ], [ 127.124805615001037, 0.14360479400005, 0.0 ], [ 127.124734320001025, 0.143609573000055, 0.0 ], [ 127.124677285001184, 0.143609568000075, 0.0 ], [ 127.124553708001031, 0.143609559000041, 0.0 ], [ 127.124477661001038, 0.143614337000081, 0.0 ], [ 127.124464294797235, 0.143621675311083, 0.0 ], [ 127.124373091001104, 0.143671748000174, 0.0 ], [ 127.124263767001139, 0.143757868000072, 0.0 ], [ 127.124225740001052, 0.143796144000065, 0.0 ], [ 127.12418771300112, 0.143839207000213, 0.0 ], [ 127.124158966115985, 0.14387778715341, 0.0 ], [ 127.124130671001211, 0.143915761000127, 0.0 ], [ 127.124102149001061, 0.14397317800017, 0.0 ], [ 127.124083132001033, 0.144035381000041, 0.0 ], [ 127.124045102001091, 0.144111938000188, 0.0 ], [ 127.124026051068768, 0.144146454190191, 0.0 ], [ 127.123997566001137, 0.144198063000027, 0.0 ], [ 127.123986945309568, 0.144215041572446, 0.0 ], [ 127.123916755001133, 0.14432725000007, 0.0 ], [ 127.123859715001103, 0.144384664000021, 0.0 ], [ 127.123783661001099, 0.144461218000042, 0.0 ], [ 127.123726622001087, 0.144513848000331, 0.0 ], [ 127.123631555001126, 0.144609539000085, 0.0 ], [ 127.12357264263062, 0.144642894350912, 0.0 ], [ 127.123555504001047, 0.144652598000047, 0.0 ], [ 127.123503217001016, 0.144719583000172, 0.0 ], [ 127.123495614733187, 0.144752732939812, 0.0 ], [ 127.123488952001196, 0.14478178600008, 0.0 ], [ 127.123465182001055, 0.144843989000273, 0.0 ], [ 127.123441411001195, 0.144934900000103, 0.0 ], [ 127.123431900001066, 0.144987535000247, 0.0 ], [ 127.123403378001086, 0.145044951000074, 0.0 ], [ 127.123360598001113, 0.145097582000267, 0.0 ], [ 127.123322570001079, 0.145145429000032, 0.0 ], [ 127.123265530001063, 0.145193274000057, 0.0 ], [ 127.123217998001124, 0.14522198, 0.0 ], [ 127.123170467001046, 0.145245900000017, 0.0 ], [ 127.123099165001122, 0.145341593000371, 0.0 ], [ 127.123042122001095, 0.145432503000187, 0.0 ], [ 127.122985080001087, 0.145518628000124, 0.0 ], [ 127.12295655500121, 0.145604755000054, 0.0 ], [ 127.122918526001172, 0.145671741000135, 0.0 ], [ 127.12280445100113, 0.145714796000054, 0.0 ], [ 127.122671367001104, 0.145748279000081, 0.0 ], [ 127.122581057001199, 0.145786552000059, 0.0 ], [ 127.12250025500127, 0.145820039000212, 0.0 ], [ 127.122390930001103, 0.145906160000095, 0.0 ], [ 127.12229586900115, 0.145939646000137, 0.0 ], [ 127.122215064001168, 0.145992274000071, 0.0 ], [ 127.122134260001133, 0.146044902000048, 0.0 ], [ 127.122048706001166, 0.146054464000046, 0.0 ], [ 127.1219013590011, 0.146121441000096, 0.0 ], [ 127.121849074001062, 0.14615971700004, 0.0 ], [ 127.121787280001072, 0.146231486000022, 0.0 ], [ 127.121734990001102, 0.146312825000224, 0.0 ], [ 127.121663695001118, 0.146336745000056, 0.0 ], [ 127.121578140001191, 0.146355877000325, 0.0 ], [ 127.12150684500115, 0.146365441000187, 0.0 ], [ 127.12146406800106, 0.146370223000086, 0.0 ], [ 127.121302463001044, 0.146432414000141, 0.0 ], [ 127.121207398001175, 0.146513749000053, 0.0 ], [ 127.121155112001162, 0.146556810000119, 0.0 ], [ 127.121088903720675, 0.146610123594395, 0.0 ], [ 127.121060046001105, 0.146633361000095, 0.0 ], [ 127.120998253001076, 0.146695560000101, 0.0 ], [ 127.120931708001109, 0.146748189000069, 0.0 ], [ 127.120874668001107, 0.146791248000118, 0.0 ], [ 127.120813548760168, 0.146820867977712, 0.0 ], [ 127.120765969036029, 0.14684392635103, 0.0 ], [ 127.120746334001097, 0.146853442000081, 0.0 ], [ 127.120660777001135, 0.146901284000081, 0.0 ], [ 127.120636257934365, 0.14691923273001, 0.0 ], [ 127.12060849100115, 0.146939559000049, 0.0 ], [ 127.120524082636152, 0.147003281704766, 0.0 ], [ 127.120513427001143, 0.147011326000058, 0.0 ], [ 127.120480605270345, 0.147049868993137, 0.0 ], [ 127.120456386001152, 0.147078310000074, 0.0 ], [ 127.120413606001279, 0.147126156000174, 0.0 ], [ 127.120366070001083, 0.147202712000066, 0.0 ], [ 127.120318535001218, 0.147274482000156, 0.0 ], [ 127.120290014001085, 0.147317544000035, 0.0 ], [ 127.120228218001145, 0.14740845300032, 0.0 ], [ 127.120180683001166, 0.147475438000214, 0.0 ], [ 127.120057095001215, 0.147618976000042, 0.0 ], [ 127.120004809001131, 0.147652466000064, 0.0 ], [ 127.119924003001159, 0.147724234000203, 0.0 ], [ 127.119857457001132, 0.147791217000337, 0.0 ], [ 127.119819424001122, 0.147886913000034, 0.0 ], [ 127.119776644001092, 0.14794432900006, 0.0 ], [ 127.119714851001163, 0.147996958000085, 0.0 ], [ 127.119619788001074, 0.148054370000093, 0.0 ], [ 127.119439169001211, 0.148140483000088, 0.0 ], [ 127.119358366001066, 0.148169186000263, 0.0 ], [ 127.119287069001103, 0.148212244000063, 0.0 ], [ 127.11923478300109, 0.14825051900014, 0.0 ], [ 127.119187250001133, 0.148293580000101, 0.0 ], [ 127.119125459001268, 0.148336639000091, 0.0 ], [ 127.11908267800122, 0.148379700000033, 0.0 ], [ 127.119044649001154, 0.148461041000098, 0.0 ], [ 127.119006617001162, 0.14854716700019, 0.0 ], [ 127.118959082001098, 0.14861893700007, 0.0 ], [ 127.118906793001273, 0.148690707000357, 0.0 ], [ 127.118854508001093, 0.148733767000075, 0.0 ], [ 127.118768951001186, 0.148786393000051, 0.0 ], [ 127.118716665001131, 0.148824669000094, 0.0 ], [ 127.118688143001179, 0.148877301000086, 0.0 ], [ 127.118659618001104, 0.14896342800006, 0.0 ], [ 127.118612082001079, 0.149049552000221, 0.0 ], [ 127.118593065001093, 0.149111755000043, 0.0 ], [ 127.118588306001158, 0.149178744000047, 0.0 ], [ 127.118602562001143, 0.149217025000023, 0.0 ], [ 127.118650087001157, 0.149255308000063, 0.0 ], [ 127.118697616001143, 0.14926009800009, 0.0 ], [ 127.118749897001095, 0.149279242000041, 0.0 ], [ 127.118787917001157, 0.149312740000102, 0.0 ], [ 127.118806928001064, 0.149331881000018, 0.0 ], [ 127.118797417001161, 0.149389300000406, 0.0 ], [ 127.118787907001135, 0.149432363000085, 0.0 ], [ 127.11878315100121, 0.149475428000094, 0.0 ], [ 127.118783146001277, 0.149537632000051, 0.0 ], [ 127.118783141001146, 0.149595051000102, 0.0 ], [ 127.118783138001191, 0.149623761000045, 0.0 ], [ 127.118730855001189, 0.149633326000161, 0.0 ], [ 127.118616785001123, 0.149623747000179, 0.0 ], [ 127.118502717001107, 0.149604597000077, 0.0 ], [ 127.118459943001099, 0.149575883000066, 0.0 ], [ 127.118417170001109, 0.149537600000195, 0.0 ], [ 127.118414839943213, 0.149521169410112, 0.0 ], [ 127.118407670001162, 0.149470610000199, 0.0 ], [ 127.118407677001187, 0.149384481000026, 0.0 ], [ 127.118412441001112, 0.149245718000012, 0.0 ], [ 127.11842670300112, 0.149221795000095, 0.0 ], [ 127.118469482001089, 0.149183519000201, 0.0 ], [ 127.118502761001125, 0.149078252000108, 0.0 ], [ 127.118526533001145, 0.148996910000108, 0.0 ], [ 127.118578823001044, 0.148906002000098, 0.0 ], [ 127.118574074001145, 0.148858151000209, 0.0 ], [ 127.118545569001114, 0.148709815000166, 0.0 ], [ 127.118469528001214, 0.148647605000077, 0.0 ], [ 127.118393484001132, 0.148614103000195, 0.0 ], [ 127.118341205001286, 0.148571035000045, 0.0 ], [ 127.118288927001146, 0.148523181000033, 0.0 ], [ 127.118217637001237, 0.148470540000062, 0.0 ], [ 127.11815110100116, 0.148417900000339, 0.0 ], [ 127.118098821001183, 0.148393971000089, 0.0 ], [ 127.118060801001263, 0.148350903000105, 0.0 ], [ 127.11802753500109, 0.148293480000295, 0.0 ], [ 127.117984765001111, 0.148216918000206, 0.0 ], [ 127.117961005001163, 0.148164281000073, 0.0 ], [ 127.117961010001096, 0.148111647000062, 0.0 ], [ 127.117961013001121, 0.148063797000067, 0.0 ], [ 127.117961018001111, 0.148015948000012, 0.0 ], [ 127.117899233001197, 0.147972878000417, 0.0 ], [ 127.117851707001179, 0.147934594000354, 0.0 ], [ 127.117834366182905, 0.147918588610891, 0.0 ], [ 127.117794676001083, 0.147881955000129, 0.0 ], [ 127.117776302864513, 0.147864996494921, 0.0 ], [ 127.117446030017319, 0.148107259521108, 0.0 ], [ 127.117345840443221, 0.148183459311916, 0.0 ], [ 127.111006649141984, 0.153004753749342, 0.0 ] ], [ [ 127.2017747570262, 0.149259956913816, 0.0 ], [ 127.201854980428706, 0.136339997106743, 0.0 ], [ 127.210186810402121, 0.136340622275151, 0.0 ], [ 127.210197002000811, 0.136328312000056, 0.0 ], [ 127.210197004000818, 0.136304385000327, 0.0 ], [ 127.210235032000739, 0.136261321000088, 0.0 ], [ 127.210277812000854, 0.136246969000104, 0.0 ], [ 127.210320592000755, 0.136218261000135, 0.0 ], [ 127.210368127000905, 0.136184768000113, 0.0 ], [ 127.210410907000963, 0.136160845000125, 0.0 ], [ 127.210448935000855, 0.13611778100006, 0.0 ], [ 127.210524988000955, 0.13609386100024, 0.0 ], [ 127.210572524000881, 0.136046013000306, 0.0 ], [ 127.210553513000775, 0.136007730000113, 0.0 ], [ 127.210563024000834, 0.135950309000226, 0.0 ], [ 127.210596300000745, 0.135902459000025, 0.0 ], [ 127.210624822000995, 0.135864180000197, 0.0 ], [ 127.210653343000871, 0.135835471000042, 0.0 ], [ 127.210672358000721, 0.135806761000036, 0.0 ], [ 127.210691373000785, 0.135768480000078, 0.0 ], [ 127.210729403000897, 0.13571584700005, 0.0 ], [ 127.210800704000746, 0.135663215000128, 0.0 ], [ 127.210857745000837, 0.135624937000196, 0.0 ], [ 127.210924295000794, 0.135548379000057, 0.0 ], [ 127.210933805000835, 0.135500527000067, 0.0 ], [ 127.210957573000869, 0.135467033000301, 0.0 ], [ 127.210986094000816, 0.135438324000056, 0.0 ], [ 127.211024123000854, 0.13539526000008, 0.0 ], [ 127.211062152000949, 0.13535219600003, 0.0 ], [ 127.211109686000853, 0.135313918000178, 0.0 ], [ 127.211176234000803, 0.135261286000052, 0.0 ], [ 127.211223769000853, 0.135223008000028, 0.0 ], [ 127.211266551000861, 0.13516558800039, 0.0 ], [ 127.211290320000884, 0.135127309000166, 0.0 ], [ 127.21132834900078, 0.135079459000142, 0.0 ], [ 127.211375883000855, 0.135050752000078, 0.0 ], [ 127.211428170000829, 0.135026830000072, 0.0 ], [ 127.211494718000836, 0.134988553000091, 0.0 ], [ 127.211546972937199, 0.134964277917322, 0.0 ], [ 127.211556511000765, 0.134959847000066, 0.0 ], [ 127.211637316000889, 0.134940712000067, 0.0 ], [ 127.211673952051285, 0.134916127541473, 0.0 ], [ 127.211680097000894, 0.134912004000089, 0.0 ], [ 127.211727632000773, 0.134864155000101, 0.0 ], [ 127.211770415000814, 0.134797166000083, 0.0 ], [ 127.211798936000847, 0.134778027000045, 0.0 ], [ 127.211822703000806, 0.134763673000131, 0.0 ], [ 127.211903510000838, 0.134730182000127, 0.0 ], [ 127.211947895743421, 0.134676993810162, 0.0 ], [ 127.212003335000816, 0.134610560000391, 0.0 ], [ 127.212065128000944, 0.134591424000079, 0.0 ], [ 127.212107909000835, 0.134553145000087, 0.0 ], [ 127.212155443000839, 0.134524437000056, 0.0 ], [ 127.212269526000881, 0.134438313000324, 0.0 ], [ 127.212350333000742, 0.134385681000104, 0.0 ], [ 127.212516701000766, 0.134299560000038, 0.0 ], [ 127.21256423400078, 0.134280422000087, 0.0 ], [ 127.212602262000772, 0.134237358000202, 0.0 ], [ 127.212621279000857, 0.134184723000326, 0.0 ], [ 127.212654554000835, 0.134146443000014, 0.0 ], [ 127.212716348000825, 0.134103381000085, 0.0 ], [ 127.212759129000901, 0.134079458000239, 0.0 ], [ 127.212797157000793, 0.134050750000041, 0.0 ], [ 127.212925496000778, 0.134002908000297, 0.0 ], [ 127.212944510000781, 0.133978983000184, 0.0 ], [ 127.212968281000798, 0.133921562000089, 0.0 ], [ 127.212996802000873, 0.133888068000057, 0.0 ], [ 127.213030075000759, 0.133873715000071, 0.0 ], [ 127.213087114000771, 0.133868934000037, 0.0 ], [ 127.213144151000876, 0.133873723, 0.0 ], [ 127.2132106960009, 0.133873728000032, 0.0 ], [ 127.213377056000837, 0.133897666000054, 0.0 ], [ 127.213438849000838, 0.133868959000284, 0.0 ], [ 127.213510147000818, 0.133868965000129, 0.0 ], [ 127.213567186000802, 0.133859398000094, 0.0 ], [ 127.21361947100074, 0.13385940200004, 0.0 ], [ 127.213738301000745, 0.1338546260002, 0.0 ], [ 127.213819104000819, 0.133859417000067, 0.0 ], [ 127.213956947000767, 0.133854642000081, 0.0 ], [ 127.214151830000802, 0.13382115900005, 0.0 ], [ 127.214201131293649, 0.133800859161479, 0.0 ], [ 127.214256403000817, 0.1337781010001, 0.0 ], [ 127.214308689000802, 0.133773319000064, 0.0 ], [ 127.214389495000802, 0.133749399000145, 0.0 ], [ 127.214422979447576, 0.133742427082065, 0.0 ], [ 127.214527339000753, 0.133720698000113, 0.0 ], [ 127.214631911000794, 0.133696779000093, 0.0 ], [ 127.214679444000836, 0.1336872120001, 0.0 ], [ 127.21472222300082, 0.133668075000072, 0.0 ], [ 127.214812539000761, 0.133605874000121, 0.0 ], [ 127.214825540953569, 0.133595165939509, 0.0 ], [ 127.214864827000781, 0.133562811000038, 0.0 ], [ 127.214893347000796, 0.133548457000059, 0.0 ], [ 127.214916094911231, 0.133559028930278, 0.0 ], [ 127.214955136000825, 0.133577173000044, 0.0 ], [ 127.214988408000792, 0.133581960000124, 0.0 ], [ 127.215054955000738, 0.133558039000173, 0.0 ], [ 127.2150834760008, 0.13352933000002, 0.0 ], [ 127.215164183574856, 0.133443311166597, 0.0 ], [ 127.215164286000828, 0.133443202, 0.0 ], [ 127.215183301000764, 0.133409708000173, 0.0 ], [ 127.215287881000819, 0.133280515000048, 0.0 ], [ 127.21535918100075, 0.1332470230002, 0.0 ], [ 127.215382948000922, 0.133232669000077, 0.0 ], [ 127.215420975000754, 0.133213531000068, 0.0 ], [ 127.215468509000928, 0.133184823000022, 0.0 ], [ 127.215530302000772, 0.133160902000045, 0.0 ], [ 127.215596848000757, 0.133136981000084, 0.0 ], [ 127.215658642000847, 0.133103489000279, 0.0 ], [ 127.215839269000796, 0.133022153000184, 0.0 ], [ 127.215901061000778, 0.133012588000152, 0.0 ], [ 127.215967609000728, 0.132964740000087, 0.0 ], [ 127.216019897000805, 0.132926462000115, 0.0 ], [ 127.216100702000787, 0.132916898000085, 0.0 ], [ 127.216176753000795, 0.13291690400007, 0.0 ], [ 127.216224285000806, 0.132921692000018, 0.0 ], [ 127.216333608000895, 0.132921700000123, 0.0 ], [ 127.216391415178904, 0.132921704054132, 0.0 ], [ 127.21643342500083, 0.132921707000037, 0.0 ], [ 127.216561762000822, 0.132902576000089, 0.0 ], [ 127.216599789000767, 0.132888222000052, 0.0 ], [ 127.216652077000788, 0.132854730000071, 0.0 ], [ 127.216766155000784, 0.132826027000025, 0.0 ], [ 127.21686122000078, 0.132806893000084, 0.0 ], [ 127.216956285000776, 0.132797330000253, 0.0 ], [ 127.217027583000871, 0.132792550000046, 0.0 ], [ 127.217089375000825, 0.132792554000087, 0.0 ], [ 127.21728425400093, 0.132811709000136, 0.0 ], [ 127.21734129100075, 0.132826069000309, 0.0 ], [ 127.217464872000875, 0.132850004000053, 0.0 ], [ 127.217545675000835, 0.132864365000337, 0.0 ], [ 127.217654999000757, 0.13287394400008, 0.0 ], [ 127.217759567000741, 0.132907448000056, 0.0 ], [ 127.217902159000914, 0.132955310000056, 0.0 ], [ 127.218135060000861, 0.133036676000091, 0.0 ], [ 127.218301417000873, 0.133089325000102, 0.0 ], [ 127.218382219000816, 0.133118042000088, 0.0 ], [ 127.218453515000817, 0.13315154500002, 0.0 ], [ 127.218515307000786, 0.133161119000068, 0.0 ], [ 127.218700677000754, 0.133204200000238, 0.0 ], [ 127.21877197400083, 0.133223346000389, 0.0 ], [ 127.218862285000839, 0.133228137000201, 0.0 ], [ 127.218947842000745, 0.133237714000129, 0.0 ], [ 127.21904765800079, 0.133237721000088, 0.0 ], [ 127.219118957000816, 0.133232942000251, 0.0 ], [ 127.219175997000818, 0.133213805000166, 0.0 ], [ 127.219218777000748, 0.133199453000041, 0.0 ], [ 127.21926630900083, 0.133199456000168, 0.0 ], [ 127.219342359000777, 0.13320903100016, 0.0 ], [ 127.219385137000799, 0.133213820000165, 0.0 ], [ 127.219499213000788, 0.133218614000046, 0.0 ], [ 127.219575265000941, 0.133218619000058, 0.0 ], [ 127.219717862000721, 0.133199489000042, 0.0 ], [ 127.219731094398028, 0.133197440282736, 0.0 ], [ 127.21977965400076, 0.133189922000095, 0.0 ], [ 127.219827190000771, 0.133146859000043, 0.0 ], [ 127.219879476000798, 0.133122936000165, 0.0 ], [ 127.219919410764021, 0.133135502979442, 0.0 ], [ 127.219955526000746, 0.13314686800019, 0.0 ], [ 127.22005058700077, 0.13319472800009, 0.0 ], [ 127.220088608000808, 0.133252153000075, 0.0 ], [ 127.220136137000821, 0.133300008000308, 0.0 ], [ 127.22015741365135, 0.133321431883383, 0.0 ], [ 127.22017891200079, 0.133343079000285, 0.0 ], [ 127.22020742900078, 0.133386148000068, 0.0 ], [ 127.220250203000802, 0.133438788000088, 0.0 ], [ 127.220264460000777, 0.133481857000108, 0.0 ], [ 127.220297729000819, 0.13352971100011, 0.0 ], [ 127.220340502000965, 0.133601493000301, 0.0 ], [ 127.220397538000768, 0.133634993000042, 0.0 ], [ 127.220433203793007, 0.133659257403005, 0.0 ], [ 127.22057339900077, 0.13375463600025, 0.0 ], [ 127.220654199000762, 0.133797709000154, 0.0 ], [ 127.220687469000751, 0.13384077900003, 0.0 ], [ 127.220711230000731, 0.133912559000189, 0.0 ], [ 127.220711224000937, 0.133989122000355, 0.0 ], [ 127.220725479000791, 0.134056117000054, 0.0 ], [ 127.220744488000761, 0.134103970000109, 0.0 ], [ 127.220858558000714, 0.134209254000057, 0.0 ], [ 127.220858553912763, 0.134264685635949, 0.0 ], [ 127.220858552000948, 0.13429060300014, 0.0 ], [ 127.220858549000695, 0.134328884000159, 0.0 ], [ 127.220896572000726, 0.134371954000079, 0.0 ], [ 127.220939349000815, 0.134391098000352, 0.0 ], [ 127.220991630000782, 0.134443739000048, 0.0 ], [ 127.22102489800082, 0.134505950000075, 0.0 ], [ 127.22103915400082, 0.134558588000391, 0.0 ], [ 127.221081931000768, 0.134587303000051, 0.0 ], [ 127.22112470800073, 0.134606446000055, 0.0 ], [ 127.221153224000801, 0.134649516000035, 0.0 ], [ 127.221195999000798, 0.134702156000326, 0.0 ], [ 127.221229268000869, 0.134750011000101, 0.0 ], [ 127.221286299000838, 0.13484572000008, 0.0 ], [ 127.22134333300076, 0.13492228700042, 0.0 ], [ 127.221357588000743, 0.134984496000091, 0.0 ], [ 127.221357581000845, 0.135065845000054, 0.0 ], [ 127.221357577000731, 0.135128053000103, 0.0 ], [ 127.221352820000817, 0.135195046000034, 0.0 ], [ 127.221338555000784, 0.13525725300007, 0.0 ], [ 127.221338551000798, 0.135314675000089, 0.0 ], [ 127.221362312000835, 0.13537688500001, 0.0 ], [ 127.221409838000966, 0.13545345200003, 0.0 ], [ 127.22145261400091, 0.135501308000089, 0.0 ], [ 127.221509646000797, 0.135592231000067, 0.0 ], [ 127.221561925000813, 0.135668798000157, 0.0 ], [ 127.221599948000744, 0.135711868000286, 0.0 ], [ 127.221647478000733, 0.135735798000058, 0.0 ], [ 127.221733038000735, 0.135716663000058, 0.0 ], [ 127.221766313000813, 0.135673599000028, 0.0 ], [ 127.221823356000797, 0.135620965000056, 0.0 ], [ 127.221861384000718, 0.135577901000077, 0.0 ], [ 127.221913672000753, 0.135544409000101, 0.0 ], [ 127.221926817343274, 0.135545512934238, 0.0 ], [ 127.221970710000747, 0.135549199000072, 0.0 ], [ 127.221970704000952, 0.135625761000154, 0.0 ], [ 127.22195643600071, 0.135735820000218, 0.0 ], [ 127.221994459000726, 0.135783676000111, 0.0 ], [ 127.222027727000935, 0.135831531000067, 0.0 ], [ 127.222084762000748, 0.135893743000351, 0.0 ], [ 127.222103771000803, 0.135951167000166, 0.0 ], [ 127.222113273000858, 0.135999020000109, 0.0 ], [ 127.222151293000721, 0.13608515700003, 0.0 ], [ 127.222203573000897, 0.136156939000057, 0.0 ], [ 127.222241592000742, 0.136247861000238, 0.0 ], [ 127.222270106000835, 0.13630528600028, 0.0 ], [ 127.222308128000734, 0.136367497000038, 0.0 ], [ 127.22234139400075, 0.136453633000164, 0.0 ], [ 127.22235137270323, 0.136472611967795, 0.0 ], [ 127.222384167000783, 0.136534985000057, 0.0 ], [ 127.222422181000766, 0.136692901000398, 0.0 ], [ 127.222469706000794, 0.136783824000067, 0.0 ], [ 127.222512480000773, 0.136850820000063, 0.0 ], [ 127.222583771000743, 0.136946530000022, 0.0 ], [ 127.222664567000763, 0.137056596000041, 0.0 ], [ 127.222697832000875, 0.137157088000029, 0.0 ], [ 127.222697826000925, 0.137248008000073, 0.0 ], [ 127.222645535000794, 0.137324567000098, 0.0 ], [ 127.222593246000784, 0.137362845000055, 0.0 ], [ 127.222550465000737, 0.137405909000046, 0.0 ], [ 127.22248866700086, 0.137482468000046, 0.0 ], [ 127.222464899000798, 0.137515963000069, 0.0 ], [ 127.222398353000699, 0.137530313000119, 0.0 ], [ 127.222322300000798, 0.137554234000313, 0.0 ], [ 127.222241494000755, 0.137578155000063, 0.0 ], [ 127.222179701000883, 0.137582934000034, 0.0 ], [ 127.222108400000849, 0.137625997000075, 0.0 ], [ 127.222042208706782, 0.137654549561229, 0.0 ], [ 127.222041853000746, 0.137654703000184, 0.0 ], [ 127.221961045000796, 0.137707334000047, 0.0 ], [ 127.221880234000793, 0.137788677000043, 0.0 ], [ 127.221851714000778, 0.137807815000071, 0.0 ], [ 127.22179942300086, 0.137884375000059, 0.0 ], [ 127.221785158000785, 0.13795615300009, 0.0 ], [ 127.221766139000735, 0.138042286000047, 0.0 ], [ 127.221756627000801, 0.138114063000053, 0.0 ], [ 127.221732853000773, 0.13820976500012, 0.0 ], [ 127.221718590000776, 0.13826240200016, 0.0 ], [ 127.22171858600079, 0.138329395000046, 0.0 ], [ 127.221756606000895, 0.138396391000109, 0.0 ], [ 127.221789875000695, 0.138444246000062, 0.0 ], [ 127.221842156000946, 0.138492102000177, 0.0 ], [ 127.221956230000799, 0.13854474900008, 0.0 ], [ 127.2220417820009, 0.13860696300034, 0.0 ], [ 127.222094065000803, 0.138645249000058, 0.0 ], [ 127.222127332000738, 0.138717029000292, 0.0 ], [ 127.22208454600073, 0.138812730000125, 0.0 ], [ 127.222060775000756, 0.138879722000235, 0.0 ], [ 127.222032254000752, 0.138903645000037, 0.0 ], [ 127.221989469000732, 0.138989777000171, 0.0 ], [ 127.221951437000712, 0.139071123000076, 0.0 ], [ 127.22190390000074, 0.139142898000083, 0.0 ], [ 127.221832599000805, 0.139176388000376, 0.0 ], [ 127.221737533000862, 0.13920030800006, 0.0 ], [ 127.221689996000762, 0.139262512000077, 0.0 ], [ 127.221709001000875, 0.139367788000141, 0.0 ], [ 127.221730924420271, 0.139424554537116, 0.0 ], [ 127.221742267000792, 0.139453924000119, 0.0 ], [ 127.221751768000857, 0.139535274000041, 0.0 ], [ 127.221748733075685, 0.139564276775677, 0.0 ], [ 127.221742254000787, 0.139626193000024, 0.0 ], [ 127.221689963000884, 0.139712323000052, 0.0 ], [ 127.221657133419185, 0.139751376327524, 0.0 ], [ 127.221637673000743, 0.13977452600011, 0.0 ], [ 127.221649305578893, 0.139841896276242, 0.0 ], [ 127.221656677000823, 0.139884588000064, 0.0 ], [ 127.221656673000822, 0.139946796000121, 0.0 ], [ 127.221638869829476, 0.140022942726355, 0.0 ], [ 127.221637654000801, 0.140028143000065, 0.0 ], [ 127.221613882000725, 0.140095135000067, 0.0 ], [ 127.221580604000806, 0.140171696000286, 0.0 ], [ 127.221571092000772, 0.140243473000127, 0.0 ], [ 127.22156158200076, 0.140300896000133, 0.0 ], [ 127.221552070000754, 0.140372674000108, 0.0 ], [ 127.221542557000731, 0.14045880700007, 0.0 ], [ 127.221533046000985, 0.140506658000061, 0.0 ], [ 127.221514025000715, 0.14062628800009, 0.0 ], [ 127.221514020161067, 0.140686502831707, 0.0 ], [ 127.221514020000782, 0.140688496000042, 0.0 ], [ 127.221509261000733, 0.140769844000099, 0.0 ], [ 127.221514004000809, 0.140899045000172, 0.0 ], [ 127.221513996000809, 0.141009105000019, 0.0 ], [ 127.221442689000796, 0.141123946000063, 0.0 ], [ 127.221380896000738, 0.14114786700002, 0.0 ], [ 127.221328608000746, 0.141176574000086, 0.0 ], [ 127.221252553000895, 0.141224421000101, 0.0 ], [ 127.221246955698021, 0.141227089625935, 0.0 ], [ 127.221162239000861, 0.141267480000089, 0.0 ], [ 127.221119460000764, 0.141272262000046, 0.0 ], [ 127.221071927000736, 0.141281829000142, 0.0 ], [ 127.221014888000752, 0.141291395000119, 0.0 ], [ 127.2209435860008, 0.141344027000089, 0.0 ], [ 127.220900804000763, 0.141382306000156, 0.0 ], [ 127.220753450000856, 0.141449287000076, 0.0 ], [ 127.22070591600081, 0.141482781000204, 0.0 ], [ 127.220648875000762, 0.141497131000062, 0.0 ], [ 127.220568070000738, 0.141511481000332, 0.0 ], [ 127.220482512000828, 0.141516260000385, 0.0 ], [ 127.220396953000815, 0.141540179000348, 0.0 ], [ 127.220387441000781, 0.141611957000036, 0.0 ], [ 127.220444477000996, 0.141640672000388, 0.0 ], [ 127.22047299400073, 0.141674171000058, 0.0 ], [ 127.220492001000736, 0.141750736000323, 0.0 ], [ 127.220506255000757, 0.141817730000065, 0.0 ], [ 127.220506254000796, 0.141841656000249, 0.0 ], [ 127.22043020100098, 0.141860792000047, 0.0 ], [ 127.220368407000734, 0.141879928000086, 0.0 ], [ 127.220273335000812, 0.141980410000033, 0.0 ], [ 127.220216291000767, 0.142066540000039, 0.0 ], [ 127.220183016000902, 0.142104818000329, 0.0 ], [ 127.220154488000773, 0.142205306000028, 0.0 ], [ 127.22015448400083, 0.142272299000288, 0.0 ], [ 127.22016398100078, 0.142387145000047, 0.0 ], [ 127.220173482000774, 0.142463709000068, 0.0 ], [ 127.22017347600071, 0.14253548700004, 0.0 ], [ 127.220187732000795, 0.142588127000125, 0.0 ], [ 127.220263778000827, 0.142650340000099, 0.0 ], [ 127.220273352622286, 0.142651304683915, 0.0 ], [ 127.220358841000731, 0.142659918000052, 0.0 ], [ 127.220415873000846, 0.14275084200009, 0.0 ], [ 127.220415867000767, 0.142817835000207, 0.0 ], [ 127.220423413497883, 0.142905273147203, 0.0 ], [ 127.220425366000811, 0.142927896000069, 0.0 ], [ 127.220430115000838, 0.142970963000072, 0.0 ], [ 127.220349309000767, 0.14299488300002, 0.0 ], [ 127.220306530000727, 0.142994879000142, 0.0 ], [ 127.220263751000786, 0.142994876000382, 0.0 ], [ 127.220206712000746, 0.14301401200028, 0.0 ], [ 127.220149673000748, 0.143009222000164, 0.0 ], [ 127.220116401000752, 0.143009220000077, 0.0 ], [ 127.220021336000769, 0.143033139000087, 0.0 ], [ 127.219988059000826, 0.143080988000043, 0.0 ], [ 127.219964285000742, 0.143181476000069, 0.0 ], [ 127.219950022000788, 0.143229327000046, 0.0 ], [ 127.21993575900072, 0.143277178000395, 0.0 ], [ 127.2199072340008, 0.143344169000058, 0.0 ], [ 127.219883464000858, 0.14340159000009, 0.0 ], [ 127.219850186000897, 0.14347815000034, 0.0 ], [ 127.21982165700075, 0.143597779000096, 0.0 ], [ 127.219788376000821, 0.143707836000258, 0.0 ], [ 127.219774107000774, 0.143827466000069, 0.0 ], [ 127.219745583000801, 0.143894457000066, 0.0 ], [ 127.219707548000827, 0.144018870000097, 0.0 ], [ 127.219672053994884, 0.144048100677876, 0.0 ], [ 127.219667264321345, 0.144240499876927, 0.0 ], [ 127.219657862016447, 0.144839526535568, 0.0 ], [ 127.21962742791824, 0.14677841703775, 0.0 ], [ 127.215069723051116, 0.146737355823517, 0.0 ], [ 127.215064405338893, 0.149261043557849, 0.0 ], [ 127.2017747570262, 0.149259956913816, 0.0 ] ], [ [ 127.133295568001117, 0.128408371000208, 0.0 ], [ 127.1332290250011, 0.128437076000089, 0.0 ], [ 127.13321476900127, 0.128398795000058, 0.0 ], [ 127.133229035001108, 0.128293527000104, 0.0 ], [ 127.133262308001107, 0.128264819000061, 0.0 ], [ 127.133300332001113, 0.128264821000082, 0.0 ], [ 127.133314589001046, 0.128288748000244, 0.0 ], [ 127.133324091001086, 0.128331814000035, 0.0 ], [ 127.133295568001117, 0.128408371000208, 0.0 ] ], [ [ 127.127240114001182, 0.130910465000041, 0.0 ], [ 127.127297141001122, 0.131020524000074, 0.0 ], [ 127.127297136001062, 0.131082728000068, 0.0 ], [ 127.127278121000998, 0.131135362000102, 0.0 ], [ 127.127259106001148, 0.131173640000099, 0.0 ], [ 127.127225833001091, 0.131197563000127, 0.0 ], [ 127.127149785001052, 0.13121191100005, 0.0 ], [ 127.127068984001085, 0.131221476000054, 0.0 ], [ 127.127064237001036, 0.131149701000206, 0.0 ], [ 127.127064241001136, 0.13109228100008, 0.0 ], [ 127.127078505001151, 0.131025292000291, 0.0 ], [ 127.127097523001098, 0.130939164000123, 0.0 ], [ 127.127173572001084, 0.130915245000089, 0.0 ], [ 127.127240114001182, 0.130910465000041, 0.0 ] ], [ [ 127.128014842001107, 0.130948803000048, 0.0 ], [ 127.128100396001088, 0.130934454000097, 0.0 ], [ 127.128185950001125, 0.130939246000173, 0.0 ], [ 127.128266748001138, 0.130953607000041, 0.0 ], [ 127.128376062001038, 0.131015820000052, 0.0 ], [ 127.128371305001096, 0.131063670000069, 0.0 ], [ 127.128319018001122, 0.131135440000054, 0.0 ], [ 127.128257227001185, 0.131164146000085, 0.0 ], [ 127.128190685001044, 0.13118328000009, 0.0 ], [ 127.12809562400119, 0.13120241300008, 0.0 ], [ 127.128014821001102, 0.131235902000072, 0.0 ], [ 127.127948278001199, 0.131264606000386, 0.0 ], [ 127.127872227001035, 0.131307666000053, 0.0 ], [ 127.127843714001074, 0.131245459000112, 0.0 ], [ 127.127834213001051, 0.131173683000414, 0.0 ], [ 127.127796192001142, 0.131144970000031, 0.0 ], [ 127.127853233001119, 0.131073201000111, 0.0 ], [ 127.127891260001093, 0.13102535300029, 0.0 ], [ 127.127938793001135, 0.130972722000015, 0.0 ], [ 127.128014842001107, 0.130948803000048, 0.0 ] ], [ [ 127.106981840001239, 0.142835973000084, 0.0 ], [ 127.10698183500115, 0.142889804000041, 0.0 ], [ 127.106940242001173, 0.142949612000078, 0.0 ], [ 127.10689983699308, 0.142986893369149, 0.0 ], [ 127.106873269630967, 0.143011406854735, 0.0 ], [ 127.106868943001217, 0.14301539900005, 0.0 ], [ 127.106857056001189, 0.143075209000148, 0.0 ], [ 127.106845172001115, 0.143099133000044, 0.0 ], [ 127.106832393877937, 0.143113832865324, 0.0 ], [ 127.106803581001117, 0.143146979000214, 0.0 ], [ 127.10676198700115, 0.143212768000154, 0.0 ], [ 127.106756818416486, 0.143237040928319, 0.0 ], [ 127.106744157001316, 0.143296502000045, 0.0 ], [ 127.106708505001194, 0.143362292000047, 0.0 ], [ 127.10668473700116, 0.143398176000064, 0.0 ], [ 127.106660971001219, 0.143428081000178, 0.0 ], [ 127.106625321001189, 0.143469945000039, 0.0 ], [ 127.10658373000112, 0.143493866000063, 0.0 ], [ 127.106524316001213, 0.143535730000071, 0.0 ], [ 127.106453018001176, 0.143577591000405, 0.0 ], [ 127.106381723001249, 0.143607491000105, 0.0 ], [ 127.106292606001105, 0.143613465000289, 0.0 ], [ 127.106256954001154, 0.143679254000082, 0.0 ], [ 127.106274773001374, 0.143721124000077, 0.0 ], [ 127.106292594001133, 0.143751031000022, 0.0 ], [ 127.106298531001215, 0.143804863000198, 0.0 ], [ 127.106292587001263, 0.143846730000229, 0.0 ], [ 127.106227229001306, 0.143906535000185, 0.0 ], [ 127.106138106001225, 0.143978302000091, 0.0 ], [ 127.106013340001212, 0.144014178000032, 0.0 ], [ 127.105870755001234, 0.143990242000039, 0.0 ], [ 127.10580540400116, 0.143966311000055, 0.0 ], [ 127.105734115001127, 0.143924438000129, 0.0 ], [ 127.105692528001185, 0.143900510000035, 0.0 ], [ 127.105532122001222, 0.143858628000196, 0.0 ], [ 127.105466767001232, 0.143888528000071, 0.0 ], [ 127.105359826001276, 0.143900482000088, 0.0 ], [ 127.10521129800118, 0.143894488000084, 0.0 ], [ 127.105175656001151, 0.143846636000019, 0.0 ], [ 127.105151895001185, 0.143810748000193, 0.0 ], [ 127.10511625200111, 0.143762896000085, 0.0 ], [ 127.105104372001122, 0.143732989000417, 0.0 ], [ 127.105140024001201, 0.143667199000041, 0.0 ], [ 127.105175674001146, 0.143631315000083, 0.0 ], [ 127.10525290800112, 0.143625341000257, 0.0 ], [ 127.105318261001202, 0.143619365000049, 0.0 ], [ 127.10538361400117, 0.143619370000363, 0.0 ], [ 127.105448967001294, 0.143613395000157, 0.0 ], [ 127.105478673001343, 0.143595454000328, 0.0 ], [ 127.105413324001304, 0.143565542000057, 0.0 ], [ 127.105383457849413, 0.143544062013138, 0.0 ], [ 127.105371738001125, 0.143535633000043, 0.0 ], [ 127.105312329001208, 0.14350572300009, 0.0 ], [ 127.105246979001151, 0.143487774000113, 0.0 ], [ 127.105157863001139, 0.143469823000043, 0.0 ], [ 127.105086572001269, 0.14344589300003, 0.0 ], [ 127.104991517001139, 0.14341597900013, 0.0 ], [ 127.104943990001317, 0.143386069000079, 0.0 ], [ 127.104936986741222, 0.14338410994469, 0.0 ], [ 127.104837053001191, 0.143356155000105, 0.0 ], [ 127.104783585001186, 0.143326244000021, 0.0 ], [ 127.104724177001231, 0.143284372000026, 0.0 ], [ 127.10471457569912, 0.143275308491711, 0.0 ], [ 127.104629127001274, 0.14319464600005, 0.0 ], [ 127.104611309001214, 0.143134833000073, 0.0 ], [ 127.104611311001193, 0.143098947000067, 0.0 ], [ 127.104623198001121, 0.143045118000276, 0.0 ], [ 127.104629144001208, 0.14299128800007, 0.0 ], [ 127.104646973001323, 0.142919516000057, 0.0 ], [ 127.104658860001308, 0.142859706000044, 0.0 ], [ 127.104664807001143, 0.142793913000067, 0.0 ], [ 127.104682636001144, 0.142710179000078, 0.0 ], [ 127.104759880001183, 0.142596544000091, 0.0 ], [ 127.104777707001134, 0.142560659000014, 0.0 ], [ 127.104884654001225, 0.142476932000093, 0.0 ], [ 127.105074772001302, 0.142435079000091, 0.0 ], [ 127.105223303001267, 0.142411167000211, 0.0 ], [ 127.10530647800131, 0.142417155000378, 0.0 ], [ 127.105389651001275, 0.142441086000155, 0.0 ], [ 127.105423739417745, 0.1424754096786, 0.0 ], [ 127.105431236001209, 0.142482958000135, 0.0 ], [ 127.105466878001195, 0.14254277200012, 0.0 ], [ 127.105484697001188, 0.142596604000075, 0.0 ], [ 127.105502516001209, 0.142650436000084, 0.0 ], [ 127.105555983001153, 0.142686327000048, 0.0 ], [ 127.105639341637925, 0.142663955917492, 0.0 ], [ 127.105645102001134, 0.142662410000137, 0.0 ], [ 127.105710455001287, 0.142638490000311, 0.0 ], [ 127.105775809001301, 0.142626534000057, 0.0 ], [ 127.105829281001164, 0.142602614000084, 0.0 ], [ 127.105864929001186, 0.142578692000037, 0.0 ], [ 127.105912461001225, 0.142548790000069, 0.0 ], [ 127.105936023382213, 0.142532978193815, 0.0 ], [ 127.105948109001289, 0.142524868000079, 0.0 ], [ 127.10604317200125, 0.142471047000394, 0.0 ], [ 127.106090707001115, 0.142405257000085, 0.0 ], [ 127.106132298001128, 0.142363393000236, 0.0 ], [ 127.106156064001183, 0.142339470000017, 0.0 ], [ 127.106167949001332, 0.14231554700008, 0.0 ], [ 127.106209538001153, 0.142291625000102, 0.0 ], [ 127.106245186001118, 0.142273685000012, 0.0 ], [ 127.106310541001179, 0.1422497670003, 0.0 ], [ 127.106381835001301, 0.142237810000057, 0.0 ], [ 127.106423425001267, 0.142201926000087, 0.0 ], [ 127.106465014001131, 0.142201930000097, 0.0 ], [ 127.106506598001133, 0.142243801000139, 0.0 ], [ 127.106548184001241, 0.142267730000229, 0.0 ], [ 127.106595711001248, 0.14228567600003, 0.0 ], [ 127.106649180001185, 0.142303624000048, 0.0 ], [ 127.106708591001123, 0.142303630000126, 0.0 ], [ 127.106750181001146, 0.142279709000053, 0.0 ], [ 127.106779889001203, 0.142255786000246, 0.0 ], [ 127.106815539001204, 0.142213921000174, 0.0 ], [ 127.106880895001183, 0.142160096000115, 0.0 ], [ 127.106964072001276, 0.142154122000074, 0.0 ], [ 127.107053187001156, 0.142172072000355, 0.0 ], [ 127.107088831001249, 0.142207962000209, 0.0 ], [ 127.107136357001167, 0.142249834000056, 0.0 ], [ 127.107121458746875, 0.142304811058079, 0.0 ], [ 127.107118528001266, 0.142315626000158, 0.0 ], [ 127.107083997536833, 0.142337743545834, 0.0 ], [ 127.107053172001173, 0.142357488000074, 0.0 ], [ 127.107017523001275, 0.142387391000229, 0.0 ], [ 127.106975930001241, 0.142447199000189, 0.0 ], [ 127.106946221001138, 0.142489064000153, 0.0 ], [ 127.10694621700128, 0.142536914000057, 0.0 ], [ 127.106952153001203, 0.142596726000045, 0.0 ], [ 127.106975915001215, 0.142638596000086, 0.0 ], [ 127.106978283830273, 0.142667243062942, 0.0 ], [ 127.106981850001105, 0.142710370000373, 0.0 ], [ 127.106981844001254, 0.142776162000157, 0.0 ], [ 127.106981840001239, 0.142835973000084, 0.0 ] ], [ [ 127.099161772001381, 0.143829685000085, 0.0 ], [ 127.099133392974466, 0.143934405984215, 0.0 ], [ 127.099126114001265, 0.143961266000027, 0.0 ], [ 127.099108287001158, 0.14400911400003, 0.0 ], [ 127.099095805824916, 0.144029214790575, 0.0 ], [ 127.09907857800124, 0.144056960000049, 0.0 ], [ 127.09904292800114, 0.144098825000072, 0.0 ], [ 127.099013219001293, 0.144128728000079, 0.0 ], [ 127.09891222000121, 0.144134701000072, 0.0 ], [ 127.09887063800133, 0.144068904000099, 0.0 ], [ 127.098787466001255, 0.1440330110003, 0.0 ], [ 127.0987458830013, 0.143985159000109, 0.0 ], [ 127.09873400300124, 0.143943290000032, 0.0 ], [ 127.098734008001216, 0.143889460000293, 0.0 ], [ 127.098751836001142, 0.143829651000027, 0.0 ], [ 127.098769663001278, 0.143787783000074, 0.0 ], [ 127.09876966760568, 0.14373729630196, 0.0 ], [ 127.098769669001157, 0.143721992000058, 0.0 ], [ 127.098769673001229, 0.143668161000087, 0.0 ], [ 127.098775619001231, 0.143596389000043, 0.0 ], [ 127.0988112720012, 0.143530599000042, 0.0 ], [ 127.098823160001203, 0.143458827000227, 0.0 ], [ 127.098852870001394, 0.143399018000254, 0.0 ], [ 127.09888905592841, 0.143362595232221, 0.0 ], [ 127.098906345001183, 0.143345193000066, 0.0 ], [ 127.098965760001207, 0.143297349000014, 0.0 ], [ 127.099025171001244, 0.143291372000294, 0.0 ], [ 127.099072701001219, 0.143279414000426, 0.0 ], [ 127.099126173001167, 0.143249513000074, 0.0 ], [ 127.099173703001156, 0.14323755500005, 0.0 ], [ 127.099197467001218, 0.143243538000043, 0.0 ], [ 127.099185576001219, 0.143339235000053, 0.0 ], [ 127.099183299894463, 0.143350687339261, 0.0 ], [ 127.099173689001162, 0.14339904500005, 0.0 ], [ 127.099161799001209, 0.143500723000088, 0.0 ], [ 127.099161788001226, 0.14362632600006, 0.0 ], [ 127.099161785001229, 0.143674176000118, 0.0 ], [ 127.099161782001147, 0.14371006200012, 0.0 ], [ 127.099161780659912, 0.143726111797148, 0.0 ], [ 127.099161772001381, 0.143829685000085, 0.0 ] ], [ [ 127.10845523300118, 0.142907870000328, 0.0 ], [ 127.108508709001143, 0.142836100000079, 0.0 ], [ 127.1086394130012, 0.142836111000088, 0.0 ], [ 127.108663176001144, 0.142860037000073, 0.0 ], [ 127.108692880001129, 0.142883965000312, 0.0 ], [ 127.108692874001179, 0.142949757000066, 0.0 ], [ 127.1086809850012, 0.143033492000097, 0.0 ], [ 127.10867503900127, 0.143099285000155, 0.0 ], [ 127.108669095001247, 0.143141152000215, 0.0 ], [ 127.108686909001278, 0.143248814000047, 0.0 ], [ 127.108680963001277, 0.143302644000075, 0.0 ], [ 127.108651254001146, 0.143344510000304, 0.0 ], [ 127.108609663001133, 0.143386375000085, 0.0 ], [ 127.108550253001312, 0.143374407000076, 0.0 ], [ 127.10854431500124, 0.143338520000033, 0.0 ], [ 127.108490849001171, 0.143278704000073, 0.0 ], [ 127.108419558001216, 0.143248792000235, 0.0 ], [ 127.108366091001201, 0.143218882000052, 0.0 ], [ 127.108348270001173, 0.143182994000029, 0.0 ], [ 127.108330451001123, 0.143123181000052, 0.0 ], [ 127.10836016500113, 0.143027485000099, 0.0 ], [ 127.108383932001118, 0.14299160000012, 0.0 ], [ 127.108413640001174, 0.142967677000081, 0.0 ], [ 127.108437408001208, 0.142925812000107, 0.0 ], [ 127.10845523300118, 0.142907870000328, 0.0 ] ], [ [ 127.146436935001205, 0.107975279000078, 0.0 ], [ 127.146365643001019, 0.107922639000069, 0.0 ], [ 127.146194535001015, 0.107922628000039, 0.0 ], [ 127.146162256161944, 0.107922625855566, 0.0 ], [ 127.146104228000951, 0.107922622000039, 0.0 ], [ 127.14604243900105, 0.107922619000032, 0.0 ], [ 127.145947381000994, 0.107898688000074, 0.0 ], [ 127.145885592001065, 0.107889115000146, 0.0 ], [ 127.145823803001136, 0.107898681000312, 0.0 ], [ 127.145766766001188, 0.107922602000047, 0.0 ], [ 127.145624175001089, 0.107941733000087, 0.0 ], [ 127.145514860001001, 0.107865167000076, 0.0 ], [ 127.145519616001053, 0.107817316000027, 0.0 ], [ 127.145524372001049, 0.107759896000049, 0.0 ], [ 127.145548141001001, 0.107688122000071, 0.0 ], [ 127.145581417000955, 0.107616349000139, 0.0 ], [ 127.145605185001017, 0.107558930000048, 0.0 ], [ 127.145608083348918, 0.107556336602348, 0.0 ], [ 127.145647964001029, 0.107520652000109, 0.0 ], [ 127.145728767000975, 0.107511088000041, 0.0 ], [ 127.145776297001049, 0.107501520000106, 0.0 ], [ 127.145776299001113, 0.10745367000004, 0.0 ], [ 127.145728773001025, 0.107401032000093, 0.0 ], [ 127.145666990001118, 0.107314898000013, 0.0 ], [ 127.145576685000989, 0.107262257000199, 0.0 ], [ 127.145551149046383, 0.10725261461359, 0.0 ], [ 127.145500639000986, 0.107233542000096, 0.0 ], [ 127.14542459100106, 0.107233538000086, 0.0 ], [ 127.145334282000988, 0.107271813000075, 0.0 ], [ 127.145286752000999, 0.107276594000174, 0.0 ], [ 127.145205954001014, 0.107223954000073, 0.0 ], [ 127.145201204000998, 0.107171319000039, 0.0 ], [ 127.14521546500103, 0.107133039000119, 0.0 ], [ 127.14526299700097, 0.107104333000404, 0.0 ], [ 127.145324787001016, 0.107094766000109, 0.0 ], [ 127.145372317000948, 0.107094770000257, 0.0 ], [ 127.145424601001068, 0.107080417000028, 0.0 ], [ 127.145457874000982, 0.107037354000095, 0.0 ], [ 127.14550065500103, 0.106975152000117, 0.0 ], [ 127.145524424001053, 0.106908163000333, 0.0 ], [ 127.145567204001011, 0.106845959000042, 0.0 ], [ 127.145609985001016, 0.106788542000182, 0.0 ], [ 127.145771594001033, 0.106664142000111, 0.0 ], [ 127.145790608001164, 0.106640217000228, 0.0 ], [ 127.145852401001122, 0.106568446000048, 0.0 ], [ 127.145909439001187, 0.106539739000091, 0.0 ], [ 127.14597598500103, 0.106463183000239, 0.0 ], [ 127.146009259000991, 0.106420120000211, 0.0 ], [ 127.146052038001059, 0.106377057000067, 0.0 ], [ 127.146085312001134, 0.106333993000245, 0.0 ], [ 127.146137599001193, 0.106252652000054, 0.0 ], [ 127.146199393001027, 0.106180880000109, 0.0 ], [ 127.146251679001068, 0.106128247000261, 0.0 ], [ 127.146327730000991, 0.106066047000088, 0.0 ], [ 127.146407059332589, 0.105941832711998, 0.0 ], [ 127.146413293001018, 0.105932072000028, 0.0 ], [ 127.146513109000949, 0.10588422700006, 0.0 ], [ 127.146589159001095, 0.105845952000048, 0.0 ], [ 127.146660455001026, 0.105817246000091, 0.0 ], [ 127.146698480000993, 0.105812463000331, 0.0 ], [ 127.14675076600102, 0.105750261000039, 0.0 ], [ 127.146788793000979, 0.105711983000047, 0.0 ], [ 127.146836324001228, 0.10569284600014, 0.0 ], [ 127.146888608000978, 0.105678494000072, 0.0 ], [ 127.147064471000959, 0.105645009000065, 0.0 ], [ 127.147140520001045, 0.105630659000067, 0.0 ], [ 127.147202309001131, 0.1056115220001, 0.0 ], [ 127.147273607001054, 0.105582817, 0.0 ], [ 127.147340149001224, 0.105563680000095, 0.0 ], [ 127.147387681001007, 0.105534973000048, 0.0 ], [ 127.147468481001084, 0.105558903000065, 0.0 ], [ 127.147506505000976, 0.105554120000022, 0.0 ], [ 127.147558790001099, 0.105534984000043, 0.0 ], [ 127.147601567000976, 0.105525416000045, 0.0 ], [ 127.147649096000947, 0.105544559000118, 0.0 ], [ 127.147663859728155, 0.105552563197229, 0.0 ], [ 127.147710883000997, 0.105578057000079, 0.0 ], [ 127.147772672001025, 0.10558284600006, 0.0 ], [ 127.147829708000955, 0.105582850000105, 0.0 ], [ 127.147891497001069, 0.105587639000136, 0.0 ], [ 127.148015069001033, 0.105683347000074, 0.0 ], [ 127.148091116000998, 0.105712061000028, 0.0 ], [ 127.148143397000993, 0.105740775000118, 0.0 ], [ 127.14819567500092, 0.105822124000172, 0.0 ], [ 127.148257460001091, 0.105889118000307, 0.0 ], [ 127.148300235001059, 0.10592740000042, 0.0 ], [ 127.148366776001055, 0.105941760000092, 0.0 ], [ 127.148414306001129, 0.105941762000051, 0.0 ], [ 127.148480850001121, 0.105913056000069, 0.0 ], [ 127.148590168000993, 0.105917847000103, 0.0 ], [ 127.148704238001002, 0.105956134000072, 0.0 ], [ 127.148794543000974, 0.105999205000058, 0.0 ], [ 127.14886584100104, 0.105956144000056, 0.0 ], [ 127.148904056104172, 0.105929216872499, 0.0 ], [ 127.14891337300098, 0.105922652000246, 0.0 ], [ 127.148960904001029, 0.105898730000076, 0.0 ], [ 127.149008435000979, 0.105893948000134, 0.0 ], [ 127.149079730000963, 0.105893952000056, 0.0 ], [ 127.149193803001225, 0.105870033000031, 0.0 ], [ 127.149260346001128, 0.105860467000097, 0.0 ], [ 127.14929361700095, 0.10585568400028, 0.0 ], [ 127.149322136000976, 0.105846116000086, 0.0 ], [ 127.149360161001098, 0.105831763000046, 0.0 ], [ 127.149412444001058, 0.105841337000142, 0.0 ], [ 127.149450464001006, 0.105889189000035, 0.0 ], [ 127.149445709000958, 0.105937039000082, 0.0 ], [ 127.149440953000976, 0.105984889000346, 0.0 ], [ 127.149445703001149, 0.106023170000165, 0.0 ], [ 127.149445701001071, 0.106075805000122, 0.0 ], [ 127.149407673000994, 0.106133223000046, 0.0 ], [ 127.149317362000986, 0.106204993000084, 0.0 ], [ 127.149250818001022, 0.106228914000073, 0.0 ], [ 127.14922229500101, 0.106324613000106, 0.0 ], [ 127.149223364152732, 0.106362365075885, 0.0 ], [ 127.149227038001044, 0.10649209000013, 0.0 ], [ 127.149179500000997, 0.106606928000091, 0.0 ], [ 127.149150978001032, 0.10669305700029, 0.0 ], [ 127.149131960001043, 0.106774400000139, 0.0 ], [ 127.149131957000975, 0.10684139100008, 0.0 ], [ 127.149112939000958, 0.106932306000084, 0.0 ], [ 127.149089170000948, 0.10700408000028, 0.0 ], [ 127.149065401001053, 0.107066283000122, 0.0 ], [ 127.14899409600099, 0.107228971000068, 0.0 ], [ 127.148965574000997, 0.10729117400014, 0.0 ], [ 127.148960817001083, 0.107367734000092, 0.0 ], [ 127.148965564000946, 0.107453865000067, 0.0 ], [ 127.148994076000946, 0.107549567000193, 0.0 ], [ 127.148994072001017, 0.107630913000053, 0.0 ], [ 127.148956043001093, 0.107707471000021, 0.0 ], [ 127.148932271001001, 0.107836665000074, 0.0 ], [ 127.14893226600114, 0.107903656000237, 0.0 ], [ 127.14893226200094, 0.107965862000137, 0.0 ], [ 127.148913245000955, 0.108051991000043, 0.0 ], [ 127.148960771001001, 0.10812376900029, 0.0 ], [ 127.14893224800096, 0.108209898000016, 0.0 ], [ 127.14890372500102, 0.108286457000041, 0.0 ], [ 127.148894211001036, 0.10841086700007, 0.0 ], [ 127.148894207001092, 0.108492213000326, 0.0 ], [ 127.148799135001042, 0.108678823000268, 0.0 ], [ 127.148718332001081, 0.108717098000326, 0.0 ], [ 127.148637526000954, 0.108798439000362, 0.0 ], [ 127.148608998001038, 0.108956343000142, 0.0 ], [ 127.148584902368256, 0.109061430067007, 0.0 ], [ 127.148580472001001, 0.109080752000133, 0.0 ], [ 127.148523431001081, 0.109176449000117, 0.0 ], [ 127.148437872000983, 0.109253004000063, 0.0 ], [ 127.14833330300101, 0.109296063000101, 0.0 ], [ 127.148257255001027, 0.109300843000151, 0.0 ], [ 127.14816694700103, 0.109305622000085, 0.0 ], [ 127.148100405001074, 0.10931040300009, 0.0 ], [ 127.148000590000976, 0.109339108000151, 0.0 ], [ 127.147948304000963, 0.109382170000104, 0.0 ], [ 127.147867499001038, 0.109444370000188, 0.0 ], [ 127.147815215000989, 0.10946829200008, 0.0 ], [ 127.147739167000992, 0.109468287000109, 0.0 ], [ 127.147629849001007, 0.109439570000117, 0.0 ], [ 127.147568064001035, 0.109377361000053, 0.0 ], [ 127.147549057001044, 0.109296014000358, 0.0 ], [ 127.147520545000958, 0.109190742000083, 0.0 ], [ 127.147512009913726, 0.109139163793072, 0.0 ], [ 127.147506292001196, 0.109104610000049, 0.0 ], [ 127.147492037000987, 0.109042404000034, 0.0 ], [ 127.147477783001065, 0.108965843000031, 0.0 ], [ 127.147463527001136, 0.10889406700007, 0.0 ], [ 127.14742550900101, 0.108793579000362, 0.0 ], [ 127.147354221001052, 0.108688303000059, 0.0 ], [ 127.147282930001126, 0.108626094000045, 0.0 ], [ 127.147235404001037, 0.108568671000196, 0.0 ], [ 127.147168866000968, 0.10848732100037, 0.0 ], [ 127.147111833000992, 0.108434682000052, 0.0 ], [ 127.147073813000958, 0.108382045000035, 0.0 ], [ 127.14703579000097, 0.10836290300007, 0.0 ], [ 127.146912212001183, 0.108353325000127, 0.0 ], [ 127.14681715300101, 0.108334178000136, 0.0 ], [ 127.146769627000992, 0.108271970000063, 0.0 ], [ 127.146760128001034, 0.108157130000179, 0.0 ], [ 127.146703094000983, 0.108123631000098, 0.0 ], [ 127.146608037001045, 0.108090129000084, 0.0 ], [ 127.146536744001025, 0.108047060000363, 0.0 ], [ 127.146479710001074, 0.10800399100008, 0.0 ], [ 127.146436935001205, 0.107975279000078, 0.0 ] ], [ [ 127.144331449001143, 0.106453513000117, 0.0 ], [ 127.144355210001009, 0.106520505000036, 0.0 ], [ 127.144416989001073, 0.106683199000016, 0.0 ], [ 127.144435997001111, 0.106750191000281, 0.0 ], [ 127.144464512000951, 0.106788472000117, 0.0 ], [ 127.144497780000989, 0.106845895000179, 0.0 ], [ 127.144545308001057, 0.106884178000063, 0.0 ], [ 127.144573824001057, 0.106917675000303, 0.0 ], [ 127.144569067000958, 0.106989450000243, 0.0 ], [ 127.144569065001008, 0.107018160000099, 0.0 ], [ 127.144607086001031, 0.107051657000035, 0.0 ], [ 127.144692636001025, 0.107123438000245, 0.0 ], [ 127.144740163001131, 0.10718086100008, 0.0 ], [ 127.144768677001139, 0.107247853000064, 0.0 ], [ 127.144787685001148, 0.107319630000081, 0.0 ], [ 127.144768669001053, 0.10737226300012, 0.0 ], [ 127.144706881001014, 0.107377045000046, 0.0 ], [ 127.144664103001048, 0.107377042000343, 0.0 ], [ 127.144578549000954, 0.107381821000034, 0.0 ], [ 127.144578553001054, 0.107319616000111, 0.0 ], [ 127.144516767000994, 0.107271762000036, 0.0 ], [ 127.144440721001089, 0.107238263000082, 0.0 ], [ 127.14437418000125, 0.107223904000285, 0.0 ], [ 127.14433140300109, 0.107223901000383, 0.0 ], [ 127.144255355001107, 0.107219112000261, 0.0 ], [ 127.144193567001196, 0.107195182000426, 0.0 ], [ 127.144131781001079, 0.107147329000049, 0.0 ], [ 127.144065244001055, 0.107080334000051, 0.0 ], [ 127.14400821100098, 0.107032481000032, 0.0 ], [ 127.14397969500105, 0.106998984000052, 0.0 ], [ 127.143955931001017, 0.106965487000131, 0.0 ], [ 127.143908405001, 0.106922419000283, 0.0 ], [ 127.143856125001022, 0.106869781000329, 0.0 ], [ 127.143765822001029, 0.106798, 0.0 ], [ 127.143708790001114, 0.106731006000096, 0.0 ], [ 127.143675524001154, 0.106659229000083, 0.0 ], [ 127.143699293001021, 0.106597025000107, 0.0 ], [ 127.143737318001072, 0.106568317000071, 0.0 ], [ 127.143841890001212, 0.106458269000071, 0.0 ], [ 127.143898929001097, 0.106415207000058, 0.0 ], [ 127.143913190001001, 0.106381712000036, 0.0 ], [ 127.143946463001058, 0.106343435000032, 0.0 ], [ 127.143984489001056, 0.106300371000044, 0.0 ], [ 127.144027266001089, 0.106295589000074, 0.0 ], [ 127.144098560001026, 0.106314734000097, 0.0 ], [ 127.144184113000989, 0.106343449000189, 0.0 ], [ 127.144245900001195, 0.106376948000041, 0.0 ], [ 127.144293428001092, 0.106410446000123, 0.0 ], [ 127.144331449001143, 0.106453513000117, 0.0 ] ], [ [ 127.145282046001043, 0.106477496, 0.0 ], [ 127.145348589000974, 0.106467929000257, 0.0 ], [ 127.145400870001055, 0.106506214000058, 0.0 ], [ 127.145419879001054, 0.106554065000313, 0.0 ], [ 127.145424628001081, 0.106630625000084, 0.0 ], [ 127.14542462200113, 0.106716756000073, 0.0 ], [ 127.145419866001134, 0.106774176000072, 0.0 ], [ 127.145396097001054, 0.106836379000142, 0.0 ], [ 127.145291530000975, 0.106860298000101, 0.0 ], [ 127.145220235000991, 0.106850724000023, 0.0 ], [ 127.145144189000945, 0.106817224000057, 0.0 ], [ 127.145120426001043, 0.106798082000102, 0.0 ], [ 127.145096665001034, 0.106731091000051, 0.0 ], [ 127.145087161001044, 0.106692810000081, 0.0 ], [ 127.145091917000997, 0.106630605000018, 0.0 ], [ 127.145129945000946, 0.106577972000231, 0.0 ], [ 127.145172724001014, 0.10653490900006, 0.0 ], [ 127.145220256001025, 0.106510987000089, 0.0 ], [ 127.145248775000965, 0.106491849000304, 0.0 ], [ 127.145282046001043, 0.106477496, 0.0 ] ], [ [ 127.212285490006565, 0.027007792382263, 0.0 ], [ 127.212279636571381, 0.020922207388648, 0.0 ], [ 127.224510789366192, 0.020934815755566, 0.0 ], [ 127.224465789483688, 0.022581380223532, 0.0 ], [ 127.224503029000743, 0.022540142000054, 0.0 ], [ 127.224550561000839, 0.022497076000385, 0.0 ], [ 127.224621860000894, 0.022473151000046, 0.0 ], [ 127.224688405000805, 0.022458796000032, 0.0 ], [ 127.224764682777092, 0.022466880250843, 0.0 ], [ 127.224869026000775, 0.022477939000055, 0.0 ], [ 127.224987856000794, 0.022497082000039, 0.0 ], [ 127.225044895000806, 0.022501867000115, 0.0 ], [ 127.225101933000744, 0.022473156000152, 0.0 ], [ 127.225120947000789, 0.022425304000362, 0.0 ], [ 127.225149466000858, 0.022372667000106, 0.0 ], [ 127.225196999000843, 0.022348741000173, 0.0 ], [ 127.225235024000781, 0.022334386000208, 0.0 ], [ 127.225249283000764, 0.022324816000171, 0.0 ], [ 127.225258790000908, 0.022305675000043, 0.0 ], [ 127.225273051000769, 0.022253038000195, 0.0 ], [ 127.225306324000798, 0.022205186000128, 0.0 ], [ 127.225344350000896, 0.022176475000066, 0.0 ], [ 127.225387129000865, 0.022138194000045, 0.0 ], [ 127.225415648000805, 0.02210469700003, 0.0 ], [ 127.225463181000706, 0.022066416000055, 0.0 ], [ 127.225505960000774, 0.022037705000121, 0.0 ], [ 127.22554874639232, 0.022011861058227, 0.0 ], [ 127.225553493000731, 0.022008994000175, 0.0 ], [ 127.225596272000772, 0.021970713000105, 0.0 ], [ 127.225639051000712, 0.021922861000134, 0.0 ], [ 127.225681830000781, 0.021889365000148, 0.0 ], [ 127.225719856000765, 0.021865439000051, 0.0 ], [ 127.225800661000818, 0.021808017000094, 0.0 ], [ 127.225867207000775, 0.02177930700015, 0.0 ], [ 127.225976531000697, 0.02173145500005, 0.0 ], [ 127.226062089000806, 0.021717100000055, 0.0 ], [ 127.226142893000784, 0.021717101000054, 0.0 ], [ 127.226223697000719, 0.021721888000045, 0.0 ], [ 127.226292899548412, 0.021734182834359, 0.0 ], [ 127.226304501000882, 0.021736244000151, 0.0 ], [ 127.22637104600075, 0.021769742000237, 0.0 ], [ 127.226423330000799, 0.021822380000084, 0.0 ], [ 127.226461356000755, 0.021865448000073, 0.0 ], [ 127.226499382000895, 0.0218845890001, 0.0 ], [ 127.226509596696189, 0.02189898641004, 0.0 ], [ 127.226546913000817, 0.021951583000032, 0.0 ], [ 127.226608703000778, 0.021999436000073, 0.0 ], [ 127.226670495000704, 0.022037719000037, 0.0 ], [ 127.226760805000694, 0.022138210000033, 0.0 ], [ 127.226808336000772, 0.022171707000035, 0.0 ], [ 127.226860620000721, 0.022238701000079, 0.0 ], [ 127.226912905000759, 0.022286554000056, 0.0 ], [ 127.227003216000767, 0.022339193000063, 0.0 ], [ 127.227107785000726, 0.02239183200006, 0.0 ], [ 127.227174330000707, 0.022425329000184, 0.0 ], [ 127.227307419000809, 0.022477968000126, 0.0 ], [ 127.227340691000791, 0.022492325000075, 0.0 ], [ 127.227426249000715, 0.022497111000097, 0.0 ], [ 127.22749754700078, 0.022501897000085, 0.0 ], [ 127.22756051113727, 0.022527252918681, 0.0 ], [ 127.227568845000761, 0.022530609000056, 0.0 ], [ 127.227630636000754, 0.022549751000061, 0.0 ], [ 127.227716194000777, 0.022578464000254, 0.0 ], [ 127.227806504000824, 0.022621532000163, 0.0 ], [ 127.227873048000916, 0.022650244000037, 0.0 ], [ 127.227953852000724, 0.022702883000034, 0.0 ], [ 127.228015643000745, 0.022755522000051, 0.0 ], [ 127.22805366900073, 0.02279380400009, 0.0 ], [ 127.22809169400081, 0.02283687200005, 0.0 ], [ 127.22814397800073, 0.022879939000063, 0.0 ], [ 127.228172497000756, 0.022903866000092, 0.0 ], [ 127.228201016000867, 0.022946933000142, 0.0 ], [ 127.228256337707478, 0.02300590521015, 0.0 ], [ 127.228281820000788, 0.023033069000063, 0.0 ], [ 127.228300832000755, 0.023076136000307, 0.0 ], [ 127.228319844000808, 0.023162271000055, 0.0 ], [ 127.228319843000662, 0.023238834000053, 0.0 ], [ 127.228319842000701, 0.023310613000035, 0.0 ], [ 127.228334100000893, 0.023411103000067, 0.0 ], [ 127.228362619000933, 0.023492453000149, 0.0 ], [ 127.228410150000755, 0.023597729000361, 0.0 ], [ 127.228457680000716, 0.023688649000192, 0.0 ], [ 127.228505211000737, 0.023731717000221, 0.0 ], [ 127.228552743000705, 0.02378914000021, 0.0 ], [ 127.228600274000755, 0.023870490000041, 0.0 ], [ 127.228614532000734, 0.023961410000187, 0.0 ], [ 127.228681076000726, 0.024104968000159, 0.0 ], [ 127.228723854000677, 0.024143251000089, 0.0 ], [ 127.228776139000772, 0.024181533000203, 0.0 ], [ 127.228961514000801, 0.02418632100008, 0.0 ], [ 127.229037565000837, 0.024186322000045, 0.0 ], [ 127.229123123000818, 0.024167182000106, 0.0 ], [ 127.22918016300072, 0.024152827000034, 0.0 ], [ 127.229246707000868, 0.02415761300012, 0.0 ], [ 127.229316139314449, 0.024011992620569, 0.0 ], [ 127.229417827000745, 0.023798723000024, 0.0 ], [ 127.229451099000755, 0.023817864000043, 0.0 ], [ 127.229363176776985, 0.024053893687631, 0.0 ], [ 127.229322758000777, 0.02416239900003, 0.0 ], [ 127.229394055000739, 0.024219824000065, 0.0 ], [ 127.229484366000747, 0.024262891000057, 0.0 ], [ 127.22948862582038, 0.024264320599014, 0.0 ], [ 127.229569923000909, 0.024291604000098, 0.0 ], [ 127.229669740000816, 0.024353814000208, 0.0 ], [ 127.229760050000777, 0.02447823100003, 0.0 ], [ 127.229788568000785, 0.024550011000105, 0.0 ], [ 127.229855112000806, 0.024621790000062, 0.0 ], [ 127.229902644000717, 0.024683999000117, 0.0 ], [ 127.229940668000893, 0.024736637000027, 0.0 ], [ 127.229973940000818, 0.024798846000077, 0.0 ], [ 127.230016717000723, 0.024904122000088, 0.0 ], [ 127.230054742000775, 0.025028539000284, 0.0 ], [ 127.230083259000708, 0.025133815000143, 0.0 ], [ 127.230092294782438, 0.025168382204621, 0.0 ], [ 127.230107025000748, 0.025224734000314, 0.0 ], [ 127.230140296000755, 0.02532044000017, 0.0 ], [ 127.230145047000747, 0.025430501000117, 0.0 ], [ 127.230140293000858, 0.025521421000065, 0.0 ], [ 127.230126032000726, 0.025593199000142, 0.0 ], [ 127.230107018000837, 0.025698474000077, 0.0 ], [ 127.230092757000776, 0.025794179000083, 0.0 ], [ 127.230088002000784, 0.025880313000081, 0.0 ], [ 127.230092754000822, 0.02602387100013, 0.0 ], [ 127.230092752000743, 0.02611957600006, 0.0 ], [ 127.230078492000743, 0.026191354000072, 0.0 ], [ 127.230059478000754, 0.02625834800005, 0.0 ], [ 127.23002620400085, 0.026330125000084, 0.0 ], [ 127.230002438000739, 0.026387548000073, 0.0 ], [ 127.22998342300086, 0.026483253000057, 0.0 ], [ 127.229973916000759, 0.026550246000113, 0.0 ], [ 127.229967885405728, 0.02656603054482, 0.0 ], [ 127.229950149000743, 0.026612454000092, 0.0 ], [ 127.22991687500074, 0.026712943000046, 0.0 ], [ 127.229871302716361, 0.026944736657529, 0.0 ], [ 127.22982655700082, 0.027172326000085, 0.0 ], [ 127.229760010000717, 0.027339808000044, 0.0 ], [ 127.229679204000803, 0.027488150000059, 0.0 ], [ 127.229593643000726, 0.027622135000075, 0.0 ], [ 127.229512837000684, 0.027751336000424, 0.0 ], [ 127.229313197000664, 0.028095870000077, 0.0 ], [ 127.229256157000663, 0.028191574000107, 0.0 ], [ 127.229199117000732, 0.02829684900009, 0.0 ], [ 127.22916109000073, 0.028392554000055, 0.0 ], [ 127.229151581000806, 0.028493043000035, 0.0 ], [ 127.229165840000832, 0.028564823000182, 0.0 ], [ 127.229189605000784, 0.028636601000078, 0.0 ], [ 127.229227628000899, 0.028851938000348, 0.0 ], [ 127.229227626000764, 0.028961998000066, 0.0 ], [ 127.229227624000799, 0.029086415000197, 0.0 ], [ 127.229227622000877, 0.029186905000067, 0.0 ], [ 127.229236033743661, 0.029227839271982, 0.0 ], [ 127.229256139000782, 0.029325678000305, 0.0 ], [ 127.229251385000836, 0.02939745600003, 0.0 ], [ 127.229256004548148, 0.029439318668972, 0.0 ], [ 127.229260890000774, 0.029483591000032, 0.0 ], [ 127.229256135000682, 0.029560155000112, 0.0 ], [ 127.229218109000755, 0.029622362000058, 0.0 ], [ 127.229099278000731, 0.029722851000059, 0.0 ], [ 127.229023225000859, 0.029823339000088, 0.0 ], [ 127.228985197000739, 0.029919043000118, 0.0 ], [ 127.228947170000808, 0.030000393000044, 0.0 ], [ 127.228913897000794, 0.030053029000035, 0.0 ], [ 127.228861610000763, 0.030139163000076, 0.0 ], [ 127.228828336000817, 0.030230082000047, 0.0 ], [ 127.228790309000857, 0.030292290000074, 0.0 ], [ 127.228776049000786, 0.03036406800009, 0.0 ], [ 127.228771294000708, 0.030435847000125, 0.0 ], [ 127.22877129300079, 0.030493270000032, 0.0 ], [ 127.228780797000681, 0.03067510900019, 0.0 ], [ 127.228738016000889, 0.030761242000074, 0.0 ], [ 127.228661964000707, 0.030809093000089, 0.0 ], [ 127.22861918400082, 0.030852160000112, 0.0 ], [ 127.228614431000793, 0.030909583000024, 0.0 ], [ 127.228614430000832, 0.030962221000116, 0.0 ], [ 127.22864770100081, 0.031024430000272, 0.0 ], [ 127.228666713000806, 0.031091423000041, 0.0 ], [ 127.228666712950641, 0.031094433569941, 0.0 ], [ 127.228666712000745, 0.031167987000195, 0.0 ], [ 127.228590660000719, 0.031211053000299, 0.0 ], [ 127.228538374000806, 0.031239764000031, 0.0 ], [ 127.228509908683179, 0.031292300077409, 0.0 ], [ 127.228509854000777, 0.031292401000156, 0.0 ], [ 127.228500346000715, 0.031354609000075, 0.0 ], [ 127.228505098000724, 0.03140724600007, 0.0 ], [ 127.22850034400075, 0.031459884000056, 0.0 ], [ 127.228438552000711, 0.031488594000073, 0.0 ], [ 127.228400526000797, 0.031498164000029, 0.0 ], [ 127.228391018000721, 0.031565157000172, 0.0 ], [ 127.228362498000706, 0.031641721000075, 0.0 ], [ 127.22833397800072, 0.031675217000136, 0.0 ], [ 127.228257927000755, 0.031703927000041, 0.0 ], [ 127.228200887000753, 0.031723067000238, 0.0 ], [ 127.228238912000748, 0.031799632000333, 0.0 ], [ 127.228295949000795, 0.031857055000065, 0.0 ], [ 127.228338727000747, 0.03191926400021, 0.0 ], [ 127.228362493000773, 0.031976688000064, 0.0 ], [ 127.228371997000806, 0.032072393000264, 0.0 ], [ 127.228329217000677, 0.032172882000069, 0.0 ], [ 127.228281683000787, 0.032254230000361, 0.0 ], [ 127.228248409000798, 0.032306868000181, 0.0 ], [ 127.228229396000785, 0.03235950500006, 0.0 ], [ 127.228229395000866, 0.032412142000071, 0.0 ], [ 127.228276927000806, 0.032421714000067, 0.0 ], [ 127.228329212000745, 0.032426500000311, 0.0 ], [ 127.228367237000739, 0.032450427000388, 0.0 ], [ 127.228391003000738, 0.032474354000048, 0.0 ], [ 127.228405262000734, 0.032507851000081, 0.0 ], [ 127.228395755000776, 0.032565273000076, 0.0 ], [ 127.228357728000788, 0.032593984000139, 0.0 ], [ 127.228310196000876, 0.03260355400005, 0.0 ], [ 127.22825315800084, 0.032574841000102, 0.0 ], [ 127.228224639000715, 0.032560485000085, 0.0 ], [ 127.228162848000693, 0.032560484000304, 0.0 ], [ 127.228129575000679, 0.032584409000034, 0.0 ], [ 127.228082042000779, 0.032646617000064, 0.0 ], [ 127.228062244977465, 0.032759540484722, 0.0 ], [ 127.22805351900081, 0.032809314000134, 0.0 ], [ 127.228039258000848, 0.032871522000355, 0.0 ], [ 127.228015492000779, 0.032914589000037, 0.0 ], [ 127.228039257000802, 0.032957657000271, 0.0 ], [ 127.228078476159482, 0.032981348075011, 0.0 ], [ 127.22808678800088, 0.032986369000055, 0.0 ], [ 127.228134320000748, 0.033005511000076, 0.0 ], [ 127.228167592000844, 0.033053364000076, 0.0 ], [ 127.228205617000739, 0.033091647000062, 0.0 ], [ 127.228210369000777, 0.033149069000044, 0.0 ], [ 127.228207178378312, 0.033210076666193, 0.0 ], [ 127.230086265764314, 0.033256790190544, 0.0 ], [ 127.230011523686485, 0.040037937558738, 0.0 ], [ 127.21229779202524, 0.039866229602093, 0.0 ], [ 127.212285490006565, 0.027007792382263, 0.0 ] ], [ [ 127.219524323222373, 0.004171362766571, 0.0 ], [ 127.233625494024395, 0.00413949305961, 0.0 ], [ 127.233640682593816, 0.012966654359591, 0.0 ], [ 127.233645656712241, 0.015860103733306, 0.0 ], [ 127.219492572337614, 0.015847297886411, 0.0 ], [ 127.219500586202514, 0.012901501751185, 0.0 ], [ 127.219524323222373, 0.004171362766571, 0.0 ] ], [ [ 127.168771158000908, -0.013042509999934, 0.0 ], [ 127.16832199400092, -0.013178880999919, 0.0 ], [ 127.168065328000893, -0.013286542999938, 0.0 ], [ 127.167730080089584, -0.013392425902672, 0.0 ], [ 127.167701720000935, -0.013401382999905, 0.0 ], [ 127.167224037000992, -0.013544931999908, 0.0 ], [ 127.166910335000907, -0.013688481999955, 0.0 ], [ 127.166646540000954, -0.013796143999943, 0.0 ], [ 127.166511078000966, -0.013896629999943, 0.0 ], [ 127.166340016262765, -0.014040138907824, 0.0 ], [ 127.166297189000915, -0.014076067999928, 0.0 ], [ 127.166047652001112, -0.014291394999934, 0.0 ], [ 127.165498672000908, -0.01470769199994, 0.0 ], [ 127.165199229000976, -0.014923017999859, 0.0 ], [ 127.165056636000941, -0.015059390999918, 0.0 ], [ 127.164892656000859, -0.015138343999967, 0.0 ], [ 127.164861448321759, -0.015145484116843, 0.0 ], [ 127.164849655688485, -0.014870338044851, 0.0 ], [ 127.164849669743617, -0.013058353126579, 0.0 ], [ 127.16004910412731, -0.013106168402201, 0.0 ], [ 127.1601084903958, -0.0163480480339, 0.0 ], [ 127.164897173507626, -0.016324166791496, 0.0 ], [ 127.164893704866202, -0.015957157014575, 0.0 ], [ 127.16489298879759, -0.015881392266871, 0.0 ], [ 127.164888837332995, -0.015784529135355, 0.0 ], [ 127.164906910000909, -0.015769973999959, 0.0 ], [ 127.164945845263873, -0.015726421713218, 0.0 ], [ 127.165035243000958, -0.015626422999964, 0.0 ], [ 127.165135057000938, -0.015561824999965, 0.0 ], [ 127.165334685000929, -0.015569004999956, 0.0 ], [ 127.165484406000942, -0.015612070999922, 0.0 ], [ 127.165612738000959, -0.015676670999862, 0.0 ], [ 127.165741068000983, -0.015784336999914, 0.0 ], [ 127.165808198731767, -0.015813301393437, 0.0 ], [ 127.165890789000954, -0.015848935999945, 0.0 ], [ 127.166076157000887, -0.015927891999953, 0.0 ], [ 127.166190230000993, -0.015963780999895, 0.0 ], [ 127.166304303001112, -0.015970958999935, 0.0 ], [ 127.166482542000935, -0.015956604999923, 0.0 ], [ 127.166639393000992, -0.01593507499991, 0.0 ], [ 127.166789114001062, -0.015920720999912, 0.0 ], [ 127.167003000000904, -0.015927899999917, 0.0 ], [ 127.167166980000943, -0.016006854999904, 0.0 ], [ 127.167309571000914, -0.016064277999896, 0.0 ], [ 127.167366607001, -0.016157586999938, 0.0 ], [ 127.167359476001138, -0.016258072999945, 0.0 ], [ 127.167452160000906, -0.01637291699994, 0.0 ], [ 127.167630399001013, -0.016430338999956, 0.0 ], [ 127.167765860000884, -0.016437517999911, 0.0 ], [ 127.167901323000905, -0.01638009799995, 0.0 ], [ 127.167994008000917, -0.016279611999904, 0.0 ], [ 127.168136600000892, -0.016215014999902, 0.0 ], [ 127.168250674000944, -0.016193482999898, 0.0 ], [ 127.168414655000973, -0.016164773999955, 0.0 ], [ 127.16857863400088, -0.016157597999916, 0.0 ], [ 127.168749745000881, -0.016157598999896, 0.0 ], [ 127.16884955900089, -0.016157599999828, 0.0 ], [ 127.168963631001006, -0.016193488999927, 0.0 ], [ 127.169013538000925, -0.016272443999929, 0.0 ], [ 127.169034925001156, -0.01643035199989, 0.0 ], [ 127.169148997001045, -0.016616970999938, 0.0 ], [ 127.169263069000934, -0.016717459999908, 0.0 ], [ 127.169391400000976, -0.016839480999979, 0.0 ], [ 127.169648064001009, -0.016990212999926, 0.0 ], [ 127.169747877000972, -0.017097877999957, 0.0 ], [ 127.169897596000908, -0.017291675999931, 0.0 ], [ 127.170061575001, -0.017514183999941, 0.0 ], [ 127.170289718000902, -0.017822823999921, 0.0 ], [ 127.170567770000972, -0.018045333999956, 0.0 ], [ 127.170658866601755, -0.018164019935935, 0.0 ], [ 127.170688972001074, -0.018203242999931, 0.0 ], [ 127.170867208000999, -0.018497527999919, 0.0 ], [ 127.171038315000899, -0.01874156899988, 0.0 ], [ 127.171125162869913, -0.018891458505805, 0.0 ], [ 127.171237940000964, -0.01908609899993, 0.0 ], [ 127.171451824000954, -0.01941627199993, 0.0 ], [ 127.171672840001023, -0.019610070999908, 0.0 ], [ 127.17173050555138, -0.019661160092179, 0.0 ], [ 127.171851077000895, -0.019767980999934, 0.0 ], [ 127.171972279000968, -0.019890001999931, 0.0 ], [ 127.172093480001081, -0.020126864999955, 0.0 ], [ 127.172250329000846, -0.020320663999951, 0.0 ], [ 127.172321623000869, -0.02042832899996, 0.0 ], [ 127.172499863000979, -0.020478574999963, 0.0 ], [ 127.17254460924579, -0.0205348864385, 0.0 ], [ 127.172579966332833, -0.020579381983444, 0.0 ], [ 127.172613934000935, -0.020622128999939, 0.0 ], [ 127.17271374800093, -0.020693905999905, 0.0 ], [ 127.172756525000935, -0.020794392999916, 0.0 ], [ 127.172813560000932, -0.020945124999925, 0.0 ], [ 127.172920503000981, -0.021009724999897, 0.0 ], [ 127.172967966353895, -0.021052199800438, 0.0 ], [ 127.173048834000923, -0.021124567999946, 0.0 ], [ 127.173127259000893, -0.021210700999937, 0.0 ], [ 127.173234201000838, -0.02132554399998, 0.0 ], [ 127.173391051000934, -0.021411678999925, 0.0 ], [ 127.173597808000906, -0.021504990999976, 0.0 ], [ 127.173747529000963, -0.021548057999924, 0.0 ], [ 127.173807192401611, -0.021562359968867, 0.0 ], [ 127.173806760700757, -0.021926793810548, 0.0 ], [ 127.17380947764066, -0.022237515644578, 0.0 ], [ 127.173816753042914, -0.023069594404555, 0.0 ], [ 127.189140481920177, -0.02306959440454, 0.0 ], [ 127.189171182209407, -0.017942646123736, 0.0 ], [ 127.18917127100093, -0.017835302999968, 0.0 ], [ 127.189242567000903, -0.017928613999925, 0.0 ], [ 127.189313863000848, -0.018000391999981, 0.0 ], [ 127.189456456000798, -0.017993215999982, 0.0 ], [ 127.18956340100091, -0.017942972999924, 0.0 ], [ 127.189713125000978, -0.017899907999889, 0.0 ], [ 127.189818979283544, -0.017883082464022, 0.0 ], [ 127.189848589000803, -0.01787837599991, 0.0 ], [ 127.189955534001015, -0.017856844999897, 0.0 ], [ 127.190045770338671, -0.017852064200667, 0.0 ], [ 127.190090998000883, -0.017849667999912, 0.0 ], [ 127.190205072000865, -0.017864024999924, 0.0 ], [ 127.190304887000806, -0.017885557999859, 0.0 ], [ 127.190440350000813, -0.017950158999931, 0.0 ], [ 127.190511646000928, -0.017993225999913, 0.0 ], [ 127.190611460000895, -0.018057826999958, 0.0 ], [ 127.190625065994908, -0.018067719848601, 0.0 ], [ 127.19073979400099, -0.018151137999932, 0.0 ], [ 127.190825349001045, -0.018244449999928, 0.0 ], [ 127.190903774000873, -0.018366471999975, 0.0 ], [ 127.190989329000899, -0.018495670999916, 0.0 ], [ 127.191039236000833, -0.018581804999929, 0.0 ], [ 127.191139049000896, -0.018768426999925, 0.0 ], [ 127.191170463844003, -0.018821138388444, 0.0 ], [ 127.191203215000911, -0.018876091999974, 0.0 ], [ 127.191210343000861, -0.018990935999931, 0.0 ], [ 127.191207414848904, -0.019007148643064, 0.0 ], [ 127.191181823000903, -0.019148845999923, 0.0 ], [ 127.191174692000928, -0.01923497899997, 0.0 ], [ 127.191167562000814, -0.019342643999934, 0.0 ], [ 127.191188949000889, -0.019471842999971, 0.0 ], [ 127.191253115000919, -0.019557975999897, 0.0 ], [ 127.191338670000945, -0.019622576999914, 0.0 ], [ 127.191452745000902, -0.019636932999951, 0.0 ], [ 127.191552561000918, -0.019572334999927, 0.0 ], [ 127.191613212651518, -0.019543601952872, 0.0 ], [ 127.191673767000921, -0.019514914999874, 0.0 ], [ 127.191773582000906, -0.01945749399994, 0.0 ], [ 127.191887657000848, -0.019421606999967, 0.0 ], [ 127.19200779210793, -0.01938705263101, 0.0 ], [ 127.192037381000901, -0.01937854199996, 0.0 ], [ 127.192165716000986, -0.019349832999968, 0.0 ], [ 127.192279791000828, -0.019242167999943, 0.0 ], [ 127.192322570000897, -0.019177568999926, 0.0 ], [ 127.192342393447817, -0.019105724926745, 0.0 ], [ 127.192358219000866, -0.01904836999993, 0.0 ], [ 127.192446460002429, -0.019017017343722, 0.0 ], [ 127.192479424000894, -0.019005304999968, 0.0 ], [ 127.192636278000805, -0.018911995999933, 0.0 ], [ 127.192693316000813, -0.018847397999876, 0.0 ], [ 127.192720457889749, -0.018810137948084, 0.0 ], [ 127.192771744000936, -0.018739732999903, 0.0 ], [ 127.192843041000913, -0.018667955999942, 0.0 ], [ 127.193078322000815, -0.018581824999955, 0.0 ], [ 127.193097348052888, -0.018581307513388, 0.0 ], [ 127.193116731563435, -0.01858078030438, 0.0 ], [ 127.193342120000807, -0.018574649999957, 0.0 ], [ 127.193513232000882, -0.018553118999866, 0.0 ], [ 127.193691474000801, -0.018567476999967, 0.0 ], [ 127.193834067000907, -0.018632077999934, 0.0 ], [ 127.19397665900091, -0.01872538899994, 0.0 ], [ 127.194055084000865, -0.018840233999932, 0.0 ], [ 127.194069343000791, -0.018947899999911, 0.0 ], [ 127.194083600000894, -0.019156053999934, 0.0 ], [ 127.194069339000876, -0.019270897999874, 0.0 ], [ 127.194005171000825, -0.019342673999929, 0.0 ], [ 127.193933874000891, -0.019421627999888, 0.0 ], [ 127.19381266700087, -0.019550826999908, 0.0 ], [ 127.193741369000861, -0.019701557999955, 0.0 ], [ 127.193741368000801, -0.019816401999902, 0.0 ], [ 127.193734238000815, -0.019909711999921, 0.0 ], [ 127.193712847000825, -0.019988666999904, 0.0 ], [ 127.19367719800087, -0.020081976999893, 0.0 ], [ 127.193670067000909, -0.020175286999891, 0.0 ], [ 127.193670067000895, -0.020225530999936, 0.0 ], [ 127.193627287000879, -0.020318841999911, 0.0 ], [ 127.19357737800091, -0.020491105999933, 0.0 ], [ 127.193555987000892, -0.02065619299992, 0.0 ], [ 127.193555986338794, -0.020751421530042, 0.0 ], [ 127.193555986000888, -0.020799747999949, 0.0 ], [ 127.193570243000863, -0.020979190999921, 0.0 ], [ 127.193627278000804, -0.02118016799991, 0.0 ], [ 127.193655795000836, -0.021302189999944, 0.0 ], [ 127.193634405000864, -0.021424210999913, 0.0 ], [ 127.193527458000844, -0.021582119999933, 0.0 ], [ 127.19344190100081, -0.02161082999993, 0.0 ], [ 127.193299307000942, -0.021668249999952, 0.0 ], [ 127.193213750000837, -0.021732847999938, 0.0 ], [ 127.193170971000868, -0.021797446999921, 0.0 ], [ 127.19319235900096, -0.0219481799999, 0.0 ], [ 127.193299303000899, -0.022005602999972, 0.0 ], [ 127.193363470000833, -0.02209173599989, 0.0 ], [ 127.193399117000808, -0.022192224999964, 0.0 ], [ 127.193434763000809, -0.022342956999978, 0.0 ], [ 127.19343476200082, -0.022443445999928, 0.0 ], [ 127.193320686000888, -0.022536754999968, 0.0 ], [ 127.193227999000939, -0.022565464999955, 0.0 ], [ 127.193220869000811, -0.022637241999918, 0.0 ], [ 127.193277906000887, -0.022665952999916, 0.0 ], [ 127.1933919810009, -0.022665954999984, 0.0 ], [ 127.193491797000888, -0.022579822999929, 0.0 ], [ 127.193605874000809, -0.022486513999975, 0.0 ], [ 127.193712820000883, -0.022393204999899, 0.0 ], [ 127.193805506000871, -0.02231425199994, 0.0 ], [ 127.193948101000842, -0.022264008999973, 0.0 ], [ 127.194069306000898, -0.022206588999946, 0.0 ], [ 127.194183381000812, -0.02214916899987, 0.0 ], [ 127.194283198000889, -0.022091747999876, 0.0 ], [ 127.194383014000906, -0.02204150499991, 0.0 ], [ 127.194475701000883, -0.021962550999914, 0.0 ], [ 127.194546998000845, -0.021897951999944, 0.0 ], [ 127.194618296000826, -0.021826174999952, 0.0 ], [ 127.194689594000764, -0.021747220999902, 0.0 ], [ 127.194753761000797, -0.021718510999958, 0.0 ], [ 127.194860706000881, -0.021732867999965, 0.0 ], [ 127.194989040001033, -0.02179029199991, 0.0 ], [ 127.19508172500079, -0.021811825999924, 0.0 ], [ 127.19508885600105, -0.021725692999913, 0.0 ], [ 127.195053209000903, -0.021567782999955, 0.0 ], [ 127.195038951000782, -0.021460115999961, 0.0 ], [ 127.195031823000804, -0.021366805999931, 0.0 ], [ 127.195060343000947, -0.021259139999904, 0.0 ], [ 127.195074603000847, -0.021180184999934, 0.0 ], [ 127.195046086000829, -0.021058162999958, 0.0 ], [ 127.195017568000807, -0.020921786999916, 0.0 ], [ 127.195038499939614, -0.020888071134961, 0.0 ], [ 127.195088867000976, -0.020806942999936, 0.0 ], [ 127.195195813000851, -0.020684922999984, 0.0 ], [ 127.195323234823334, -0.020640690011889, 0.0 ], [ 127.195402575000898, -0.020613147999916, 0.0 ], [ 127.195523780000812, -0.020605971999934, 0.0 ], [ 127.195666373000861, -0.020634683999908, 0.0 ], [ 127.195808966000854, -0.020649041999923, 0.0 ], [ 127.195937301000839, -0.020598798999955, 0.0 ], [ 127.196201100000835, -0.020534201999962, 0.0 ], [ 127.196407864000847, -0.020390649999975, 0.0 ], [ 127.196578977000854, -0.020282985999903, 0.0 ], [ 127.196700183000871, -0.02018249899994, 0.0 ], [ 127.196849907000924, -0.020117900999892, 0.0 ], [ 127.196992501000906, -0.020089191999956, 0.0 ], [ 127.197070927000794, -0.020089191999911, 0.0 ], [ 127.197070926000833, -0.020175324999947, 0.0 ], [ 127.197070926000876, -0.020261457999892, 0.0 ], [ 127.197135092000849, -0.020333235999931, 0.0 ], [ 127.197177869000797, -0.020405013999893, 0.0 ], [ 127.197213518000964, -0.020455258999955, 0.0 ], [ 127.197227775001011, -0.020548569999891, 0.0 ], [ 127.197327590000896, -0.020634702999911, 0.0 ], [ 127.197356469323367, -0.02065796280965, 0.0 ], [ 127.197434535000824, -0.020720837999934, 0.0 ], [ 127.197527220000893, -0.020785438999886, 0.0 ], [ 127.197612776000781, -0.020835683999954, 0.0 ], [ 127.197712591000808, -0.020900284999918, 0.0 ], [ 127.197819536000864, -0.020972062999929, 0.0 ], [ 127.197876572000794, -0.021072551999956, 0.0 ], [ 127.197883700000801, -0.021194572999934, 0.0 ], [ 127.19787941184039, -0.021203926480799, 0.0 ], [ 127.197840921000832, -0.021287883999898, 0.0 ], [ 127.197755364000798, -0.021388370999952, 0.0 ], [ 127.197712584000968, -0.021524747999883, 0.0 ], [ 127.197726842000833, -0.021639591999917, 0.0 ], [ 127.197731634760274, -0.021655676357787, 0.0 ], [ 127.197769618000819, -0.021783146999917, 0.0 ], [ 127.197833785000853, -0.021883636999969, 0.0 ], [ 127.197905510459677, -0.021951599922585, 0.0 ], [ 127.197954988000873, -0.021998481999962, 0.0 ], [ 127.198033413000957, -0.022070259999962, 0.0 ], [ 127.198111840000834, -0.022120505999951, 0.0 ], [ 127.198175290822064, -0.022141799160505, 0.0 ], [ 127.19824017400083, -0.022163572999946, 0.0 ], [ 127.198375638000783, -0.022177930999944, 0.0 ], [ 127.198482583001052, -0.022113332999899, 0.0 ], [ 127.198596661000778, -0.021991311999963, 0.0 ], [ 127.19867508800084, -0.021898001999929, 0.0 ], [ 127.198760646000892, -0.02182622599993, 0.0 ], [ 127.198846203000798, -0.02171138299995, 0.0 ], [ 127.198885822069954, -0.021627181444902, 0.0 ], [ 127.198910372000896, -0.021575005999967, 0.0 ], [ 127.198914192495593, -0.021563467803479, 0.0 ], [ 127.198953152000826, -0.021445806999957, 0.0 ], [ 127.198988801000937, -0.021352496999945, 0.0 ], [ 127.199038711000824, -0.021244830999877, 0.0 ], [ 127.199117139000762, -0.021108454999908, 0.0 ], [ 127.199159917000841, -0.021079743999969, 0.0 ], [ 127.199238342000811, -0.021187411999924, 0.0 ], [ 127.199288249000901, -0.021280722999941, 0.0 ], [ 127.199480748000795, -0.021531946999934, 0.0 ], [ 127.199496405965661, -0.02156347473906, 0.0 ], [ 127.199544914000839, -0.021661146999939, 0.0 ], [ 127.199594820000868, -0.02180470199994, 0.0 ], [ 127.199637597000887, -0.02192672499991, 0.0 ], [ 127.199708892000928, -0.022113346999959, 0.0 ], [ 127.199773057000769, -0.022256902999956, 0.0 ], [ 127.199800440958839, -0.022305149078669, 0.0 ], [ 127.199858612000824, -0.022407636999915, 0.0 ], [ 127.200001203000809, -0.022658859999961, 0.0 ], [ 127.200086758000865, -0.022788060999978, 0.0 ], [ 127.20012953400088, -0.022895726999938, 0.0 ], [ 127.200193700000881, -0.023024927999882, 0.0 ], [ 127.200229348000889, -0.023096705999937, 0.0 ], [ 127.20030777300083, -0.023218728999936, 0.0 ], [ 127.200309812884186, -0.023221167747005, 0.0 ], [ 127.200421846000836, -0.0233551069999, 0.0 ], [ 127.200500273001026, -0.023434062999908, 0.0 ], [ 127.2005573090008, -0.023513018999921, 0.0 ], [ 127.200849624000838, -0.023735533999957, 0.0 ], [ 127.200970828000862, -0.023879089999989, 0.0 ], [ 127.201084901000954, -0.023979579999884, 0.0 ], [ 127.201156197000827, -0.02410878199991, 0.0 ], [ 127.201224749326215, -0.024199592495954, 0.0 ], [ 127.201291659000816, -0.024288226999919, 0.0 ], [ 127.201419992000851, -0.024367183999915, 0.0 ], [ 127.201518221311233, -0.024382399124852, 0.0 ], [ 127.201605364000855, -0.02439589699998, 0.0 ], [ 127.201776477000834, -0.024388722999954, 0.0 ], [ 127.20189768200089, -0.024374367999878, 0.0 ], [ 127.20197462023711, -0.024430700950805, 0.0 ], [ 127.201976109000825, -0.024431790999898, 0.0 ], [ 127.202011756000815, -0.024496391999896, 0.0 ], [ 127.202068794000837, -0.024553814999906, 0.0 ], [ 127.202090184000866, -0.02446050399994, 0.0 ], [ 127.202107816195095, -0.024416127372845, 0.0 ], [ 127.202132963000821, -0.024352837999921, 0.0 ], [ 127.20219713100083, -0.024281060999952, 0.0 ], [ 127.202261301000931, -0.024130328999947, 0.0 ], [ 127.202296951000861, -0.024037018999932, 0.0 ], [ 127.202304871432517, -0.023973235678692, 0.0 ], [ 127.202311212000822, -0.023922174999926, 0.0 ], [ 127.20233973200078, -0.023807331999892, 0.0 ], [ 127.202403900000803, -0.023742731999909, 0.0 ], [ 127.202416223722921, -0.02372567315513, 0.0 ], [ 127.202460939000815, -0.023663776999972, 0.0 ], [ 127.20251084800087, -0.023577644999936, 0.0 ], [ 127.20253223900086, -0.023448444999926, 0.0 ], [ 127.202539370000807, -0.023312067999906, 0.0 ], [ 127.202539372000899, -0.023182867999912, 0.0 ], [ 127.202532244000821, -0.023024956999935, 0.0 ], [ 127.20247610423489, -0.022848329592271, 0.0 ], [ 127.202475209000909, -0.022845512999896, 0.0 ], [ 127.202354006000917, -0.022680422999934, 0.0 ], [ 127.202261321000904, -0.022558399999938, 0.0 ], [ 127.202197155000775, -0.022457910999951, 0.0 ], [ 127.202104470001004, -0.02237177599993, 0.0 ], [ 127.202011785000863, -0.022292818999972, 0.0 ], [ 127.201919099000833, -0.022228217999953, 0.0 ], [ 127.201769376000769, -0.022142083999894, 0.0 ], [ 127.201527029000843, -0.021983841999936, 0.0 ], [ 127.201132521000858, -0.021792429999916, 0.0 ], [ 127.201119414362935, -0.021778355014611, 0.0 ], [ 127.200989929000883, -0.021639302999972, 0.0 ], [ 127.200814065000813, -0.021476603999931, 0.0 ], [ 127.200595423000962, -0.021328261999944, 0.0 ], [ 127.200462336000868, -0.02121820099996, 0.0 ], [ 127.200291223000804, -0.021141636999901, 0.0 ], [ 127.200186656000795, -0.021050716999957, 0.0 ], [ 127.200077335000827, -0.02095501299993, 0.0 ], [ 127.199987027000844, -0.020792315999919, 0.0 ], [ 127.19988721300092, -0.02062961899997, 0.0 ], [ 127.199811164000835, -0.02052434499992, 0.0 ], [ 127.199697090000839, -0.020395143999971, 0.0 ], [ 127.19964005400081, -0.020275513999879, 0.0 ], [ 127.199578264000891, -0.020184594999881, 0.0 ], [ 127.199578265000781, -0.020088891999888, 0.0 ], [ 127.199590018246369, -0.020017905233806, 0.0 ], [ 127.199592526000885, -0.020002758999963, 0.0 ], [ 127.199540242000907, -0.019950120999908, 0.0 ], [ 127.199521207000799, -0.019942934755448, 0.0 ], [ 127.199464192000917, -0.019921409999885, 0.0 ], [ 127.199350117000876, -0.019873556999873, 0.0 ], [ 127.199245549000835, -0.019787421999983, 0.0 ], [ 127.199131475000854, -0.01969171799992, 0.0 ], [ 127.199060179000853, -0.019615153999878, 0.0 ], [ 127.198979377000882, -0.019538591999904, 0.0 ], [ 127.198898574000836, -0.019481167999973, 0.0 ], [ 127.198784499000922, -0.019423744999927, 0.0 ], [ 127.198665672000843, -0.01937589199997, 0.0 ], [ 127.198499312000862, -0.019313682999948, 0.0 ], [ 127.198332954000861, -0.019217977999939, 0.0 ], [ 127.198209374000839, -0.019146198999937, 0.0 ], [ 127.198090546000941, -0.019064849999897, 0.0 ], [ 127.197947953000821, -0.018973930999919, 0.0 ], [ 127.197748323000823, -0.018878225999976, 0.0 ], [ 127.197510668000859, -0.01873466799996, 0.0 ], [ 127.197382334000963, -0.018667674999961, 0.0 ], [ 127.197277766000838, -0.018610251999943, 0.0 ], [ 127.1971304190008, -0.018571968999931, 0.0 ], [ 127.196824160560368, -0.018440254779413, 0.0 ], [ 127.196838867136904, -0.018410732549833, 0.0 ], [ 127.197025581670729, -0.018048101454824, 0.0 ], [ 127.20099081942017, -0.010346899354745, 0.0 ], [ 127.170241760940414, -0.004031462357357, 0.0 ], [ 127.170203720164508, -0.007421213274091, 0.0 ], [ 127.170226092235865, -0.012541152802074, 0.0 ], [ 127.170227095739037, -0.012574974113112, 0.0 ], [ 127.170168559001041, -0.012597505999964, 0.0 ], [ 127.170094482629466, -0.012629929788567, 0.0 ], [ 127.170014186594983, -0.012665075968821, 0.0 ], [ 127.169840598000931, -0.012741056999965, 0.0 ], [ 127.169523746278884, -0.012808924282667, 0.0 ], [ 127.169505507000935, -0.01281283099996, 0.0 ], [ 127.16934152600092, -0.012863072999964, 0.0 ], [ 127.169056342000957, -0.012942024999965, 0.0 ], [ 127.168860616833371, -0.013010989051303, 0.0 ], [ 127.168812124651325, -0.013028075341808, 0.0 ], [ 127.168771158000908, -0.013042509999934, 0.0 ] ], [ [ 127.234275467574804, -0.015923884612784, 0.0 ], [ 127.23077196134102, -0.021085410149414, 0.0 ], [ 127.237483786513209, -0.025793523640519, 0.0 ], [ 127.240900246362372, -0.019961517391664, 0.0 ], [ 127.234275467574804, -0.015923884612784, 0.0 ] ], [ [ 127.249244708477903, -0.023207660169761, 0.0 ], [ 127.241481026179784, -0.026018913101967, 0.0 ], [ 127.241500755055029, -0.031043453703751, 0.0 ], [ 127.243125944212153, -0.031083650459905, 0.0 ], [ 127.243186308000716, -0.031254575999945, 0.0 ], [ 127.243237354801963, -0.031404086280008, 0.0 ], [ 127.243264732000696, -0.031484270999954, 0.0 ], [ 127.243385937000753, -0.03162783199998, 0.0 ], [ 127.243410769484825, -0.031641721410699, 0.0 ], [ 127.243514274000688, -0.031699613999916, 0.0 ], [ 127.24363548000079, -0.031807283999975, 0.0 ], [ 127.243749556000637, -0.031900598999922, 0.0 ], [ 127.243927800000705, -0.032065693999869, 0.0 ], [ 127.244026538641066, -0.032138592765385, 0.0 ], [ 127.244034747000839, -0.032144652999896, 0.0 ], [ 127.244198732000754, -0.032288214999902, 0.0 ], [ 127.244341328000701, -0.032338461999915, 0.0 ], [ 127.244406043630462, -0.032378121311884, 0.0 ], [ 127.244486795884526, -0.03242760825976, 0.0 ], [ 127.244505313000772, -0.032438955999902, 0.0 ], [ 127.244522019368603, -0.032438956369923, 0.0 ], [ 127.244640781000726, -0.032438958999918, 0.0 ], [ 127.244836216244835, -0.032470697133066, 0.0 ], [ 127.24484621304849, -0.032472320585817, 0.0 ], [ 127.244844147822221, -0.032542737970171, 0.0 ], [ 127.244814722271215, -0.034215231508585, 0.0 ], [ 127.24700382639638, -0.03469112370976, 0.0 ], [ 127.247371059554951, -0.032868531869143, 0.0 ], [ 127.247452451045902, -0.032837806049885, 0.0 ], [ 127.247564026000717, -0.032833795999911, 0.0 ], [ 127.247777924000658, -0.032783554999973, 0.0 ], [ 127.247934782000655, -0.03276202299998, 0.0 ], [ 127.248120159000777, -0.032711781999946, 0.0 ], [ 127.24814627336373, -0.032692065215374, 0.0 ], [ 127.248205720000712, -0.032647181999951, 0.0 ], [ 127.248341189000698, -0.032525158999877, 0.0 ], [ 127.248462399000843, -0.032467736999928, 0.0 ], [ 127.248662037000742, -0.032403139999924, 0.0 ], [ 127.248904453000662, -0.032374431999918, 0.0 ], [ 127.249025662000662, -0.032360077999958, 0.0 ], [ 127.249118352000806, -0.032302655999963, 0.0 ], [ 127.249225302000653, -0.03216627699993, 0.0 ], [ 127.249325123000702, -0.032015541999955, 0.0 ], [ 127.249344398403835, -0.031982554220474, 0.0 ], [ 127.249396424000707, -0.031893517999935, 0.0 ], [ 127.249422412673638, -0.031846425515223, 0.0 ], [ 127.249523503555082, -0.031911563419798, 0.0 ], [ 127.250908209867859, -0.032738404827858, 0.0 ], [ 127.253522589933482, -0.027634122797548, 0.0 ], [ 127.253502813782958, -0.025560489307631, 0.0 ], [ 127.251487348294148, -0.02556935761856, 0.0 ], [ 127.251147377005978, -0.025570853532586, 0.0 ], [ 127.251080877033289, -0.025572363625396, 0.0 ], [ 127.251086307000648, -0.025519525999932, 0.0 ], [ 127.251121959000827, -0.025318542999938, 0.0 ], [ 127.251186131000694, -0.025146273999945, 0.0 ], [ 127.251271691000682, -0.025002715999931, 0.0 ], [ 127.251293082000728, -0.024902224999954, 0.0 ], [ 127.251136224000803, -0.024916578999923, 0.0 ], [ 127.25104353400063, -0.025017068999902, 0.0 ], [ 127.250965104000727, -0.025103202999957, 0.0 ], [ 127.250779727000761, -0.025074488999934, 0.0 ], [ 127.250651389000637, -0.025067308999939, 0.0 ], [ 127.250537310000638, -0.025096019999947, 0.0 ], [ 127.250344802000711, -0.02517497399991, 0.0 ], [ 127.250282420205892, -0.025208220959987, 0.0 ], [ 127.250223592000722, -0.025239573999935, 0.0 ], [ 127.250138034000756, -0.025282640999883, 0.0 ], [ 127.250079104147503, -0.025289231992076, 0.0 ], [ 127.250011159183032, -0.02529683127644, 0.0 ], [ 127.24996855384606, -0.025169686025874, 0.0 ], [ 127.249244708477903, -0.023207660169761, 0.0 ] ], [ [ 127.22455177180791, -0.034106780707079, 0.0 ], [ 127.222189656061701, -0.030641172619458, 0.0 ], [ 127.218264895813078, -0.033481395473199, 0.0 ], [ 127.221395597587573, -0.036863011219745, 0.0 ], [ 127.22455177180791, -0.034106780707079, 0.0 ] ], [ [ 127.204178323902283, -0.036623880200002, 0.0 ], [ 127.204134346000799, -0.036369267999937, 0.0 ], [ 127.204136935598797, -0.036291092583032, 0.0 ], [ 127.204137420743876, -0.036276446890836, 0.0 ], [ 127.204141479000995, -0.03615393499996, 0.0 ], [ 127.204141482000807, -0.036003200999972, 0.0 ], [ 127.204141485000818, -0.035859645999913, 0.0 ], [ 127.204105840000821, -0.035680200999937, 0.0 ], [ 127.204105843000846, -0.03554382399995, 0.0 ], [ 127.204113508591973, -0.035478234585547, 0.0 ], [ 127.204120104000808, -0.035421801999958, 0.0 ], [ 127.204120105492919, -0.03535755889246, 0.0 ], [ 127.204120106001, -0.035335668999907, 0.0 ], [ 127.204120106492283, -0.035310082864336, 0.0 ], [ 127.204120108000907, -0.035271068999944, 0.0 ], [ 127.204120109000854, -0.035228001999881, 0.0 ], [ 127.204103014576447, -0.035187846206557, 0.0 ], [ 127.204098720000943, -0.035177757999932, 0.0 ], [ 127.204084644227507, -0.035170672402034, 0.0 ], [ 127.204055942000892, -0.03515622399991, 0.0 ], [ 127.203977515000815, -0.035163398999942, 0.0 ], [ 127.203884828000838, -0.035184930999929, 0.0 ], [ 127.203699455000859, -0.035192105999948, 0.0 ], [ 127.203571120000873, -0.035206457999905, 0.0 ], [ 127.20337148700078, -0.035285409999943, 0.0 ], [ 127.20330876120623, -0.035315478801095, 0.0 ], [ 127.203267476540589, -0.035335269389057, 0.0 ], [ 127.203221761000805, -0.035357183999958, 0.0 ], [ 127.203064905000787, -0.035464847999939, 0.0 ], [ 127.202936568000865, -0.035572511999923, 0.0 ], [ 127.202899115754292, -0.035699756805578, 0.0 ], [ 127.202879527000803, -0.035766309999911, 0.0 ], [ 127.202901537063951, -0.035846892393077, 0.0 ], [ 127.202924033053762, -0.035929253856631, 0.0 ], [ 127.202957948000801, -0.036053421999954, 0.0 ], [ 127.202965075000833, -0.036189799999918, 0.0 ], [ 127.202943683000825, -0.036354888999942, 0.0 ], [ 127.202957939000825, -0.036505620999938, 0.0 ], [ 127.203006729550111, -0.036575210575948, 0.0 ], [ 127.203043493001005, -0.036627645999918, 0.0 ], [ 127.203207475000866, -0.036749669999953, 0.0 ], [ 127.203314419000833, -0.036821450999974, 0.0 ], [ 127.203421361000863, -0.037029607999871, 0.0 ], [ 127.203492655000858, -0.037144453999905, 0.0 ], [ 127.20357820900081, -0.037259299999957, 0.0 ], [ 127.203649505000968, -0.037352611999927, 0.0 ], [ 127.203699411000883, -0.037431568999978, 0.0 ], [ 127.203842005000794, -0.037453104999949, 0.0 ], [ 127.204027378000902, -0.037453107999915, 0.0 ], [ 127.204090927377067, -0.037447464316748, 0.0 ], [ 127.204269789000918, -0.037431579999973, 0.0 ], [ 127.204455162000826, -0.037431583999899, 0.0 ], [ 127.204462294000862, -0.037288028999908, 0.0 ], [ 127.204444009714223, -0.037271666134761, 0.0 ], [ 127.204333961000913, -0.037173181999946, 0.0 ], [ 127.204198502000793, -0.036886068999889, 0.0 ], [ 127.204198072709758, -0.036874826271263, 0.0 ], [ 127.204191376000807, -0.036699445999946, 0.0 ], [ 127.204178323902283, -0.036623880200002, 0.0 ] ], [ [ 127.190968318000856, -0.028545291999908, 0.0 ], [ 127.190897019000872, -0.028638600999913, 0.0 ], [ 127.190897017000921, -0.028810865999933, 0.0 ], [ 127.190955228924125, -0.028949392007664, 0.0 ], [ 127.190975440000898, -0.028997487999924, 0.0 ], [ 127.191011086000898, -0.029126687999957, 0.0 ], [ 127.190990431584652, -0.029287819551115, 0.0 ], [ 127.190982564000805, -0.029349196999866, 0.0 ], [ 127.191015132472202, -0.029487644070007, 0.0 ], [ 127.191046727000881, -0.029621950999962, 0.0 ], [ 127.191160799000841, -0.029751150999949, 0.0 ], [ 127.19132477800089, -0.029930597999948, 0.0 ], [ 127.191531537001012, -0.030059799999922, 0.0 ], [ 127.191724035000917, -0.030232067999968, 0.0 ], [ 127.191916535000814, -0.030289492999842, 0.0 ], [ 127.19215894400088, -0.030325385999924, 0.0 ], [ 127.192330054000962, -0.030389988999935, 0.0 ], [ 127.192650888000912, -0.030490480999956, 0.0 ], [ 127.192957463000866, -0.03056944199991, 0.0 ], [ 127.193363853000861, -0.030655581999895, 0.0 ], [ 127.19373459400083, -0.030820675999961, 0.0 ], [ 127.193877185000844, -0.030928343999955, 0.0 ], [ 127.193962738000934, -0.031086254999928, 0.0 ], [ 127.194012643000917, -0.031251343999893, 0.0 ], [ 127.194073623628, -0.031408514639315, 0.0 ], [ 127.194190877000892, -0.031710721999937, 0.0 ], [ 127.194233653000879, -0.031890165999929, 0.0 ], [ 127.194283556000897, -0.032119853999936, 0.0 ], [ 127.19431812096451, -0.03219261609948, 0.0 ], [ 127.194361980000849, -0.032284942999907, 0.0 ], [ 127.194410055850597, -0.032331551830714, 0.0 ], [ 127.194554478000896, -0.032471566999963, 0.0 ], [ 127.194668550000884, -0.03264383499988, 0.0 ], [ 127.194774643601392, -0.032778512363451, 0.0 ], [ 127.194832528000802, -0.032851991999931, 0.0 ], [ 127.194946600000875, -0.033038614999926, 0.0 ], [ 127.194980330589857, -0.033110307414481, 0.0 ], [ 127.195010765000845, -0.033174993999976, 0.0 ], [ 127.19503215100093, -0.033332903999899, 0.0 ], [ 127.195153353000833, -0.033483637999895, 0.0 ], [ 127.195189922008154, -0.033594091572491, 0.0 ], [ 127.195194675111949, -0.033608447919421, 0.0 ], [ 127.195231775000849, -0.033720504999955, 0.0 ], [ 127.195278216306804, -0.033818693957741, 0.0 ], [ 127.195306527874536, -0.033884472299674, 0.0 ], [ 127.195338715000815, -0.03400761699992, 0.0 ], [ 127.195338711000872, -0.034258837999963, 0.0 ], [ 127.195352119352421, -0.034380346383011, 0.0 ], [ 127.195356466017216, -0.034419736490977, 0.0 ], [ 127.195367225000837, -0.034517235999901, 0.0 ], [ 127.195488427000882, -0.034624904999903, 0.0 ], [ 127.19550292279385, -0.03463293180904, 0.0 ], [ 127.195631019000842, -0.034703862999942, 0.0 ], [ 127.195816389000868, -0.034811531999938, 0.0 ], [ 127.196044535000951, -0.035012512999953, 0.0 ], [ 127.196329716000832, -0.035342693999911, 0.0 ], [ 127.196507952000886, -0.035687228999913, 0.0 ], [ 127.196636281000892, -0.035967163999906, 0.0 ], [ 127.19671470200079, -0.036218385999969, 0.0 ], [ 127.196714698000832, -0.036462428999917, 0.0 ], [ 127.196700434000817, -0.036706471999878, 0.0 ], [ 127.196671910001015, -0.036914625999898, 0.0 ], [ 127.196582621582436, -0.03711025906384, 0.0 ], [ 127.196550700000898, -0.037180199999938, 0.0 ], [ 127.196522177000787, -0.037366819999932, 0.0 ], [ 127.196598048286603, -0.03738662486387, 0.0 ], [ 127.196714678000831, -0.037417068999914, 0.0 ], [ 127.196992735000862, -0.037467317999911, 0.0 ], [ 127.197199495000845, -0.037517566999948, 0.0 ], [ 127.197363477001019, -0.037582169999956, 0.0 ], [ 127.197605883000833, -0.037747262999964, 0.0 ], [ 127.197826900000976, -0.037898, 0.0 ], [ 127.197874096017699, -0.037926253092482, 0.0 ], [ 127.197901691396041, -0.037942772596707, 0.0 ], [ 127.198090696000889, -0.038055916999943, 0.0 ], [ 127.198440047001029, -0.038228189999898, 0.0 ], [ 127.198675327000942, -0.038256904999937, 0.0 ], [ 127.198839311000782, -0.038213842999911, 0.0 ], [ 127.198967646000824, -0.038177955999925, 0.0 ], [ 127.199131630000934, -0.038142071999979, 0.0 ], [ 127.19918866700084, -0.038177960999949, 0.0 ], [ 127.199345519000829, -0.038249741999913, 0.0 ], [ 127.199502371000904, -0.038299989999933, 0.0 ], [ 127.19970913100083, -0.038357415999945, 0.0 ], [ 127.199858855000883, -0.038364596999925, 0.0 ], [ 127.200001448000847, -0.038400487999972, 0.0 ], [ 127.200129782000843, -0.038436379999956, 0.0 ], [ 127.200272375000921, -0.038479449999912, 0.0 ], [ 127.200336541000837, -0.038536872999891, 0.0 ], [ 127.20050052400083, -0.038529698999986, 0.0 ], [ 127.200578952000981, -0.038544055999964, 0.0 ], [ 127.200715014360341, -0.03855501781289, 0.0 ], [ 127.200757194000957, -0.038558415999898, 0.0 ], [ 127.200899788000783, -0.038508173999953, 0.0 ], [ 127.200985347000781, -0.038436397999889, 0.0 ], [ 127.20099186579381, -0.038423273284482, 0.0 ], [ 127.201056647000883, -0.038292844999928, 0.0 ], [ 127.201049520001021, -0.03813493399997, 0.0 ], [ 127.20104239500084, -0.037955489999891, 0.0 ], [ 127.200992489000853, -0.037862177999904, 0.0 ], [ 127.200939701853201, -0.037815676313263, 0.0 ], [ 127.20087841500083, -0.037761686999932, 0.0 ], [ 127.200757211000862, -0.037740150999947, 0.0 ], [ 127.200621745000802, -0.037783214999904, 0.0 ], [ 127.200612100683969, -0.037790011255623, 0.0 ], [ 127.200479149000856, -0.037883700999925, 0.0 ], [ 127.200400722000822, -0.037890876999919, 0.0 ], [ 127.200308037000809, -0.037854985999954, 0.0 ], [ 127.200272390000762, -0.037783207999933, 0.0 ], [ 127.200229614000861, -0.037646828999932, 0.0 ], [ 127.200139574253669, -0.037500393825232, 0.0 ], [ 127.200136931000884, -0.037496094999928, 0.0 ], [ 127.2000513760009, -0.037417137999964, 0.0 ], [ 127.199973504567112, -0.03739518479176, 0.0 ], [ 127.199873135000843, -0.037366888999947, 0.0 ], [ 127.19971628200085, -0.03731664199994, 0.0 ], [ 127.199616467000823, -0.037309461999926, 0.0 ], [ 127.199502391000763, -0.037338170999933, 0.0 ], [ 127.199395444000828, -0.037402768999925, 0.0 ], [ 127.199274239000829, -0.037395588999963, 0.0 ], [ 127.199095997000882, -0.037352517999983, 0.0 ], [ 127.198946276000783, -0.037280737999939, 0.0 ], [ 127.198810812000801, -0.037230490999903, 0.0 ], [ 127.198675349000823, -0.037137176999965, 0.0 ], [ 127.19854701800088, -0.037022329999954, 0.0 ], [ 127.198475723000897, -0.036871596999924, 0.0 ], [ 127.198425817000825, -0.036778284999969, 0.0 ], [ 127.198425820000764, -0.036663440999948, 0.0 ], [ 127.198390173000803, -0.036562950999958, 0.0 ], [ 127.198333138000834, -0.036462461999919, 0.0 ], [ 127.198290363000837, -0.036275839999937, 0.0 ], [ 127.198233331000878, -0.036031794999913, 0.0 ], [ 127.198240462000896, -0.035909773999919, 0.0 ], [ 127.198247595000964, -0.035794929999904, 0.0 ], [ 127.198296389985529, -0.035690545057117, 0.0 ], [ 127.198304634000792, -0.035672908999902, 0.0 ], [ 127.198432972000873, -0.035515001999916, 0.0 ], [ 127.198489638756655, -0.035433507102557, 0.0 ], [ 127.198532791000844, -0.035371447999977, 0.0 ], [ 127.198760942000817, -0.035299674999924, 0.0 ], [ 127.199053260000795, -0.03529968199991, 0.0 ], [ 127.199245761000824, -0.035306862999965, 0.0 ], [ 127.199317058000801, -0.035371463999985, 0.0 ], [ 127.199445388000854, -0.035615509999934, 0.0 ], [ 127.19948516861443, -0.035781442573056, 0.0 ], [ 127.199495291000844, -0.035823664999894, 0.0 ], [ 127.199507765463721, -0.035847641563344, 0.0 ], [ 127.199573715000824, -0.035974399999906, 0.0 ], [ 127.199659268000914, -0.03615384499995, 0.0 ], [ 127.199723433000869, -0.036304579999979, 0.0 ], [ 127.19985176500083, -0.036397892999889, 0.0 ], [ 127.200015747000961, -0.036462495999949, 0.0 ], [ 127.200087044000853, -0.036448141999924, 0.0 ], [ 127.200151214000783, -0.036318943999892, 0.0 ], [ 127.200153648257043, -0.036313634499337, 0.0 ], [ 127.20019399400087, -0.0362256339999, 0.0 ], [ 127.200151220000933, -0.036060543999923, 0.0 ], [ 127.200058535000792, -0.035945698999975, 0.0 ], [ 127.200005782426956, -0.035913832585325, 0.0 ], [ 127.199951591000939, -0.03588109699992, 0.0 ], [ 127.199844645000908, -0.035895449999945, 0.0 ], [ 127.19978047900085, -0.035881092999949, 0.0 ], [ 127.199759091000772, -0.035794959999967, 0.0 ], [ 127.199759093000836, -0.035687293999926, 0.0 ], [ 127.199787616000847, -0.03550784999988, 0.0 ], [ 127.199837526000792, -0.035357118999969, 0.0 ], [ 127.199878175791781, -0.035257087705063, 0.0 ], [ 127.199901696000879, -0.035199208999907, 0.0 ], [ 127.199880310000808, -0.035077186999958, 0.0 ], [ 127.199809013000817, -0.035062829999898, 0.0 ], [ 127.199716328000775, -0.035012583999935, 0.0 ], [ 127.19965216200076, -0.034919271999928, 0.0 ], [ 127.199652164000895, -0.034825960999977, 0.0 ], [ 127.19965216600086, -0.034725472999966, 0.0 ], [ 127.199680686000917, -0.034646517999877, 0.0 ], [ 127.199716335000829, -0.034603452999916, 0.0 ], [ 127.199723467000766, -0.034502963999894, 0.0 ], [ 127.199652170000846, -0.034510140999933, 0.0 ], [ 127.199495317000881, -0.034459892999962, 0.0 ], [ 127.199309946000866, -0.034438355999892, 0.0 ], [ 127.199117444000848, -0.034438351999899, 0.0 ], [ 127.199043136369042, -0.034435233574625, 0.0 ], [ 127.19894633100094, -0.034431170999909, 0.0 ], [ 127.198796608000833, -0.034402457999894, 0.0 ], [ 127.198689663000962, -0.034366566999912, 0.0 ], [ 127.198554198000778, -0.034431163999927, 0.0 ], [ 127.198418731000856, -0.034524471999904, 0.0 ], [ 127.198283266000885, -0.034639313999915, 0.0 ], [ 127.198169189000808, -0.03468955499993, 0.0 ], [ 127.1979909460009, -0.034711084999898, 0.0 ], [ 127.197855482000818, -0.03473979399995, 0.0 ], [ 127.197755668000781, -0.034632125999961, 0.0 ], [ 127.197662985000889, -0.034474213999948, 0.0 ], [ 127.197613079000789, -0.034373723999963, 0.0 ], [ 127.197556043000873, -0.034266057999953, 0.0 ], [ 127.19744909900102, -0.034208632999912, 0.0 ], [ 127.19729224700086, -0.034158385999949, 0.0 ], [ 127.197235210000812, -0.034122495999945, 0.0 ], [ 127.197178174000982, -0.034022006999974, 0.0 ], [ 127.197114009000856, -0.033950227999985, 0.0 ], [ 127.197049843000968, -0.033885626999937, 0.0 ], [ 127.19702845500079, -0.033792315999957, 0.0 ], [ 127.1970141980009, -0.033670293999902, 0.0 ], [ 127.196950032000814, -0.033620048999987, 0.0 ], [ 127.196871607000816, -0.033533914999931, 0.0 ], [ 127.196878739001036, -0.033411892999915, 0.0 ], [ 127.196964297000946, -0.033311405999916, 0.0 ], [ 127.197021336000816, -0.033189385999946, 0.0 ], [ 127.197049858000796, -0.033038653999887, 0.0 ], [ 127.197121157000879, -0.032902277999879, 0.0 ], [ 127.197220976000892, -0.032765902999931, 0.0 ], [ 127.197406350000804, -0.032629528999923, 0.0 ], [ 127.197541814000814, -0.032593642999932, 0.0 ], [ 127.197655890000888, -0.032593644999936, 0.0 ], [ 127.197819872000977, -0.032615180999923, 0.0 ], [ 127.197891168000822, -0.032694137999949, 0.0 ], [ 127.197928681702948, -0.032765897803669, 0.0 ], [ 127.197962462000874, -0.032830515999909, 0.0 ], [ 127.198012368000889, -0.032952537999898, 0.0 ], [ 127.198183480000807, -0.033024319999926, 0.0 ], [ 127.198333201000878, -0.03310327699993, 0.0 ], [ 127.198411629000802, -0.03305303399995, 0.0 ], [ 127.198411630000948, -0.032995611999932, 0.0 ], [ 127.198378603954353, -0.032918027503085, 0.0 ], [ 127.198368854000805, -0.032895122999901, 0.0 ], [ 127.198304688000789, -0.032844877999931, 0.0 ], [ 127.198197744000822, -0.032765920999971, 0.0 ], [ 127.198119318000877, -0.032701319999943, 0.0 ], [ 127.198040893000893, -0.032629540999891, 0.0 ], [ 127.198005246001046, -0.032536229999901, 0.0 ], [ 127.198005247000864, -0.032450095999909, 0.0 ], [ 127.198033769000858, -0.032292186999942, 0.0 ], [ 127.198062290000806, -0.03219887699988, 0.0 ], [ 127.19811220000085, -0.032040966999944, 0.0 ], [ 127.198183499000805, -0.031911768999964, 0.0 ], [ 127.198219149000806, -0.031832813999887, 0.0 ], [ 127.198176371000798, -0.03181127999991, 0.0 ], [ 127.198154984000979, -0.031732324999925, 0.0 ], [ 127.198083687000775, -0.031703611999909, 0.0 ], [ 127.197955354000882, -0.031639009999902, 0.0 ], [ 127.197848409000798, -0.031552875999934, 0.0 ], [ 127.1977842440009, -0.031445207999908, 0.0 ], [ 127.197755727000882, -0.031359074999885, 0.0 ], [ 127.197705822000955, -0.031222696999954, 0.0 ], [ 127.197741472000956, -0.031086319999901, 0.0 ], [ 127.1977771220009, -0.031028898999976, 0.0 ], [ 127.197815640716215, -0.030929186706298, 0.0 ], [ 127.197827031000855, -0.03089970099989, 0.0 ], [ 127.197819903000905, -0.030813566999916, 0.0 ], [ 127.19774147700079, -0.030784855999968, 0.0 ], [ 127.197641272730877, -0.030757340903018, 0.0 ], [ 127.197584625000886, -0.03074178599997, 0.0 ], [ 127.197456292000936, -0.03061258399993, 0.0 ], [ 127.197392127000839, -0.030490560999953, 0.0 ], [ 127.197384884809665, -0.03047751345238, 0.0 ], [ 127.197256667000801, -0.030246515999936, 0.0 ], [ 127.197189723453661, -0.030179119404111, 0.0 ], [ 127.197142594000852, -0.030131670999943, 0.0 ], [ 127.197150595368498, -0.030107506421876, 0.0 ], [ 127.197163984000923, -0.030067071999924, 0.0 ], [ 127.197249543000879, -0.029909161999963, 0.0 ], [ 127.197249545000915, -0.029787140999902, 0.0 ], [ 127.197178249000885, -0.029744072999947, 0.0 ], [ 127.197042786000864, -0.0296651159999, 0.0 ], [ 127.196935843000901, -0.029521558999936, 0.0 ], [ 127.196843160000995, -0.029370825999903, 0.0 ], [ 127.196764735000954, -0.029198558999939, 0.0 ], [ 127.196686312000992, -0.029047823999956, 0.0 ], [ 127.196636183624804, -0.028946888235413, 0.0 ], [ 127.196586499000958, -0.028846845999903, 0.0 ], [ 127.196486686000867, -0.028681756999949, 0.0 ], [ 127.196385568771404, -0.028542449280018, 0.0 ], [ 127.196334050992903, -0.02846055413653, 0.0 ], [ 127.196287059000838, -0.02836593299994, 0.0 ], [ 127.196237153000865, -0.028265443999949, 0.0 ], [ 127.196172988000839, -0.028093177999923, 0.0 ], [ 127.196058915000862, -0.028028575999916, 0.0 ], [ 127.195845026000939, -0.027949616999929, 0.0 ], [ 127.195652526000927, -0.027841947999913, 0.0 ], [ 127.195509933000807, -0.027770168999904, 0.0 ], [ 127.195345952000821, -0.027655322999922, 0.0 ], [ 127.195174841000977, -0.027554831999967, 0.0 ], [ 127.194903916000968, -0.027389739999874, 0.0 ], [ 127.194739935000797, -0.027210293999936, 0.0 ], [ 127.194640123000909, -0.026994960999931, 0.0 ], [ 127.194611608000884, -0.026722205999888, 0.0 ], [ 127.194590222000897, -0.026542762999967, 0.0 ], [ 127.1945474470009, -0.026327429999954, 0.0 ], [ 127.194504671000914, -0.026198229999976, 0.0 ], [ 127.194369207000804, -0.026133628999891, 0.0 ], [ 127.194248003000894, -0.026155159999965, 0.0 ], [ 127.194091150000858, -0.026169512999937, 0.0 ], [ 127.194019852000977, -0.026212578999937, 0.0 ], [ 127.193977073000838, -0.026291532999918, 0.0 ], [ 127.193905772000875, -0.026600173999921, 0.0 ], [ 127.193855861000969, -0.02680832799995, 0.0 ], [ 127.193784562000815, -0.026944703999951, 0.0 ], [ 127.19369187400082, -0.027073900999862, 0.0 ], [ 127.193620577000829, -0.027167209999932, 0.0 ], [ 127.193506500000794, -0.027246163999954, 0.0 ], [ 127.193378165000823, -0.027289228999937, 0.0 ], [ 127.193242701000941, -0.027310758999914, 0.0 ], [ 127.193085849000994, -0.027317934999902, 0.0 ], [ 127.192907606000873, -0.02734664299991, 0.0 ], [ 127.192672327000949, -0.027353816999957, 0.0 ], [ 127.192472696000891, -0.027375347999958, 0.0 ], [ 127.192273064001043, -0.027425587999921, 0.0 ], [ 127.191966486000979, -0.027540426999948, 0.0 ], [ 127.191688427000827, -0.027662444999935, 0.0 ], [ 127.191524444000876, -0.02770550799992, 0.0 ], [ 127.191373359168807, -0.027916105795142, 0.0 ], [ 127.191339069000847, -0.027963902999947, 0.0 ], [ 127.191313209661018, -0.028012249692427, 0.0 ], [ 127.19128916000092, -0.028057212999948, 0.0 ], [ 127.191261977152934, -0.028077280579836, 0.0 ], [ 127.191256205712818, -0.028081541311959, 0.0 ], [ 127.191182213000872, -0.028136165999931, 0.0 ], [ 127.191118045000849, -0.028258185999917, 0.0 ], [ 127.191118044575063, -0.028282671257979, 0.0 ], [ 127.191118043000884, -0.028373028999911, 0.0 ], [ 127.191068133000854, -0.028495049999904, 0.0 ], [ 127.191017676582959, -0.028520447298851, 0.0 ], [ 127.190968318000856, -0.028545291999908, 0.0 ] ], [ [ 127.19373607381614, -0.044427087549355, 0.0 ], [ 127.183065501874722, -0.037823354160627, 0.0 ], [ 127.17268012027435, -0.033157666607499, 0.0 ], [ 127.169169130067587, -0.036299456891505, 0.0 ], [ 127.173606796005373, -0.041483754080544, 0.0 ], [ 127.190765316903395, -0.046819586168243, 0.0 ], [ 127.19373607381614, -0.044427087549355, 0.0 ] ], [ [ 127.200774860847304, -0.041853340522636, 0.0 ], [ 127.200805531648371, -0.04183196490669, 0.0 ], [ 127.200847432000813, -0.041802762999947, 0.0 ], [ 127.200894063811617, -0.041805234626324, 0.0 ], [ 127.200944039107284, -0.041807883467531, 0.0 ], [ 127.200982896000795, -0.041809942999973, 0.0 ], [ 127.201075582000797, -0.041809945999931, 0.0 ], [ 127.201146882000842, -0.041745347999947, 0.0 ], [ 127.201189662000928, -0.041623326999962, 0.0 ], [ 127.201260961000855, -0.041544372999961, 0.0 ], [ 127.201389299000937, -0.041386464999922, 0.0 ], [ 127.201517634000851, -0.041372112999931, 0.0 ], [ 127.201610321000842, -0.041350580999926, 0.0 ], [ 127.201667361000844, -0.041278804999912, 0.0 ], [ 127.201703011000816, -0.041185494999956, 0.0 ], [ 127.201767181000861, -0.041077829999938, 0.0 ], [ 127.201895520000903, -0.040869678999939, 0.0 ], [ 127.201973950000863, -0.040718946999921, 0.0 ], [ 127.202052381000911, -0.040532326999892, 0.0 ], [ 127.202038125000811, -0.040417481999944, 0.0 ], [ 127.202002479000953, -0.040245214999922, 0.0 ], [ 127.201959705000789, -0.040065769999966, 0.0 ], [ 127.20190980200077, -0.039893502999926, 0.0 ], [ 127.201874156000869, -0.039735590999913, 0.0 ], [ 127.201867028000791, -0.039663813999917, 0.0 ], [ 127.201802864001039, -0.039505901999924, 0.0 ], [ 127.201745829000814, -0.03936952299989, 0.0 ], [ 127.201660274000886, -0.0393264549999, 0.0 ], [ 127.201581849000817, -0.039254674999924, 0.0 ], [ 127.201417868000803, -0.039111115999905, 0.0 ], [ 127.201353701000869, -0.039089581999953, 0.0 ], [ 127.201289534000793, -0.039089579999875, 0.0 ], [ 127.201168329000993, -0.039103932999975, 0.0 ], [ 127.201075642000873, -0.039111108999948, 0.0 ], [ 127.201047452261022, -0.039167865661679, 0.0 ], [ 127.201039992000915, -0.039182885999886, 0.0 ], [ 127.200982952000899, -0.039269017999978, 0.0 ], [ 127.200897395000851, -0.039290548999936, 0.0 ], [ 127.200776191000898, -0.039290545999958, 0.0 ], [ 127.200583688000805, -0.039283363999954, 0.0 ], [ 127.200514402991899, -0.03926311194514, 0.0 ], [ 127.200362669000782, -0.039218759999904, 0.0 ], [ 127.200184428000924, -0.039154156999896, 0.0 ], [ 127.199991928000813, -0.039053663999929, 0.0 ], [ 127.199778040000837, -0.038924458999847, 0.0 ], [ 127.199606931000886, -0.038745011999944, 0.0 ], [ 127.199457209000883, -0.038651698999926, 0.0 ], [ 127.199343134000813, -0.038651695999898, 0.0 ], [ 127.199214799000885, -0.038680403999918, 0.0 ], [ 127.199122111000833, -0.038766534999968, 0.0 ], [ 127.199057942000849, -0.038859844999924, 0.0 ], [ 127.199036549000837, -0.038989042999955, 0.0 ], [ 127.199065065000781, -0.039132598999913, 0.0 ], [ 127.199107841000881, -0.039268976999924, 0.0 ], [ 127.199150615000775, -0.039419710999948, 0.0 ], [ 127.199179131000975, -0.03957044399988, 0.0 ], [ 127.199171998000864, -0.039721176999879, 0.0 ], [ 127.199171995000896, -0.039850375999912, 0.0 ], [ 127.199164863000874, -0.039979574999973, 0.0 ], [ 127.199143470000848, -0.040159018999884, 0.0 ], [ 127.19918624400097, -0.040324107999853, 0.0 ], [ 127.199221889001038, -0.040489196999916, 0.0 ], [ 127.199264660000807, -0.040819373999965, 0.0 ], [ 127.199350211000791, -0.041049064999874, 0.0 ], [ 127.199499932000876, -0.041178266999935, 0.0 ], [ 127.199685302000788, -0.041293114999967, 0.0 ], [ 127.199735206000781, -0.041451026999907, 0.0 ], [ 127.199764512918904, -0.041518087375814, 0.0 ], [ 127.199800220185651, -0.041599793100771, 0.0 ], [ 127.199813628000783, -0.041630472999947, 0.0 ], [ 127.19982553419365, -0.041668614196102, 0.0 ], [ 127.199857191655155, -0.04177002810918, 0.0 ], [ 127.199892050000827, -0.041881695999895, 0.0 ], [ 127.200013252001, -0.041996542999918, 0.0 ], [ 127.200205753000873, -0.042075501999935, 0.0 ], [ 127.200469552000982, -0.042082685999886, 0.0 ], [ 127.200583627000796, -0.042061155999875, 0.0 ], [ 127.200683445000848, -0.041982202999943, 0.0 ], [ 127.200754745000793, -0.041867359999966, 0.0 ], [ 127.200774860847304, -0.041853340522636, 0.0 ] ], [ [ 127.204716740080215, -0.038812427534032, 0.0 ], [ 127.204146344057222, -0.039673747566435, 0.0 ], [ 127.202701334059583, -0.042104584984931, 0.0 ], [ 127.203747708987322, -0.042733276018938, 0.0 ], [ 127.203727813000881, -0.042793360999953, 0.0 ], [ 127.203734939000796, -0.042972804999916, 0.0 ], [ 127.203787567379777, -0.043045312184596, 0.0 ], [ 127.203870399000877, -0.043159430999934, 0.0 ], [ 127.203876727337374, -0.043169200326241, 0.0 ], [ 127.203949250710238, -0.043281157797889, 0.0 ], [ 127.20397734100078, -0.043324521999983, 0.0 ], [ 127.204062894000856, -0.043489611999902, 0.0 ], [ 127.204184094000837, -0.043697769999913, 0.0 ], [ 127.204315294252879, -0.043790723644145, 0.0 ], [ 127.204376593000759, -0.043834152999976, 0.0 ], [ 127.204427011347377, -0.043916150876182, 0.0 ], [ 127.204469276000808, -0.043984887999958, 0.0 ], [ 127.204506289449284, -0.044025540255739, 0.0 ], [ 127.204613431146569, -0.044143215107165, 0.0 ], [ 127.204626126000875, -0.044157157999898, 0.0 ], [ 127.204733068001005, -0.044286360999918, 0.0 ], [ 127.204816398916932, -0.044367030630597, 0.0 ], [ 127.20491843700097, -0.044465809999876, 0.0 ], [ 127.205039643000802, -0.044444279999907, 0.0 ], [ 127.205099210892115, -0.044411298264315, 0.0 ], [ 127.205182239000749, -0.044365326999969, 0.0 ], [ 127.205268243776047, -0.044336468954956, 0.0 ], [ 127.205289186000826, -0.044329441999932, 0.0 ], [ 127.205326888503947, -0.044281997750776, 0.0 ], [ 127.205335512446666, -0.044271145513749, 0.0 ], [ 127.205346225000852, -0.04425766499997, 0.0 ], [ 127.205364206576604, -0.044257665504337, 0.0 ], [ 127.205389826345822, -0.044257666223005, 0.0 ], [ 127.20541752300079, -0.044257666999949, 0.0 ], [ 127.205458494684066, -0.044274167312138, 0.0 ], [ 127.205524467000799, -0.044300735999967, 0.0 ], [ 127.20565280200077, -0.044300738999863, 0.0 ], [ 127.205759750000851, -0.044228963999944, 0.0 ], [ 127.20585956800079, -0.044150010999855, 0.0 ], [ 127.205866759624357, -0.044130102349766, 0.0 ], [ 127.205888089000794, -0.044071055999908, 0.0 ], [ 127.205882519787011, -0.043981313271153, 0.0 ], [ 127.205880962000762, -0.04395621099995, 0.0 ], [ 127.205896903544598, -0.043912078301744, 0.0 ], [ 127.205909482000806, -0.04387725599997, 0.0 ], [ 127.205952263000825, -0.043805478999926, 0.0 ], [ 127.205954494578137, -0.04376505878, 0.0 ], [ 127.205959396000864, -0.04367627999993, 0.0 ], [ 127.205959399000861, -0.043532723999909, 0.0 ], [ 127.205995050000951, -0.043417880999891, 0.0 ], [ 127.206123387000801, -0.043360461999963, 0.0 ], [ 127.206180427000803, -0.043267151999937, 0.0 ], [ 127.206408582000975, -0.043123601999923, 0.0 ], [ 127.206522659000768, -0.043044648999925, 0.0 ], [ 127.206587241102341, -0.042961903311851, 0.0 ], [ 127.207492488388141, -0.042966029875568, 0.0 ], [ 127.207616161157731, -0.038879482095708, 0.0 ], [ 127.204716740080215, -0.038812427534032, 0.0 ] ], [ [ 127.203734912000812, -0.044114069999929, 0.0 ], [ 127.203692135001006, -0.044056646999895, 0.0 ], [ 127.20364935600081, -0.044078178999862, 0.0 ], [ 127.203670744000888, -0.044128423999844, 0.0 ], [ 127.203656482000952, -0.044221734999907, 0.0 ], [ 127.203620833000855, -0.044243267999886, 0.0 ], [ 127.203556666000807, -0.044207376999901, 0.0 ], [ 127.203606577000826, -0.04412842199991, 0.0 ], [ 127.203585188000815, -0.044092532999958, 0.0 ], [ 127.203542408000857, -0.044142775999884, 0.0 ], [ 127.203435463001, -0.044157129999973, 0.0 ], [ 127.203321386000894, -0.04420737099993, 0.0 ], [ 127.203406942000797, -0.044236084999942, 0.0 ], [ 127.203471109000773, -0.044250441999966, 0.0 ], [ 127.203528145000917, -0.044315042999866, 0.0 ], [ 127.203613701000862, -0.044343755999947, 0.0 ], [ 127.203692128000853, -0.044329401999958, 0.0 ], [ 127.203742036000889, -0.044315047999909, 0.0 ], [ 127.203756298000798, -0.044236092999925, 0.0 ], [ 127.203734912000812, -0.044114069999929, 0.0 ] ], [ [ 127.183167145923377, -0.033054339180737, 0.0 ], [ 127.183198941237038, -0.026450869332709, 0.0 ], [ 127.174009656059653, -0.026470543349581, 0.0 ], [ 127.174009547178969, -0.033086070703412, 0.0 ], [ 127.183167145923377, -0.033054339180737, 0.0 ] ], [ [ 127.198931787000902, -0.027840802999948, 0.0 ], [ 127.198988823000832, -0.027977179999908, 0.0 ], [ 127.199181325000808, -0.027970005999913, 0.0 ], [ 127.199368083844888, -0.027913603418542, 0.0 ], [ 127.19939521700087, -0.027905408999968, 0.0 ], [ 127.199580591000867, -0.02779774599996, 0.0 ], [ 127.199701797000856, -0.027740325999931, 0.0 ], [ 127.199727433338452, -0.027585486908753, 0.0 ], [ 127.199737449000963, -0.027524993999982, 0.0 ], [ 127.199706609952557, -0.027462897944372, 0.0 ], [ 127.199680413000777, -0.027410148999932, 0.0 ], [ 127.199509303000781, -0.027187635999931, 0.0 ], [ 127.199402360000803, -0.027008189999888, 0.0 ], [ 127.199402362000896, -0.02685027999996, 0.0 ], [ 127.199473661000866, -0.026713903999961, 0.0 ], [ 127.199473664000791, -0.0265559929999, 0.0 ], [ 127.199380980000868, -0.026390903999929, 0.0 ], [ 127.19923838800095, -0.026283234999941, 0.0 ], [ 127.199100853490378, -0.026214002916978, 0.0 ], [ 127.19905301700085, -0.026189922999901, 0.0 ], [ 127.198967462000795, -0.026110965999949, 0.0 ], [ 127.198903295000818, -0.02601765399988, 0.0 ], [ 127.198860519000931, -0.025909986999961, 0.0 ], [ 127.19881774200087, -0.025809498999928, 0.0 ], [ 127.198732187000886, -0.025759251999887, 0.0 ], [ 127.198732184000832, -0.025967407999916, 0.0 ], [ 127.198767829001028, -0.026132495999933, 0.0 ], [ 127.198817735000972, -0.026261696999944, 0.0 ], [ 127.198803474000869, -0.026405250999934, 0.0 ], [ 127.19869652600083, -0.026599047999987, 0.0 ], [ 127.198575319000852, -0.026778489999946, 0.0 ], [ 127.198542870189243, -0.026811156354307, 0.0 ], [ 127.19850402000084, -0.026850266999903, 0.0 ], [ 127.198454111000814, -0.026965109999932, 0.0 ], [ 127.198489757000843, -0.027101487999952, 0.0 ], [ 127.19850623711109, -0.027119587836251, 0.0 ], [ 127.198568183000816, -0.027187621999908, 0.0 ], [ 127.198660867000825, -0.027345533999944, 0.0 ], [ 127.198739290000873, -0.027510622999835, 0.0 ], [ 127.198860495001014, -0.027596757999925, 0.0 ], [ 127.198908826571952, -0.027762205418026, 0.0 ], [ 127.198931787000902, -0.027840802999948, 0.0 ] ], [ [ 127.225650907781784, -0.024102468976439, 0.0 ], [ 127.224817436814462, -0.029420447235524, 0.0 ], [ 127.226433463073135, -0.033133817365459, 0.0 ], [ 127.232907340564651, -0.033009517248657, 0.0 ], [ 127.234742163974332, -0.028157297420203, 0.0 ], [ 127.232260502528234, -0.027563975071158, 0.0 ], [ 127.23224876836818, -0.023786088569294, 0.0 ], [ 127.229608324337548, -0.023788274983035, 0.0 ], [ 127.229782059200147, -0.022467564009798, 0.0 ], [ 127.227833886618683, -0.022207955844334, 0.0 ], [ 127.225650907781784, -0.024102468976439, 0.0 ] ], [ [ 127.225387367926615, -0.023065662842978, 0.0 ], [ 127.225450468950925, -0.023066137394186, 0.0 ], [ 127.225450997329602, -0.022219551932577, 0.0 ], [ 127.226642009429938, -0.022224301009557, 0.0 ], [ 127.229223117624016, -0.017510552638874, 0.0 ], [ 127.229839390460029, -0.016374041089506, 0.0 ], [ 127.223622200193063, -0.016278281109136, 0.0 ], [ 127.220570589403593, -0.022202359043263, 0.0 ], [ 127.221617986442553, -0.022204268026507, 0.0 ], [ 127.222900579854908, -0.022209382300112, 0.0 ], [ 127.222901963841295, -0.022209387593905, 0.0 ], [ 127.222913949000798, -0.022278340999871, 0.0 ], [ 127.222932960000776, -0.022388401999927, 0.0 ], [ 127.222875922000767, -0.022388400999934, 0.0 ], [ 127.222840876380346, -0.02239047584987, 0.0 ], [ 127.222795117000729, -0.022393184999949, 0.0 ], [ 127.222770445497119, -0.022406431512468, 0.0 ], [ 127.222723819000905, -0.022431465999946, 0.0 ], [ 127.222684324297191, -0.02254676703962, 0.0 ], [ 127.222676285000716, -0.022570236999968, 0.0 ], [ 127.222724467126497, -0.022636068912875, 0.0 ], [ 127.222742829000737, -0.022661156999964, 0.0 ], [ 127.222744153262184, -0.022663459798864, 0.0 ], [ 127.22279511400076, -0.02275207699991, 0.0 ], [ 127.222776099000754, -0.022876492999946, 0.0 ], [ 127.222771711184336, -0.023039873898596, 0.0 ], [ 127.222771344000776, -0.023053545999937, 0.0 ], [ 127.222780248130562, -0.023059641816886, 0.0 ], [ 127.222823334491267, -0.023089138980483, 0.0 ], [ 127.222890173000835, -0.023134896999931, 0.0 ], [ 127.222938041723751, -0.023133750120682, 0.0 ], [ 127.222955051455074, -0.023133342587259, 0.0 ], [ 127.223089807000761, -0.023130113999928, 0.0 ], [ 127.223151636455981, -0.023083429920067, 0.0 ], [ 127.223250760598503, -0.023082987983596, 0.0 ], [ 127.225387367926615, -0.023065662842978, 0.0 ] ], [ [ 127.236113730449773, -0.032459003528912, 0.0 ], [ 127.23969846077587, -0.03245906642632, 0.0 ], [ 127.239678705583358, -0.029428393945018, 0.0 ], [ 127.238177929442131, -0.029421655012236, 0.0 ], [ 127.238157763199268, -0.027375108919778, 0.0 ], [ 127.23609556366101, -0.027355280077988, 0.0 ], [ 127.2360943813555, -0.029412299250168, 0.0 ], [ 127.236113730449773, -0.032459003528912, 0.0 ] ], [ [ 127.217406006770531, -0.026249858207087, 0.0 ], [ 127.210019739537486, -0.026096956755109, 0.0 ], [ 127.210038512116682, -0.031373898067169, 0.0 ], [ 127.217405927449988, -0.031354086338802, 0.0 ], [ 127.217406006770531, -0.026249858207087, 0.0 ] ], [ [ 127.206052344000867, -0.030691684999938, 0.0 ], [ 127.206038086000788, -0.030619906999904, 0.0 ], [ 127.205952530000971, -0.030569660999944, 0.0 ], [ 127.205866974000969, -0.030548125999902, 0.0 ], [ 127.205752899000856, -0.030533768999899, 0.0 ], [ 127.205638823000925, -0.030519411999926, 0.0 ], [ 127.20551761800084, -0.030490697999928, 0.0 ], [ 127.205360764000787, -0.030512228999905, 0.0 ], [ 127.205253614020819, -0.030517905065776, 0.0 ], [ 127.205225299000787, -0.030519404999948, 0.0 ], [ 127.205075574000801, -0.030548113999936, 0.0 ], [ 127.205018536000779, -0.030576823999954, 0.0 ], [ 127.204893660251003, -0.030642986964074, 0.0 ], [ 127.204883070000818, -0.03064859799997, 0.0 ], [ 127.204818902000923, -0.030727553999954, 0.0 ], [ 127.204899531879235, -0.031036807432451, 0.0 ], [ 127.20510616100259, -0.031829328079229, 0.0 ], [ 127.205118330000872, -0.03187600199992, 0.0 ], [ 127.205211015000771, -0.031954958999917, 0.0 ], [ 127.20541777800085, -0.03191907299986, 0.0 ], [ 127.205631670000898, -0.031897544999899, 0.0 ], [ 127.205802785000813, -0.031811413999948, 0.0 ], [ 127.205891199163773, -0.031780604450053, 0.0 ], [ 127.205988159000853, -0.031746816999948, 0.0 ], [ 127.206137885000942, -0.031653508999952, 0.0 ], [ 127.206159275000857, -0.031545841999941, 0.0 ], [ 127.206152149000843, -0.031352042999905, 0.0 ], [ 127.206073727000884, -0.031100818999918, 0.0 ], [ 127.206102249000821, -0.030863952999904, 0.0 ], [ 127.206080862000803, -0.03074910799993, 0.0 ], [ 127.206052344000867, -0.030691684999938, 0.0 ] ], [ [ 127.204055233430935, -0.030852417833099, 0.0 ], [ 127.204041760000848, -0.030849561999908, 0.0 ], [ 127.203967451183544, -0.030853123486986, 0.0 ], [ 127.203892036000852, -0.030856737999954, 0.0 ], [ 127.20383499600085, -0.030964402999924, 0.0 ], [ 127.203834995218529, -0.031017830398285, 0.0 ], [ 127.203834994000843, -0.031100779999911, 0.0 ], [ 127.203770824000884, -0.031208445999869, 0.0 ], [ 127.203728045000815, -0.031301755999945, 0.0 ], [ 127.203763690000898, -0.031495556999919, 0.0 ], [ 127.20377081800082, -0.03160322299991, 0.0 ], [ 127.203799334000877, -0.03176831199994, 0.0 ], [ 127.203670998000774, -0.031818553999912, 0.0 ], [ 127.203555458421292, -0.031843040220065, 0.0 ], [ 127.203535533000775, -0.031847262999912, 0.0 ], [ 127.203514400927972, -0.031862279679102, 0.0 ], [ 127.203488927912602, -0.031880381078779, 0.0 ], [ 127.203414326000896, -0.031933393999894, 0.0 ], [ 127.203412735004292, -0.031946206018817, 0.0 ], [ 127.203392934000831, -0.03210565999995, 0.0 ], [ 127.203324619477712, -0.032124415636576, 0.0 ], [ 127.203314507000826, -0.032127191999966, 0.0 ], [ 127.203273991340154, -0.032158566634527, 0.0 ], [ 127.203221819000859, -0.032198967999915, 0.0 ], [ 127.203233250736218, -0.032245006014024, 0.0 ], [ 127.203243207000753, -0.032285101999949, 0.0 ], [ 127.203317871471512, -0.032422914559734, 0.0 ], [ 127.203328761000989, -0.032443013999968, 0.0 ], [ 127.203328759691473, -0.032499455565164, 0.0 ], [ 127.203328758000836, -0.032572213999937, 0.0 ], [ 127.203306515566965, -0.032672971347667, 0.0 ], [ 127.203300237000789, -0.032701412999935, 0.0 ], [ 127.20331449400085, -0.032873678999981, 0.0 ], [ 127.203392919000905, -0.032959813999918, 0.0 ], [ 127.203578291000852, -0.032981350999911, 0.0 ], [ 127.203625784218531, -0.032965413594225, 0.0 ], [ 127.203642459000832, -0.032959817999921, 0.0 ], [ 127.203749404000845, -0.032959820999946, 0.0 ], [ 127.203799311000779, -0.033038776999888, 0.0 ], [ 127.20383495700078, -0.03319668899997, 0.0 ], [ 127.203834954000854, -0.033354598999945, 0.0 ], [ 127.203827822000861, -0.03351250999996, 0.0 ], [ 127.203834949000978, -0.033648887999945, 0.0 ], [ 127.20381355800086, -0.033770909999897, 0.0 ], [ 127.203803034174825, -0.033787860592562, 0.0 ], [ 127.203777908000887, -0.033828330999921, 0.0 ], [ 127.203713740000779, -0.033864218999928, 0.0 ], [ 127.203606794000777, -0.033907282999929, 0.0 ], [ 127.203585401000808, -0.034058015999918, 0.0 ], [ 127.20367095700098, -0.034151327999949, 0.0 ], [ 127.203777901000834, -0.034201574999882, 0.0 ], [ 127.203859010001437, -0.034231269581769, 0.0 ], [ 127.203934754000883, -0.034259, 0.0 ], [ 127.204041698000836, -0.03434513499997, 0.0 ], [ 127.204098733000762, -0.034467158999942, 0.0 ], [ 127.204155768000845, -0.03461071499992, 0.0 ], [ 127.20418428400076, -0.034782981999969, 0.0 ], [ 127.204198541000935, -0.03489782699991, 0.0 ], [ 127.204276967000823, -0.035005494999956, 0.0 ], [ 127.20433400400097, -0.035005494999958, 0.0 ], [ 127.204469469000784, -0.034962430999928, 0.0 ], [ 127.204555026000847, -0.034962432999914, 0.0 ], [ 127.204704751000733, -0.034933724999969, 0.0 ], [ 127.204825956000818, -0.03494808299995, 0.0 ], [ 127.204861602000818, -0.035041394999948, 0.0 ], [ 127.204882990000968, -0.035149060999972, 0.0 ], [ 127.204975674000764, -0.035263907999914, 0.0 ], [ 127.204954282000742, -0.035400284999921, 0.0 ], [ 127.204918632000798, -0.035486417999948, 0.0 ], [ 127.204925758000812, -0.035658683999935, 0.0 ], [ 127.204921073067467, -0.035814235853095, 0.0 ], [ 127.204918624000769, -0.035895550999938, 0.0 ], [ 127.204861582000859, -0.036074992999943, 0.0 ], [ 127.204761763000818, -0.036247258999933, 0.0 ], [ 127.204751108607169, -0.036370586872426, 0.0 ], [ 127.204747501000938, -0.036412345999933, 0.0 ], [ 127.204911482000824, -0.036484126999913, 0.0 ], [ 127.205025559000831, -0.036441062999886, 0.0 ], [ 127.20512618479907, -0.036370594384604, 0.0 ], [ 127.205189545000835, -0.036326222999904, 0.0 ], [ 127.205175289000806, -0.036197021999879, 0.0 ], [ 127.205168161000827, -0.036060643999968, 0.0 ], [ 127.205182423000878, -0.035924266999933, 0.0 ], [ 127.20526798000077, -0.035931445999953, 0.0 ], [ 127.20539631400078, -0.035981692999943, 0.0 ], [ 127.205610204000848, -0.036060652999939, 0.0 ], [ 127.205709801674004, -0.036067817295147, 0.0 ], [ 127.205710020000865, -0.036067832999905, 0.0 ], [ 127.2058098370008, -0.036039123999892, 0.0 ], [ 127.205850788495539, -0.035937646337973, 0.0 ], [ 127.205860293226678, -0.03591409364486, 0.0 ], [ 127.205902528000763, -0.035809435999926, 0.0 ], [ 127.205951825355285, -0.035672962986122, 0.0 ], [ 127.205988089000783, -0.03557257199996, 0.0 ], [ 127.206059388000824, -0.035486439999884, 0.0 ], [ 127.206066522000825, -0.035263928999915, 0.0 ], [ 127.206045134000902, -0.035163439999967, 0.0 ], [ 127.205973842000816, -0.034897860999929, 0.0 ], [ 127.205881157000832, -0.034833258999908, 0.0 ], [ 127.205724303000778, -0.034818899999941, 0.0 ], [ 127.205567451000874, -0.034711230999953, 0.0 ], [ 127.205260874000786, -0.034675335999931, 0.0 ], [ 127.205082631001005, -0.034653798999956, 0.0 ], [ 127.205039853000798, -0.034646620999957, 0.0 ], [ 127.204968557000768, -0.034617907999977, 0.0 ], [ 127.204949905919605, -0.034585718281422, 0.0 ], [ 127.204918650000835, -0.034531773999889, 0.0 ], [ 127.204840225000964, -0.03440974999993, 0.0 ], [ 127.204843920561316, -0.034389289799863, 0.0 ], [ 127.20486874700083, -0.034251839999934, 0.0 ], [ 127.204840400515224, -0.034030635214525, 0.0 ], [ 127.204840233000922, -0.034029327999924, 0.0 ], [ 127.204825976000961, -0.033885772999941, 0.0 ], [ 127.204797460000833, -0.033699149999969, 0.0 ], [ 127.204784424284753, -0.033554755846922, 0.0 ], [ 127.204783204000918, -0.033541238999861, 0.0 ], [ 127.204733299000807, -0.03338332699993, 0.0 ], [ 127.204716319748258, -0.033337742167388, 0.0 ], [ 127.204690522000945, -0.033268481999927, 0.0 ], [ 127.204633487000777, -0.033096213999942, 0.0 ], [ 127.204604973000826, -0.032895235999894, 0.0 ], [ 127.204597846000894, -0.032751680999914, 0.0 ], [ 127.204590718000858, -0.032608124999939, 0.0 ], [ 127.204549790984885, -0.032508056123301, 0.0 ], [ 127.204540812000872, -0.032486101999891, 0.0 ], [ 127.204474048658824, -0.03237407582568, 0.0 ], [ 127.204433869000766, -0.032306655999952, 0.0 ], [ 127.204383965000829, -0.032105676999938, 0.0 ], [ 127.204326930000889, -0.031926231999898, 0.0 ], [ 127.204317055964808, -0.031792002290522, 0.0 ], [ 127.20431267400086, -0.031732432999892, 0.0 ], [ 127.204312678000804, -0.031509920999958, 0.0 ], [ 127.204362239401036, -0.031324607180431, 0.0 ], [ 127.204362589000965, -0.031323299999886, 0.0 ], [ 127.204419629000967, -0.031222812999891, 0.0 ], [ 127.20439376736428, -0.031053561479983, 0.0 ], [ 127.204391113000796, -0.031036189999912, 0.0 ], [ 127.204385656335873, -0.031030696362303, 0.0 ], [ 127.204298428000854, -0.030942876999942, 0.0 ], [ 127.204177224000816, -0.030878274999959, 0.0 ], [ 127.204055233430935, -0.030852417833099, 0.0 ] ], [ [ 127.206941986442658, -0.03057822187231, 0.0 ], [ 127.206969704000926, -0.030631885999937, 0.0 ], [ 127.207150324000864, -0.030603177999908, 0.0 ], [ 127.207330945000862, -0.03053618899992, 0.0 ], [ 127.207473542000869, -0.030402205999975, 0.0 ], [ 127.207502062000884, -0.030306501999956, 0.0 ], [ 127.207587622000858, -0.030143806999883, 0.0 ], [ 127.207730220000883, -0.029923690999924, 0.0 ], [ 127.207753240884117, -0.02985416619057, 0.0 ], [ 127.207796767000872, -0.029722713999923, 0.0 ], [ 127.207815783000839, -0.029502595999909, 0.0 ], [ 127.207822680040906, -0.029467881412609, 0.0 ], [ 127.207901347000828, -0.029071929999926, 0.0 ], [ 127.207872830000809, -0.02895708499994, 0.0 ], [ 127.207777768000767, -0.028851809999928, 0.0 ], [ 127.207768264000819, -0.02874653499993, 0.0 ], [ 127.207901354000853, -0.028631691999982, 0.0 ], [ 127.20795349765055, -0.028589697177732, 0.0 ], [ 127.207996406210967, -0.028555139998497, 0.0 ], [ 127.208091482000839, -0.028478568999901, 0.0 ], [ 127.208110499000966, -0.028248880999963, 0.0 ], [ 127.208100995000976, -0.028076613999869, 0.0 ], [ 127.208072480000823, -0.02785649499998, 0.0 ], [ 127.207891861000917, -0.027799069999939, 0.0 ], [ 127.207866850061421, -0.027805784029649, 0.0 ], [ 127.207749265000814, -0.027837348999925, 0.0 ], [ 127.207629258962001, -0.027863235837986, 0.0 ], [ 127.207616176000869, -0.027866057999971, 0.0 ], [ 127.207435556000917, -0.02793304799993, 0.0 ], [ 127.207292959000853, -0.028067030999969, 0.0 ], [ 127.207222822102295, -0.028137638738773, 0.0 ], [ 127.20718838800083, -0.028172303999889, 0.0 ], [ 127.207121760878493, -0.028239377763884, 0.0 ], [ 127.207083817000751, -0.028277575999892, 0.0 ], [ 127.206959859870324, -0.028353834744439, 0.0 ], [ 127.206912701000846, -0.028382846999925, 0.0 ], [ 127.206722574000977, -0.0284881179999, 0.0 ], [ 127.206579976000796, -0.028679523999909, 0.0 ], [ 127.206513430000825, -0.028832648999915, 0.0 ], [ 127.206461295838764, -0.028966772610925, 0.0 ], [ 127.206427870000837, -0.029052765999945, 0.0 ], [ 127.206378564815978, -0.029118946523366, 0.0 ], [ 127.206285272000798, -0.029244169999929, 0.0 ], [ 127.206201244571488, -0.029574832782114, 0.0 ], [ 127.206180696000786, -0.029655694999942, 0.0 ], [ 127.206190199000815, -0.029923665999898, 0.0 ], [ 127.206294765000777, -0.030105503999918, 0.0 ], [ 127.206437358000755, -0.030172498999903, 0.0 ], [ 127.206484891000812, -0.030086366999904, 0.0 ], [ 127.206484892000802, -0.030009803999973, 0.0 ], [ 127.206603839173994, -0.029988674257603, 0.0 ], [ 127.206646500000872, -0.029981095999924, 0.0 ], [ 127.206646499400236, -0.030021397436619, 0.0 ], [ 127.206646498000836, -0.030115079999973, 0.0 ], [ 127.206770338023802, -0.030221057557226, 0.0 ], [ 127.206836621000846, -0.03027777999995, 0.0 ], [ 127.206846125000837, -0.030392623999895, 0.0 ], [ 127.206941986442658, -0.03057822187231, 0.0 ] ], [ [ 127.195388377000981, -0.024668189999927, 0.0 ], [ 127.195324210000862, -0.024610766999891, 0.0 ], [ 127.195274301000822, -0.024646653999941, 0.0 ], [ 127.195252913000999, -0.024661009999875, 0.0 ], [ 127.195210134000803, -0.024725608999893, 0.0 ], [ 127.195203003000984, -0.024768674999948, 0.0 ], [ 127.195174484000859, -0.024826096999918, 0.0 ], [ 127.195110316000878, -0.024876339999918, 0.0 ], [ 127.195039019000887, -0.024919404999939, 0.0 ], [ 127.195010499000858, -0.024998359999897, 0.0 ], [ 127.195010498000883, -0.025062959999943, 0.0 ], [ 127.194953459000871, -0.025177802999939, 0.0 ], [ 127.194939198000895, -0.025314178999976, 0.0 ], [ 127.194939196000831, -0.025400311999941, 0.0 ], [ 127.19496771300102, -0.025507977999911, 0.0 ], [ 127.195010491000843, -0.025586933999902, 0.0 ], [ 127.195131695000882, -0.025579758999928, 0.0 ], [ 127.195238641000984, -0.025500803999904, 0.0 ], [ 127.195288550000896, -0.025429027999913, 0.0 ], [ 127.195345591000887, -0.025263940999901, 0.0 ], [ 127.195345592000862, -0.025156274999954, 0.0 ], [ 127.195366983000881, -0.024984009999937, 0.0 ], [ 127.19538837300081, -0.02490505499995, 0.0 ], [ 127.195402635000917, -0.024761500999931, 0.0 ], [ 127.195388377000981, -0.024668189999927, 0.0 ] ], [ [ 127.23526584400075, -0.088438383999952, 0.0 ], [ 127.235392743362567, -0.08834821345348, 0.0 ], [ 127.235427460000778, -0.088323544999988, 0.0 ], [ 127.235503721929689, -0.08830892499795, 0.0 ], [ 127.23550374800071, -0.088308919999963, 0.0 ], [ 127.235558089298777, -0.088298501893728, 0.0 ], [ 127.235627097000688, -0.088285271999958, 0.0 ], [ 127.235788708000825, -0.088256568999957, 0.0 ], [ 127.235811107000671, -0.088253046999967, 0.0 ], [ 127.235811190854221, -0.088253033813267, 0.0 ], [ 127.236092917000747, -0.08820872999997, 0.0 ], [ 127.236311571000769, -0.088122605999957, 0.0 ], [ 127.236444666000679, -0.088007765999978, 0.0 ], [ 127.236606281000689, -0.087892927999936, 0.0 ], [ 127.236739380000671, -0.087720664999915, 0.0 ], [ 127.236872478000677, -0.087567541999929, 0.0 ], [ 127.237093131660188, -0.087363932314142, 0.0 ], [ 127.237100643000787, -0.087357000999928, 0.0 ], [ 127.237309795000755, -0.08715602999995, 0.0 ], [ 127.237513053000697, -0.086978109999918, 0.0 ], [ 127.23752845200076, -0.086964629999938, 0.0 ], [ 127.237766121000732, -0.086830652999923, 0.0 ], [ 127.238032305000715, -0.086763672999944, 0.0 ], [ 127.238260465000721, -0.086667977999933, 0.0 ], [ 127.238526655000754, -0.086495720999951, 0.0 ], [ 127.238659752000771, -0.086352168999909, 0.0 ], [ 127.238678773000728, -0.086170329999938, 0.0 ], [ 127.238526679000742, -0.08595976999993, 0.0 ], [ 127.238270019000737, -0.085643929999947, 0.0 ], [ 127.238184468000753, -0.085481227999917, 0.0 ], [ 127.238079906000706, -0.085280241999931, 0.0 ], [ 127.238003859000685, -0.085165390999982, 0.0 ], [ 127.237775712000712, -0.084993111999931, 0.0 ], [ 127.237661644000681, -0.084763412999906, 0.0 ], [ 127.237671168000716, -0.084361450999952, 0.0 ], [ 127.23771871500071, -0.084064766999947, 0.0 ], [ 127.237794777000758, -0.083815936999917, 0.0 ], [ 127.237975391000731, -0.084036067999923, 0.0 ], [ 127.237985625050641, -0.084044900042842, 0.0 ], [ 127.238175019000749, -0.08420834599996, 0.0 ], [ 127.238241560000858, -0.084304054999958, 0.0 ], [ 127.238222539000759, -0.084485893999926, 0.0 ], [ 127.238298586000695, -0.084591172999965, 0.0 ], [ 127.238460196000759, -0.084600750999928, 0.0 ], [ 127.238602799000745, -0.084457198999921, 0.0 ], [ 127.238716884000738, -0.084304075999964, 0.0 ], [ 127.238734548000721, -0.084275922999902, 0.0 ], [ 127.238734676663171, -0.084275717931562, 0.0 ], [ 127.238830970000762, -0.084122240999909, 0.0 ], [ 127.238878508000752, -0.083988254999944, 0.0 ], [ 127.239030610000782, -0.084026544999954, 0.0 ], [ 127.239011591000676, -0.084179671999931, 0.0 ], [ 127.239049613000674, -0.084256238999953, 0.0 ], [ 127.239087631000757, -0.084418938999911, 0.0 ], [ 127.239087624000703, -0.084591208999932, 0.0 ], [ 127.23907016645974, -0.084673207443125, 0.0 ], [ 127.23907003200074, -0.084673838999904, 0.0 ], [ 127.239059098000766, -0.084725195999962, 0.0 ], [ 127.239097113000767, -0.084974030999948, 0.0 ], [ 127.23915414000075, -0.085232437999917, 0.0 ], [ 127.239268206000659, -0.085490847999945, 0.0 ], [ 127.239401283000745, -0.085787540999949, 0.0 ], [ 127.239524859000753, -0.085978956999954, 0.0 ], [ 127.239753005000807, -0.086170378999965, 0.0 ], [ 127.239933622000734, -0.086313945999961, 0.0 ], [ 127.240209286000749, -0.08684033899995, 0.0 ], [ 127.24034236300075, -0.087156172999939, 0.0 ], [ 127.240551488000719, -0.087519863999957, 0.0 ], [ 127.240570488000785, -0.087797409999953, 0.0 ], [ 127.240539534325421, -0.087996790612414, 0.0 ], [ 127.240522942000737, -0.08810366599989, 0.0 ], [ 127.240313777000821, -0.088563041999964, 0.0 ], [ 127.240066596000659, -0.088821434999903, 0.0 ], [ 127.23984465600077, -0.08911001099992, 0.0 ], [ 127.23984455209154, -0.08911014610355, 0.0 ], [ 127.239838427000777, -0.089118109999928, 0.0 ], [ 127.239553212000672, -0.089539200999974, 0.0 ], [ 127.239277516000683, -0.089701885999933, 0.0 ], [ 127.239039841000675, -0.08996984999989, 0.0 ], [ 127.238688090000764, -0.090199525999886, 0.0 ], [ 127.238412400000684, -0.090237794999935, 0.0 ], [ 127.238117699000739, -0.090256921999955, 0.0 ], [ 127.238022633000668, -0.090266487999904, 0.0 ], [ 127.237737436000742, -0.090333467999873, 0.0 ], [ 127.237699417000698, -0.090189906999961, 0.0 ], [ 127.237823011000714, -0.089988931999934, 0.0 ], [ 127.237870552000786, -0.089797523999924, 0.0 ], [ 127.237756480000698, -0.089682671999903, 0.0 ], [ 127.237442766000726, -0.089701797999941, 0.0 ], [ 127.237167076000773, -0.089730495999933, 0.0 ], [ 127.236948431000741, -0.089653920999942, 0.0 ], [ 127.236708003568182, -0.089563139733835, 0.0 ], [ 127.23670770500074, -0.089563026999917, 0.0 ], [ 127.236568179000713, -0.089510344999933, 0.0 ], [ 127.236416078000744, -0.089452913999895, 0.0 ], [ 127.2360738480007, -0.089395474999955, 0.0 ], [ 127.235940753000705, -0.089481602999944, 0.0 ], [ 127.235921729000793, -0.089730434999974, 0.0 ], [ 127.235845668000707, -0.089921842999951, 0.0 ], [ 127.235739918726935, -0.090153524136092, 0.0 ], [ 127.235684041000738, -0.090275943999897, 0.0 ], [ 127.235665018000773, -0.090476923999941, 0.0 ], [ 127.235569946000737, -0.090630047999985, 0.0 ], [ 127.235508008000721, -0.090689685999948, 0.0 ], [ 127.235455459128019, -0.090740283752919, 0.0 ], [ 127.235351287000725, -0.090840587999908, 0.0 ], [ 127.235104116000784, -0.090907569999921, 0.0 ], [ 127.234875958000742, -0.090964980999948, 0.0 ], [ 127.234581252000766, -0.091098953999922, 0.0 ], [ 127.234238999000681, -0.091500898999921, 0.0 ], [ 127.234115408000747, -0.091644450999975, 0.0 ], [ 127.233915773000689, -0.091625299999956, 0.0 ], [ 127.233706635000772, -0.091558295999945, 0.0 ], [ 127.233592550000679, -0.091701847999904, 0.0 ], [ 127.233564009000688, -0.092151659999899, 0.0 ], [ 127.233459421000703, -0.092486623999952, 0.0 ], [ 127.233487933000802, -0.092639752999966, 0.0 ], [ 127.233592497000686, -0.092764174999959, 0.0 ], [ 127.233697060000722, -0.092946019999912, 0.0 ], [ 127.23370655900078, -0.093080006999972, 0.0 ], [ 127.233411864000786, -0.092993857999946, 0.0 ], [ 127.233164696000699, -0.09298427499994, 0.0 ], [ 127.233050625000701, -0.09285028199997, 0.0 ], [ 127.233003109000734, -0.09253445299989, 0.0 ], [ 127.233003116000745, -0.092390894999912, 0.0 ], [ 127.233107687000725, -0.092381329999932, 0.0 ], [ 127.23322177300075, -0.092209066999905, 0.0 ], [ 127.233288326000775, -0.092055941999943, 0.0 ], [ 127.233316855000808, -0.091854961999961, 0.0 ], [ 127.233307367000748, -0.091472141999896, 0.0 ], [ 127.233212317000692, -0.091185020999924, 0.0 ], [ 127.233098251000811, -0.090964893999972, 0.0 ], [ 127.23301269900071, -0.090830901999915, 0.0 ], [ 127.232965173000693, -0.090696912999909, 0.0 ], [ 127.232946167000691, -0.090562924999974, 0.0 ], [ 127.232822592000701, -0.090371508999966, 0.0 ], [ 127.232756052000695, -0.090266229999902, 0.0 ], [ 127.23265148700078, -0.090132237999957, 0.0 ], [ 127.232413827000727, -0.090113084999854, 0.0 ], [ 127.232166656000814, -0.090180066999914, 0.0 ], [ 127.231986029000694, -0.090266191999909, 0.0 ], [ 127.231824409000737, -0.090486305999897, 0.0 ], [ 127.231710324000801, -0.090648998999877, 0.0 ], [ 127.231415615000756, -0.090830823999938, 0.0 ], [ 127.231158938000718, -0.090897804999908, 0.0 ], [ 127.23096880700075, -0.090945647999938, 0.0 ], [ 127.23065509600076, -0.090926490999935, 0.0 ], [ 127.230350893000704, -0.090859482999961, 0.0 ], [ 127.230075207000723, -0.09083075799992, 0.0 ], [ 127.229895399533433, -0.090853376246112, 0.0 ], [ 127.229895163000776, -0.090853405999898, 0.0 ], [ 127.229771000000753, -0.090869024999938, 0.0 ], [ 127.229514323000785, -0.090936004999939, 0.0 ], [ 127.229390733000741, -0.091050844999906, 0.0 ], [ 127.229295657000776, -0.091290102999921, 0.0 ], [ 127.229219590000753, -0.091625066999894, 0.0 ], [ 127.229209754608959, -0.091671263289699, 0.0 ], [ 127.229162538000764, -0.09189303699996, 0.0 ], [ 127.229143505000707, -0.092294996999946, 0.0 ], [ 127.229141804000776, -0.092301442999932, 0.0 ], [ 127.229141686385091, -0.092301888684506, 0.0 ], [ 127.228981866000709, -0.092907499999908, 0.0 ], [ 127.228862210517349, -0.093198226071794, 0.0 ], [ 127.228861992000702, -0.093198756999892, 0.0 ], [ 127.228706145000743, -0.09357741999995, 0.0 ], [ 127.228528008000708, -0.093987277999849, 0.0 ], [ 127.228527450695367, -0.093988560244163, 0.0 ], [ 127.228439934000804, -0.094189917999909, 0.0 ], [ 127.228287814000751, -0.094544017999956, 0.0 ], [ 127.228126189000719, -0.094831123999917, 0.0 ], [ 127.227860001000764, -0.095003378999925, 0.0 ], [ 127.227824822021887, -0.095046963313904, 0.0 ], [ 127.227824317000795, -0.09504758899994, 0.0 ], [ 127.22773641000073, -0.095156499999973, 0.0 ], [ 127.227774429000775, -0.095290487999895, 0.0 ], [ 127.227821952000809, -0.095453188999945, 0.0 ], [ 127.227707867000746, -0.095606310999938, 0.0 ], [ 127.227565266000795, -0.095702007999907, 0.0 ], [ 127.227508211000796, -0.096008260999945, 0.0 ], [ 127.227612773000715, -0.096190104999937, 0.0 ], [ 127.227697723269259, -0.096254254067194, 0.0 ], [ 127.227878942000871, -0.09639109899994, 0.0 ], [ 127.228021531000792, -0.096553805999972, 0.0 ], [ 127.22808806100079, -0.096840922999932, 0.0 ], [ 127.228145078000708, -0.097252457999969, 0.0 ], [ 127.228202099000782, -0.097596997999914, 0.0 ], [ 127.228335173000929, -0.097884118999936, 0.0 ], [ 127.22855381000079, -0.09810425199991, 0.0 ], [ 127.229019612000812, -0.098353109999965, 0.0 ], [ 127.229504426000801, -0.098621108999966, 0.0 ], [ 127.229922698000919, -0.098841252999935, 0.0 ], [ 127.230274428000712, -0.098994398999901, 0.0 ], [ 127.230445542000766, -0.099032690999896, 0.0 ], [ 127.230683207000908, -0.098946568999961, 0.0 ], [ 127.230759255000763, -0.09901356699992, 0.0 ], [ 127.230930357000688, -0.099291120999921, 0.0 ], [ 127.23111097500076, -0.099348552999964, 0.0 ], [ 127.231291596000972, -0.09938684499993, 0.0 ], [ 127.231472221000828, -0.09934857299993, 0.0 ], [ 127.231576797000798, -0.099243302999974, 0.0 ], [ 127.231719388000826, -0.09936772699995, 0.0 ], [ 127.231880989000729, -0.099501722999938, 0.0 ], [ 127.232033085000722, -0.099645287999965, 0.0 ], [ 127.232211166000752, -0.099677894999934, 0.0 ], [ 127.232211377543251, -0.099677933733988, 0.0 ], [ 127.232242225000718, -0.099683581999947, 0.0 ], [ 127.232508401000715, -0.099760159999942, 0.0 ], [ 127.23249888900078, -0.099875005999936, 0.0 ], [ 127.232410252323845, -0.099892847151274, 0.0 ], [ 127.232410109000753, -0.099892875999943, 0.0 ], [ 127.232213693000745, -0.099932412999951, 0.0 ], [ 127.232071102000759, -0.099807988999942, 0.0 ], [ 127.231890475000768, -0.099913254999874, 0.0 ], [ 127.231833422000804, -0.100162084999925, 0.0 ], [ 127.231966501000784, -0.100372642999929, 0.0 ], [ 127.232242182000732, -0.100477933999966, 0.0 ], [ 127.232422799000815, -0.100583218999943, 0.0 ], [ 127.232584400000746, -0.100745925999908, 0.0 ], [ 127.232574885000759, -0.100918194999958, 0.0 ], [ 127.232489313000741, -0.101157452999903, 0.0 ], [ 127.232622382000741, -0.101578562999974, 0.0 ], [ 127.232727444000687, -0.101684344999953, 0.0 ], [ 127.232727564696233, -0.101684466523738, 0.0 ], [ 127.232783982000768, -0.101741270999987, 0.0 ], [ 127.232898049000724, -0.101932686999934, 0.0 ], [ 127.232663601931847, -0.101831517109935, 0.0 ], [ 127.232663458000715, -0.101831454999959, 0.0 ], [ 127.23263187500072, -0.101817825999922, 0.0 ], [ 127.232470260000667, -0.101903951999888, 0.0 ], [ 127.232384692000778, -0.102095356999871, 0.0 ], [ 127.232369926000743, -0.102191948999932, 0.0 ], [ 127.232369913623288, -0.102192029962786, 0.0 ], [ 127.232346652000714, -0.102344187999969, 0.0 ], [ 127.232299108000703, -0.102573876999921, 0.0 ], [ 127.23234662900073, -0.102774860999933, 0.0 ], [ 127.232337111000774, -0.102975840999931, 0.0 ], [ 127.232166008000718, -0.102736567999949, 0.0 ], [ 127.232023429000733, -0.102411163999924, 0.0 ], [ 127.231643186000696, -0.102143168999926, 0.0 ], [ 127.231462569000783, -0.102037882999974, 0.0 ], [ 127.231358012000769, -0.10178904399993, 0.0 ], [ 127.231281973000705, -0.101540206999941, 0.0 ], [ 127.231101363000803, -0.101329645999911, 0.0 ], [ 127.230873217000735, -0.101157363999923, 0.0 ], [ 127.230492974000768, -0.100898939999986, 0.0 ], [ 127.230340879000778, -0.100755373999962, 0.0 ], [ 127.230131750000751, -0.100516100999894, 0.0 ], [ 127.229913107000684, -0.100401242999941, 0.0 ], [ 127.229790861082066, -0.100391391080401, 0.0 ], [ 127.229790736000723, -0.100391380999922, 0.0 ], [ 127.229675448000833, -0.100382088999915, 0.0 ], [ 127.229547057984604, -0.100428756194689, 0.0 ], [ 127.229333209000771, -0.100506485999922, 0.0 ], [ 127.229105041000778, -0.100755306999919, 0.0 ], [ 127.229028962000697, -0.10126253799991, 0.0 ], [ 127.229047942000747, -0.101884621999944, 0.0 ], [ 127.229276067000811, -0.102411010999952, 0.0 ], [ 127.229523206000835, -0.102918259999962, 0.0 ], [ 127.229694314000781, -0.103080967999962, 0.0 ], [ 127.229960493000732, -0.103100124999965, 0.0 ], [ 127.230103101000722, -0.102899151999896, 0.0 ], [ 127.230084103000834, -0.102631176999982, 0.0 ], [ 127.230036582000707, -0.102401482999872, 0.0 ], [ 127.229992937000716, -0.102262877999961, 0.0 ], [ 127.229992917348525, -0.10226281558958, 0.0 ], [ 127.229913021000684, -0.102009084999932, 0.0 ], [ 127.229817970000767, -0.101760246999948, 0.0 ], [ 127.229675393000775, -0.1013965609999, 0.0 ], [ 127.229798975000804, -0.101425278999962, 0.0 ], [ 127.229941564000811, -0.101578414999953, 0.0 ], [ 127.230103177000743, -0.101501859999928, 0.0 ], [ 127.230254099000774, -0.101568342999929, 0.0 ], [ 127.2302546300008, -0.101569946999969, 0.0 ], [ 127.230169711000713, -0.101712413999929, 0.0 ], [ 127.230036617000806, -0.101760259999915, 0.0 ], [ 127.23001759100076, -0.102028232999917, 0.0 ], [ 127.230137426164291, -0.102347634802263, 0.0 ], [ 127.230137451000701, -0.102347700999905, 0.0 ], [ 127.230179176000746, -0.102458912999927, 0.0 ], [ 127.230293241000723, -0.10269818299994, 0.0 ], [ 127.230378786000728, -0.102918308999956, 0.0 ], [ 127.230378772000819, -0.103186281999909, 0.0 ], [ 127.230445306000789, -0.103377695999951, 0.0 ], [ 127.230616416000942, -0.103482980999903, 0.0 ], [ 127.23082555100072, -0.10359783799988, 0.0 ], [ 127.231129754000804, -0.103664848999936, 0.0 ], [ 127.231338895000704, -0.103674431999949, 0.0 ], [ 127.231633597000865, -0.103655306999946, 0.0 ], [ 127.231918794000848, -0.103569188999916, 0.0 ], [ 127.232032863000754, -0.103731893999946, 0.0 ], [ 127.232010292307564, -0.103781876786098, 0.0 ], [ 127.231987716000717, -0.103831871999944, 0.0 ], [ 127.231987603195222, -0.103832121810995, 0.0 ], [ 127.23196034206417, -0.103892492372437, 0.0 ], [ 127.231960102000684, -0.103893023999903, 0.0 ], [ 127.231890249000813, -0.104047711999905, 0.0 ], [ 127.231728622000844, -0.104353958999976, 0.0 ], [ 127.23169912300078, -0.104409103999917, 0.0 ], [ 127.231698621091823, -0.104410042277462, 0.0 ], [ 127.231595518000759, -0.104602784999931, 0.0 ], [ 127.231574642679632, -0.104636405816019, 0.0 ], [ 127.231574406000746, -0.104636786999939, 0.0 ], [ 127.231500445000719, -0.10475590699992, 0.0 ], [ 127.231358960144803, -0.104943644110802, 0.0 ], [ 127.231291287000772, -0.105033439999914, 0.0 ], [ 127.231139170000958, -0.105272692999965, 0.0 ], [ 127.231072609000847, -0.105569374999921, 0.0 ], [ 127.231006052000808, -0.105770351999905, 0.0 ], [ 127.231101096000927, -0.106124465999881, 0.0 ], [ 127.231253183000732, -0.106430730999946, 0.0 ], [ 127.231538350000775, -0.106870989999909, 0.0 ], [ 127.231690443000772, -0.107062408999958, 0.0 ], [ 127.231804505000738, -0.107330389999932, 0.0 ], [ 127.231861522000699, -0.107703642999918, 0.0 ], [ 127.231690392000715, -0.107952464999911, 0.0 ], [ 127.2315572880009, -0.108172579999949, 0.0 ], [ 127.231291093000891, -0.108440536999983, 0.0 ], [ 127.230986879000866, -0.108564935999952, 0.0 ], [ 127.230834768000761, -0.10870848499997, 0.0 ], [ 127.230735492207486, -0.108868374238238, 0.0 ], [ 127.23064462000076, -0.10901472899994, 0.0 ], [ 127.230502013000759, -0.109196559999914, 0.0 ], [ 127.230235821000761, -0.109397524999946, 0.0 ], [ 127.230150256000798, -0.10952193599995, 0.0 ], [ 127.230088040000709, -0.109594199999901, 0.0 ], [ 127.230026664000789, -0.109665486999951, 0.0 ], [ 127.229855541000688, -0.109780321999946, 0.0 ], [ 127.229808004000816, -0.109847312999904, 0.0 ], [ 127.229560840000772, -0.109799444999933, 0.0 ], [ 127.229332697000672, -0.109617591999946, 0.0 ], [ 127.229123560000744, -0.109521874999934, 0.0 ], [ 127.228899266000781, -0.109548426999933, 0.0 ], [ 127.228800339000728, -0.109560137999886, 0.0 ], [ 127.228486617000726, -0.109722817999919, 0.0 ], [ 127.22829647700074, -0.109923785999975, 0.0 ], [ 127.228248930000746, -0.11017261599994, 0.0 ], [ 127.228163358000785, -0.110411872999928, 0.0 ], [ 127.228155826000716, -0.110467452999923, 0.0 ], [ 127.228134827000758, -0.110622421999907, 0.0 ], [ 127.228087282000743, -0.110823398999957, 0.0 ], [ 127.228020731000711, -0.11091909999994, 0.0 ], [ 127.227821095000763, -0.110938228999938, 0.0 ], [ 127.227668985000733, -0.111062636999971, 0.0 ], [ 127.227535898000738, -0.111014775999932, 0.0 ], [ 127.227231699000797, -0.110880769999928, 0.0 ], [ 127.227041577000719, -0.110794624999907, 0.0 ], [ 127.226822936000758, -0.110670195999946, 0.0 ], [ 127.22669936700072, -0.110411785999894, 0.0 ], [ 127.226575800000788, -0.1101533749999, 0.0 ], [ 127.226537790000748, -0.10988539999993, 0.0 ], [ 127.226509292000756, -0.109512148999929, 0.0 ], [ 127.226518825000767, -0.109062337999943, 0.0 ], [ 127.226518849000755, -0.108650806999955, 0.0 ], [ 127.226556914000781, -0.107980875999923, 0.0 ], [ 127.226594949000742, -0.107818179999912, 0.0 ], [ 127.226320497677833, -0.107508292016381, 0.0 ], [ 127.226262246000744, -0.107442518999913, 0.0 ], [ 127.226024602000734, -0.107155391999906, 0.0 ], [ 127.225668120000748, -0.106999849999966, 0.0 ], [ 127.225359164000793, -0.106951979999944, 0.0 ], [ 127.224895728000817, -0.106939989999921, 0.0 ], [ 127.224063919000756, -0.1068920889999, 0.0 ], [ 127.223813111000709, -0.106924209999924, 0.0 ], [ 127.223410349000844, -0.106975792999951, 0.0 ], [ 127.223088667000766, -0.107141458999931, 0.0 ], [ 127.223086558104697, -0.107142545080998, 0.0 ], [ 127.222899364000838, -0.107238949999952, 0.0 ], [ 127.222803324330613, -0.107459912554829, 0.0 ], [ 127.222732979000753, -0.107621758999932, 0.0 ], [ 127.222519055000731, -0.108148121999867, 0.0 ], [ 127.222462617942611, -0.108362228220842, 0.0 ], [ 127.222409738779049, -0.10856283814134, 0.0 ], [ 127.222364542000719, -0.108734302999943, 0.0 ], [ 127.222043678000787, -0.109117101999915, 0.0 ], [ 127.221889183000727, -0.109392242999911, 0.0 ], [ 127.221722805000823, -0.109667382999882, 0.0 ], [ 127.221568309000801, -0.109954487999953, 0.0 ], [ 127.221413811000744, -0.110277480999944, 0.0 ], [ 127.221235550000799, -0.11055261999992, 0.0 ], [ 127.221021639000725, -0.110827757999916, 0.0 ], [ 127.220795847000787, -0.111078967999912, 0.0 ], [ 127.220451226000733, -0.111318208999892, 0.0 ], [ 127.220189787000933, -0.111545490999913, 0.0 ], [ 127.220073919000725, -0.111687843999958, 0.0 ], [ 127.219974084000839, -0.111974950999981, 0.0 ], [ 127.21982433900078, -0.112312299999882, 0.0 ], [ 127.219766209562493, -0.112429323891768, 0.0 ], [ 127.219688856000786, -0.112585048999906, 0.0 ], [ 127.219567643000829, -0.11269988699997, 0.0 ], [ 127.219410782000793, -0.112778833999927, 0.0 ], [ 127.219111328000778, -0.112829059999966, 0.0 ], [ 127.218942353000841, -0.112905304999932, 0.0 ], [ 127.218942300748409, -0.112905328577471, 0.0 ], [ 127.218904558000773, -0.112922358999921, 0.0 ], [ 127.218816583002948, -0.112905320821828, 0.0 ], [ 127.21881646000088, -0.112905296999941, 0.0 ], [ 127.21881454700079, -0.112904925999947, 0.0 ], [ 127.218814190108304, -0.11290485688268, 0.0 ], [ 127.218719186000797, -0.112886457999902, 0.0 ], [ 127.218569464000808, -0.112836203999958, 0.0 ], [ 127.218362701000729, -0.112814657999917, 0.0 ], [ 127.218198721000761, -0.112728513999974, 0.0 ], [ 127.218034746000797, -0.112570591999946, 0.0 ], [ 127.217892161000734, -0.112391137999926, 0.0 ], [ 127.217606972000823, -0.112348052999943, 0.0 ], [ 127.217429752000797, -0.112334317999977, 0.0 ], [ 127.217328912000795, -0.112326501999974, 0.0 ], [ 127.217065106000831, -0.112391086999935, 0.0 ], [ 127.216694352000999, -0.112484375999946, 0.0 ], [ 127.216451933000741, -0.112592027999892, 0.0 ], [ 127.216230905000884, -0.112663791999985, 0.0 ], [ 127.215981352000881, -0.112843221999876, 0.0 ], [ 127.215767451000744, -0.112972409999923, 0.0 ], [ 127.215610590000807, -0.113065712, 0.0 ], [ 127.215467994000775, -0.113072879999902, 0.0 ], [ 127.215239832000947, -0.113223599999953, 0.0 ], [ 127.215047315000973, -0.113438922999935, 0.0 ], [ 127.214705063000835, -0.113804969999909, 0.0 ], [ 127.21461482984806, -0.113986624326391, 0.0 ], [ 127.214583842000764, -0.114049007999926, 0.0 ], [ 127.214327157000795, -0.114271503999932, 0.0 ], [ 127.214269400000759, -0.114340822999914, 0.0 ], [ 127.214269364516255, -0.114340865587968, 0.0 ], [ 127.214141769000889, -0.114494003999885, 0.0 ], [ 127.213828053000839, -0.11459447399991, 0.0 ], [ 127.213264794000821, -0.114716461999934, 0.0 ], [ 127.213022381000854, -0.114709268999881, 0.0 ], [ 127.212737191000869, -0.114709250999933, 0.0 ], [ 127.212537557000729, -0.114723592999957, 0.0 ], [ 127.212534509640776, -0.114723822904751, 0.0 ], [ 127.212252365000779, -0.114745108999923, 0.0 ], [ 127.212192961344201, -0.114770734682692, 0.0 ], [ 127.212057696167562, -0.114829085673919, 0.0 ], [ 127.212002816000819, -0.11485275999995, 0.0 ], [ 127.211867344000908, -0.114974774999931, 0.0 ], [ 127.211682380000795, -0.115060058999969, 0.0 ], [ 127.2111690290008, -0.115194011999955, 0.0 ], [ 127.210912349000807, -0.115327981999902, 0.0 ], [ 127.21071271200077, -0.115394960999872, 0.0 ], [ 127.210370485000865, -0.115366228999966, 0.0 ], [ 127.210113809000859, -0.115461915999954, 0.0 ], [ 127.210009241000847, -0.11542362799998, 0.0 ], [ 127.209809608000853, -0.115414044999974, 0.0 ], [ 127.209657505000933, -0.115442746999981, 0.0 ], [ 127.209524414000796, -0.115481018999914, 0.0 ], [ 127.209410335000783, -0.115519293999963, 0.0 ], [ 127.20927724700077, -0.115519284999945, 0.0 ], [ 127.209125145000797, -0.115519275999901, 0.0 ], [ 127.209020575000821, -0.115528839999937, 0.0 ], [ 127.208868473000848, -0.115538400999972, 0.0 ], [ 127.208716372000794, -0.115538390999972, 0.0 ], [ 127.208564270000764, -0.115538380999913, 0.0 ], [ 127.208364638000759, -0.115538367999934, 0.0 ], [ 127.208212538000851, -0.11550007699995, 0.0 ], [ 127.208148255312295, -0.115464772115266, 0.0 ], [ 127.20810797200086, -0.11544264799994, 0.0 ], [ 127.208012911000893, -0.115413930999945, 0.0 ], [ 127.207889330000796, -0.11539478199995, 0.0 ], [ 127.207756242000812, -0.115385203999951, 0.0 ], [ 127.207566115000816, -0.115385191999929, 0.0 ], [ 127.207423521000749, -0.115385181999955, 0.0 ], [ 127.207242898000871, -0.115413881999852, 0.0 ], [ 127.207138329000855, -0.115423445999895, 0.0 ], [ 127.206912864594784, -0.115515641453411, 0.0 ], [ 127.206834118000813, -0.115547841999944, 0.0 ], [ 127.206681869000803, -0.115573377999972, 0.0 ], [ 127.206663003000756, -0.115576541999893, 0.0 ], [ 127.206597435000802, -0.115606240999931, 0.0 ], [ 127.206587023000878, -0.115610956999931, 0.0 ], [ 127.206584625000886, -0.115612042999925, 0.0 ], [ 127.206472871000841, -0.11566266299996, 0.0 ], [ 127.206292245000867, -0.115748783999933, 0.0 ], [ 127.206159154000787, -0.11578705799994, 0.0 ], [ 127.206045074000812, -0.115854042999924, 0.0 ], [ 127.205940497000881, -0.115968880999954, 0.0 ], [ 127.205883454000826, -0.116045439999862, 0.0 ], [ 127.205721845000909, -0.116083711999973, 0.0 ], [ 127.20556973900085, -0.116150693999936, 0.0 ], [ 127.205455661000826, -0.116198538999909, 0.0 ], [ 127.205360588000872, -0.116361228999953, 0.0 ], [ 127.205217984000896, -0.116504774999938, 0.0 ], [ 127.205084884000797, -0.116677032999934, 0.0 ], [ 127.205008827000768, -0.116791872999953, 0.0 ], [ 127.204961289000849, -0.116887572999903, 0.0 ], [ 127.204866216000781, -0.117040692999984, 0.0 ], [ 127.204847193000845, -0.117193817999948, 0.0 ], [ 127.20476163000076, -0.117299085999933, 0.0 ], [ 127.204647546000871, -0.117433062999924, 0.0 ], [ 127.204619021000866, -0.117519194999929, 0.0 ], [ 127.204561975000885, -0.117653175999961, 0.0 ], [ 127.204533450000866, -0.117748877999936, 0.0 ], [ 127.204466898000831, -0.117873287999942, 0.0 ], [ 127.204400345000849, -0.117997697999956, 0.0 ], [ 127.204352806000855, -0.1181125399999, 0.0 ], [ 127.204248230000843, -0.118217806999948, 0.0 ], [ 127.204143654000916, -0.118332644999922, 0.0 ], [ 127.204029572000934, -0.118418769999956, 0.0 ], [ 127.203934504000756, -0.118504896999981, 0.0 ], [ 127.203867947000788, -0.11869629999991, 0.0 ], [ 127.203867942000826, -0.118772862999935, 0.0 ], [ 127.203782378000881, -0.118887701999929, 0.0 ], [ 127.20371582100087, -0.11908867499988, 0.0 ], [ 127.203753833000846, -0.119289653999929, 0.0 ], [ 127.203772833000841, -0.119490632999891, 0.0 ], [ 127.203801341000869, -0.11965333099994, 0.0 ], [ 127.203829853000954, -0.119758606999911, 0.0 ], [ 127.203848856000803, -0.119902163999939, 0.0 ], [ 127.203934405000794, -0.12002658399996, 0.0 ], [ 127.204000943000835, -0.120122291999906, 0.0 ], [ 127.204105505000783, -0.120227572999972, 0.0 ], [ 127.204200563000839, -0.120313712999966, 0.0 ], [ 127.204286114000809, -0.120409421999955, 0.0 ], [ 127.204409692000738, -0.120466851999921, 0.0 ], [ 127.204504751000812, -0.120524280999959, 0.0 ], [ 127.204590306000867, -0.120562567999926, 0.0 ], [ 127.204704377000866, -0.120629567999939, 0.0 ], [ 127.204808943000828, -0.120667855999906, 0.0 ], [ 127.204932522000817, -0.120725285999929, 0.0 ], [ 127.205027581000834, -0.120782714999917, 0.0 ], [ 127.205113135000772, -0.120840141999971, 0.0 ], [ 127.205227204000835, -0.120945423999946, 0.0 ], [ 127.205293738000833, -0.12108898399993, 0.0 ], [ 127.205255711000831, -0.121117692999967, 0.0 ], [ 127.205151149000855, -0.121002840999942, 0.0 ], [ 127.204980042000855, -0.120907126999943, 0.0 ], [ 127.204827945000758, -0.120840122999944, 0.0 ], [ 127.204694860000828, -0.120792262999884, 0.0 ], [ 127.204552271000779, -0.120706119999904, 0.0 ], [ 127.204400172000859, -0.120667828999959, 0.0 ], [ 127.204324122000941, -0.120667823999958, 0.0 ], [ 127.204172029000944, -0.120543398999877, 0.0 ], [ 127.203991424000847, -0.120323268999853, 0.0 ], [ 127.203829831000832, -0.120103139999935, 0.0 ], [ 127.203734779000868, -0.119930867999872, 0.0 ], [ 127.203592193000844, -0.119796872999884, 0.0 ], [ 127.203421093000941, -0.119586313999886, 0.0 ], [ 127.203259500000811, -0.119375755999938, 0.0 ], [ 127.203202470000832, -0.119251336999979, 0.0 ], [ 127.203278534000873, -0.119040793999949, 0.0 ], [ 127.203402128000874, -0.118858965999933, 0.0 ], [ 127.203478189000833, -0.118696274999935, 0.0 ], [ 127.203525735000838, -0.118457018999927, 0.0 ], [ 127.203601798000776, -0.118275186999893, 0.0 ], [ 127.203687363000853, -0.118141207999936, 0.0 ], [ 127.203715891000954, -0.117997653999964, 0.0 ], [ 127.20375392800085, -0.117815818999893, 0.0 ], [ 127.203810977000856, -0.117633985999928, 0.0 ], [ 127.203934570000882, -0.1174617279999, 0.0 ], [ 127.204058161000759, -0.11731818099997, 0.0 ], [ 127.20418175100086, -0.117203344999946, 0.0 ], [ 127.204276215769482, -0.117120934505727, 0.0 ], [ 127.204324354000931, -0.117078938999931, 0.0 ], [ 127.204371897000954, -0.116887534999929, 0.0 ], [ 127.204428943000849, -0.116763123999931, 0.0 ], [ 127.204533522000759, -0.116619574999924, 0.0 ], [ 127.204558958770733, -0.116568366699292, 0.0 ], [ 127.204567905494343, -0.116550355507604, 0.0 ], [ 127.204609582000899, -0.11646645399994, 0.0 ], [ 127.204581070000771, -0.116351607999931, 0.0 ], [ 127.204447986000829, -0.116284607999951, 0.0 ], [ 127.204267371000938, -0.116217603999867, 0.0 ], [ 127.204213614964004, -0.116196553975938, 0.0 ], [ 127.204188275591264, -0.116186631473758, 0.0 ], [ 127.204096261000785, -0.116150599999938, 0.0 ], [ 127.203857581350221, -0.116039679634596, 0.0 ], [ 127.203849104000781, -0.116035739999977, 0.0 ], [ 127.203792075000848, -0.115892179999925, 0.0 ], [ 127.203801593000847, -0.115710344999973, 0.0 ], [ 127.203754069000851, -0.115585926999892, 0.0 ], [ 127.203630494000933, -0.115480644999881, 0.0 ], [ 127.203478396000804, -0.115442353999922, 0.0 ], [ 127.203335800000886, -0.115451914999945, 0.0 ], [ 127.203259748000832, -0.115480621999913, 0.0 ], [ 127.203107647000792, -0.1154806119999, 0.0 ], [ 127.20299357500086, -0.11543275299994, 0.0 ], [ 127.202863370129293, -0.115405435252709, 0.0 ], [ 127.202765426000795, -0.115384885999908, 0.0 ], [ 127.202556290000842, -0.115346591999983, 0.0 ], [ 127.202404192000785, -0.115298729999913, 0.0 ], [ 127.202200570209186, -0.115249235688291, 0.0 ], [ 127.20212851400089, -0.115231720999936, 0.0 ], [ 127.202042961000842, -0.115174292999934, 0.0 ], [ 127.202042969709026, -0.115035395717545, 0.0 ], [ 127.202042970000875, -0.11503073799995, 0.0 ], [ 127.202061994000928, -0.114848901999928, 0.0 ], [ 127.202063403693472, -0.114826218200347, 0.0 ], [ 127.202071510000877, -0.114695776999934, 0.0 ], [ 127.202033499000862, -0.114466086999907, 0.0 ], [ 127.201852902000851, -0.114083261999909, 0.0 ], [ 127.201786367000864, -0.113949271999928, 0.0 ], [ 127.201700811000791, -0.11393969599987, 0.0 ], [ 127.201453647000875, -0.113939680999922, 0.0 ], [ 127.201349075000834, -0.113977955999902, 0.0 ], [ 127.201215983000978, -0.114054509999974, 0.0 ], [ 127.201073386000843, -0.114083211999896, 0.0 ], [ 127.200949805000846, -0.114083204999922, 0.0 ], [ 127.20088327000083, -0.113920504999952, 0.0 ], [ 127.200816731000799, -0.113843937999927, 0.0 ], [ 127.200702649000817, -0.113958774999939, 0.0 ], [ 127.200645601000801, -0.114111896999945, 0.0 ], [ 127.200560040000951, -0.114198023999957, 0.0 ], [ 127.200550529000992, -0.114255445999908, 0.0 ], [ 127.200569536000927, -0.11437029099993, 0.0 ], [ 127.200598047000867, -0.114485136999932, 0.0 ], [ 127.200521990000851, -0.114580835999959, 0.0 ], [ 127.200322359000864, -0.114571252999948, 0.0 ], [ 127.200141740000902, -0.11456166999995, 0.0 ], [ 127.200065686000784, -0.114628657999908, 0.0 ], [ 127.199894554000863, -0.114925326999918, 0.0 ], [ 127.199761458000893, -0.115059303999919, 0.0 ], [ 127.199590338000789, -0.115174136999937, 0.0 ], [ 127.199571314000877, -0.115336831999927, 0.0 ], [ 127.199533275000789, -0.115576087999958, 0.0 ], [ 127.199362150000908, -0.115748342999935, 0.0 ], [ 127.199191029000843, -0.115882316999934, 0.0 ], [ 127.199127533567875, -0.115954753580393, 0.0 ], [ 127.199048424000793, -0.116045002999925, 0.0 ], [ 127.198924837000845, -0.116140697999864, 0.0 ], [ 127.198845308477459, -0.116205741270184, 0.0 ], [ 127.198772728000876, -0.11626510199991, 0.0 ], [ 127.198611114000855, -0.116370365999918, 0.0 ], [ 127.198439993000832, -0.116504339999956, 0.0 ], [ 127.198411465000817, -0.116647891999896, 0.0 ], [ 127.198354416000782, -0.116820154999976, 0.0 ], [ 127.198354401000827, -0.117059412999936, 0.0 ], [ 127.198582535000796, -0.117327396999915, 0.0 ], [ 127.198658576000852, -0.117461386999895, 0.0 ], [ 127.198687082000987, -0.117671934999956, 0.0 ], [ 127.1987345990009, -0.117882485999926, 0.0 ], [ 127.198772610000901, -0.118112176999943, 0.0 ], [ 127.198858153000927, -0.118322729999933, 0.0 ], [ 127.198915180000853, -0.118494998999945, 0.0 ], [ 127.199019737000867, -0.118686411999928, 0.0 ], [ 127.199143309000888, -0.118829974999885, 0.0 ], [ 127.199228856000971, -0.118973535999877, 0.0 ], [ 127.199476006000936, -0.119184098999934, 0.0 ], [ 127.19964711000091, -0.119327665999898, 0.0 ], [ 127.199653914699155, -0.119335006828757, 0.0 ], [ 127.199780188000858, -0.119471228999905, 0.0 ], [ 127.199884746000834, -0.119643502999926, 0.0 ], [ 127.199989304000809, -0.119825345999978, 0.0 ], [ 127.200131896000784, -0.119863636999928, 0.0 ], [ 127.200255474000826, -0.119921066999943, 0.0 ], [ 127.200360030000823, -0.120122050999945, 0.0 ], [ 127.200512116000795, -0.120342178999984, 0.0 ], [ 127.200673416629883, -0.120553311608114, 0.0 ], [ 127.20070222500091, -0.120591019999938, 0.0 ], [ 127.200920863000874, -0.120696307999856, 0.0 ], [ 127.201044439000825, -0.120792019999917, 0.0 ], [ 127.20117751900095, -0.120916443999925, 0.0 ], [ 127.201301088000818, -0.12109828799993, 0.0 ], [ 127.201453186000975, -0.121146149999938, 0.0 ], [ 127.201652818000852, -0.121155732999955, 0.0 ], [ 127.201842944000845, -0.121146175999952, 0.0 ], [ 127.20205208000084, -0.121194041999951, 0.0 ], [ 127.202223187000882, -0.12128018599997, 0.0 ], [ 127.202346763000833, -0.12137589799992, 0.0 ], [ 127.202498858000794, -0.1214716119999, 0.0 ], [ 127.202641450000868, -0.12150990299988, 0.0 ], [ 127.202822068000785, -0.121538625999928, 0.0 ], [ 127.202983671000851, -0.121586487999921, 0.0 ], [ 127.203126263000797, -0.121624778999924, 0.0 ], [ 127.203250368193665, -0.121670222243266, 0.0 ], [ 127.203335397000785, -0.121701356999954, 0.0 ], [ 127.203487499000815, -0.121691795999886, 0.0 ], [ 127.203521830556539, -0.121681163507707, 0.0 ], [ 127.203611083000823, -0.121653521999972, 0.0 ], [ 127.203715654000746, -0.121634388999955, 0.0 ], [ 127.203858248000842, -0.121653539999947, 0.0 ], [ 127.2039913290008, -0.121749251999979, 0.0 ], [ 127.204011248178176, -0.121777330524998, 0.0 ], [ 127.204181438000845, -0.122017233999909, 0.0 ], [ 127.204344236067001, -0.122111804211735, 0.0 ], [ 127.204428592000852, -0.122160806999912, 0.0 ], [ 127.204552164000788, -0.122313940999927, 0.0 ], [ 127.204685245000803, -0.122428793999964, 0.0 ], [ 127.204846844000798, -0.12257236099989, 0.0 ], [ 127.204989428000886, -0.122715925999961, 0.0 ], [ 127.205108992470102, -0.122780749993155, 0.0 ], [ 127.201096480762374, -0.126532350584728, 0.0 ], [ 127.222180275367208, -0.147328183066719, 0.0 ], [ 127.225216026731687, -0.145442491380215, 0.0 ], [ 127.243227939908266, -0.134351687621567, 0.0 ], [ 127.241662873901802, -0.132281699384064, 0.0 ], [ 127.241684898000671, -0.132250292999962, 0.0 ], [ 127.241701821876177, -0.132204056839247, 0.0 ], [ 127.241751456000728, -0.132068455999964, 0.0 ], [ 127.241846530000757, -0.131953615999941, 0.0 ], [ 127.24190996550476, -0.131889762807131, 0.0 ], [ 127.241941602000779, -0.131857917999936, 0.0 ], [ 127.242074699000767, -0.131771791999937, 0.0 ], [ 127.242179275000638, -0.131704805999964, 0.0 ], [ 127.242331382000728, -0.131666534999969, 0.0 ], [ 127.242492997000753, -0.131609122999978, 0.0 ], [ 127.242607079000734, -0.131542136999919, 0.0 ], [ 127.242778206000679, -0.131417731999909, 0.0 ], [ 127.242958837000685, -0.131312467999977, 0.0 ], [ 127.243087147599354, -0.131247891680565, 0.0 ], [ 127.243129960000687, -0.131226344999949, 0.0 ], [ 127.243339110000733, -0.131140224999905, 0.0 ], [ 127.243519739000646, -0.131054102999928, 0.0 ], [ 127.243648132927916, -0.131006491144325, 0.0 ], [ 127.243700368000788, -0.13098712099991, 0.0 ], [ 127.243871495000647, -0.13085314499994, 0.0 ], [ 127.243927634213605, -0.130774032018077, 0.0 ], [ 127.243966569000648, -0.130719163999954, 0.0 ], [ 127.244071153000704, -0.13053733099997, 0.0 ], [ 127.244137710000658, -0.13038420699997, 0.0 ], [ 127.244219465342269, -0.1302287658, 0.0 ], [ 127.244223280000753, -0.130221512999924, 0.0 ], [ 127.244289840000704, -0.130001394999918, 0.0 ], [ 127.244422945000764, -0.129819563999901, 0.0 ], [ 127.244518021000815, -0.129656869999936, 0.0 ], [ 127.244537042000672, -0.129551594999949, 0.0 ], [ 127.244499023000785, -0.129436745999925, 0.0 ], [ 127.244499026458939, -0.129384747367736, 0.0 ], [ 127.244499030000696, -0.129331468999944, 0.0 ], [ 127.244689169000665, -0.129216635999942, 0.0 ], [ 127.244841280000728, -0.12911136999997, 0.0 ], [ 127.24495536300067, -0.129044383999918, 0.0 ], [ 127.245041479825403, -0.129001043484193, 0.0 ], [ 127.245088459000669, -0.12897739999994, 0.0 ], [ 127.245174027000715, -0.128843416999926, 0.0 ], [ 127.245202557000724, -0.128690289999945, 0.0 ], [ 127.245259606000729, -0.128537164999921, 0.0 ], [ 127.245278629000666, -0.128403177999935, 0.0 ], [ 127.245297655000684, -0.128211767999979, 0.0 ], [ 127.245231119000735, -0.128077775999912, 0.0 ], [ 127.245069512000754, -0.128010770999939, 0.0 ], [ 127.24489840500074, -0.127848058999971, 0.0 ], [ 127.244783841817849, -0.127749186593751, 0.0 ], [ 127.244698780000633, -0.127675774999945, 0.0 ], [ 127.244651262000673, -0.127474789999933, 0.0 ], [ 127.244984008000714, -0.127197265999936, 0.0 ], [ 127.245326255000663, -0.127025018999978, 0.0 ], [ 127.245430833000754, -0.126938890999949, 0.0 ], [ 127.245545589001111, -0.126919644176759, 0.0 ], [ 127.245601952000655, -0.126910190999989, 0.0 ], [ 127.24573504400071, -0.12691019999988, 0.0 ], [ 127.245925177000757, -0.12687193099993, 0.0 ], [ 127.24617235400072, -0.126757099999934, 0.0 ], [ 127.246371998000726, -0.126670979999967, 0.0 ], [ 127.246503712776359, -0.126593640254894, 0.0 ], [ 127.246600163000693, -0.126537006999933, 0.0 ], [ 127.246776085435243, -0.126467718072073, 0.0 ], [ 127.246818819000708, -0.126450886999974, 0.0 ], [ 127.247037472000741, -0.126422188999893, 0.0 ], [ 127.247218096000736, -0.126412630999923, 0.0 ], [ 127.247512804000692, -0.126336085999933, 0.0 ], [ 127.247798007000654, -0.12623082999993, 0.0 ], [ 127.247818195000676, -0.126226314999934, 0.0 ], [ 127.247946048000642, -0.126283614999985, 0.0 ], [ 127.247952601232683, -0.126313106111881, 0.0 ], [ 127.247962748000688, -0.126358768999968, 0.0 ], [ 127.247946048000642, -0.12643392199994, 0.0 ], [ 127.247912646000742, -0.126484023999952, 0.0 ], [ 127.247895945000707, -0.126567526999918, 0.0 ], [ 127.247912646000671, -0.126684431999892, 0.0 ], [ 127.248021201000782, -0.126776285999945, 0.0 ], [ 127.248179858000682, -0.126826388999967, 0.0 ], [ 127.248296763000752, -0.126851439999915, 0.0 ], [ 127.248438720000692, -0.126851439999897, 0.0 ], [ 127.248538924000698, -0.126767935999967, 0.0 ], [ 127.248647479000738, -0.126600928999955, 0.0 ], [ 127.248811095788952, -0.126459880376527, 0.0 ], [ 127.248889640000655, -0.126392169999989, 0.0 ], [ 127.249090049000728, -0.126275264999909, 0.0 ], [ 127.2494825170007, -0.126116607999941, 0.0 ], [ 127.249774780000678, -0.126033104999953, 0.0 ], [ 127.249830642702861, -0.125999587220268, 0.0 ], [ 127.249983539000638, -0.125907848999891, 0.0 ], [ 127.250175598000666, -0.125765892999884, 0.0 ], [ 127.250369193782788, -0.125550787533912, 0.0 ], [ 127.250401058000705, -0.125515382999902, 0.0 ], [ 127.250599533000639, -0.125276649999917, 0.0 ], [ 127.250650037000639, -0.125245250999958, 0.0 ], [ 127.250792842907344, -0.125123617743198, 0.0 ], [ 127.25096847121381, -0.124974028367573, 0.0 ], [ 127.251020814000725, -0.12492944599995, 0.0 ], [ 127.251296508000792, -0.124862470999941, 0.0 ], [ 127.251648251000745, -0.124852923999918, 0.0 ], [ 127.251904924000726, -0.124900793999937, 0.0 ], [ 127.252085548000764, -0.124929516999934, 0.0 ], [ 127.252323216000676, -0.12486253899987, 0.0 ], [ 127.252403484653286, -0.124830924113252, 0.0 ], [ 127.252541873000681, -0.124776417999958, 0.0 ], [ 127.252719466547035, -0.124739439476114, 0.0 ], [ 127.252817567000676, -0.124719012999934, 0.0 ], [ 127.253026714000669, -0.124690314999945, 0.0 ], [ 127.253110825384809, -0.124687184544363, 0.0 ], [ 127.253279380326617, -0.124680911269109, 0.0 ], [ 127.253283391000778, -0.124680761999916, 0.0 ], [ 127.253502049000701, -0.124575499999934, 0.0 ], [ 127.253644654000666, -0.124479802999883, 0.0 ], [ 127.253834785000734, -0.124479815999955, 0.0 ], [ 127.253975964299087, -0.124418914378696, 0.0 ], [ 127.254034429000697, -0.124393693999898, 0.0 ], [ 127.254196047000661, -0.124288426999902, 0.0 ], [ 127.254310132000725, -0.124211869999947, 0.0 ], [ 127.254395700000643, -0.124068315999979, 0.0 ], [ 127.254433738000714, -0.123886476999903, 0.0 ], [ 127.25447177000062, -0.123790773999929, 0.0 ], [ 127.254641229656031, -0.123863902088678, 0.0 ], [ 127.2546714030007, -0.123876922999951, 0.0 ], [ 127.254770052794768, -0.123893481471069, 0.0 ], [ 127.254842519000789, -0.123905644999897, 0.0 ], [ 127.255165738000684, -0.12399180299998, 0.0 ], [ 127.255460439000728, -0.124020533999965, 0.0 ], [ 127.255545143714798, -0.124018103326429, 0.0 ], [ 127.255793170000672, -0.124010985999927, 0.0 ], [ 127.255954798000744, -0.123762159999951, 0.0 ], [ 127.2559764444362, -0.123730686811154, 0.0 ], [ 127.256040366000718, -0.123637746999968, 0.0 ], [ 127.256102918471043, -0.123717906328536, 0.0 ], [ 127.25622207143482, -0.123870597703047, 0.0 ], [ 127.256249494000755, -0.123905738999943, 0.0 ], [ 127.256382578000668, -0.124020595999964, 0.0 ], [ 127.256677268000701, -0.124240738999934, 0.0 ], [ 127.256772323000675, -0.124393874999928, 0.0 ], [ 127.256762800000658, -0.124642711999949, 0.0 ], [ 127.25673427300066, -0.124757556999952, 0.0 ], [ 127.256838830000746, -0.124987258999941, 0.0 ], [ 127.256952898000762, -0.125159537999902, 0.0 ], [ 127.257057457000684, -0.125360528999988, 0.0 ], [ 127.257069666395381, -0.125386872891912, 0.0 ], [ 127.257123993000747, -0.125504091999958, 0.0 ], [ 127.257162009000709, -0.12567636599993, 0.0 ], [ 127.257247558000643, -0.125839072999949, 0.0 ], [ 127.257390151000735, -0.125906076999967, 0.0 ], [ 127.257516072006069, -0.125910961087151, 0.0 ], [ 127.257637322000676, -0.125915663999928, 0.0 ], [ 127.257865484000661, -0.125867826999927, 0.0 ], [ 127.258036610000715, -0.125743419999926, 0.0 ], [ 127.258217247000701, -0.125571159999924, 0.0 ], [ 127.258473930000648, -0.125494611999937, 0.0 ], [ 127.258730620000648, -0.125322357999945, 0.0 ], [ 127.258922435897503, -0.125245129163967, 0.0 ], [ 127.258968291000713, -0.125226666999915, 0.0 ], [ 127.259127230737008, -0.125257899952607, 0.0 ], [ 127.259358056000721, -0.12530325899996, 0.0 ], [ 127.259633740000623, -0.125418124999928, 0.0 ], [ 127.259937941000715, -0.125580846999947, 0.0 ], [ 127.260185105000843, -0.125686139999914, 0.0 ], [ 127.260479810000703, -0.125686159999869, 0.0 ], [ 127.260803035000677, -0.125667039999912, 0.0 ], [ 127.261059724000617, -0.125504356999948, 0.0 ], [ 127.261287890000702, -0.125389523999909, 0.0 ], [ 127.261304793937242, -0.125236462204832, 0.0 ], [ 127.261316428000711, -0.125131117999953, 0.0 ], [ 127.261390481552922, -0.124853312786699, 0.0 ], [ 127.261405383826983, -0.124797408230993, 0.0 ], [ 127.261421026000718, -0.124738727999942, 0.0 ], [ 127.261468573000712, -0.124518605999896, 0.0 ], [ 127.261539123726834, -0.124380128003448, 0.0 ], [ 127.261658730000619, -0.124145362999951, 0.0 ], [ 127.261820357000616, -0.12391567799994, 0.0 ], [ 127.261877408000629, -0.123752980999932, 0.0 ], [ 127.261943973000655, -0.123465864999951, 0.0 ], [ 127.261962998000655, -0.12327445299992, 0.0 ], [ 127.262058066000606, -0.123245747999925, 0.0 ], [ 127.262207198592094, -0.12320286224823, 0.0 ], [ 127.262324257000628, -0.123169199999906, 0.0 ], [ 127.262381305000687, -0.12303521499995, 0.0 ], [ 127.262399798524754, -0.122892547731866, 0.0 ], [ 127.262409839000711, -0.122815090999941, 0.0 ], [ 127.262476394000643, -0.122681106999957, 0.0 ], [ 127.262619001000672, -0.122547126999913, 0.0 ], [ 127.262695064000596, -0.12240357099991, 0.0 ], [ 127.262847184000648, -0.122173885999923, 0.0 ], [ 127.263084857000692, -0.122059052999942, 0.0 ], [ 127.26326549200067, -0.12192507499997, 0.0 ], [ 127.263360567000646, -0.121771950999953, 0.0 ], [ 127.263360579000647, -0.121599678999932, 0.0 ], [ 127.263379605000665, -0.121398695999966, 0.0 ], [ 127.263531728000743, -0.12113072799998, 0.0 ], [ 127.26375039300062, -0.120920186999961, 0.0 ], [ 127.26388349500067, -0.120776635999913, 0.0 ], [ 127.263959559000739, -0.120594796999955, 0.0 ], [ 127.264159216000664, -0.120307690999933, 0.0 ], [ 127.264444430000751, -0.120068441999951, 0.0 ], [ 127.264549019000626, -0.119810040999928, 0.0 ], [ 127.26457042530464, -0.119587499228222, 0.0 ], [ 127.264606096000662, -0.119216662999969, 0.0 ], [ 127.264514518635281, -0.118963079754901, 0.0 ], [ 127.264492036000675, -0.118900823999937, 0.0 ], [ 127.26445403000065, -0.118584988999935, 0.0 ], [ 127.264596647000701, -0.118288306999937, 0.0 ], [ 127.264719757188431, -0.118174296486444, 0.0 ], [ 127.264834326000653, -0.118068195999927, 0.0 ], [ 127.264839212196534, -0.117999396982278, 0.0 ], [ 127.264843842000701, -0.117934207999925, 0.0 ], [ 127.264795197453182, -0.117775013814581, 0.0 ], [ 127.264767804000627, -0.11768536599994, 0.0 ], [ 127.264862883000688, -0.117484386999912, 0.0 ], [ 127.265024509000725, -0.117273841999968, 0.0 ], [ 127.265110084000668, -0.117025009999971, 0.0 ], [ 127.265119604000702, -0.116795314999902, 0.0 ], [ 127.265100601000682, -0.116623040999953, 0.0 ], [ 127.265025649372646, -0.116487199204145, 0.0 ], [ 127.265005546000694, -0.116450763999964, 0.0 ], [ 127.264929503000701, -0.116268915999975, 0.0 ], [ 127.264962251604416, -0.116175523561468, 0.0 ], [ 127.264986554000657, -0.116106217999976, 0.0 ], [ 127.265205213000641, -0.115981812999948, 0.0 ], [ 127.265404870000822, -0.115694704999932, 0.0 ], [ 127.265416314890473, -0.115663437127886, 0.0 ], [ 127.265464672594945, -0.115531322029052, 0.0 ], [ 127.26547142800068, -0.115512865999915, 0.0 ], [ 127.265642566000693, -0.115197043999932, 0.0 ], [ 127.265709128000637, -0.114938639999914, 0.0 ], [ 127.265956308000696, -0.114804664999942, 0.0 ], [ 127.266117938000676, -0.114517554999968, 0.0 ], [ 127.266166235867985, -0.114371716067137, 0.0 ], [ 127.266203514000736, -0.114259151999922, 0.0 ], [ 127.26619857195935, -0.114235097586939, 0.0 ], [ 127.266146490000679, -0.113981598999924, 0.0 ], [ 127.266203540000703, -0.11381889999996, 0.0 ], [ 127.266331682344841, -0.113672711932736, 0.0 ], [ 127.266346149000597, -0.113656207999867, 0.0 ], [ 127.26638897992477, -0.113541242769503, 0.0 ], [ 127.26643172200076, -0.113426515999932, 0.0 ], [ 127.266436830442501, -0.113347731475013, 0.0 ], [ 127.266441678415262, -0.11327296396447, 0.0 ], [ 127.266460268000657, -0.1129862669999, 0.0 ], [ 127.266298665000619, -0.112833126999923, 0.0 ], [ 127.266450785000671, -0.112593867999969, 0.0 ], [ 127.266496192978252, -0.112535099842194, 0.0 ], [ 127.266583887000621, -0.112421603999918, 0.0 ], [ 127.266593415000713, -0.11207705999992, 0.0 ], [ 127.266621954000627, -0.111751658999937, 0.0 ], [ 127.266583948000658, -0.111397540999977, 0.0 ], [ 127.266564182797296, -0.111253213898758, 0.0 ], [ 127.266545938000633, -0.111119988999933, 0.0 ], [ 127.266555458000681, -0.110880722999983, 0.0 ], [ 127.266688563000699, -0.110679746999949, 0.0 ], [ 127.266787584246543, -0.110480399191755, 0.0 ], [ 127.266802656000721, -0.11045005699998, 0.0 ], [ 127.266812896949787, -0.110377913237403, 0.0 ], [ 127.266821676000632, -0.110316067999963, 0.0 ], [ 127.266907254000685, -0.110009811999922, 0.0 ], [ 127.26688618027616, -0.109811686868935, 0.0 ], [ 127.266878750000643, -0.109741830999958, 0.0 ], [ 127.266973832000673, -0.109445144999906, 0.0 ], [ 127.267079742042597, -0.109288366325896, 0.0 ], [ 127.267135460000716, -0.109205886999939, 0.0 ], [ 127.267144670868376, -0.109128032603102, 0.0 ], [ 127.267183016000686, -0.108803921999936, 0.0 ], [ 127.267185844814264, -0.108693092608604, 0.0 ], [ 127.267192543000675, -0.108430664999945, 0.0 ], [ 127.26719255900062, -0.108143544999913, 0.0 ], [ 127.267192584000696, -0.107703293999939, 0.0 ], [ 127.267297166000631, -0.107550167999936, 0.0 ], [ 127.267385417740556, -0.107440831383697, 0.0 ], [ 127.267420761000636, -0.10739704399986, 0.0 ], [ 127.267582387000658, -0.10716735699993, 0.0 ], [ 127.267601412000687, -0.106956802999949, 0.0 ], [ 127.26756339500065, -0.106784527999922, 0.0 ], [ 127.267582421000711, -0.106564403999894, 0.0 ], [ 127.267578707863606, -0.106440828321784, 0.0 ], [ 127.267572931000601, -0.106248570999986, 0.0 ], [ 127.267496890000714, -0.106047581999938, 0.0 ], [ 127.267482286379035, -0.105998566011565, 0.0 ], [ 127.267439860000664, -0.105856164999981, 0.0 ], [ 127.267518695146208, -0.105626924638841, 0.0 ], [ 127.267525433000728, -0.105607331999975, 0.0 ], [ 127.267544459000661, -0.105406348999901, 0.0 ], [ 127.267544469000683, -0.105214934999924, 0.0 ], [ 127.267544480000723, -0.10500437999996, 0.0 ], [ 127.267582522000708, -0.10473640199995, 0.0 ], [ 127.267601548000641, -0.104487565999909, 0.0 ], [ 127.267487481000686, -0.104257862999927, 0.0 ], [ 127.267442522324359, -0.104101929011125, 0.0 ], [ 127.267401938000617, -0.103961166999956, 0.0 ], [ 127.267487511000596, -0.103721904999933, 0.0 ], [ 127.267558182687452, -0.103487162458624, 0.0 ], [ 127.267582594000629, -0.103406077999939, 0.0 ], [ 127.267649166000695, -0.102946687999971, 0.0 ], [ 127.26767102479252, -0.102840355183574, 0.0 ], [ 127.267706221000594, -0.102669141999936, 0.0 ], [ 127.26782982100066, -0.102401168999938, 0.0 ], [ 127.26791087197627, -0.101929868572781, 0.0 ], [ 127.267915407000643, -0.101903497999919, 0.0 ], [ 127.267791843000637, -0.101491951999932, 0.0 ], [ 127.267648781362126, -0.101088611769688, 0.0 ], [ 127.267554213000693, -0.100821990999913, 0.0 ], [ 127.267554242928441, -0.100249190469305, 0.0 ], [ 127.26755424400065, -0.100228607999958, 0.0 ], [ 127.267535252000613, -0.099826637999968, 0.0 ], [ 127.26754477500063, -0.099501235999971, 0.0 ], [ 127.267658872000666, -0.09917583799993, 0.0 ], [ 127.267782467000671, -0.099003571999957, 0.0 ], [ 127.268039152000625, -0.098888736999919, 0.0 ], [ 127.268210282000624, -0.098687761999898, 0.0 ], [ 127.268251094472959, -0.098474167354083, 0.0 ], [ 127.268257828000699, -0.098438926999958, 0.0 ], [ 127.268295868000692, -0.098170949999952, 0.0 ], [ 127.268267353000638, -0.098065669999929, 0.0 ], [ 127.268147629601359, -0.09807905632437, 0.0 ], [ 127.268096233000648, -0.098084802999941, 0.0 ], [ 127.267906108000631, -0.097941231999923, 0.0 ], [ 127.268039218000595, -0.097615835999894, 0.0 ], [ 127.268200847000699, -0.097300011999952, 0.0 ], [ 127.268276911000626, -0.097079888999915, 0.0 ], [ 127.268314948000608, -0.096869335999945, 0.0 ], [ 127.268486092000657, -0.09639081099994, 0.0 ], [ 127.268505126000619, -0.095969700999938, 0.0 ], [ 127.268516271450864, -0.095853817670961, 0.0 ], [ 127.268533661000689, -0.095673011999923, 0.0 ], [ 127.26854317300068, -0.095577304999949, 0.0 ], [ 127.268334025000613, -0.095615576999873, 0.0 ], [ 127.268302107398966, -0.095593081608835, 0.0 ], [ 127.268238962000623, -0.095548576999938, 0.0 ], [ 127.268115382000602, -0.095405010999967, 0.0 ], [ 127.268180876957857, -0.095216023964722, 0.0 ], [ 127.268258002000621, -0.094993477999932, 0.0 ], [ 127.268419639000641, -0.094514951999946, 0.0 ], [ 127.268438662000705, -0.094333109999962, 0.0 ], [ 127.268464142729258, -0.094179241203213, 0.0 ], [ 127.268486209000699, -0.094045990999984, 0.0 ], [ 127.268505231000617, -0.093864148999902, 0.0 ], [ 127.268410170000649, -0.093758866999924, 0.0 ], [ 127.268229551000687, -0.093605725999937, 0.0 ], [ 127.268186041631452, -0.093551809841014, 0.0 ], [ 127.268105973000615, -0.093452589999963, 0.0 ], [ 127.267953877000679, -0.093251597999922, 0.0 ], [ 127.26807746400064, -0.093213320999948, 0.0 ], [ 127.2685623090007, -0.093098495999914, 0.0 ], [ 127.268828499000634, -0.092993231999942, 0.0 ], [ 127.269037651000701, -0.092887964999917, 0.0 ], [ 127.269246808000673, -0.092648706999955, 0.0 ], [ 127.269436956000646, -0.092342454999929, 0.0 ], [ 127.269522533000696, -0.091988342999916, 0.0 ], [ 127.269646136000716, -0.091634233999935, 0.0 ], [ 127.269722203000597, -0.091347115999937, 0.0 ], [ 127.269769752000698, -0.091021714999961, 0.0 ], [ 127.269864832000636, -0.090734598999964, 0.0 ], [ 127.269988430000609, -0.090476194999946, 0.0 ], [ 127.270045484000676, -0.090169935999919, 0.0 ], [ 127.270216619000635, -0.089863681999933, 0.0 ], [ 127.270406763000693, -0.089605281999939, 0.0 ], [ 127.270520859000612, -0.089260741999927, 0.0 ], [ 127.270574277383702, -0.089007277964803, 0.0 ], [ 127.270587421000656, -0.088944912999958, 0.0 ], [ 127.27063473032976, -0.088754437507762, 0.0 ], [ 127.270653980000603, -0.088676934999958, 0.0 ], [ 127.270760249996385, -0.088543215681427, 0.0 ], [ 127.27080609500058, -0.088485528999962, 0.0 ], [ 127.271186376000657, -0.088150571999927, 0.0 ], [ 127.271367008000652, -0.088026161999949, 0.0 ], [ 127.271623699000685, -0.087777333999935, 0.0 ], [ 127.272013484000567, -0.087509372999939, 0.0 ], [ 127.272260671000609, -0.087203121999947, 0.0 ], [ 127.272623634958137, -0.086893957475723, 0.0 ], [ 127.272755036000603, -0.086782032999969, 0.0 ], [ 127.272763165670725, -0.086716580908267, 0.0 ], [ 127.272802586000594, -0.086399206999901, 0.0 ], [ 127.273087794000631, -0.086207805999949, 0.0 ], [ 127.273401534000669, -0.085777137999976, 0.0 ], [ 127.273544147000621, -0.085480451999955, 0.0 ], [ 127.273696271000617, -0.085078488999961, 0.0 ], [ 127.273810363000621, -0.084820084999919, 0.0 ], [ 127.273924459000668, -0.084456402999933, 0.0 ], [ 127.274019540000609, -0.084121430999973, 0.0 ], [ 127.27402115941517, -0.084111380076956, 0.0 ], [ 127.274076595000665, -0.083767317999954, 0.0 ], [ 127.273943518000593, -0.083413194999934, 0.0 ], [ 127.273857320627883, -0.083208059210904, 0.0 ], [ 127.273838955000741, -0.083164351999923, 0.0 ], [ 127.273782795194947, -0.082949466411063, 0.0 ], [ 127.273752873911235, -0.082834977936958, 0.0 ], [ 127.273743905000714, -0.082800659999937, 0.0 ], [ 127.273382683000591, -0.082063699999943, 0.0 ], [ 127.273173553000674, -0.081690431999933, 0.0 ], [ 127.273097507000699, -0.081508584999901, 0.0 ], [ 127.27308359810992, -0.081502496229935, 0.0 ], [ 127.272878858000581, -0.081412868999926, 0.0 ], [ 127.272764789000561, -0.081154453999937, 0.0 ], [ 127.272774304000677, -0.080972610999902, 0.0 ], [ 127.272824745556264, -0.080758240763555, 0.0 ], [ 127.27285987900072, -0.080608927999908, 0.0 ], [ 127.272745808000749, -0.080398366999935, 0.0 ], [ 127.272755325000603, -0.080149528999893, 0.0 ], [ 127.272622243000697, -0.079891114999914, 0.0 ], [ 127.27252718700062, -0.079651842999961, 0.0 ], [ 127.272470911161477, -0.079486214250068, 0.0 ], [ 127.272403615000584, -0.079288150999917, 0.0 ], [ 127.272318069000661, -0.078962742999974, 0.0 ], [ 127.272242021000679, -0.078838320999974, 0.0 ], [ 127.272137451000646, -0.078742607999919, 0.0 ], [ 127.27200435900069, -0.07873303299992, 0.0 ], [ 127.271861759000771, -0.078713884999956, 0.0 ], [ 127.271662120000656, -0.078733017999913, 0.0 ], [ 127.271586070000581, -0.078627736999987, 0.0 ], [ 127.271662132000728, -0.078417184999952, 0.0 ], [ 127.271709674000618, -0.078216201999924, 0.0 ], [ 127.271576578000591, -0.078283191999949, 0.0 ], [ 127.271510031000759, -0.078292759999964, 0.0 ], [ 127.271338917000733, -0.078158761999893, 0.0 ], [ 127.271291391000659, -0.077967345999918, 0.0 ], [ 127.271215345000655, -0.077823782999897, 0.0 ], [ 127.271120282000666, -0.077737641999932, 0.0 ], [ 127.271025218000673, -0.077670643999967, 0.0 ], [ 127.270863607000592, -0.077603641999897, 0.0 ], [ 127.270730516000683, -0.077574923999986, 0.0 ], [ 127.270730521000615, -0.077450504999941, 0.0 ], [ 127.270644971000678, -0.077192092999937, 0.0 ], [ 127.270492870000666, -0.077086808999986, 0.0 ], [ 127.270350271000694, -0.077058090999985, 0.0 ], [ 127.270141980793667, -0.076944496085877, 0.0 ], [ 127.270122117000625, -0.076933662999964, 0.0 ], [ 127.26999853500061, -0.076809238999941, 0.0 ], [ 127.270036570000698, -0.076617825999958, 0.0 ], [ 127.270042732635901, -0.076540309732141, 0.0 ], [ 127.271375169883996, -0.075664213739548, 0.0 ], [ 127.271996230073469, -0.075250993129987, 0.0 ], [ 127.274116400636089, -0.073840342150281, 0.0 ], [ 127.271753076251315, -0.070408229734639, 0.0 ], [ 127.268970708672541, -0.071880551513667, 0.0 ], [ 127.268762867000689, -0.071813285999918, 0.0 ], [ 127.268572736000763, -0.071774996999979, 0.0 ], [ 127.268382607000703, -0.071688852999938, 0.0 ], [ 127.268240008000603, -0.07167927599993, 0.0 ], [ 127.268136314091151, -0.071697167995328, 0.0 ], [ 127.267907274000706, -0.071736687999913, 0.0 ], [ 127.267622071000702, -0.071851524999916, 0.0 ], [ 127.267393909000646, -0.071937652999956, 0.0 ], [ 127.26720972993914, -0.071979364751382, 0.0 ], [ 127.26701364000067, -0.072023773999939, 0.0 ], [ 127.266737944000667, -0.072148182999963, 0.0 ], [ 127.266344544273224, -0.072429690625644, 0.0 ], [ 127.26634340900074, -0.072430502999949, 0.0 ], [ 127.266029683000653, -0.072612333999922, 0.0 ], [ 127.265792014000695, -0.072688889999951, 0.0 ], [ 127.265582863000674, -0.072842012999912, 0.0 ], [ 127.26537371600071, -0.072899428999939, 0.0 ], [ 127.265264085801547, -0.072939558091814, 0.0 ], [ 127.263403721879413, -0.069290391687006, 0.0 ], [ 127.257901218303374, -0.072116001631446, 0.0 ], [ 127.258573015332487, -0.073743733859374, 0.0 ], [ 127.259664912614184, -0.075932804955997, 0.0 ], [ 127.259954815000597, -0.076426001999939, 0.0 ], [ 127.259922456050447, -0.076493654996521, 0.0 ], [ 127.259862118000697, -0.076619803999949, 0.0 ], [ 127.259626824000676, -0.076784887999932, 0.0 ], [ 127.259370137000644, -0.077007393999922, 0.0 ], [ 127.259290480935888, -0.077057796457712, 0.0 ], [ 127.259288277000749, -0.077059190999927, 0.0 ], [ 127.259120583000666, -0.077165299999936, 0.0 ], [ 127.258985108000729, -0.077301675999877, 0.0 ], [ 127.258799720000695, -0.077538541999945, 0.0 ], [ 127.2587284140007, -0.077710809999918, 0.0 ], [ 127.258685626000698, -0.077911791999939, 0.0 ], [ 127.25866422800064, -0.078105596999941, 0.0 ], [ 127.258664223000736, -0.078234799999935, 0.0 ], [ 127.258692734000746, -0.078435784999918, 0.0 ], [ 127.258716380847844, -0.078463561655603, 0.0 ], [ 127.258716903000675, -0.078464174999954, 0.0 ], [ 127.258778289000645, -0.078536280999955, 0.0 ], [ 127.25878541400067, -0.078679839999943, 0.0 ], [ 127.258835318000607, -0.07878751199993, 0.0 ], [ 127.258856706000671, -0.078830580999971, 0.0 ], [ 127.258913743000733, -0.078895184999947, 0.0 ], [ 127.258920869000619, -0.079002854999936, 0.0 ], [ 127.258842432000677, -0.079175122999962, 0.0 ], [ 127.258799647000657, -0.079297147999943, 0.0 ], [ 127.258813901000664, -0.079426350999944, 0.0 ], [ 127.258813898000668, -0.079526842999947, 0.0 ], [ 127.258812577000711, -0.079529381999961, 0.0 ], [ 127.258812210007861, -0.079530087269833, 0.0 ], [ 127.258735462000786, -0.079677577999955, 0.0 ], [ 127.258657025000716, -0.079849845999911, 0.0 ], [ 127.258542940000709, -0.080007756999964, 0.0 ], [ 127.258443115000688, -0.080129777999904, 0.0 ], [ 127.25838607200059, -0.08022308899994, 0.0 ], [ 127.258364679000636, -0.080294867999931, 0.0 ], [ 127.258343284000645, -0.080424070999916, 0.0 ], [ 127.258300499000683, -0.080538915999955, 0.0 ], [ 127.258229197000801, -0.080617870999945, 0.0 ], [ 127.258100851000734, -0.080768602999965, 0.0 ], [ 127.258072327000676, -0.080883449999907, 0.0 ], [ 127.258001028000663, -0.080861912999935, 0.0 ], [ 127.257936866000676, -0.08070399399992, 0.0 ], [ 127.257794265000612, -0.08073987799994, 0.0 ], [ 127.257744351000682, -0.080861900999931, 0.0 ], [ 127.25777286400087, -0.081019818999886, 0.0 ], [ 127.257715819000666, -0.081149019999943, 0.0 ], [ 127.257608868000659, -0.081199259999951, 0.0 ], [ 127.257537576000715, -0.081026985999913, 0.0 ], [ 127.257623144000689, -0.080818827999949, 0.0 ], [ 127.257558980000795, -0.080682443999924, 0.0 ], [ 127.257402124000592, -0.080632190999923, 0.0 ], [ 127.257152579000646, -0.080567578999912, 0.0 ], [ 127.257074149000729, -0.080589108999914, 0.0 ], [ 127.257024235000642, -0.080689598999887, 0.0 ], [ 127.256938674000608, -0.080747018999883, 0.0 ], [ 127.256788945000679, -0.080761368999939, 0.0 ], [ 127.256681994000644, -0.080804431999976, 0.0 ], [ 127.256539393000736, -0.080854671999911, 0.0 ], [ 127.25638966500064, -0.080840308999922, 0.0 ], [ 127.256254203000623, -0.080689565999908, 0.0 ], [ 127.256232814000711, -0.080675208999924, 0.0 ], [ 127.256097343000775, -0.080732626999955, 0.0 ], [ 127.256075950000763, -0.080818761999964, 0.0 ], [ 127.256026037000694, -0.080890538999951, 0.0 ], [ 127.255776490000613, -0.080883349999962, 0.0 ], [ 127.255731113000664, -0.080896399999914, 0.0 ], [ 127.255730520363812, -0.080896570441271, 0.0 ], [ 127.255676669000692, -0.080912057999972, 0.0 ], [ 127.255612497000627, -0.080969478999963, 0.0 ], [ 127.255541195000703, -0.081055611999935, 0.0 ], [ 127.255391469000713, -0.080983824999918, 0.0 ], [ 127.255248875000632, -0.080883327999958, 0.0 ], [ 127.255099149000728, -0.080833074999934, 0.0 ], [ 127.254963681000646, -0.080833068999919, 0.0 ], [ 127.25482108200066, -0.080840240999976, 0.0 ], [ 127.254785435000628, -0.080782815999893, 0.0 ], [ 127.254885262000641, -0.080603370999936, 0.0 ], [ 127.254892399000667, -0.080438277999946, 0.0 ], [ 127.254892406000678, -0.080251650999973, 0.0 ], [ 127.254913804000651, -0.080057846999962, 0.0 ], [ 127.255027890000676, -0.079885579999931, 0.0 ], [ 127.255070673000731, -0.079799446999912, 0.0 ], [ 127.255156239000669, -0.07964871299992, 0.0 ], [ 127.255241804000704, -0.079490800999968, 0.0 ], [ 127.255320238000692, -0.079375956999964, 0.0 ], [ 127.255391542000709, -0.079268290999956, 0.0 ], [ 127.255441456000696, -0.079153445999949, 0.0 ], [ 127.25544858900065, -0.079096021999925, 0.0 ], [ 127.255534157000682, -0.078866330999944, 0.0 ], [ 127.25557694000068, -0.078794551999937, 0.0 ], [ 127.255584064000715, -0.078945289999986, 0.0 ], [ 127.255604262000631, -0.079030711999923, 0.0 ], [ 127.255604510420596, -0.079031762569312, 0.0 ], [ 127.255619707000719, -0.079096028999925, 0.0 ], [ 127.255748047000708, -0.079067322999944, 0.0 ], [ 127.255790831000709, -0.078959654999902, 0.0 ], [ 127.255790354000766, -0.078949566999933, 0.0 ], [ 127.25579017512247, -0.078945781947809, 0.0 ], [ 127.255783707000703, -0.078808916999951, 0.0 ], [ 127.25577658600065, -0.078600755999964, 0.0 ], [ 127.255812243000634, -0.078406952999955, 0.0 ], [ 127.255897807000721, -0.07828492999993, 0.0 ], [ 127.255990501000667, -0.078170086999906, 0.0 ], [ 127.256068936000631, -0.078048064999949, 0.0 ], [ 127.256125979000728, -0.077954752999947, 0.0 ], [ 127.256125985000651, -0.07780401599994, 0.0 ], [ 127.256033301000755, -0.077674807999922, 0.0 ], [ 127.255897838000621, -0.077545598999965, 0.0 ], [ 127.255676812000672, -0.077495343999944, 0.0 ], [ 127.255541347000701, -0.077423558999926, 0.0 ], [ 127.255341712000629, -0.077337414999907, 0.0 ], [ 127.255013743000703, -0.077157952999853, 0.0 ], [ 127.25479271900069, -0.07709334199991, 0.0 ], [ 127.25465012100068, -0.077071801999972, 0.0 ], [ 127.254507519000683, -0.077143575999962, 0.0 ], [ 127.254329266000624, -0.077287127999967, 0.0 ], [ 127.254165271000673, -0.077466569999949, 0.0 ], [ 127.25404405800073, -0.077552699999954, 0.0 ], [ 127.253922842000662, -0.077739321999958, 0.0 ], [ 127.253830147000627, -0.077890055999946, 0.0 ], [ 127.253587725000699, -0.078012070999929, 0.0 ], [ 127.25330965600071, -0.078076660999932, 0.0 ], [ 127.253060106000618, -0.078134073999926, 0.0 ], [ 127.252746390000695, -0.078134061999921, 0.0 ], [ 127.252511103000714, -0.078134051999926, 0.0 ], [ 127.252254429000757, -0.078069438999926, 0.0 ], [ 127.252047665000703, -0.077976116999914, 0.0 ], [ 127.251755347000724, -0.077775121999916, 0.0 ], [ 127.251562848000646, -0.077574130999951, 0.0 ], [ 127.251413123000631, -0.077487988999924, 0.0 ], [ 127.251234876000623, -0.077487981999974, 0.0 ], [ 127.251059110000639, -0.077525508999946, 0.0 ], [ 127.251026385461984, -0.077532496150517, 0.0 ], [ 127.250999587000635, -0.077538217999922, 0.0 ], [ 127.250764297000671, -0.077595631999922, 0.0 ], [ 127.250543268000769, -0.077653046999914, 0.0 ], [ 127.250365019000654, -0.077688928999978, 0.0 ], [ 127.250222420000824, -0.077710456999919, 0.0 ], [ 127.25001564900063, -0.077782226999927, 0.0 ], [ 127.249737578000619, -0.077911418999986, 0.0 ], [ 127.249602107000726, -0.077997547999933, 0.0 ], [ 127.249452373000693, -0.078141100999915, 0.0 ], [ 127.249366807000854, -0.078291833999954, 0.0 ], [ 127.249266981000815, -0.078485633999896, 0.0 ], [ 127.249202805000749, -0.078636368999919, 0.0 ], [ 127.249131499000725, -0.078815813999926, 0.0 ], [ 127.249110104000621, -0.078945015999979, 0.0 ], [ 127.249124357000767, -0.079124465999907, 0.0 ], [ 127.249138608000706, -0.079318270999929, 0.0 ], [ 127.249110079000801, -0.079540785999942, 0.0 ], [ 127.249081551000614, -0.079720232999904, 0.0 ], [ 127.248981727000725, -0.079878143999976, 0.0 ], [ 127.248903288000719, -0.080100656999952, 0.0 ], [ 127.248867632000795, -0.080251391999937, 0.0 ], [ 127.248839106000744, -0.080416482999965, 0.0 ], [ 127.248853357000712, -0.08059593199989, 0.0 ], [ 127.248889004000631, -0.080682068999959, 0.0 ], [ 127.248974557000864, -0.080796919999923, 0.0 ], [ 127.249188443000747, -0.081062512999923, 0.0 ], [ 127.249323905000779, -0.081198899999945, 0.0 ], [ 127.249331027000665, -0.081399882999931, 0.0 ], [ 127.249345274000618, -0.081687000999935, 0.0 ], [ 127.249345263000635, -0.081931050999918, 0.0 ], [ 127.249257074928479, -0.082217844654012, 0.0 ], [ 127.24925256200072, -0.082232520999952, 0.0 ], [ 127.249224035000793, -0.082397611999968, 0.0 ], [ 127.249060039000668, -0.082598587999895, 0.0 ], [ 127.249010118000712, -0.082849812999873, 0.0 ], [ 127.248945945000727, -0.082921589999961, 0.0 ], [ 127.248874638000771, -0.083115390999953, 0.0 ], [ 127.248789072000648, -0.083287657999957, 0.0 ], [ 127.248760544000831, -0.083488638999894, 0.0 ], [ 127.248667835000788, -0.083926489999913, 0.0 ], [ 127.248660692000684, -0.084227962999876, 0.0 ], [ 127.248640824000688, -0.084322236999887, 0.0 ], [ 127.248640807118107, -0.084322317107463, 0.0 ], [ 127.248610772000617, -0.084464832999976, 0.0 ], [ 127.24859650300067, -0.084680169999921, 0.0 ], [ 127.248532330000742, -0.084766302999915, 0.0 ], [ 127.248425378000732, -0.084823721999929, 0.0 ], [ 127.248297036000679, -0.084917028999918, 0.0 ], [ 127.248076007000648, -0.084967263999937, 0.0 ], [ 127.247883499000707, -0.084995966999921, 0.0 ], [ 127.247612563000715, -0.085003132999909, 0.0 ], [ 127.247434315000746, -0.085010301999887, 0.0 ], [ 127.24727032900077, -0.08498158299995, 0.0 ], [ 127.247084954000755, -0.084924151999904, 0.0 ], [ 127.247063569000687, -0.084809303999976, 0.0 ], [ 127.247013666000683, -0.084687275999947, 0.0 ], [ 127.246970893000679, -0.08452935999997, 0.0 ], [ 127.246913862000682, -0.084357086999907, 0.0 ], [ 127.246856832000702, -0.084156101999907, 0.0 ], [ 127.246771279000725, -0.084005360999926, 0.0 ], [ 127.246664337000723, -0.083883331999941, 0.0 ], [ 127.246557396000711, -0.083732589999959, 0.0 ], [ 127.24641480400075, -0.083574668999966, 0.0 ], [ 127.246300734000755, -0.083388037999916, 0.0 ], [ 127.246286483000702, -0.083201410999909, 0.0 ], [ 127.246265101000688, -0.083014783999938, 0.0 ], [ 127.246307888000686, -0.082856870999907, 0.0 ], [ 127.246350672000688, -0.08274920399989, 0.0 ], [ 127.246372069000657, -0.082584111999915, 0.0 ], [ 127.246329295000635, -0.082462085999922, 0.0 ], [ 127.246258003000719, -0.082304167999954, 0.0 ], [ 127.246236623000712, -0.082088828999929, 0.0 ], [ 127.246236627000656, -0.0819811599999, 0.0 ], [ 127.246250893000649, -0.081844779999907, 0.0 ], [ 127.246265157000664, -0.081737111999924, 0.0 ], [ 127.246186733000684, -0.081643794999907, 0.0 ], [ 127.246101178000757, -0.081550477999948, 0.0 ], [ 127.246015623000702, -0.081471517999941, 0.0 ], [ 127.245945263218559, -0.081446514436339, 0.0 ], [ 127.245894416000695, -0.081428444999965, 0.0 ], [ 127.245766080000692, -0.081385370999915, 0.0 ], [ 127.245609223000741, -0.081378185999944, 0.0 ], [ 127.24543097400074, -0.081428423999973, 0.0 ], [ 127.245397643102933, -0.081446490432952, 0.0 ], [ 127.245338284000667, -0.081478664999961, 0.0 ], [ 127.245102993000685, -0.081579145999959, 0.0 ], [ 127.244946132000749, -0.08165809599996, 0.0 ], [ 127.244775014000723, -0.081672444999921, 0.0 ], [ 127.244532598000717, -0.081672433999871, 0.0 ], [ 127.244426029617372, -0.08163543351482, 0.0 ], [ 127.244325835000694, -0.081600645999947, 0.0 ], [ 127.244147593000747, -0.081478612999924, 0.0 ], [ 127.243997867000729, -0.081449894999937, 0.0 ], [ 127.243988399604987, -0.081446428628289, 0.0 ], [ 127.243762584000663, -0.081363748999933, 0.0 ], [ 127.243591470000723, -0.081291962999943, 0.0 ], [ 127.243363318000746, -0.081191461999896, 0.0 ], [ 127.243199337000718, -0.081076607999926, 0.0 ], [ 127.243042483000735, -0.080976109999936, 0.0 ], [ 127.242878501000703, -0.080868433999932, 0.0 ], [ 127.242671739000784, -0.080760755999954, 0.0 ], [ 127.242514886000748, -0.080660258999938, 0.0 ], [ 127.242393683000699, -0.080566940999947, 0.0 ], [ 127.242251093000704, -0.080394663999927, 0.0 ], [ 127.242144151000701, -0.080251101999953, 0.0 ], [ 127.242058598000739, -0.08010036199994, 0.0 ], [ 127.24195165700074, -0.07994962099995, 0.0 ], [ 127.241951662000673, -0.079820417999909, 0.0 ], [ 127.241973058000767, -0.079662504999889, 0.0 ], [ 127.241894641000684, -0.079404096999947, 0.0 ], [ 127.241752045000752, -0.079353844999941, 0.0 ], [ 127.241609448000716, -0.079353838999925, 0.0 ], [ 127.241445461000652, -0.079353831999922, 0.0 ], [ 127.241324257000741, -0.079282047999928, 0.0 ], [ 127.241324261000713, -0.079160022999889, 0.0 ], [ 127.241331309846913, -0.079149379488261, 0.0 ], [ 127.241452607000681, -0.078966224999937, 0.0 ], [ 127.24145261400075, -0.0787939539999, 0.0 ], [ 127.241324287000751, -0.078549899999897, 0.0 ], [ 127.241024841000637, -0.078363261999931, 0.0 ], [ 127.240932152000681, -0.078363257999958, 0.0 ], [ 127.240746772000747, -0.078435029999961, 0.0 ], [ 127.240615282266759, -0.078354444550108, 0.0 ], [ 127.24058279000073, -0.078334530999909, 0.0 ], [ 127.240433065000744, -0.078262745999948, 0.0 ], [ 127.24021917100066, -0.07823402599994, 0.0 ], [ 127.240076573000707, -0.078234018999924, 0.0 ], [ 127.239898320000719, -0.078399102999934, 0.0 ], [ 127.23980562500067, -0.078585724999896, 0.0 ], [ 127.239634503000786, -0.078707742999919, 0.0 ], [ 127.239392080000684, -0.078865646999891, 0.0 ], [ 127.239320776000739, -0.079002022999912, 0.0 ], [ 127.239142522000819, -0.079188641999964, 0.0 ], [ 127.238950007000753, -0.079382436999933, 0.0 ], [ 127.238828790000824, -0.079604945999952, 0.0 ], [ 127.238743227000754, -0.079726966999938, 0.0 ], [ 127.238600622000703, -0.079906408999934, 0.0 ], [ 127.238493669000789, -0.080021249999953, 0.0 ], [ 127.238379586000718, -0.080150447999931, 0.0 ], [ 127.23828688900069, -0.080358602999961, 0.0 ], [ 127.238208455000731, -0.080487800999929, 0.0 ], [ 127.238158540000754, -0.080624179999965, 0.0 ], [ 127.238101496000681, -0.080753378999889, 0.0 ], [ 127.238101489000783, -0.080904115999862, 0.0 ], [ 127.238044445000668, -0.08101178099996, 0.0 ], [ 127.237966012000683, -0.081133801999925, 0.0 ], [ 127.237994528000726, -0.081227115999935, 0.0 ], [ 127.238023038000847, -0.081420920999953, 0.0 ], [ 127.237994513000785, -0.081557298999937, 0.0 ], [ 127.237787745000787, -0.081614713999944, 0.0 ], [ 127.237687919000876, -0.081794156999941, 0.0 ], [ 127.237630872000736, -0.0819736019999, 0.0 ], [ 127.237538177000701, -0.082131510999922, 0.0 ], [ 127.237474000000674, -0.082325310999932, 0.0 ], [ 127.237488248000815, -0.082590894999942, 0.0 ], [ 127.237538147000748, -0.082820589999916, 0.0 ], [ 127.237566658000802, -0.083007215999938, 0.0 ], [ 127.237500307000786, -0.083105438999962, 0.0 ], [ 127.237500270210901, -0.083105493462244, 0.0 ], [ 127.237445442000734, -0.083186658999968, 0.0 ], [ 127.237031906000766, -0.083308663999962, 0.0 ], [ 127.236810871000756, -0.08350963499991, 0.0 ], [ 127.236568447000749, -0.083696249999945, 0.0 ], [ 127.236474797410395, -0.083847085162696, 0.0 ], [ 127.236472843000769, -0.083850232999951, 0.0 ], [ 127.236425840000734, -0.083925935999932, 0.0 ], [ 127.236233326000743, -0.084112551999959, 0.0 ], [ 127.236126368000782, -0.08435659599995, 0.0 ], [ 127.236033671000826, -0.084543216999923, 0.0 ], [ 127.235983753000696, -0.084729839999947, 0.0 ], [ 127.235983747000844, -0.084880575999914, 0.0 ], [ 127.235983744000663, -0.084939885999957, 0.0 ], [ 127.235983743962876, -0.084940688147495, 0.0 ], [ 127.235983738000741, -0.085067199999948, 0.0 ], [ 127.235891224086188, -0.08515287880671, 0.0 ], [ 127.235890630000739, -0.085153428999942, 0.0 ], [ 127.235805484000679, -0.085232283999926, 0.0 ], [ 127.23564862500082, -0.085289699999912, 0.0 ], [ 127.235570189000754, -0.085461965999954, 0.0 ], [ 127.235520267000766, -0.085741900999898, 0.0 ], [ 127.235399049000748, -0.08597158799993, 0.0 ], [ 127.235413299000669, -0.086194102999939, 0.0 ], [ 127.23531347200074, -0.086380723999981, 0.0 ], [ 127.235260837963907, -0.086527895253842, 0.0 ], [ 127.235249296000831, -0.086560167999937, 0.0 ], [ 127.235177981000803, -0.086904702999924, 0.0 ], [ 127.235149453000815, -0.08708414999993, 0.0 ], [ 127.235092409000814, -0.087191814999912, 0.0 ], [ 127.235006843000718, -0.08736408099996, 0.0 ], [ 127.2350139680008, -0.08745739299996, 0.0 ], [ 127.234871371000736, -0.087471741999937, 0.0 ], [ 127.234778676000673, -0.087615295999889, 0.0 ], [ 127.234664591000737, -0.087794736999921, 0.0 ], [ 127.234600409000848, -0.088067493999967, 0.0 ], [ 127.234486320000798, -0.088311536999847, 0.0 ], [ 127.234450664000747, -0.088462270999916, 0.0 ], [ 127.234450656000689, -0.088641717999938, 0.0 ], [ 127.234393604000729, -0.088900118999958, 0.0 ], [ 127.234450633000819, -0.089108280999932, 0.0 ], [ 127.23458609900068, -0.089144175999925, 0.0 ], [ 127.234728701000961, -0.08903651499994, 0.0 ], [ 127.234821394000704, -0.08891449599997, 0.0 ], [ 127.234935475000754, -0.088849899999911, 0.0 ], [ 127.235027221460683, -0.08873299417168, 0.0 ], [ 127.235123239000743, -0.088610645999915, 0.0 ], [ 127.235187272304429, -0.088533295946638, 0.0 ], [ 127.23526584400075, -0.088438383999952, 0.0 ] ], [ [ 127.208268492000897, -0.113830048999926, 0.0 ], [ 127.208418215000819, -0.113865947999886, 0.0 ], [ 127.208460995000877, -0.113844416999931, 0.0 ], [ 127.20848239000081, -0.113743928999941, 0.0 ], [ 127.208503785000801, -0.113650618999941, 0.0 ], [ 127.208533977000855, -0.113583084999953, 0.0 ], [ 127.20856796100081, -0.113507067999931, 0.0 ], [ 127.208589360000801, -0.113356335999892, 0.0 ], [ 127.208603631000855, -0.113176891999956, 0.0 ], [ 127.208546596000758, -0.113119465999943, 0.0 ], [ 127.208532341000748, -0.113054864999917, 0.0 ], [ 127.208596511000891, -0.11301180199992, 0.0 ], [ 127.208619125261507, -0.112989038219393, 0.0 ], [ 127.20864642200074, -0.112961560999947, 0.0 ], [ 127.208674946000826, -0.112875429999978, 0.0 ], [ 127.208639307000837, -0.11272469299997, 0.0 ], [ 127.208582277000858, -0.112595489999944, 0.0 ], [ 127.208518114000825, -0.112516529999893, 0.0 ], [ 127.208439688000851, -0.112487814999952, 0.0 ], [ 127.208304230000863, -0.112387316999958, 0.0 ], [ 127.208211545000793, -0.112351422999954, 0.0 ], [ 127.208076083000805, -0.112286813999968, 0.0 ], [ 127.207990528000849, -0.112265275999911, 0.0 ], [ 127.207819415000756, -0.112243731999956, 0.0 ], [ 127.207676821000874, -0.112229366999931, 0.0 ], [ 127.20757700200086, -0.112272427999864, 0.0 ], [ 127.207441536000772, -0.112286774999917, 0.0 ], [ 127.207298945000787, -0.112222165999892, 0.0 ], [ 127.207223440000817, -0.112222161999918, 0.0 ], [ 127.207163480000844, -0.112222157999896, 0.0 ], [ 127.207042272000891, -0.112258038999915, 0.0 ], [ 127.206999488000861, -0.112351346999924, 0.0 ], [ 127.207003487000819, -0.11244003199993, 0.0 ], [ 127.207006609000743, -0.112509258999945, 0.0 ], [ 127.206892531000861, -0.112530784999919, 0.0 ], [ 127.206764198000826, -0.112494888999922, 0.0 ], [ 127.206729082075782, -0.11246896046225, 0.0 ], [ 127.206657257000813, -0.112415926999922, 0.0 ], [ 127.206593091000826, -0.112372854999903, 0.0 ], [ 127.206479019000852, -0.112329781999934, 0.0 ], [ 127.206343555000856, -0.112301061999964, 0.0 ], [ 127.206229486000836, -0.112186210999931, 0.0 ], [ 127.206113741212292, -0.112147361235775, 0.0 ], [ 127.206101153000844, -0.112143135999923, 0.0 ], [ 127.205937169000876, -0.112150303999893, 0.0 ], [ 127.20580170100078, -0.112200539999917, 0.0 ], [ 127.205587807000796, -0.112243593999918, 0.0 ], [ 127.205602061000818, -0.112322549999905, 0.0 ], [ 127.205687613000762, -0.112387154999966, 0.0 ], [ 127.20563770000075, -0.112480462999949, 0.0 ], [ 127.205559268000883, -0.112559413999979, 0.0 ], [ 127.205552131000857, -0.112667079999884, 0.0 ], [ 127.205580647000957, -0.112717325999936, 0.0 ], [ 127.205559252000796, -0.112810635999905, 0.0 ], [ 127.205495083000869, -0.112839342999967, 0.0 ], [ 127.205466559000897, -0.112925473999909, 0.0 ], [ 127.205509332000773, -0.113018787999968, 0.0 ], [ 127.205651918000825, -0.113169530999928, 0.0 ], [ 127.205765985000909, -0.113305914999953, 0.0 ], [ 127.205929957000947, -0.113485369999978, 0.0 ], [ 127.206101067000901, -0.113564336999952, 0.0 ], [ 127.206215144000851, -0.113535631999961, 0.0 ], [ 127.206307833000864, -0.113506926999935, 0.0 ], [ 127.206429039000852, -0.113499755999953, 0.0 ], [ 127.206571629000877, -0.113571543999964, 0.0 ], [ 127.206728481000866, -0.113614618999936, 0.0 ], [ 127.206871075000834, -0.113614627999919, 0.0 ], [ 127.207077840000849, -0.113571574999963, 0.0 ], [ 127.207234695000793, -0.113571584999892, 0.0 ], [ 127.207541271000807, -0.113621847999972, 0.0 ], [ 127.207740901000832, -0.113664926999961, 0.0 ], [ 127.207933401000872, -0.113708005999955, 0.0 ], [ 127.207970273502937, -0.1137211102126, 0.0 ], [ 127.208054605000797, -0.113751080999946, 0.0 ], [ 127.208182895000817, -0.113798445999958, 0.0 ], [ 127.208268492000897, -0.113830048999926, 0.0 ] ], [ [ 127.214072217000947, -0.112179515999979, 0.0 ], [ 127.214172027000728, -0.11229436699993, 0.0 ], [ 127.214307487000809, -0.112394864999867, 0.0 ], [ 127.214428688000851, -0.112466650999971, 0.0 ], [ 127.214466003000823, -0.112494828999967, 0.0 ], [ 127.214466166814773, -0.112494952705539, 0.0 ], [ 127.214542759000821, -0.112552791999976, 0.0 ], [ 127.214623609104521, -0.112573145092751, 0.0 ], [ 127.214624002000789, -0.112573243999945, 0.0 ], [ 127.214628315000766, -0.112574329999973, 0.0 ], [ 127.21472100500084, -0.112538446999955, 0.0 ], [ 127.214785173000948, -0.112524094999931, 0.0 ], [ 127.214863602000804, -0.112495388999954, 0.0 ], [ 127.214905357930547, -0.112464820584859, 0.0 ], [ 127.214942034000785, -0.112437970999954, 0.0 ], [ 127.215027593000755, -0.112402086999938, 0.0 ], [ 127.215106022000825, -0.112380558999933, 0.0 ], [ 127.21519871000082, -0.11235903099991, 0.0 ], [ 127.215243378000906, -0.112314066999938, 0.0 ], [ 127.215270012000744, -0.112287256999934, 0.0 ], [ 127.21534844400081, -0.112229839999946, 0.0 ], [ 127.215426872000819, -0.112208310999913, 0.0 ], [ 127.215519560000786, -0.112208315999957, 0.0 ], [ 127.215555534000757, -0.112220390999886, 0.0 ], [ 127.215626503000792, -0.11224421199995, 0.0 ], [ 127.215740576000741, -0.112308818999964, 0.0 ], [ 127.21585465300079, -0.112294470999914, 0.0 ], [ 127.215940212000817, -0.112272941999909, 0.0 ], [ 127.216004385000858, -0.112193990999921, 0.0 ], [ 127.216097075000846, -0.112150929999906, 0.0 ], [ 127.216175503000798, -0.112150933999914, 0.0 ], [ 127.216261063000758, -0.112093516999867, 0.0 ], [ 127.216382273000761, -0.112036100999906, 0.0 ], [ 127.216460702000802, -0.112007394999966, 0.0 ], [ 127.216567653000808, -0.111942800999931, 0.0 ], [ 127.216710252000809, -0.111878209999854, 0.0 ], [ 127.216781553000772, -0.111827969999982, 0.0 ], [ 127.216817208000805, -0.111734659999943, 0.0 ], [ 127.216810084000855, -0.111634169999901, 0.0 ], [ 127.216824350000735, -0.111519325999939, 0.0 ], [ 127.216859608944588, -0.111412861169572, 0.0 ], [ 127.216867137000747, -0.111390127999887, 0.0 ], [ 127.216924183000799, -0.111260930999948, 0.0 ], [ 127.216945580000768, -0.111124552999965, 0.0 ], [ 127.216974102000847, -0.111074310999919, 0.0 ], [ 127.217016884000785, -0.111031245999872, 0.0 ], [ 127.217095314000815, -0.110995361999914, 0.0 ], [ 127.217138095000863, -0.110952297999974, 0.0 ], [ 127.217195137000786, -0.110887700999965, 0.0 ], [ 127.21723079000077, -0.110815924999911, 0.0 ], [ 127.217273576000778, -0.110708259999908, 0.0 ], [ 127.217280710000807, -0.110629304999971, 0.0 ], [ 127.217230804000849, -0.110579056999906, 0.0 ], [ 127.217180901000759, -0.110492919999963, 0.0 ], [ 127.217159516000763, -0.11042831799995, 0.0 ], [ 127.217145260000763, -0.110363716999934, 0.0 ], [ 127.217081097000815, -0.110284756999915, 0.0 ], [ 127.21704544900075, -0.110256043999921, 0.0 ], [ 127.217038323000821, -0.110198619999928, 0.0 ], [ 127.217038327000807, -0.110119663999911, 0.0 ], [ 127.217040559000836, -0.110097209999873, 0.0 ], [ 127.217045462000783, -0.110047886999953, 0.0 ], [ 127.216988429000821, -0.109954570999952, 0.0 ], [ 127.216928211000806, -0.10995023699997, 0.0 ], [ 127.216888612000758, -0.109947386999908, 0.0 ], [ 127.216810182000756, -0.109997627999975, 0.0 ], [ 127.216746013000773, -0.110019157999948, 0.0 ], [ 127.21673888700073, -0.109947377999919, 0.0 ], [ 127.21678880100076, -0.109854069999922, 0.0 ], [ 127.216774545000732, -0.109796646999928, 0.0 ], [ 127.21671751100078, -0.109717686999939, 0.0 ], [ 127.216653346000754, -0.10967461699994, 0.0 ], [ 127.216589183000821, -0.109595656999938, 0.0 ], [ 127.216525018000794, -0.10953105299993, 0.0 ], [ 127.216460850000814, -0.109523870999952, 0.0 ], [ 127.216432335000732, -0.109473624999971, 0.0 ], [ 127.216396692000842, -0.109365954999908, 0.0 ], [ 127.216304009000751, -0.109286993999894, 0.0 ], [ 127.216225590000747, -0.109143431999926, 0.0 ], [ 127.216140049000742, -0.10887784799994, 0.0 ], [ 127.216091763000861, -0.108751436999965, 0.0 ], [ 127.216068762000802, -0.108691220999907, 0.0 ], [ 127.216004604000815, -0.108533304999918, 0.0 ], [ 127.215883405000895, -0.108382562999948, 0.0 ], [ 127.215812108000804, -0.108382559999924, 0.0 ], [ 127.215705160000795, -0.108404086999933, 0.0 ], [ 127.215678846000813, -0.108427631999957, 0.0 ], [ 127.215640989000718, -0.108461504999975, 0.0 ], [ 127.215591079000831, -0.108483035999925, 0.0 ], [ 127.215569692000741, -0.108447145999949, 0.0 ], [ 127.21555103600079, -0.108376696999866, 0.0 ], [ 127.21554117900078, -0.108339476999941, 0.0 ], [ 127.215498406000847, -0.108253339999977, 0.0 ], [ 127.215448503000772, -0.108152847999968, 0.0 ], [ 127.215403083231593, -0.108117876650358, 0.0 ], [ 127.215327303000834, -0.108059528999933, 0.0 ], [ 127.215227488000906, -0.108023633999949, 0.0 ], [ 127.215092022000775, -0.108016448999912, 0.0 ], [ 127.215106275000892, -0.108131293999952, 0.0 ], [ 127.215127656000789, -0.108282028999932, 0.0 ], [ 127.215091997000769, -0.108447116999967, 0.0 ], [ 127.215006435000802, -0.10851888999998, 0.0 ], [ 127.214928008000726, -0.108518884999924, 0.0 ], [ 127.214835319000741, -0.108540412999959, 0.0 ], [ 127.214699856000834, -0.108504515999926, 0.0 ], [ 127.214592913000757, -0.10845426499997, 0.0 ], [ 127.214500227000755, -0.108432726999967, 0.0 ], [ 127.214450317000839, -0.108461434999896, 0.0 ], [ 127.214386142000919, -0.108569097999967, 0.0 ], [ 127.214314836000824, -0.108719826999966, 0.0 ], [ 127.214257789000854, -0.108863380999932, 0.0 ], [ 127.214186482000812, -0.109021287999934, 0.0 ], [ 127.214122305000757, -0.109172017999932, 0.0 ], [ 127.214079520000865, -0.109286860999889, 0.0 ], [ 127.214015344000757, -0.109437589999973, 0.0 ], [ 127.213887001000913, -0.109530893999947, 0.0 ], [ 127.213844213000812, -0.10968880299989, 0.0 ], [ 127.213801425000895, -0.109846712999924, 0.0 ], [ 127.213772896000734, -0.11002615599994, 0.0 ], [ 127.2137514970008, -0.11019124399996, 0.0 ], [ 127.213715839000798, -0.110341975999919, 0.0 ], [ 127.213680178000828, -0.110542952999877, 0.0 ], [ 127.213637389000795, -0.110722394999927, 0.0 ], [ 127.213594600000818, -0.110887481999948, 0.0 ], [ 127.21356607100077, -0.111059747999927, 0.0 ], [ 127.213566060000915, -0.11123919199997, 0.0 ], [ 127.213587442000772, -0.111375571999897, 0.0 ], [ 127.213644471000876, -0.111511953999986, 0.0 ], [ 127.21370150200076, -0.111641157999888, 0.0 ], [ 127.213765663000842, -0.111748828999946, 0.0 ], [ 127.213836958000883, -0.111806255999901, 0.0 ], [ 127.213922509000838, -0.11188521699994, 0.0 ], [ 127.213958154000736, -0.111964175999925, 0.0 ], [ 127.214008056000836, -0.112057489999863, 0.0 ], [ 127.214072217000947, -0.112179515999979, 0.0 ] ], [ [ 127.218771148000826, -0.108334522999917, 0.0 ], [ 127.218666569000888, -0.108497214999895, 0.0 ], [ 127.218647542000909, -0.108746044999969, 0.0 ], [ 127.21867950200091, -0.108882831999916, 0.0 ], [ 127.218679543854392, -0.108883011116689, 0.0 ], [ 127.218685557000768, -0.108908744999956, 0.0 ], [ 127.218695058000776, -0.109014019999941, 0.0 ], [ 127.218523934000757, -0.109167135999887, 0.0 ], [ 127.218266437000779, -0.1091430069999, 0.0 ], [ 127.218115161000725, -0.109128830999951, 0.0 ], [ 127.217896503000773, -0.109329796999919, 0.0 ], [ 127.217868239644858, -0.109466332697502, 0.0 ], [ 127.217848957000797, -0.109559483999907, 0.0 ], [ 127.217886965000858, -0.109865739999952, 0.0 ], [ 127.217982017000793, -0.110076294999956, 0.0 ], [ 127.218010523000842, -0.110277275999967, 0.0 ], [ 127.218096073000808, -0.110411267999937, 0.0 ], [ 127.218276697000803, -0.110372995999965, 0.0 ], [ 127.218352761000858, -0.110143310999919, 0.0 ], [ 127.218445887326908, -0.11008265428152, 0.0 ], [ 127.218514376000769, -0.110038044999955, 0.0 ], [ 127.218695003000846, -0.109942351999949, 0.0 ], [ 127.218932666000853, -0.109884943999911, 0.0 ], [ 127.219132299000762, -0.109894525999897, 0.0 ], [ 127.219144987418673, -0.109867705045272, 0.0 ], [ 127.219227375000798, -0.109693552999931, 0.0 ], [ 127.219417507000855, -0.109617000999884, 0.0 ], [ 127.219655168000756, -0.10958830299994, 0.0 ], [ 127.219759743000765, -0.109530886999954, 0.0 ], [ 127.21996888500081, -0.109502188999916, 0.0 ], [ 127.220216049000868, -0.109540484999907, 0.0 ], [ 127.220415680000826, -0.109588349, 0.0 ], [ 127.220691371000726, -0.109492660999887, 0.0 ], [ 127.220852987000782, -0.109368254999929, 0.0 ], [ 127.220963358217034, -0.109265699699092, 0.0 ], [ 127.220976577000883, -0.109253416999894, 0.0 ], [ 127.221020168754293, -0.109143722620301, 0.0 ], [ 127.221033624000739, -0.109109863999923, 0.0 ], [ 127.221138206000788, -0.108908890999936, 0.0 ], [ 127.221252287000794, -0.108832333999948, 0.0 ], [ 127.221308961281949, -0.108787962119013, 0.0 ], [ 127.221309070000871, -0.108787876999917, 0.0 ], [ 127.221423410000781, -0.108698357999907, 0.0 ], [ 127.221546525000704, -0.108610877999934, 0.0 ], [ 127.221585025000792, -0.108583520999948, 0.0 ], [ 127.221814168024906, -0.108369949948579, 0.0 ], [ 127.221814242000775, -0.108369880999936, 0.0 ], [ 127.221841713000842, -0.108344275999952, 0.0 ], [ 127.221879753000792, -0.108095445999895, 0.0 ], [ 127.221887625511883, -0.107984575988296, 0.0 ], [ 127.221892820000818, -0.107911420999862, 0.0 ], [ 127.221898781000746, -0.107827474999966, 0.0 ], [ 127.221822740000832, -0.107664771999964, 0.0 ], [ 127.221670644000739, -0.107530777999904, 0.0 ], [ 127.221784740000786, -0.107214958999977, 0.0 ], [ 127.222098470000844, -0.106889582999869, 0.0 ], [ 127.222174537000825, -0.106602472999893, 0.0 ], [ 127.222174553000741, -0.106334499999887, 0.0 ], [ 127.222174570000831, -0.106028245999916, 0.0 ], [ 127.222146061000814, -0.105855976999959, 0.0 ], [ 127.222022490000782, -0.105645418999891, 0.0 ], [ 127.222032014000803, -0.105339164999905, 0.0 ], [ 127.222165113000798, -0.105157334999937, 0.0 ], [ 127.222383773000743, -0.104937225999925, 0.0 ], [ 127.22258341000078, -0.104879814999937, 0.0 ], [ 127.222535863000758, -0.105147784999891, 0.0 ], [ 127.222649933000767, -0.105262636999959, 0.0 ], [ 127.222806107000835, -0.105212333999911, 0.0 ], [ 127.222887598000781, -0.105186086999862, 0.0 ], [ 127.223182294000736, -0.105224384999874, 0.0 ], [ 127.223096729000773, -0.105367937999925, 0.0 ], [ 127.222915079000728, -0.105518990999885, 0.0 ], [ 127.222878072000768, -0.105549763999931, 0.0 ], [ 127.222756841000802, -0.105958893999954, 0.0 ], [ 127.222833723197908, -0.106214366399522, 0.0 ], [ 127.222875649000827, -0.106353681999957, 0.0 ], [ 127.223070474438614, -0.106541996807359, 0.0 ], [ 127.223172707000813, -0.106640812999954, 0.0 ], [ 127.223304155000733, -0.106703837999913, 0.0 ], [ 127.223422244000744, -0.106760457999948, 0.0 ], [ 127.223754967000815, -0.10677244099996, 0.0 ], [ 127.223924276000773, -0.106749937999943, 0.0 ], [ 127.224384771000729, -0.106688734999963, 0.0 ], [ 127.224931391000737, -0.10667680399994, 0.0 ], [ 127.225240350000732, -0.106676821999912, 0.0 ], [ 127.225489891000734, -0.10672468899997, 0.0 ], [ 127.225715666000724, -0.106760590999948, 0.0 ], [ 127.225822611000709, -0.106796486999936, 0.0 ], [ 127.225988970000799, -0.106844348999974, 0.0 ], [ 127.226250391000704, -0.106963994999936, 0.0 ], [ 127.22648804200071, -0.1071195289999, 0.0 ], [ 127.226678163000798, -0.107251133999974, 0.0 ], [ 127.226773219000748, -0.107394696999908, 0.0 ], [ 127.226808862000794, -0.107502366999917, 0.0 ], [ 127.226889668000695, -0.107464088999963, 0.0 ], [ 127.226956228000759, -0.107215260999972, 0.0 ], [ 127.226956239000742, -0.10702385099995, 0.0 ], [ 127.2269562470008, -0.106880293999933, 0.0 ], [ 127.226931909338248, -0.106586064344962, 0.0 ], [ 127.226927748000776, -0.106535755999957, 0.0 ], [ 127.226927771000788, -0.106124224999919, 0.0 ], [ 127.226937293000788, -0.105856252999962, 0.0 ], [ 127.226889775000714, -0.105597846999913, 0.0 ], [ 127.226823243000723, -0.105377721999965, 0.0 ], [ 127.226832765000694, -0.105100178999973, 0.0 ], [ 127.226823272000743, -0.104860915999943, 0.0 ], [ 127.226671193000712, -0.104430235999913, 0.0 ], [ 127.226595153000787, -0.10422925199991, 0.0 ], [ 127.226557142000743, -0.103970845999922, 0.0 ], [ 127.226509627000723, -0.103674158999928, 0.0 ], [ 127.226433589000749, -0.103425322999908, 0.0 ], [ 127.226281508000739, -0.103032924999971, 0.0 ], [ 127.226110405000796, -0.102803223999922, 0.0 ], [ 127.225692133000734, -0.102621361999962, 0.0 ], [ 127.225273857000744, -0.102506492999943, 0.0 ], [ 127.225026691000721, -0.102477767999949, 0.0 ], [ 127.224846066000737, -0.102535179999965, 0.0 ], [ 127.224731981000829, -0.102688300999944, 0.0 ], [ 127.224522836000801, -0.102755281999975, 0.0 ], [ 127.224199618000767, -0.102755263999947, 0.0 ], [ 127.223971466000776, -0.102716969999939, 0.0 ], [ 127.223553181000767, -0.10278393999994, 0.0 ], [ 127.223201441000739, -0.102841342999958, 0.0 ], [ 127.222811677000806, -0.102850890999937, 0.0 ], [ 127.222402899000727, -0.102917861999977, 0.0 ], [ 127.222258677000724, -0.102961410999969, 0.0 ], [ 127.222022636000773, -0.103032684999936, 0.0 ], [ 127.221794476000738, -0.103157088999969, 0.0 ], [ 127.221461736000762, -0.103444183999938, 0.0 ], [ 127.221357150000699, -0.103721720999902, 0.0 ], [ 127.221147993000756, -0.104018392999898, 0.0 ], [ 127.220929331000789, -0.104295923999916, 0.0 ], [ 127.220720176000825, -0.10453517299993, 0.0 ], [ 127.220634608000779, -0.104707434999927, 0.0 ], [ 127.220387429000795, -0.104956252999904, 0.0 ], [ 127.220178274000801, -0.10519550199994, 0.0 ], [ 127.220130725000885, -0.105501752999933, 0.0 ], [ 127.220121202000939, -0.105798435999937, 0.0 ], [ 127.22018773500082, -0.105999418999909, 0.0 ], [ 127.220007106000736, -0.106142965999932, 0.0 ], [ 127.219902520000844, -0.106420502999904, 0.0 ], [ 127.219797930000709, -0.106755461999959, 0.0 ], [ 127.219740880000771, -0.106946867999968, 0.0 ], [ 127.219626791000849, -0.107166979999924, 0.0 ], [ 127.219683811000806, -0.107482808999916, 0.0 ], [ 127.219474657000831, -0.10772205699993, 0.0 ], [ 127.219198971000807, -0.107722040999886, 0.0 ], [ 127.218999319000972, -0.108037852999912, 0.0 ], [ 127.218894740000835, -0.108190974999911, 0.0 ], [ 127.218833094976006, -0.108262573650327, 0.0 ], [ 127.218771148000826, -0.108334522999917, 0.0 ] ], [ [ 127.217959777135079, -0.107533708394032, 0.0 ], [ 127.222478261625355, -0.100800916140956, 0.0 ], [ 127.223648870273578, -0.099100391383818, 0.0 ], [ 127.217897711591206, -0.095128351812445, 0.0 ], [ 127.212032107518667, -0.103069296101862, 0.0 ], [ 127.213118899982945, -0.103941704421929, 0.0 ], [ 127.217959777135079, -0.107533708394032, 0.0 ] ], [ [ 127.220289798088601, -0.091657833928569, 0.0 ], [ 127.225869905985576, -0.095747141072243, 0.0 ], [ 127.230670345783111, -0.08859411337735, 0.0 ], [ 127.225311060202444, -0.084784535186415, 0.0 ], [ 127.220289798088601, -0.091657833928569, 0.0 ] ], [ [ 127.228021003000777, -0.106248703999874, 0.0 ], [ 127.228363234000781, -0.106267864999883, 0.0 ], [ 127.228638922000727, -0.106248739999935, 0.0 ], [ 127.229000170000759, -0.106191337999958, 0.0 ], [ 127.229465985000701, -0.106191364999984, 0.0 ], [ 127.229565379044772, -0.106160399224358, 0.0 ], [ 127.229865262000786, -0.10606697199994, 0.0 ], [ 127.229865273000826, -0.105877274914211, 0.0 ], [ 127.229865277000741, -0.10580856899997, 0.0 ], [ 127.229732201000758, -0.105569298999941, 0.0 ], [ 127.229545262237764, -0.1055028637873, 0.0 ], [ 127.229545215000698, -0.105502846999947, 0.0 ], [ 127.229408988000742, -0.105454433999951, 0.0 ], [ 127.228952536071475, -0.10531373432997, 0.0 ], [ 127.228943180000769, -0.105310849999946, 0.0 ], [ 127.228569680779913, -0.105253607943116, 0.0 ], [ 127.228569642000707, -0.105253601999928, 0.0 ], [ 127.2285058890008, -0.105243830999903, 0.0 ], [ 127.2282112040008, -0.104966270999965, 0.0 ], [ 127.22809713000072, -0.104918411999914, 0.0 ], [ 127.22804008700075, -0.105004542999941, 0.0 ], [ 127.228040080000838, -0.105119388999907, 0.0 ], [ 127.228059082000783, -0.105320369999901, 0.0 ], [ 127.228106600000743, -0.105550063999926, 0.0 ], [ 127.22810659100071, -0.105722332999973, 0.0 ], [ 127.228049542000704, -0.105913738999956, 0.0 ], [ 127.228021003000777, -0.106248703999874, 0.0 ] ], [ [ 127.213801262000786, -0.11257427899994, 0.0 ], [ 127.2136444070008, -0.112574268999895, 0.0 ], [ 127.213501809000803, -0.112617326999912, 0.0 ], [ 127.213501811000739, -0.112578253440886, 0.0 ], [ 127.213501815000797, -0.112516837999972, 0.0 ], [ 127.213523209000826, -0.112452238999862, 0.0 ], [ 127.213523212000922, -0.112387638999949, 0.0 ], [ 127.213494696000851, -0.112337391999956, 0.0 ], [ 127.213437660000778, -0.112315854999929, 0.0 ], [ 127.213344973000773, -0.112315849999947, 0.0 ], [ 127.213273669000756, -0.112401978999938, 0.0 ], [ 127.213230887000719, -0.112466575999914, 0.0 ], [ 127.213216621000726, -0.112574242999937, 0.0 ], [ 127.21324513500079, -0.112660377999915, 0.0 ], [ 127.21326106605116, -0.112679626060712, 0.0 ], [ 127.213316427000848, -0.112746515999907, 0.0 ], [ 127.21330929400078, -0.112803937999961, 0.0 ], [ 127.213280768000828, -0.112911603999975, 0.0 ], [ 127.213223725000745, -0.112983377999954, 0.0 ], [ 127.213166685000772, -0.113033619999952, 0.0 ], [ 127.213109644000752, -0.113062326999962, 0.0 ], [ 127.213045474000793, -0.113105389999936, 0.0 ], [ 127.212945653000787, -0.11317716099995, 0.0 ], [ 127.212852965000721, -0.113191511999947, 0.0 ], [ 127.212774539000847, -0.113169972999956, 0.0 ], [ 127.212681853000788, -0.113155611999919, 0.0 ], [ 127.212596296000754, -0.113155605999965, 0.0 ], [ 127.212496479000762, -0.113162777999925, 0.0 ], [ 127.212418047000781, -0.113227372999979, 0.0 ], [ 127.212311092000775, -0.113363744999963, 0.0 ], [ 127.212254054000766, -0.113370918999978, 0.0 ], [ 127.212147107000817, -0.113370912999898, 0.0 ], [ 127.212047292000818, -0.113356550999931, 0.0 ], [ 127.211961735000784, -0.113356544999931, 0.0 ], [ 127.211890433000761, -0.11342831899998, 0.0 ], [ 127.21185478600087, -0.113385249999893, 0.0 ], [ 127.211804878000805, -0.113370890999933, 0.0 ], [ 127.211733577000743, -0.113449842999956, 0.0 ], [ 127.211733275000768, -0.113450276999948, 0.0 ], [ 127.211683663000755, -0.113521617999886, 0.0 ], [ 127.211662266000815, -0.11366517199995, 0.0 ], [ 127.211590966000841, -0.113708233999928, 0.0 ], [ 127.211498280000939, -0.113686695999908, 0.0 ], [ 127.211419853000791, -0.113665156999957, 0.0 ], [ 127.211348556000814, -0.113665151999919, 0.0 ], [ 127.211284387000902, -0.113686681999981, 0.0 ], [ 127.211258495682316, -0.113727635869213, 0.0 ], [ 127.211234473000843, -0.113765633999897, 0.0 ], [ 127.211177427000791, -0.113909186999903, 0.0 ], [ 127.211120383000846, -0.114002494999966, 0.0 ], [ 127.211106117000824, -0.114102982999951, 0.0 ], [ 127.211141760000928, -0.11421065199994, 0.0 ], [ 127.211184531000811, -0.11431114399993, 0.0 ], [ 127.211248694000844, -0.114411636999868, 0.0 ], [ 127.211334244000867, -0.114504953999942, 0.0 ], [ 127.211519613000817, -0.114605454999925, 0.0 ], [ 127.211669335000835, -0.114641352999922, 0.0 ], [ 127.211847579000789, -0.114641364999954, 0.0 ], [ 127.212012380000758, -0.114634738999937, 0.0 ], [ 127.212025824000818, -0.11463419799997, 0.0 ], [ 127.212168419000747, -0.114619850999891, 0.0 ], [ 127.212346664000776, -0.114612683999952, 0.0 ], [ 127.212482131000826, -0.114598336999961, 0.0 ], [ 127.212560560000796, -0.114569630999931, 0.0 ], [ 127.21265325000077, -0.114519391999974, 0.0 ], [ 127.212738808000793, -0.114497863999932, 0.0 ], [ 127.212824366000802, -0.114490691999955, 0.0 ], [ 127.212959832000763, -0.114490699999976, 0.0 ], [ 127.213081039000826, -0.114469174999944, 0.0 ], [ 127.213152343000829, -0.114361511999955, 0.0 ], [ 127.213185763758858, -0.114320106879169, 0.0 ], [ 127.213245037000803, -0.114246672999961, 0.0 ], [ 127.21334486000076, -0.114146189999906, 0.0 ], [ 127.213428928495887, -0.114117984388311, 0.0 ], [ 127.213429183000898, -0.114117898999879, 0.0 ], [ 127.213430419000858, -0.114117483999949, 0.0 ], [ 127.213537367000811, -0.114095956999961, 0.0 ], [ 127.213644314000803, -0.114088785999957, 0.0 ], [ 127.213729875000752, -0.114038546999944, 0.0 ], [ 127.213893861000827, -0.11399548999997, 0.0 ], [ 127.21399368400084, -0.113909362999931, 0.0 ], [ 127.214029339000746, -0.113816053999916, 0.0 ], [ 127.214093513000805, -0.113715567999958, 0.0 ], [ 127.214179074000782, -0.113650973999876, 0.0 ], [ 127.214236116000791, -0.113579198999965, 0.0 ], [ 127.214265753415916, -0.11351953466644, 0.0 ], [ 127.21428603100081, -0.113478712999882, 0.0 ], [ 127.214302941000781, -0.113410632999918, 0.0 ], [ 127.21430296957061, -0.113410517985159, 0.0 ], [ 127.214314557000833, -0.113363869999904, 0.0 ], [ 127.21436447400076, -0.113220315999961, 0.0 ], [ 127.21442864300073, -0.113198786999894, 0.0 ], [ 127.214542721000782, -0.113170082999942, 0.0 ], [ 127.214556986000787, -0.11309112799995, 0.0 ], [ 127.214548458682316, -0.113048189913783, 0.0 ], [ 127.214542731000776, -0.113019348999913, 0.0 ], [ 127.214457178000828, -0.112947564999922, 0.0 ], [ 127.214399909118086, -0.112931837343279, 0.0 ], [ 127.214378752000769, -0.112926026999883, 0.0 ], [ 127.214293197000814, -0.112875776999909, 0.0 ], [ 127.214270831754831, -0.112830736532507, 0.0 ], [ 127.214257554000739, -0.112803996999898, 0.0 ], [ 127.214230241792208, -0.112756854651393, 0.0 ], [ 127.214207650000802, -0.112717859999981, 0.0 ], [ 127.214107838000729, -0.112646075999981, 0.0 ], [ 127.21400802300073, -0.112610180999935, 0.0 ], [ 127.213983895333143, -0.112605991469307, 0.0 ], [ 127.2139206850525, -0.11259501562987, 0.0 ], [ 127.213801262000786, -0.11257427899994, 0.0 ] ], [ [ 127.210428805000845, -0.11385889599993, 0.0 ], [ 127.210350382000868, -0.113787112999934, 0.0 ], [ 127.210193527000911, -0.113801458999934, 0.0 ], [ 127.210050927000921, -0.113880405999964, 0.0 ], [ 127.210036665000814, -0.113930648999923, 0.0 ], [ 127.210031401000819, -0.113975670999911, 0.0 ], [ 127.210031055231596, -0.113978627933544, 0.0 ], [ 127.21002239700087, -0.114052670999966, 0.0 ], [ 127.210043780000831, -0.114153160999937, 0.0 ], [ 127.210086555000842, -0.114210585999922, 0.0 ], [ 127.210091282000775, -0.114222483999904, 0.0 ], [ 127.210102578000772, -0.114250918999962, 0.0 ], [ 127.210115070000768, -0.114282365999897, 0.0 ], [ 127.210200623000816, -0.114346971999926, 0.0 ], [ 127.210244317000772, -0.114311784999868, 0.0 ], [ 127.210307575000868, -0.114260843999882, 0.0 ], [ 127.21039313700085, -0.114167538999929, 0.0 ], [ 127.210447889260578, -0.114068336496295, 0.0 ], [ 127.21045241200089, -0.114060141999929, 0.0 ], [ 127.210464443000916, -0.114038342999921, 0.0 ], [ 127.210478708000949, -0.113945031999886, 0.0 ], [ 127.210428805000845, -0.11385889599993, 0.0 ] ], [ [ 127.20971585700083, -0.113421005999908, 0.0 ], [ 127.209737251000831, -0.113342051999892, 0.0 ], [ 127.209730124000828, -0.113291806999905, 0.0 ], [ 127.209694480000806, -0.113220026999948, 0.0 ], [ 127.209651704000834, -0.113176956999886, 0.0 ], [ 127.209608927000957, -0.113141064999951, 0.0 ], [ 127.209580410000967, -0.113119529999957, 0.0 ], [ 127.209566152000932, -0.113090817999868, 0.0 ], [ 127.209566156000832, -0.113033395999916, 0.0 ], [ 127.209573289000858, -0.112983151999913, 0.0 ], [ 127.209566163000815, -0.112911373999961, 0.0 ], [ 127.209523388000818, -0.112853948999915, 0.0 ], [ 127.209473481000785, -0.1128252339999, 0.0 ], [ 127.209416445000926, -0.112803696999942, 0.0 ], [ 127.209373666000758, -0.112796516999896, 0.0 ], [ 127.209338020000757, -0.112760625999906, 0.0 ], [ 127.209280982000848, -0.112760621999922, 0.0 ], [ 127.209231073000822, -0.112789329999941, 0.0 ], [ 127.209159771000813, -0.112846748999923, 0.0 ], [ 127.209195416000853, -0.112911349999877, 0.0 ], [ 127.209195413000828, -0.112968772999915, 0.0 ], [ 127.209166886000787, -0.113083615999912, 0.0 ], [ 127.209181143000862, -0.113133860999932, 0.0 ], [ 127.209195397000798, -0.113219994999959, 0.0 ], [ 127.209245301000735, -0.113298954999915, 0.0 ], [ 127.209273817000806, -0.113334844999925, 0.0 ], [ 127.209345110000811, -0.113406626999959, 0.0 ], [ 127.209430664000877, -0.113464054999917, 0.0 ], [ 127.209509091000825, -0.113464058999968, 0.0 ], [ 127.209594649000877, -0.113449709999943, 0.0 ], [ 127.209680207000758, -0.11343535899995, 0.0 ], [ 127.20971585700083, -0.113421005999908, 0.0 ] ] ] ] } },
{ "type": "Feature", "properties": { "Id_zona": 9, "Zona": "Inti", "Sub_Zona": "Inti", "Luas": 42.243265675300002, "KKP": "Kepulauan Guraici" }, "geometry": { "type": "MultiPolygon", "coordinates": [ [ [ [ 127.229223117624016, -0.017510552638874, 0.000000000000114 ], [ 127.226642009429938, -0.022224301009557, 0.000000000000114 ], [ 127.225450997329531, -0.022219551932594, 0.000000000000114 ], [ 127.225466418000792, -0.022110888999988, 0.000000000000114 ], [ 127.225466420000785, -0.021929049999909, 0.000000000000114 ], [ 127.225399645710027, -0.02184043332074, 0.000000000000114 ], [ 127.225361852000802, -0.021790276999949, 0.000000000000114 ], [ 127.225292193142423, -0.021734172978169, 0.000000000000114 ], [ 127.225195491000733, -0.021656287999972, 0.000000000000114 ], [ 127.225117288576456, -0.021574932116505, 0.000000000000114 ], [ 127.225052897000793, -0.021507943999933, 0.000000000000114 ], [ 127.22496734100072, -0.021292607999942, 0.000000000000114 ], [ 127.224891293000766, -0.021096411999962, 0.000000000000114 ], [ 127.22471669876191, -0.021010568358096, 0.000000000000114 ], [ 127.224686906000798, -0.020995919999921, 0.000000000000114 ], [ 127.224493054221739, -0.021019717590975, 0.000000000000114 ], [ 127.224297143000783, -0.021043767999936, 0.000000000000114 ], [ 127.224073742000783, -0.021163396999943, 0.000000000000114 ], [ 127.223964416000783, -0.021397871999952, 0.000000000000114 ], [ 127.223938117557935, -0.021573256755009, 0.000000000000114 ], [ 127.223926387000844, -0.021651487999935, 0.000000000000114 ], [ 127.223864595000705, -0.021723265999906, 0.000000000000114 ], [ 127.223806346100901, -0.021716366268321, 0.000000000000114 ], [ 127.223702986000731, -0.02170412299994, 0.000000000000114 ], [ 127.223584157000829, -0.021608416999878, 0.000000000000114 ], [ 127.223537323955895, -0.021563409926483, 0.000000000000114 ], [ 127.223479589000704, -0.021507925999933, 0.000000000000114 ], [ 127.223403537000777, -0.021507924999964, 0.000000000000114 ], [ 127.223180137000824, -0.021503136999962, 0.000000000000114 ], [ 127.223137113586148, -0.021535220265097, 0.000000000000114 ], [ 127.223051800000718, -0.021598839999964, 0.000000000000114 ], [ 127.223028814674336, -0.021639976642862, 0.000000000000114 ], [ 127.223009020000745, -0.021675402999929, 0.000000000000114 ], [ 127.222966921591436, -0.021782985481428, 0.000000000000114 ], [ 127.222947227000788, -0.021833314999906, 0.000000000000114 ], [ 127.222924595232669, -0.021898817208831, 0.000000000000114 ], [ 127.222909200000842, -0.021943374999971, 0.000000000000114 ], [ 127.222902157226116, -0.021978823712008, 0.000000000000114 ], [ 127.22288067900071, -0.022086930999936, 0.000000000000114 ], [ 127.222883440855512, -0.022102820584401, 0.000000000000114 ], [ 127.222900829149836, -0.02220285945123, 0.000000000000114 ], [ 127.222901963841295, -0.022209387593905, 0.000000000000114 ], [ 127.222900579854823, -0.022209382300112, 0.000000000000114 ], [ 127.221617986442553, -0.022204268026507, 0.000000000000114 ], [ 127.220570589403593, -0.022202359043263, 0.000000000000114 ], [ 127.223622200193034, -0.016278281109136, 0.000000000000114 ], [ 127.229839390460029, -0.016374041089506, 0.000000000000114 ], [ 127.229223117624016, -0.017510552638874, 0.000000000000114 ] ] ] ] } },
{ "type": "Feature", "properties": { "Id_zona": 10, "Zona": "Inti", "Sub_Zona": "Inti", "Luas": 62.935571182499999, "KKP": "Kepulauan Guraici" }, "geometry": { "type": "MultiPolygon", "coordinates": [ [ [ [ 127.240900246362301, -0.019961517391681, 0.000000000000114 ], [ 127.237483786513209, -0.025793523640519, 0.000000000000114 ], [ 127.23077196134102, -0.021085410149414, 0.000000000000114 ], [ 127.234275467574705, -0.015923884612801, 0.000000000000114 ], [ 127.240900246362301, -0.019961517391681, 0.000000000000114 ] ], [ [ 127.234533183000735, -0.021144374999932, 0.000000000000114 ], [ 127.234561703000722, -0.021082166999967, 0.000000000000114 ], [ 127.234585470000724, -0.020986461999929, 0.000000000000114 ], [ 127.234585471000727, -0.020895542999926, 0.000000000000114 ], [ 127.234552200000721, -0.020780695999948, 0.000000000000114 ], [ 127.23454744800074, -0.020661063999965, 0.000000000000114 ], [ 127.234575968000726, -0.020551003999977, 0.000000000000114 ], [ 127.234618749000774, -0.020440942999923, 0.000000000000114 ], [ 127.234623503000734, -0.020316526999963, 0.000000000000114 ], [ 127.23460449200067, -0.020196894999963, 0.000000000000114 ], [ 127.23455220700076, -0.020067691999923, 0.000000000000114 ], [ 127.234499922000722, -0.020072477999972, 0.000000000000114 ], [ 127.234461895000763, -0.02013947099995, 0.000000000000114 ], [ 127.234457141000675, -0.020239960999946, 0.000000000000114 ], [ 127.234471399000753, -0.020373947999939, 0.000000000000114 ], [ 127.234466645000765, -0.020479223999926, 0.000000000000114 ], [ 127.234428619000724, -0.020565357999932, 0.000000000000114 ], [ 127.234409603000671, -0.02077112399996, 0.000000000000114 ], [ 127.234461887000734, -0.020900325999956, 0.000000000000114 ], [ 127.234447627000677, -0.020952963999957, 0.000000000000114 ], [ 127.234381081000706, -0.021015171999981, 0.000000000000114 ], [ 127.234343054000746, -0.021096519999949, 0.000000000000114 ], [ 127.234419105000683, -0.021168300999922, 0.000000000000114 ], [ 127.234533183000735, -0.021144374999932, 0.000000000000114 ] ], [ [ 127.235407777000759, -0.021082176999897, 0.000000000000114 ], [ 127.235444829526728, -0.02104238888942, 0.000000000000114 ], [ 127.235479076000715, -0.021005613999927, 0.000000000000114 ], [ 127.235479077000733, -0.020885981999933, 0.000000000000114 ], [ 127.235474326000684, -0.020751994999944, 0.000000000000114 ], [ 127.235521859000741, -0.020694571999946, 0.000000000000114 ], [ 127.235621677000722, -0.02061322399992, 0.000000000000114 ], [ 127.23562167817073, -0.020534916290858, 0.000000000000114 ], [ 127.235621679000673, -0.020479236999973, 0.000000000000114 ], [ 127.235536122000767, -0.020373959999966, 0.000000000000114 ], [ 127.23545056300074, -0.020407455999917, 0.000000000000114 ], [ 127.235355498000771, -0.020512730999937, 0.000000000000114 ], [ 127.235260433000676, -0.020517513999949, 0.000000000000114 ], [ 127.235189136000699, -0.020469660999935, 0.000000000000114 ], [ 127.23507505800066, -0.020469659999921, 0.000000000000114 ], [ 127.235013265000688, -0.020536652999934, 0.000000000000114 ], [ 127.23507505600071, -0.020689781999976, 0.000000000000114 ], [ 127.23508931400076, -0.020823769999926, 0.000000000000114 ], [ 127.235113078000694, -0.020948185999926, 0.000000000000114 ], [ 127.235155855000684, -0.021091744999984, 0.000000000000114 ], [ 127.235136842000756, -0.021192234999949, 0.000000000000114 ], [ 127.235060789000713, -0.021264012999931, 0.000000000000114 ], [ 127.235113073000761, -0.021402785999942, 0.000000000000114 ], [ 127.23519863100077, -0.021450639999952, 0.000000000000114 ], [ 127.235307955000721, -0.021436284999936, 0.000000000000114 ], [ 127.235355488000749, -0.021412359999931, 0.000000000000114 ], [ 127.235355489000739, -0.02132622499994, 0.000000000000114 ], [ 127.235322217000743, -0.021216162999964, 0.000000000000114 ], [ 127.235360244000702, -0.021125243999949, 0.000000000000114 ], [ 127.235407777000759, -0.021082176999897, 0.000000000000114 ] ], [ [ 127.236116003000674, -0.021484146999952, 0.000000000000114 ], [ 127.236182548000755, -0.021474576999936, 0.000000000000114 ], [ 127.236277614000741, -0.021441081999953, 0.000000000000114 ], [ 127.236386938000678, -0.021407585999961, 0.000000000000114 ], [ 127.236462990000732, -0.02137887499991, 0.000000000000114 ], [ 127.236486758000723, -0.021264028999939, 0.000000000000114 ], [ 127.236458240000701, -0.021082188999969, 0.000000000000114 ], [ 127.236353669000749, -0.021115684999913, 0.000000000000114 ], [ 127.236287123000679, -0.021153965999916, 0.000000000000114 ], [ 127.236225331000696, -0.021206603999906, 0.000000000000114 ], [ 127.236163539000685, -0.021240099999953, 0.000000000000114 ], [ 127.236096992000711, -0.021273594999958, 0.000000000000114 ], [ 127.235997175000733, -0.021321446999931, 0.000000000000114 ], [ 127.235902109000762, -0.021369297999967, 0.000000000000114 ], [ 127.235802291000695, -0.021402793999911, 0.000000000000114 ], [ 127.235811797000764, -0.021493713999954, 0.000000000000114 ], [ 127.235949640000712, -0.021503285999905, 0.000000000000114 ], [ 127.236116003000674, -0.021484146999952, 0.000000000000114 ] ] ] ] } },
{ "type": "Feature", "properties": { "Id_zona": 17, "Zona": "Pemanfaatan Terbatas", "Sub_Zona": "Pariwisata", "Luas": 74.647895678400005, "KKP": "Kepulauan Guraici" }, "geometry": { "type": "MultiPolygon", "coordinates": [ [ [ [ 127.183167145923377, -0.033054339180743, 0.0 ], [ 127.174009547178969, -0.033086070703419, 0.0 ], [ 127.174009656059653, -0.026470543349619, 0.0 ], [ 127.183198941237023, -0.026450869332707, 0.0 ], [ 127.183167145923377, -0.033054339180743, 0.0 ] ] ] ] } },
{ "type": "Feature", "properties": { "Id_zona": 22, "Zona": "Pemanfaatan Terbatas", "Sub_Zona": "Pariwisata", "Luas": 17.864375707000001, "KKP": "Kepulauan Guraici" }, "geometry": { "type": "MultiPolygon", "coordinates": [ [ [ [ 127.238157763199268, -0.027375108919812, 0.000000000000114 ], [ 127.238177929442131, -0.02942165501227, 0.000000000000114 ], [ 127.239678705583358, -0.029428393945035, 0.000000000000114 ], [ 127.23969846077587, -0.032459066426336, 0.000000000000114 ], [ 127.236113730449773, -0.032459003528912, 0.000000000000114 ], [ 127.236094381355457, -0.029412299250218, 0.000000000000114 ], [ 127.23609556366101, -0.027355280077988, 0.000000000000114 ], [ 127.238157763199268, -0.027375108919812, 0.000000000000114 ] ], [ [ 127.236843048371696, -0.028161936128032, 0.000000000000114 ], [ 127.236889940905542, -0.02818554149754, 0.000000000000114 ], [ 127.236961989000719, -0.028221809999935, 0.000000000000114 ], [ 127.236979795799954, -0.028232189044174, 0.000000000000114 ], [ 127.237054321753547, -0.028275627967838, 0.000000000000114 ], [ 127.23707487700068, -0.028287608999942, 0.000000000000114 ], [ 127.237205591000688, -0.028287610999951, 0.000000000000114 ], [ 127.237306596000721, -0.028347427999944, 0.000000000000114 ], [ 127.237413544000773, -0.028365373999956, 0.000000000000114 ], [ 127.237478901000685, -0.028335467999954, 0.000000000000114 ], [ 127.237538317000698, -0.02828163399993, 0.000000000000114 ], [ 127.237627441000754, -0.02820985599992, 0.000000000000114 ], [ 127.237704682000754, -0.028114151999921, 0.000000000000114 ], [ 127.237722510000694, -0.027982557999938, 0.000000000000114 ], [ 127.237710628000727, -0.027880870999955, 0.000000000000114 ], [ 127.237674980000733, -0.027809091999938, 0.000000000000114 ], [ 127.237603682000753, -0.027731329999934, 0.000000000000114 ], [ 127.237514559000701, -0.027695438999961, 0.000000000000114 ], [ 127.237389788000741, -0.027647583999944, 0.000000000000114 ], [ 127.237294724000762, -0.027629637999928, 0.000000000000114 ], [ 127.237187776000681, -0.027629635999954, 0.000000000000114 ], [ 127.237134302000726, -0.027629635999987, 0.000000000000114 ], [ 127.237039238000747, -0.02761168999995, 0.000000000000114 ], [ 127.236961998000751, -0.02759374399992, 0.000000000000114 ], [ 127.236831284000772, -0.027605704999929, 0.000000000000114 ], [ 127.236670862000764, -0.027611683999952, 0.000000000000114 ], [ 127.236587680000724, -0.027659534999924, 0.000000000000114 ], [ 127.236552030000752, -0.027701405999926, 0.000000000000114 ], [ 127.236557970000703, -0.027779166999929, 0.000000000000114 ], [ 127.236623327000743, -0.027850946999919, 0.000000000000114 ], [ 127.236670858000693, -0.027940670999954, 0.000000000000114 ], [ 127.236724331000786, -0.028024413999957, 0.000000000000114 ], [ 127.236807511000706, -0.028120119999911, 0.000000000000114 ], [ 127.236831276000757, -0.028156009999961, 0.000000000000114 ], [ 127.236843048371696, -0.028161936128032, 0.000000000000114 ] ] ] ] } },
{ "type": "Feature", "properties": { "Id_zona": 18, "Zona": "Pemanfaatan Terbatas", "Sub_Zona": "Pariwisata", "Luas": 128.46418696800001, "KKP": "Kepulauan Guraici" }, "geometry": { "type": "MultiPolygon", "coordinates": [ [ [ [ 127.17268012027435, -0.033157666607499, 0.000000000000114 ], [ 127.183065501874665, -0.03782335416066, 0.000000000000114 ], [ 127.19373607381614, -0.044427087549372, 0.000000000000114 ], [ 127.190765316903395, -0.046819586168243, 0.000000000000114 ], [ 127.173606796005345, -0.041483754080544, 0.000000000000114 ], [ 127.169169130067587, -0.036299456891505, 0.000000000000114 ], [ 127.17268012027435, -0.033157666607499, 0.000000000000114 ] ], [ [ 127.173764764000964, -0.040387538999933, 0.000000000000114 ], [ 127.173826783121967, -0.040428125149203, 0.000000000000114 ], [ 127.174049943000981, -0.040574163999935, 0.000000000000114 ], [ 127.174418321685749, -0.040756462587436, 0.000000000000114 ], [ 127.174470585000947, -0.040782325999948, 0.000000000000114 ], [ 127.174705860000842, -0.040846928999936, 0.000000000000114 ], [ 127.175083727000882, -0.04094024699995, 0.000000000000114 ], [ 127.175411688000892, -0.041019208999953, 0.000000000000114 ], [ 127.175761035000889, -0.041155592999908, 0.000000000000114 ], [ 127.176167419000947, -0.04132068899998, 0.000000000000114 ], [ 127.176331157301959, -0.041357502274149, 0.000000000000114 ], [ 127.176901765000864, -0.041485791999945, 0.000000000000114 ], [ 127.177116468177672, -0.041525548535842, 0.000000000000114 ], [ 127.177522039000976, -0.041600647999915, 0.000000000000114 ], [ 127.178192220000881, -0.041722684999964, 0.000000000000114 ], [ 127.178662770000912, -0.041916491999935, 0.000000000000114 ], [ 127.179147580000901, -0.042110300999979, 0.000000000000114 ], [ 127.179551985211248, -0.042257214213089, 0.000000000000114 ], [ 127.179839147000891, -0.04236153499993, 0.000000000000114 ], [ 127.180088681000868, -0.042497916999921, 0.000000000000114 ], [ 127.180502198000937, -0.042562525999924, 0.000000000000114 ], [ 127.180765991000911, -0.042670197999946, 0.000000000000114 ], [ 127.181015522000877, -0.04291424399998, 0.000000000000114 ], [ 127.181215149000892, -0.043050624999971, 0.000000000000114 ], [ 127.181500331000862, -0.043187007999928, 0.000000000000114 ], [ 127.181763577905485, -0.043319526842285, 0.000000000000114 ], [ 127.181799772000915, -0.043337746999943, 0.000000000000114 ], [ 127.182056438000842, -0.043344929999865, 0.000000000000114 ], [ 127.182248939000871, -0.043337756999963, 0.000000000000114 ], [ 127.182420049000854, -0.043395182999971, 0.000000000000114 ], [ 127.182571238698102, -0.043431000473672, 0.000000000000114 ], [ 127.182662455000838, -0.043452609999965, 0.000000000000114 ], [ 127.182854955000863, -0.043438258999973, 0.000000000000114 ], [ 127.183047456000878, -0.043416730999933, 0.000000000000114 ], [ 127.183261345000943, -0.043438268999973, 0.000000000000114 ], [ 127.183453844000866, -0.043495694999924, 0.000000000000114 ], [ 127.183589304000876, -0.043596186999893, 0.000000000000114 ], [ 127.183674858000828, -0.043667964999914, 0.000000000000114 ], [ 127.183853100000889, -0.043624903999949, 0.000000000000114 ], [ 127.184059859000868, -0.043667974999919, 0.000000000000114 ], [ 127.184230969000879, -0.043703866999971, 0.000000000000114 ], [ 127.184451986000923, -0.043790004999925, 0.000000000000114 ], [ 127.184514769390617, -0.043810322979545, 0.000000000000114 ], [ 127.184651615000831, -0.043854608999951, 0.000000000000114 ], [ 127.184693414780497, -0.043844089654372, 0.000000000000114 ], [ 127.184794208000895, -0.043818723999887, 0.000000000000114 ], [ 127.184799358125744, -0.043820154446164, 0.000000000000114 ], [ 127.184843245684334, -0.04383234420774, 0.000000000000114 ], [ 127.185000966000914, -0.043876150999912, 0.000000000000114 ], [ 127.185264762000912, -0.043933578999906, 0.000000000000114 ], [ 127.185542818000854, -0.043919229999967, 0.000000000000114 ], [ 127.185658771500599, -0.043933241076894, 0.000000000000114 ], [ 127.185899300000884, -0.043962304999978, 0.000000000000114 ], [ 127.186098395165359, -0.044044843671448, 0.000000000000114 ], [ 127.186141706000868, -0.044062798999914, 0.000000000000114 ], [ 127.186312817000868, -0.04406280199992, 0.000000000000114 ], [ 127.186398696384643, -0.044048859714572, 0.000000000000114 ], [ 127.18653383700088, -0.044026919999964, 0.000000000000114 ], [ 127.186712077000848, -0.04405563499993, 0.000000000000114 ], [ 127.186826818957385, -0.044082294847653, 0.000000000000114 ], [ 127.186897447000874, -0.044098704999925, 0.000000000000114 ], [ 127.187013943316714, -0.044092843950925, 0.000000000000114 ], [ 127.187040040000866, -0.044091530999898, 0.000000000000114 ], [ 127.187175505000837, -0.044034112999913, 0.000000000000114 ], [ 127.187218286000871, -0.043940803999938, 0.000000000000114 ], [ 127.187268195000939, -0.043869027999962, 0.000000000000114 ], [ 127.187439307000886, -0.043840321999936, 0.000000000000114 ], [ 127.187531996000885, -0.043725479999951, 0.000000000000114 ], [ 127.187603294000851, -0.043646527999922, 0.000000000000114 ], [ 127.187646075000899, -0.04354603999997, 0.000000000000114 ], [ 127.187646076000888, -0.043445552999962, 0.000000000000114 ], [ 127.187624690000803, -0.043380952999886, 0.000000000000114 ], [ 127.187576315603138, -0.043283546031957, 0.000000000000114 ], [ 127.187560526000865, -0.043251751999954, 0.000000000000114 ], [ 127.187467842000871, -0.04319432899997, 0.000000000000114 ], [ 127.187218305000911, -0.04312254599993, 0.000000000000114 ], [ 127.187097101000873, -0.043115365999933, 0.000000000000114 ], [ 127.186883213000897, -0.043065115999975, 0.000000000000114 ], [ 127.186817665169414, -0.04304311801724, 0.000000000000114 ], [ 127.186733491000865, -0.043014868999937, 0.000000000000114 ], [ 127.186526733000861, -0.042943086999958, 0.000000000000114 ], [ 127.186399154650516, -0.042786720132013, 0.000000000000114 ], [ 127.186362756000918, -0.04274210799997, 0.000000000000114 ], [ 127.186270071000905, -0.042699038999966, 0.000000000000114 ], [ 127.18616276777189, -0.042640111808314, 0.000000000000114 ], [ 127.186113222000856, -0.042612902999934, 0.000000000000114 ], [ 127.185984888000817, -0.042584188999925, 0.000000000000114 ], [ 127.185856554000893, -0.042598541999941, 0.000000000000114 ], [ 127.185713960000868, -0.042627248999954, 0.000000000000114 ], [ 127.18565570804806, -0.042651682465722, 0.000000000000114 ], [ 127.185628404000923, -0.042663134999942, 0.000000000000114 ], [ 127.185478676000926, -0.042885639999954, 0.000000000000114 ], [ 127.185478673000844, -0.043057904999921, 0.000000000000114 ], [ 127.185450151000879, -0.043179924999944, 0.000000000000114 ], [ 127.185443003964011, -0.043181843596294, 0.000000000000114 ], [ 127.185343206000923, -0.043208633999939, 0.000000000000114 ], [ 127.185243391000895, -0.043187097999983, 0.000000000000114 ], [ 127.18523626500091, -0.043043543999888, 0.000000000000114 ], [ 127.185222010000899, -0.042849745999924, 0.000000000000114 ], [ 127.185201882138074, -0.042803426302033, 0.000000000000114 ], [ 127.185172105000916, -0.042734900999924, 0.000000000000114 ], [ 127.185072291000907, -0.042670298999947, 0.000000000000114 ], [ 127.184943958000886, -0.042677473999951, 0.000000000000114 ], [ 127.18482038416478, -0.042781141949318, 0.000000000000114 ], [ 127.184815622000912, -0.042785136999953, 0.000000000000114 ], [ 127.184708678000888, -0.042720534999944, 0.000000000000114 ], [ 127.184687292000859, -0.042584158999926, 0.000000000000114 ], [ 127.184615998000837, -0.04251237999994, 0.000000000000114 ], [ 127.184591298444559, -0.042427829436895, 0.000000000000114 ], [ 127.184580352000836, -0.042390357999985, 0.000000000000114 ], [ 127.184423502000897, -0.042297044999945, 0.000000000000114 ], [ 127.18434766309791, -0.042287498737282, 0.000000000000114 ], [ 127.184309429000919, -0.042282685999915, 0.000000000000114 ], [ 127.184095541000858, -0.04222525999995, 0.000000000000114 ], [ 127.183867392000849, -0.042225254999938, 0.000000000000114 ], [ 127.183724799000871, -0.04224678399989, 0.000000000000114 ], [ 127.183653500000929, -0.042347269999919, 0.000000000000114 ], [ 127.183560813000923, -0.04242622199996, 0.000000000000114 ], [ 127.183468128000882, -0.042419041999953, 0.000000000000114 ], [ 127.183394131095042, -0.042409108075794, 0.000000000000114 ], [ 127.18336118400093, -0.042404684999954, 0.000000000000114 ], [ 127.183261371000881, -0.042318549999942, 0.000000000000114 ], [ 127.183197208000863, -0.042160638999969, 0.000000000000114 ], [ 127.183180041766136, -0.041993542736995, 0.000000000000114 ], [ 127.18317582400087, -0.041952486999934, 0.000000000000114 ], [ 127.183154438000912, -0.041823286999933, 0.000000000000114 ], [ 127.183131542442041, -0.041815603170718, 0.000000000000114 ], [ 127.183026105000877, -0.041780217999936, 0.000000000000114 ], [ 127.182904901000853, -0.041794570999981, 0.000000000000114 ], [ 127.182812215000823, -0.04185198999994, 0.000000000000114 ], [ 127.182698139000905, -0.041938119999934, 0.000000000000114 ], [ 127.182663418533593, -0.04197307226746, 0.000000000000114 ], [ 127.182591191000881, -0.042045781999909, 0.000000000000114 ], [ 127.182412949000906, -0.042117554999955, 0.000000000000114 ], [ 127.182248966000927, -0.042167794999931, 0.000000000000114 ], [ 127.182163463378501, -0.042196485589776, 0.000000000000114 ], [ 127.182077854000937, -0.042225211999944, 0.000000000000114 ], [ 127.181999424000935, -0.042404651999943, 0.000000000000114 ], [ 127.18189247900095, -0.042383116999922, 0.000000000000114 ], [ 127.181970909000853, -0.042239565999971, 0.000000000000114 ], [ 127.181925018904721, -0.042193364369331, 0.000000000000114 ], [ 127.181899614000841, -0.042167786999935, 0.000000000000114 ], [ 127.181678595000918, -0.042189314999964, 0.000000000000114 ], [ 127.181543130000847, -0.042289798999923, 0.000000000000114 ], [ 127.181350630000935, -0.042289793999906, 0.000000000000114 ], [ 127.181322709675172, -0.042275738869643, 0.000000000000114 ], [ 127.181250817000901, -0.042239547999911, 0.000000000000114 ], [ 127.18110822600093, -0.042139056999902, 0.000000000000114 ], [ 127.181086840000873, -0.042038569999926, 0.000000000000114 ], [ 127.181229432000848, -0.042017039999947, 0.000000000000114 ], [ 127.181372026000886, -0.041952443999943, 0.000000000000114 ], [ 127.181528881000915, -0.041873492999974, 0.000000000000114 ], [ 127.181664344000879, -0.041844785999912, 0.000000000000114 ], [ 127.181825421265117, -0.041717882831663, 0.000000000000114 ], [ 127.181828329000851, -0.041715591999923, 0.000000000000114 ], [ 127.181849045221981, -0.041693433329932, 0.000000000000114 ], [ 127.18194240500091, -0.041593572999925, 0.000000000000114 ], [ 127.18204935200086, -0.041493088999964, 0.000000000000114 ], [ 127.182049357000921, -0.041292113999918, 0.000000000000114 ], [ 127.182020841000863, -0.041170091999942, 0.000000000000114 ], [ 127.181963808000916, -0.040983470999916, 0.000000000000114 ], [ 127.181863998000878, -0.04079684899994, 0.000000000000114 ], [ 127.181764186000834, -0.040667648999901, 0.000000000000114 ], [ 127.18175396460714, -0.040657787039958, 0.000000000000114 ], [ 127.18159307800093, -0.040502557999963, 0.000000000000114 ], [ 127.181556142855527, -0.040437972068537, 0.000000000000114 ], [ 127.181457620000899, -0.040265691999904, 0.000000000000114 ], [ 127.181268394669686, -0.040193605133163, 0.000000000000114 ], [ 127.18119382700084, -0.040165197999915, 0.000000000000114 ], [ 127.18104410400089, -0.040172371999936, 0.000000000000114 ], [ 127.180865864000921, -0.040172368999948, 0.000000000000114 ], [ 127.180774943276063, -0.040212412025403, 0.000000000000114 ], [ 127.18075178800089, -0.040222609999936, 0.000000000000114 ], [ 127.180651972000902, -0.040280028999962, 0.000000000000114 ], [ 127.180487989000909, -0.040351801999989, 0.000000000000114 ], [ 127.180483145144208, -0.040353575123442, 0.000000000000114 ], [ 127.180331136000916, -0.040409218999967, 0.000000000000114 ], [ 127.180238452000864, -0.04039486299993, 0.000000000000114 ], [ 127.180138638000855, -0.040308727999954, 0.000000000000114 ], [ 127.180017436000881, -0.040236948999962, 0.000000000000114 ], [ 127.179874844000935, -0.040236944999952, 0.000000000000114 ], [ 127.179760770000854, -0.040208231999943, 0.000000000000114 ], [ 127.179639567000947, -0.040193873999959, 0.000000000000114 ], [ 127.179397160000846, -0.040208223999961, 0.000000000000114 ], [ 127.179176138000955, -0.040373304999906, 0.000000000000114 ], [ 127.179141585843652, -0.040387950591292, 0.000000000000114 ], [ 127.179040674000859, -0.040430723999975, 0.000000000000114 ], [ 127.178869561000894, -0.040502495999898, 0.000000000000114 ], [ 127.178863584844322, -0.040506324477235, 0.000000000000114 ], [ 127.178712708000887, -0.040602979999961, 0.000000000000114 ], [ 127.178584373000874, -0.040624510999946, 0.000000000000114 ], [ 127.178568441408032, -0.040629001478227, 0.000000000000114 ], [ 127.178406132000916, -0.040674749999904, 0.000000000000114 ], [ 127.178227890000869, -0.040753699999902, 0.000000000000114 ], [ 127.17811381200093, -0.040911605999934, 0.000000000000114 ], [ 127.178021129000896, -0.04083982699995, 0.000000000000114 ], [ 127.177878762405754, -0.040761645000339, 0.000000000000114 ], [ 127.177785855000849, -0.04071062399992, 0.000000000000114 ], [ 127.177607615000895, -0.040681908999907, 0.000000000000114 ], [ 127.177592650834157, -0.040679118887256, 0.000000000000114 ], [ 127.177415116000873, -0.040646016999948, 0.000000000000114 ], [ 127.177265395000902, -0.040602947999953, 0.000000000000114 ], [ 127.177072897000826, -0.040552698999906, 0.000000000000114 ], [ 127.177000930471067, -0.040523716763358, 0.000000000000114 ], [ 127.176930306000855, -0.040495274999936, 0.000000000000114 ], [ 127.176893223604864, -0.040494029835282, 0.000000000000114 ], [ 127.176716418000936, -0.040488092999962, 0.000000000000114 ], [ 127.176566697000993, -0.040452200999935, 0.000000000000114 ], [ 127.176388459000847, -0.040330175999928, 0.000000000000114 ], [ 127.176253002000948, -0.04009331099995, 0.000000000000114 ], [ 127.176174582000883, -0.039849268999928, 0.000000000000114 ], [ 127.1761246770009, -0.039691358999945, 0.000000000000114 ], [ 127.176110422000917, -0.039519094999945, 0.000000000000114 ], [ 127.176131813000936, -0.039397075999944, 0.000000000000114 ], [ 127.176231631000917, -0.039253523999948, 0.000000000000114 ], [ 127.176238764000971, -0.039102793999924, 0.000000000000114 ], [ 127.176245897000911, -0.038973595999909, 0.000000000000114 ], [ 127.176188863000931, -0.038822863999911, 0.000000000000114 ], [ 127.176124699000908, -0.038722374999967, 0.000000000000114 ], [ 127.176195996000899, -0.038657777999931, 0.000000000000114 ], [ 127.176208758767757, -0.038561431730636, 0.000000000000114 ], [ 127.176210258000921, -0.038550113999968, 0.000000000000114 ], [ 127.176181742000878, -0.038435269999933, 0.000000000000114 ], [ 127.176060540000933, -0.038341958999987, 0.000000000000114 ], [ 127.175939337000884, -0.038341955999949, 0.000000000000114 ], [ 127.175818134000949, -0.038306064999935, 0.000000000000114 ], [ 127.175739710000869, -0.03825581999996, 0.000000000000114 ], [ 127.175668413000878, -0.038270172999899, 0.000000000000114 ], [ 127.175648594222565, -0.038297250213736, 0.000000000000114 ], [ 127.1755685960009, -0.038406546999917, 0.000000000000114 ], [ 127.175475911000888, -0.038413722999941, 0.000000000000114 ], [ 127.175483043000952, -0.038320412999949, 0.000000000000114 ], [ 127.175497305000874, -0.038184037999901, 0.000000000000114 ], [ 127.175518696000893, -0.038062018999933, 0.000000000000114 ], [ 127.175611382000909, -0.037990243999945, 0.000000000000114 ], [ 127.17563694190504, -0.037947359095948, 0.000000000000114 ], [ 127.175675551000865, -0.037882579999972, 0.000000000000114 ], [ 127.175675552021772, -0.037841092609966, 0.000000000000114 ], [ 127.175675554000875, -0.037760559999896, 0.000000000000114 ], [ 127.17563277900085, -0.03761700599994, 0.000000000000114 ], [ 127.175582874000895, -0.037516517999927, 0.000000000000114 ], [ 127.175475932000907, -0.037423205999976, 0.000000000000114 ], [ 127.175413509886639, -0.037318464560028, 0.000000000000114 ], [ 127.175390379000916, -0.037279651999924, 0.000000000000114 ], [ 127.175315540010729, -0.037300197533391, 0.000000000000114 ], [ 127.175311954000946, -0.037301181999947, 0.000000000000114 ], [ 127.175326210000932, -0.037423202999953, 0.000000000000114 ], [ 127.175347597000879, -0.037494979999944, 0.000000000000114 ], [ 127.175304818000967, -0.037552399999912, 0.000000000000114 ], [ 127.175247782000881, -0.037545220999947, 0.000000000000114 ], [ 127.175155098000957, -0.037502153999973, 0.000000000000114 ], [ 127.175105192000885, -0.037437553999934, 0.000000000000114 ], [ 127.175055285000951, -0.037408841999898, 0.000000000000114 ], [ 127.174998250000883, -0.037329886999924, 0.000000000000114 ], [ 127.175012511000972, -0.037258109999913, 0.000000000000114 ], [ 127.175026772000905, -0.037143267999908, 0.000000000000114 ], [ 127.175026623576045, -0.037141773412429, 0.000000000000114 ], [ 127.175012516000876, -0.036999714999975, 0.000000000000114 ], [ 127.174989484172642, -0.03689768006467, 0.000000000000114 ], [ 127.174976872000954, -0.036841805999935, 0.000000000000114 ], [ 127.174934096000868, -0.03673413999996, 0.000000000000114 ], [ 127.17482002400088, -0.036683893999964, 0.000000000000114 ], [ 127.174677432000905, -0.036683890999881, 0.000000000000114 ], [ 127.174484933000883, -0.036669531999943, 0.000000000000114 ], [ 127.174185489000848, -0.036683880999904, 0.000000000000114 ], [ 127.173971600000911, -0.036726942999961, 0.000000000000114 ], [ 127.173829007000933, -0.036762827999956, 0.000000000000114 ], [ 127.173401229000945, -0.036877661999939, 0.000000000000114 ], [ 127.173073264000934, -0.037028384999904, 0.000000000000114 ], [ 127.172873633000975, -0.037171933999956, 0.000000000000114 ], [ 127.172780944000849, -0.037344194999957, 0.000000000000114 ], [ 127.172688255000864, -0.037566700999949, 0.000000000000114 ], [ 127.172445840000847, -0.037982998999948, 0.000000000000114 ], [ 127.172310372000936, -0.038277278999908, 0.000000000000114 ], [ 127.17233175500094, -0.038542852, 0.000000000000114 ], [ 127.17245295200091, -0.038808427999907, 0.000000000000114 ], [ 127.172588407000887, -0.039138601999939, 0.000000000000114 ], [ 127.172688217000953, -0.039368288999912, 0.000000000000114 ], [ 127.172894971000943, -0.039569266999943, 0.000000000000114 ], [ 127.173130242000909, -0.039806134999924, 0.000000000000114 ], [ 127.173149910249521, -0.039825936616975, 0.000000000000114 ], [ 127.173336996000941, -0.04001429099996, 0.000000000000114 ], [ 127.173572268000896, -0.040200915999947, 0.000000000000114 ], [ 127.173764764000964, -0.040387538999933, 0.000000000000114 ] ], [ [ 127.190390955000893, -0.04513238099998, 0.000000000000114 ], [ 127.190424532096358, -0.045098579998094, 0.000000000000114 ], [ 127.190469384000863, -0.045053428999957, 0.000000000000114 ], [ 127.190562069000876, -0.045060608999952, 0.000000000000114 ], [ 127.190654755000878, -0.045060610999925, 0.000000000000114 ], [ 127.190740312000912, -0.045003191999943, 0.000000000000114 ], [ 127.190797350000807, -0.044952949999904, 0.000000000000114 ], [ 127.190897167000912, -0.044917062999951, 0.000000000000114 ], [ 127.19105402000082, -0.044874000999915, 0.000000000000114 ], [ 127.191160965000904, -0.044888358999948, 0.000000000000114 ], [ 127.191317816000833, -0.044960139999929, 0.000000000000114 ], [ 127.191424761000789, -0.04495296499994, 0.000000000000114 ], [ 127.19151188305726, -0.044937713433888, 0.000000000000114 ], [ 127.191588745000885, -0.044924257999949, 0.000000000000114 ], [ 127.191617264000911, -0.044881192999986, 0.000000000000114 ], [ 127.191674304000912, -0.044780705999923, 0.000000000000114 ], [ 127.191631531000894, -0.044594083999922, 0.000000000000114 ], [ 127.191524589000892, -0.044464881999944, 0.000000000000114 ], [ 127.191424773000904, -0.044464879999953, 0.000000000000114 ], [ 127.191324956000813, -0.044507942999932, 0.000000000000114 ], [ 127.191299223052553, -0.044519045433898, 0.000000000000114 ], [ 127.191225141000842, -0.0445510079999, 0.000000000000114 ], [ 127.191160975000898, -0.044479228999935, 0.000000000000114 ], [ 127.191075423000825, -0.044314139999913, 0.000000000000114 ], [ 127.191018389000874, -0.044177760999929, 0.000000000000114 ], [ 127.190882929000864, -0.044034203999958, 0.000000000000114 ], [ 127.190866538611843, -0.04402980334859, 0.000000000000114 ], [ 127.190682374008418, -0.043980357043861, 0.000000000000114 ], [ 127.190669040000927, -0.043976776999937, 0.000000000000114 ], [ 127.190604874000897, -0.043962419999939, 0.000000000000114 ], [ 127.190540707000892, -0.043940884999911, 0.000000000000114 ], [ 127.190497931000877, -0.043883461999925, 0.000000000000114 ], [ 127.190490802000937, -0.043818861999945, 0.000000000000114 ], [ 127.190448026000823, -0.043768617999915, 0.000000000000114 ], [ 127.190409552633753, -0.043743968867898, 0.000000000000114 ], [ 127.190369600000835, -0.043718371999953, 0.000000000000114 ], [ 127.190255527000886, -0.043660947999976, 0.000000000000114 ], [ 127.190169972000831, -0.043625056999935, 0.000000000000114 ], [ 127.190020251000888, -0.04355327599994, 0.000000000000114 ], [ 127.189863399000828, -0.04351020599996, 0.000000000000114 ], [ 127.189749324000914, -0.043503025999926, 0.000000000000114 ], [ 127.189738762428334, -0.043506569896747, 0.000000000000114 ], [ 127.18964237900083, -0.043538910999936, 0.000000000000114 ], [ 127.189528305000891, -0.043517374999923, 0.000000000000114 ], [ 127.18947126800083, -0.043467129999919, 0.000000000000114 ], [ 127.189449882000901, -0.043380996999914, 0.000000000000114 ], [ 127.189441269515953, -0.043294271027257, 0.000000000000114 ], [ 127.189435626000872, -0.043237441999964, 0.000000000000114 ], [ 127.189357201000803, -0.043187195999959, 0.000000000000114 ], [ 127.189214607000864, -0.043187192999944, 0.000000000000114 ], [ 127.189121922000808, -0.043187190999932, 0.000000000000114 ], [ 127.18905062500086, -0.043208722999943, 0.000000000000114 ], [ 127.188936549000928, -0.043294851999973, 0.000000000000114 ], [ 127.188872378000823, -0.04340251699991, 0.000000000000114 ], [ 127.188822469000925, -0.04349582499998, 0.000000000000114 ], [ 127.188801078000878, -0.043574778999892, 0.000000000000114 ], [ 127.188765427000817, -0.043703976999903, 0.000000000000114 ], [ 127.188772553000831, -0.043840353999925, 0.000000000000114 ], [ 127.188815329000818, -0.043926487999955, 0.000000000000114 ], [ 127.188850975000832, -0.044041331999949, 0.000000000000114 ], [ 127.188836712000807, -0.044148996999954, 0.000000000000114 ], [ 127.188850969000896, -0.044263840999934, 0.000000000000114 ], [ 127.188915135000897, -0.044314086999972, 0.000000000000114 ], [ 127.188929392000887, -0.044428929999931, 0.000000000000114 ], [ 127.188915130000865, -0.044550950999953, 0.000000000000114 ], [ 127.188943644000943, -0.044687327999951, 0.000000000000114 ], [ 127.18899354900087, -0.044823704999915, 0.000000000000114 ], [ 127.189093362000889, -0.044924195999953, 0.000000000000114 ], [ 127.189300120000908, -0.044995977999959, 0.000000000000114 ], [ 127.189578175000875, -0.045031872999941, 0.000000000000114 ], [ 127.189656074914794, -0.045027122125251, 0.000000000000114 ], [ 127.189684058746934, -0.045025415477846, 0.000000000000114 ], [ 127.189813455000817, -0.045017523999926, 0.000000000000114 ], [ 127.189963179000856, -0.044995994999945, 0.000000000000114 ], [ 127.190091511000901, -0.045060597999949, 0.000000000000114 ], [ 127.190255491000812, -0.04517544499993, 0.000000000000114 ], [ 127.190390955000893, -0.04513238099998, 0.000000000000114 ] ] ] ] } },
{ "type": "Feature", "properties": { "Id_zona": 24, "Zona": "Pemanfaatan Terbatas", "Sub_Zona": "Pariwisata", "Luas": 17.108485998100001, "KKP": "Kepulauan Guraici" }, "geometry": { "type": "MultiPolygon", "coordinates": [ [ [ [ 127.249523503555082, -0.031911563419798, 0.000000000000114 ], [ 127.24942241267361, -0.031846425515273, 0.000000000000114 ], [ 127.249467726000645, -0.031764315999964, 0.000000000000114 ], [ 127.249567546000719, -0.031642292999927, 0.000000000000114 ], [ 127.249645977000739, -0.031548980999931, 0.000000000000114 ], [ 127.249731537000756, -0.031419779999945, 0.000000000000114 ], [ 127.249838491000745, -0.031082417999905, 0.000000000000114 ], [ 127.250080920000698, -0.030328736999927, 0.000000000000114 ], [ 127.250216391000734, -0.030178001999939, 0.000000000000114 ], [ 127.25036612100071, -0.030055978999935, 0.000000000000114 ], [ 127.250501591000742, -0.02990524499996, 0.000000000000114 ], [ 127.250518613557816, -0.029884992455202, 0.000000000000114 ], [ 127.250658452000636, -0.029718619999898, 0.000000000000114 ], [ 127.250815311000764, -0.029589419999974, 0.000000000000114 ], [ 127.250879482000713, -0.029503285999891, 0.000000000000114 ], [ 127.250900875000681, -0.029302302999937, 0.000000000000114 ], [ 127.250915650552443, -0.029250243031619, 0.000000000000114 ], [ 127.250957917000676, -0.029101321999945, 0.000000000000114 ], [ 127.251072005000708, -0.028476841999976, 0.000000000000114 ], [ 127.25117643604267, -0.027832072746353, 0.000000000000114 ], [ 127.25117896300064, -0.027816470999915, 0.000000000000114 ], [ 127.251257398000647, -0.027378617999923, 0.000000000000114 ], [ 127.251255736476537, -0.027331342422215, 0.000000000000114 ], [ 127.251228891000736, -0.026567508999957, 0.000000000000114 ], [ 127.251171855000706, -0.026344991999919, 0.000000000000114 ], [ 127.251114820000765, -0.026000448999961, 0.000000000000114 ], [ 127.251064915000683, -0.025727685999933, 0.000000000000114 ], [ 127.251071460744527, -0.025663991089441, 0.000000000000114 ], [ 127.251080877033218, -0.025572363625396, 0.000000000000114 ], [ 127.251147377005978, -0.025570853532586, 0.000000000000114 ], [ 127.253502813782958, -0.025560489307631, 0.000000000000114 ], [ 127.253522589933482, -0.027634122797548, 0.000000000000114 ], [ 127.250908209867859, -0.032738404827875, 0.000000000000114 ], [ 127.249659450744133, -0.031992740717293, 0.000000000000114 ], [ 127.249523503555082, -0.031911563419798, 0.000000000000114 ] ] ] ] } },
{ "type": "Feature", "properties": { "Id_zona": 28, "Zona": "Pemanfaatan Terbatas", "Sub_Zona": "Perikanan Budidaya", "Luas": 12.04400155, "KKP": "Kepulauan Guraici" }, "geometry": { "type": "MultiPolygon", "coordinates": [ [ [ [ 127.232260502528234, -0.027563975071151, 0.0 ], [ 127.229207655115815, -0.026834092750663, 0.0 ], [ 127.229608324337519, -0.023788274983052, 0.0 ], [ 127.23224876836818, -0.023786088569363, 0.0 ], [ 127.232260502528234, -0.027563975071151, 0.0 ] ] ] ] } },
{ "type": "Feature", "properties": { "Id_zona": 1, "Zona": "Inti", "Sub_Zona": "Inti", "Luas": 210.208514283, "KKP": "Kepulauan Guraici" }, "geometry": { "type": "MultiPolygon", "coordinates": [ [ [ [ 127.11777630286447, 0.147864996494854, 0.000000000000114 ], [ 127.117737646001075, 0.14782931600009, 0.000000000000114 ], [ 127.11769487300117, 0.147776678000088, 0.000000000000114 ], [ 127.117642604001063, 0.147633125000051, 0.000000000000114 ], [ 127.117557059001157, 0.147532634000091, 0.000000000000114 ], [ 127.117471511001156, 0.147475207000073, 0.000000000000114 ], [ 127.117414481001148, 0.147417784000035, 0.000000000000114 ], [ 127.117362204001111, 0.147355575000105, 0.000000000000114 ], [ 127.117295668001162, 0.147298149000056, 0.000000000000114 ], [ 127.117219625001113, 0.147250294000074, 0.000000000000114 ], [ 127.117176855001091, 0.147178515000071, 0.000000000000114 ], [ 127.117138839001129, 0.147092384000079, 0.000000000000114 ], [ 127.117157859001068, 0.146987116000086, 0.000000000000114 ], [ 127.1171436040011, 0.146934481000074, 0.000000000000114 ], [ 127.117096080001076, 0.146877057000051, 0.000000000000114 ], [ 127.116986770001091, 0.146795705000064, 0.000000000000114 ], [ 127.116872705001171, 0.146733490000056, 0.000000000000114 ], [ 127.116772898001088, 0.146676062000055, 0.000000000000114 ], [ 127.116732541348412, 0.146654050437816, 0.000000000000114 ], [ 127.116658833001139, 0.146613848000084, 0.000000000000114 ], [ 127.116516252001176, 0.146527707000092, 0.000000000000114 ], [ 127.116425953001169, 0.146446356000058, 0.000000000000114 ], [ 127.116335655001137, 0.146360220000017, 0.000000000000114 ], [ 127.11627862700108, 0.146269301000082, 0.000000000000114 ], [ 127.116240612001135, 0.146178384000078, 0.000000000000114 ], [ 127.116216853001163, 0.146106607000041, 0.000000000000114 ], [ 127.11617883500108, 0.14604918500005, 0.000000000000114 ], [ 127.116140815001174, 0.145996547000058, 0.000000000000114 ], [ 127.116117054001108, 0.145958266000061, 0.000000000000114 ], [ 127.116069528001091, 0.145924767000064, 0.000000000000114 ], [ 127.115998238001168, 0.145867342000047, 0.000000000000114 ], [ 127.115922196001108, 0.14581470100007, 0.000000000000114 ], [ 127.115874667001151, 0.145809912000057, 0.000000000000114 ], [ 127.115846148001125, 0.145829049000035, 0.000000000000114 ], [ 127.115789108001096, 0.145886464000063, 0.000000000000114 ], [ 127.115713058001134, 0.145924737000034, 0.000000000000114 ], [ 127.115584733001171, 0.145881662000024, 0.000000000000114 ], [ 127.11553245900113, 0.145790744000066, 0.000000000000114 ], [ 127.115527712001082, 0.145709399000063, 0.000000000000114 ], [ 127.115489692001177, 0.145661546000062, 0.000000000000114 ], [ 127.115437413001189, 0.145637618000051, 0.000000000000114 ], [ 127.115351860001084, 0.145637610000054, 0.000000000000114 ], [ 127.115285319001075, 0.145637604000059, 0.000000000000114 ], [ 127.115256807001103, 0.145580183000033, 0.000000000000114 ], [ 127.115256810001199, 0.145537119000065, 0.000000000000114 ], [ 127.115256815001132, 0.145479700000091, 0.000000000000114 ], [ 127.115255022379316, 0.1454580254674, 0.000000000000114 ], [ 127.115252066001105, 0.145422280000053, 0.000000000000114 ], [ 127.115237812001112, 0.145369644000035, 0.000000000000114 ], [ 127.115218804001117, 0.145321793000074, 0.000000000000114 ], [ 127.115195043001137, 0.145278726000088, 0.000000000000114 ], [ 127.115171283001175, 0.145230875000044, 0.000000000000114 ], [ 127.1151427700011, 0.145178239000084, 0.000000000000114 ], [ 127.115114256001164, 0.14513517200005, 0.000000000000114 ], [ 127.115066730001146, 0.14509210400008, 0.000000000000114 ], [ 127.114990686001107, 0.145053818000088, 0.000000000000114 ], [ 127.11488137100109, 0.145025099000076, 0.000000000000114 ], [ 127.11477205900114, 0.144972455000107, 0.000000000000114 ], [ 127.114681755001186, 0.144953308000041, 0.000000000000114 ], [ 127.114605711001161, 0.144919807000088, 0.000000000000114 ], [ 127.114539169001134, 0.144924586000078, 0.000000000000114 ], [ 127.114448868001148, 0.144876729000031, 0.000000000000114 ], [ 127.114349064001132, 0.144790592000088, 0.000000000000114 ], [ 127.114263519001099, 0.144704456000069, 0.000000000000114 ], [ 127.114201736001093, 0.14464224600003, 0.000000000000114 ], [ 127.114111436001096, 0.144565680000017, 0.000000000000114 ], [ 127.114030642001183, 0.144498684000064, 0.000000000000114 ], [ 127.113997377001098, 0.14443647700008, 0.000000000000114 ], [ 127.113897577001168, 0.144302491000112, 0.000000000000114 ], [ 127.11384529900117, 0.144249852000047, 0.000000000000114 ], [ 127.113707474001146, 0.144144572000076, 0.000000000000114 ], [ 127.11360766700119, 0.144082360000024, 0.000000000000114 ], [ 127.113498354001123, 0.144034502000062, 0.000000000000114 ], [ 127.113422311001102, 0.14398664500008, 0.000000000000114 ], [ 127.113370034001093, 0.143929222000071, 0.000000000000114 ], [ 127.113293992001161, 0.143871796000057, 0.000000000000114 ], [ 127.113222703001099, 0.143814371000084, 0.000000000000114 ], [ 127.113080127001169, 0.14367081100006, 0.000000000000114 ], [ 127.112994581001146, 0.14358946000005, 0.000000000000114 ], [ 127.112923292001184, 0.143536820000065, 0.000000000000114 ], [ 127.112856756001108, 0.143469825000087, 0.000000000000114 ], [ 127.112813985001182, 0.14341240300009, 0.000000000000114 ], [ 127.112780720001155, 0.14334062600006, 0.000000000000114 ], [ 127.11273319800118, 0.143254494000096, 0.000000000000114 ], [ 127.112704684001116, 0.143216212000031, 0.000000000000114 ], [ 127.112680922001175, 0.143187500000085, 0.000000000000114 ], [ 127.112595372001181, 0.143153999000091, 0.000000000000114 ], [ 127.1125288350011, 0.143115714000039, 0.000000000000114 ], [ 127.112476552001198, 0.143120495000107, 0.000000000000114 ], [ 127.112400501001105, 0.143173122000082, 0.000000000000114 ], [ 127.11232445000114, 0.14322575000007, 0.000000000000114 ], [ 127.112248401001168, 0.143264023000031, 0.000000000000114 ], [ 127.112143837001142, 0.143259229000065, 0.000000000000114 ], [ 127.11210106700112, 0.143182667000091, 0.000000000000114 ], [ 127.112091567001173, 0.143110893000045, 0.000000000000114 ], [ 127.111977494001096, 0.14314437800004, 0.000000000000114 ], [ 127.111953725001101, 0.143192225000101, 0.000000000000114 ], [ 127.111953722001147, 0.143240074000058, 0.000000000000114 ], [ 127.112015509001196, 0.14325443400003, 0.000000000000114 ], [ 127.112033728860041, 0.143263607424135, 0.000000000000114 ], [ 127.112053530001106, 0.143273577000083, 0.000000000000114 ], [ 127.112091551001129, 0.14330229000009, 0.000000000000114 ], [ 127.112101052001151, 0.143359710000048, 0.000000000000114 ], [ 127.112058272001093, 0.143417125000057, 0.000000000000114 ], [ 127.112010739001164, 0.143455400000042, 0.000000000000114 ], [ 127.111967960001124, 0.143498462000059, 0.000000000000114 ], [ 127.111877654001148, 0.143488884000043, 0.000000000000114 ], [ 127.111844388001074, 0.143445817000079, 0.000000000000114 ], [ 127.111777854001105, 0.143369252000073, 0.000000000000114 ], [ 127.111744589001148, 0.143302261000039, 0.000000000000114 ], [ 127.111725583001132, 0.143230485000077, 0.000000000000114 ], [ 127.111725589001182, 0.143153927000094, 0.000000000000114 ], [ 127.11169707900109, 0.14306779500003, 0.000000000000114 ], [ 127.111668566001114, 0.143010374000061, 0.000000000000114 ], [ 127.111663817001102, 0.142957739000066, 0.000000000000114 ], [ 127.111663821001173, 0.142909890000064, 0.000000000000114 ], [ 127.111663825001116, 0.142857256000073, 0.000000000000114 ], [ 127.111668584001151, 0.142795052000054, 0.000000000000114 ], [ 127.111663834001149, 0.142747202000092, 0.000000000000114 ], [ 127.111602047001099, 0.142737627000013, 0.000000000000114 ], [ 127.111540258001185, 0.142756762000074, 0.000000000000114 ], [ 127.111449952001124, 0.142766325000036, 0.000000000000114 ], [ 127.111383410001139, 0.142771104000079, 0.000000000000114 ], [ 127.111363071860126, 0.142763875295661, 0.000000000000114 ], [ 127.111036712096322, 0.142851540339837, 0.000000000000114 ], [ 127.110292177912612, 0.143054608559295, 0.000000000000114 ], [ 127.094094376102262, 0.147472452972806, 0.000000000000114 ], [ 127.094102327176117, 0.153039532042071, 0.000000000000114 ], [ 127.096663980745703, 0.153048186805004, 0.000000000000114 ], [ 127.111006649141984, 0.153004753749107, 0.000000000000114 ], [ 127.117345840443221, 0.148183459311866, 0.000000000000114 ], [ 127.117446030017291, 0.148107259521041, 0.000000000000114 ], [ 127.11777630286447, 0.147864996494854, 0.000000000000114 ] ] ] ] } },
{ "type": "Feature", "properties": { "Id_zona": 2, "Zona": "Inti", "Sub_Zona": "Inti", "Luas": 339.86614655800003, "KKP": "Kepulauan Guraici" }, "geometry": { "type": "MultiPolygon", "coordinates": [ [ [ [ 127.114216952001172, 0.132536361000079, 0.000000000000114 ], [ 127.114273446716908, 0.132524989947888, 0.000000000000114 ], [ 127.114288247001184, 0.132522011000083, 0.000000000000114 ], [ 127.114354789001183, 0.132498091000069, 0.000000000000114 ], [ 127.114416578001098, 0.132488526000041, 0.000000000000114 ], [ 127.114502132001164, 0.132464608000034, 0.000000000000114 ], [ 127.114540160001098, 0.132407192000085, 0.000000000000114 ], [ 127.114559176001123, 0.132354559000094, 0.000000000000114 ], [ 127.114559180001095, 0.132301925000056, 0.000000000000114 ], [ 127.114540171001124, 0.132258859000061, 0.000000000000114 ], [ 127.114515813799485, 0.132227326502058, 0.000000000000114 ], [ 127.114506904001175, 0.132215792000108, 0.000000000000114 ], [ 127.11446413300115, 0.132148800000032, 0.000000000000114 ], [ 127.114473643001176, 0.13209616600005, 0.000000000000114 ], [ 127.114492656001119, 0.132072242000058, 0.000000000000114 ], [ 127.11450691800114, 0.132038749000072, 0.000000000000114 ], [ 127.114525931001182, 0.132010041000074, 0.000000000000114 ], [ 127.114540194001108, 0.131966978000028, 0.000000000000114 ], [ 127.114563962001114, 0.131914346000044, 0.000000000000114 ], [ 127.114625757001178, 0.13182343600009, 0.000000000000114 ], [ 127.114687548001086, 0.131770807000057, 0.000000000000114 ], [ 127.114787363001184, 0.131722965000043, 0.000000000000114 ], [ 127.114882426001074, 0.131670338000031, 0.000000000000114 ], [ 127.114915697001081, 0.131660770000046, 0.000000000000114 ], [ 127.114972733001139, 0.131641635000039, 0.000000000000114 ], [ 127.115029770001158, 0.131622499000056, 0.000000000000114 ], [ 127.115077299001101, 0.131617719000124, 0.000000000000114 ], [ 127.115210385001134, 0.131574664000065, 0.000000000000114 ], [ 127.115238714692239, 0.131570591883793, 0.000000000000114 ], [ 127.115281598063078, 0.126732679402875, 0.000000000000114 ], [ 127.115294986910413, 0.118549984086337, 0.000000000000114 ], [ 127.09868387317762, 0.126731457824487, 0.000000000000114 ], [ 127.09676148740084, 0.127678283374893, 0.000000000000114 ], [ 127.094068000164611, 0.129004894094995, 0.000000000000114 ], [ 127.094080090050184, 0.137469831918328, 0.000000000000114 ], [ 127.11368898271013, 0.136962532400383, 0.000000000000114 ], [ 127.113689038001155, 0.136962384000076, 0.000000000000114 ], [ 127.113722312001101, 0.136914538000058, 0.000000000000114 ], [ 127.11375083300112, 0.136871475000021, 0.000000000000114 ], [ 127.113774602001115, 0.136814058000027, 0.000000000000114 ], [ 127.113793618001111, 0.136761425000043, 0.000000000000114 ], [ 127.113793622001197, 0.136704006000054, 0.000000000000114 ], [ 127.113803133001113, 0.136646587000049, 0.000000000000114 ], [ 127.113807889001166, 0.136603523000064, 0.000000000000114 ], [ 127.113807893001123, 0.136550890000057, 0.000000000000114 ], [ 127.113807897001095, 0.136493470000069, 0.000000000000114 ], [ 127.113793642001085, 0.136445619000039, 0.000000000000114 ], [ 127.113788895001164, 0.136369060000054, 0.000000000000114 ], [ 127.113807911001132, 0.136325997000024, 0.000000000000114 ], [ 127.113822172001093, 0.136287719000045, 0.000000000000114 ], [ 127.113826928001174, 0.136254225000063, 0.000000000000114 ], [ 127.113864962001173, 0.136120250000031, 0.000000000000114 ], [ 127.113864970001075, 0.136010196000044, 0.000000000000114 ], [ 127.113879236001182, 0.135919283000046, 0.000000000000114 ], [ 127.113893502001176, 0.135823586000079, 0.000000000000114 ], [ 127.113893505001144, 0.135785307000069, 0.000000000000114 ], [ 127.113893510001077, 0.13571831700006, 0.000000000000114 ], [ 127.113879388028636, 0.135661428852239, 0.000000000000114 ], [ 127.11387236439613, 0.13565648112631, 0.000000000000114 ], [ 127.113826976001107, 0.135627398000086, 0.000000000000114 ], [ 127.113765189001185, 0.135613039000049, 0.000000000000114 ], [ 127.113660627001167, 0.135593890000037, 0.000000000000114 ], [ 127.113594088001079, 0.135569961000065, 0.000000000000114 ], [ 127.113503783001136, 0.135555599000048, 0.000000000000114 ], [ 127.113422985001122, 0.135546023000072, 0.000000000000114 ], [ 127.113356446001092, 0.135526878000061, 0.000000000000114 ], [ 127.113294660001131, 0.135502948000071, 0.000000000000114 ], [ 127.113242380001154, 0.135469449000043, 0.000000000000114 ], [ 127.113175843001102, 0.135426380000081, 0.000000000000114 ], [ 127.113128316001095, 0.135397666000095, 0.000000000000114 ], [ 127.11310455400114, 0.135368956000043, 0.000000000000114 ], [ 127.113076039001086, 0.135325889000052, 0.000000000000114 ], [ 127.113090302001112, 0.135268471000088, 0.000000000000114 ], [ 127.113099811001163, 0.135239762000046, 0.000000000000114 ], [ 127.113114079001136, 0.135105785000113, 0.000000000000114 ], [ 127.113156861001187, 0.135034014000053, 0.000000000000114 ], [ 127.113209147001086, 0.134976599000041, 0.000000000000114 ], [ 127.113218656001138, 0.134947890000053, 0.000000000000114 ], [ 127.113180635001115, 0.134904823000045, 0.000000000000114 ], [ 127.113142616001198, 0.134861755000037, 0.000000000000114 ], [ 127.113123613001164, 0.134742131000055, 0.000000000000114 ], [ 127.113104607001148, 0.134679925000066, 0.000000000000114 ], [ 127.113095107001115, 0.134598580000059, 0.000000000000114 ], [ 127.113080853001122, 0.134536375000055, 0.000000000000114 ], [ 127.113061846001131, 0.134483739000094, 0.000000000000114 ], [ 127.113061852001167, 0.134392826000056, 0.000000000000114 ], [ 127.113076116001196, 0.134330623000058, 0.000000000000114 ], [ 127.113104637001172, 0.134282776000032, 0.000000000000114 ], [ 127.113142664001131, 0.134230144000089, 0.000000000000114 ], [ 127.113171188001118, 0.134144018, 0.000000000000114 ], [ 127.113194961001156, 0.134043536000027, 0.000000000000114 ], [ 127.113209223001078, 0.133990903000065, 0.000000000000114 ], [ 127.113228239001103, 0.133938270000061, 0.000000000000114 ], [ 127.113247254001109, 0.133885637000034, 0.000000000000114 ], [ 127.113266271001109, 0.133828220000072, 0.000000000000114 ], [ 127.113299546001087, 0.133775588000087, 0.000000000000114 ], [ 127.113332820001176, 0.133722956000071, 0.000000000000114 ], [ 127.113370846001132, 0.133675109000037, 0.000000000000114 ], [ 127.113418380001164, 0.133622479000078, 0.000000000000114 ], [ 127.113465912001104, 0.133579418000091, 0.000000000000114 ], [ 127.113532457001085, 0.13351721900008, 0.000000000000114 ], [ 127.113589495001122, 0.133483729000016, 0.000000000000114 ], [ 127.113622769001083, 0.133440668000066, 0.000000000000114 ], [ 127.113622773001154, 0.133397603000085, 0.000000000000114 ], [ 127.113622776001122, 0.133344968000076, 0.000000000000114 ], [ 127.113622784001166, 0.13323970000008, 0.000000000000114 ], [ 127.113660814001094, 0.133153575000039, 0.000000000000114 ], [ 127.113684583001088, 0.13309615700008, 0.000000000000114 ], [ 127.113708351001094, 0.133048310000065, 0.000000000000114 ], [ 127.113722617001088, 0.132957396000067, 0.000000000000114 ], [ 127.113736880001113, 0.132890409000028, 0.000000000000114 ], [ 127.113798673001085, 0.132837779000052, 0.000000000000114 ], [ 127.113836699001141, 0.132799502000072, 0.000000000000114 ], [ 127.113884233001102, 0.132732517000011, 0.000000000000114 ], [ 127.113927012001142, 0.132689456000055, 0.000000000000114 ], [ 127.113984051001168, 0.132641611000068, 0.000000000000114 ], [ 127.114041089001063, 0.132608121000033, 0.000000000000114 ], [ 127.11409812600111, 0.132579416000101, 0.000000000000114 ], [ 127.114145656001199, 0.132555495000062, 0.000000000000114 ], [ 127.114216952001172, 0.132536361000079, 0.000000000000114 ] ] ] ] } },
{ "type": "Feature", "properties": { "Id_zona": 6, "Zona": "Inti", "Sub_Zona": "Inti", "Luas": 152.608568596, "KKP": "Kepulauan Guraici" }, "geometry": { "type": "MultiPolygon", "coordinates": [ [ [ [ 127.219500586202514, 0.012901501751057, 0.0 ], [ 127.233640682593787, 0.012966654359599, 0.0 ], [ 127.233625494024395, 0.004139493059602, 0.0 ], [ 127.219524323222345, 0.004171362766512, 0.0 ], [ 127.219500586202514, 0.012901501751057, 0.0 ] ] ] ] } },
{ "type": "Feature", "properties": { "Id_zona": 21, "Zona": "Pemanfaatan Terbatas", "Sub_Zona": "Pariwisata", "Luas": 60.854431756300002, "KKP": "Kepulauan Guraici" }, "geometry": { "type": "MultiPolygon", "coordinates": [ [ [ [ 127.229608324337519, -0.023788274983035, 0.000000000000114 ], [ 127.229207655115843, -0.026834092750657, 0.000000000000114 ], [ 127.232260502528234, -0.027563975071158, 0.000000000000114 ], [ 127.234742163974332, -0.028157297420203, 0.000000000000114 ], [ 127.232907340564651, -0.033009517248657, 0.000000000000114 ], [ 127.226433463073135, -0.033133817365459, 0.000000000000114 ], [ 127.224817436814419, -0.029420447235524, 0.000000000000114 ], [ 127.225650907781784, -0.024102468976439, 0.000000000000114 ], [ 127.227833886618683, -0.02220795584435, 0.000000000000114 ], [ 127.229782059200147, -0.022467564009798, 0.000000000000114 ], [ 127.229608324337519, -0.023788274983035, 0.000000000000114 ] ], [ [ 127.225162372825977, -0.029415300598082, 0.000000000000114 ], [ 127.225145870000802, -0.02953158699996, 0.000000000000114 ], [ 127.225288461000787, -0.029809132999938, 0.000000000000114 ], [ 127.225405518170831, -0.029909304470053, 0.000000000000114 ], [ 127.225450722181449, -0.029947987726567, 0.000000000000114 ], [ 127.225478587000808, -0.029971832999937, 0.000000000000114 ], [ 127.225507155345966, -0.029986214005765, 0.000000000000114 ], [ 127.225649701000791, -0.030057969999949, 0.000000000000114 ], [ 127.225716243000775, -0.030220669999913, 0.000000000000114 ], [ 127.225816677152991, -0.030430678058191, 0.000000000000114 ], [ 127.225839822000722, -0.030479073999973, 0.000000000000114 ], [ 127.225871866778334, -0.030594298127117, 0.000000000000114 ], [ 127.225906363000718, -0.030718336999944, 0.000000000000114 ], [ 127.225963398000786, -0.03093845899997, 0.000000000000114 ], [ 127.226058458000693, -0.031168151999958, 0.000000000000114 ], [ 127.226114417168631, -0.031252659012159, 0.000000000000114 ], [ 127.226191545000688, -0.031369133999925, 0.000000000000114 ], [ 127.226305620000758, -0.031483981999906, 0.000000000000114 ], [ 127.226369501419327, -0.031523795885998, 0.000000000000114 ], [ 127.226430542022399, -0.031561839244843, 0.000000000000114 ], [ 127.226481693865182, -0.031593719467003, 0.000000000000114 ], [ 127.226505252000734, -0.031608401999916, 0.000000000000114 ], [ 127.22657002822551, -0.031616075357739, 0.000000000000114 ], [ 127.226666860000705, -0.03162754599991, 0.000000000000114 ], [ 127.226722062743832, -0.031619968299231, 0.000000000000114 ], [ 127.226876002000736, -0.031598836999922, 0.000000000000114 ], [ 127.227131538851381, -0.031510997563498, 0.000000000000114 ], [ 127.227265768000777, -0.031464856999927, 0.000000000000114 ], [ 127.227288242222386, -0.031452736603757, 0.000000000000114 ], [ 127.227531949000763, -0.031321304999948, 0.000000000000114 ], [ 127.227864680000707, -0.030957631999926, 0.000000000000114 ], [ 127.227912216000746, -0.030651376999931, 0.000000000000114 ], [ 127.227969259000716, -0.030431256999976, 0.000000000000114 ], [ 127.227883703000771, -0.030306839999966, 0.000000000000114 ], [ 127.227856852051715, -0.030255777528788, 0.000000000000114 ], [ 127.227856534157823, -0.030251189352612, 0.000000000000114 ], [ 127.2277971192986, -0.030127565590269, 0.000000000000114 ], [ 127.227788644000697, -0.029991011999935, 0.000000000000114 ], [ 127.227703088000808, -0.029904875999933, 0.000000000000114 ], [ 127.227589014000728, -0.029751746999965, 0.000000000000114 ], [ 127.227512963000777, -0.029665611999978, 0.000000000000114 ], [ 127.227560498000813, -0.029541195999979, 0.000000000000114 ], [ 127.227612419104716, -0.029366968435754, 0.000000000000114 ], [ 127.227617539000775, -0.029349787999925, 0.000000000000114 ], [ 127.227687429659639, -0.02918561794188, 0.000000000000114 ], [ 127.227703100000781, -0.029148808999934, 0.000000000000114 ], [ 127.227741128000716, -0.029005251999935, 0.000000000000114 ], [ 127.227722117000795, -0.028861693999941, 0.000000000000114 ], [ 127.227589029000811, -0.02877555799995, 0.000000000000114 ], [ 127.227522484000701, -0.028737274999957, 0.000000000000114 ], [ 127.227335040153889, -0.028737272183125, 0.000000000000114 ], [ 127.227322849000771, -0.028737271999936, 0.000000000000114 ], [ 127.227237292000765, -0.02873726999991, 0.000000000000114 ], [ 127.227085190000736, -0.028727697999941, 0.000000000000114 ], [ 127.227018646000715, -0.02858413999993, 0.000000000000114 ], [ 127.226999636000755, -0.028450152999899, 0.000000000000114 ], [ 127.226952107000784, -0.028316164999936, 0.000000000000114 ], [ 127.226885564000781, -0.028134324999927, 0.000000000000114 ], [ 127.226838035000696, -0.027971625999927, 0.000000000000114 ], [ 127.226933098000714, -0.027971627999919, 0.000000000000114 ], [ 127.227075693000771, -0.028067334999925, 0.000000000000114 ], [ 127.227085196000772, -0.028268314999902, 0.000000000000114 ], [ 127.22718976500073, -0.02841187399994, 0.000000000000114 ], [ 127.227427424000794, -0.02845972999991, 0.000000000000114 ], [ 127.227568036223616, -0.028459731848795, 0.000000000000114 ], [ 127.227579528000774, -0.028459731999942, 0.000000000000114 ], [ 127.227583762043068, -0.028441262011576, 0.000000000000114 ], [ 127.227598954153521, -0.028374990087038, 0.000000000000114 ], [ 127.227608049000779, -0.028335315999924, 0.000000000000114 ], [ 127.227541506000776, -0.028182186999946, 0.000000000000114 ], [ 127.227529167859089, -0.028161484313116, 0.000000000000114 ], [ 127.227455950000731, -0.028038628999988, 0.000000000000114 ], [ 127.227303849000705, -0.027904639999948, 0.000000000000114 ], [ 127.227246813000761, -0.027780221999914, 0.000000000000114 ], [ 127.22743694200075, -0.027751513999881, 0.000000000000114 ], [ 127.227608057000793, -0.027761087999981, 0.000000000000114 ], [ 127.227759683004308, -0.027753457574196, 0.000000000000114 ], [ 127.227798185000751, -0.027751519999914, 0.000000000000114 ], [ 127.227874239000684, -0.027607963999966, 0.000000000000114 ], [ 127.227883748000735, -0.027464406999951, 0.000000000000114 ], [ 127.227788685000746, -0.02735913, 0.000000000000114 ], [ 127.227749091266574, -0.027336707641224, 0.000000000000114 ], [ 127.227743294618222, -0.0273300936417, 0.000000000000114 ], [ 127.227690351801101, -0.027303442849368, 0.000000000000114 ], [ 127.227636583000731, -0.027272992999952, 0.000000000000114 ], [ 127.227408431000754, -0.027177285999867, 0.000000000000114 ], [ 127.227218303000768, -0.027148570999942, 0.000000000000114 ], [ 127.227075706000704, -0.027253843999964, 0.000000000000114 ], [ 127.226828541000728, -0.027148564999954, 0.000000000000114 ], [ 127.226797016378896, -0.027077154782981, 0.000000000000114 ], [ 127.226752491000752, -0.026976294999936, 0.000000000000114 ], [ 127.226600390000726, -0.026928439999948, 0.000000000000114 ], [ 127.226296182000738, -0.02704328199995, 0.000000000000114 ], [ 127.226134573000778, -0.027110272999923, 0.000000000000114 ], [ 127.226010989000784, -0.027148552999948, 0.000000000000114 ], [ 127.225944443000799, -0.027234686999929, 0.000000000000114 ], [ 127.225942939570132, -0.027241245302703, 0.000000000000114 ], [ 127.225915922000695, -0.027359101999888, 0.000000000000114 ], [ 127.225754311000742, -0.027483514999932, 0.000000000000114 ], [ 127.225716285000786, -0.027540937999933, 0.000000000000114 ], [ 127.225688926893397, -0.027599955246386, 0.000000000000114 ], [ 127.225649738000712, -0.027684493999958, 0.000000000000114 ], [ 127.225602204000793, -0.027789768999982, 0.000000000000114 ], [ 127.225621214000753, -0.028000318999948, 0.000000000000114 ], [ 127.225526144000696, -0.028402276999928, 0.000000000000114 ], [ 127.225431077000749, -0.028612826999967, 0.000000000000114 ], [ 127.225364526000703, -0.028966932999924, 0.000000000000114 ], [ 127.2252504460007, -0.029187051999909, 0.000000000000114 ], [ 127.225174392000795, -0.02933060799991, 0.000000000000114 ], [ 127.225162372825977, -0.029415300598082, 0.000000000000114 ] ], [ [ 127.230640536000692, -0.032125279999944, 0.000000000000114 ], [ 127.230681270170336, -0.03211772639978, 0.000000000000114 ], [ 127.231001781000685, -0.032058291999939, 0.000000000000114 ], [ 127.231325002000744, -0.031972162999966, 0.000000000000114 ], [ 127.231505624000775, -0.031905172999935, 0.000000000000114 ], [ 127.231707275161696, -0.031835173777426, 0.000000000000114 ], [ 127.231781313000752, -0.031809472999908, 0.000000000000114 ], [ 127.231817238921906, -0.031767278274928, 0.000000000000114 ], [ 127.231952432000725, -0.031608494999905, 0.000000000000114 ], [ 127.232007392557691, -0.031533046825427, 0.000000000000114 ], [ 127.232057006000787, -0.031464938999914, 0.000000000000114 ], [ 127.232085529000742, -0.03121610699993, 0.000000000000114 ], [ 127.232114052000711, -0.030967273999974, 0.000000000000114 ], [ 127.232104550000699, -0.030718440999966, 0.000000000000114 ], [ 127.232066527000711, -0.030574882999921, 0.000000000000114 ], [ 127.232009490000792, -0.030421752999934, 0.000000000000114 ], [ 127.232095050000808, -0.030326049999865, 0.000000000000114 ], [ 127.232104559000703, -0.030163351999934, 0.000000000000114 ], [ 127.232097062327526, -0.029974603485557, 0.000000000000114 ], [ 127.23209505600073, -0.029924088999958, 0.000000000000114 ], [ 127.232047527000759, -0.029751818999958, 0.000000000000114 ], [ 127.231999999000791, -0.02952212699995, 0.000000000000114 ], [ 127.231904937000749, -0.02932114399994, 0.000000000000114 ], [ 127.231898137421737, -0.029304518535923, 0.000000000000114 ], [ 127.231838395000736, -0.029158443999964, 0.000000000000114 ], [ 127.231781359000678, -0.028995744999977, 0.000000000000114 ], [ 127.231714814000739, -0.028919179999938, 0.000000000000114 ], [ 127.231696590879295, -0.028912829193841, 0.000000000000114 ], [ 127.23160680085229, -0.028881537132554, 0.000000000000114 ], [ 127.231467648000717, -0.028833041999936, 0.000000000000114 ], [ 127.231182457000742, -0.028718190999936, 0.000000000000114 ], [ 127.230773681000727, -0.028679901999967, 0.000000000000114 ], [ 127.230669110000676, -0.028746894999909, 0.000000000000114 ], [ 127.230555032000794, -0.028785174999948, 0.000000000000114 ], [ 127.230440954000741, -0.028823454999949, 0.000000000000114 ], [ 127.230317370000776, -0.028909587999984, 0.000000000000114 ], [ 127.230212797000718, -0.029014860999949, 0.000000000000114 ], [ 127.230032172000705, -0.029167985999953, 0.000000000000114 ], [ 127.22990858700075, -0.029292400999939, 0.000000000000114 ], [ 127.229856347587983, -0.02935308173987, 0.000000000000114 ], [ 127.229785002000781, -0.029435955999901, 0.000000000000114 ], [ 127.229639411598711, -0.029628324926701, 0.000000000000114 ], [ 127.229634421173245, -0.029634918786341, 0.000000000000114 ], [ 127.229632896000794, -0.029636933999899, 0.000000000000114 ], [ 127.229461776000775, -0.029857052999935, 0.000000000000114 ], [ 127.229309670000703, -0.030067600999923, 0.000000000000114 ], [ 127.229283821328792, -0.030141947984067, 0.000000000000114 ], [ 127.229243122000767, -0.030259008999956, 0.000000000000114 ], [ 127.229252626000758, -0.030402566999882, 0.000000000000114 ], [ 127.229186076000715, -0.030689680999932, 0.000000000000114 ], [ 127.229161160847511, -0.030756565923634, 0.000000000000114 ], [ 127.229129035000724, -0.03084280799989, 0.000000000000114 ], [ 127.229129030000763, -0.031168203999926, 0.000000000000114 ], [ 127.229129025000702, -0.031464889999939, 0.000000000000114 ], [ 127.229262111000708, -0.03168501299993, 0.000000000000114 ], [ 127.229528288000765, -0.03185728599992, 0.000000000000114 ], [ 127.229946567000724, -0.032067844999931, 0.000000000000114 ], [ 127.2302412650007, -0.032125272999918, 0.000000000000114 ], [ 127.230480445935868, -0.032125277193412, 0.000000000000114 ], [ 127.230640536000692, -0.032125279999944, 0.000000000000114 ] ] ] ] } },
{ "type": "Feature", "properties": { "Id_zona": 20, "Zona": "Pemanfaatan Terbatas", "Sub_Zona": "Pariwisata", "Luas": 8.4357468537999996, "KKP": "Kepulauan Guraici" }, "geometry": { "type": "MultiPolygon", "coordinates": [ [ [ [ 127.222189656061701, -0.030641172619458, 0.000000000000114 ], [ 127.22455177180791, -0.034106780707079, 0.000000000000114 ], [ 127.221395597587573, -0.036863011219745, 0.000000000000114 ], [ 127.218264895813078, -0.033481395473199, 0.000000000000114 ], [ 127.222189656061701, -0.030641172619458, 0.000000000000114 ] ], [ [ 127.220407802659878, -0.035232064175977, 0.000000000000114 ], [ 127.220590895641621, -0.035397965352859, 0.000000000000114 ], [ 127.220601713000775, -0.035407766999898, 0.000000000000114 ], [ 127.220805218788911, -0.035587040299708, 0.000000000000114 ], [ 127.220829863000759, -0.035608749999936, 0.000000000000114 ], [ 127.221191103000734, -0.035742742999929, 0.000000000000114 ], [ 127.221457281000795, -0.035742748999955, 0.000000000000114 ], [ 127.221685435000751, -0.035733182999938, 0.000000000000114 ], [ 127.221719676797363, -0.035733183576307, 0.000000000000114 ], [ 127.221894674741961, -0.035733186521667, 0.000000000000114 ], [ 127.2219230940008, -0.035733186999966, 0.000000000000114 ], [ 127.222179767000753, -0.035704480999879, 0.000000000000114 ], [ 127.222213999321525, -0.035620790110294, 0.000000000000114 ], [ 127.222246315000717, -0.035541784999933, 0.000000000000114 ], [ 127.2224459490008, -0.035541787999931, 0.000000000000114 ], [ 127.222731140000775, -0.035551363999936, 0.000000000000114 ], [ 127.222845219000789, -0.035417379999961, 0.000000000000114 ], [ 127.22289275700075, -0.035158978999944, 0.000000000000114 ], [ 127.223073382000763, -0.034938861999938, 0.000000000000114 ], [ 127.223406109000777, -0.034747458999946, 0.000000000000114 ], [ 127.223526412172717, -0.034642498387601, 0.000000000000114 ], [ 127.223548708000763, -0.034623045999985, 0.000000000000114 ], [ 127.223672293000732, -0.034469919999946, 0.000000000000114 ], [ 127.223662792000738, -0.034192376999967, 0.000000000000114 ], [ 127.223615265000731, -0.033962685999916, 0.000000000000114 ], [ 127.223510698000752, -0.033752132999914, 0.000000000000114 ], [ 127.223501053035875, -0.033731093697023, 0.000000000000114 ], [ 127.223453662000793, -0.033627715999958, 0.000000000000114 ], [ 127.223384411518069, -0.033449539252784, 0.000000000000114 ], [ 127.223368109000745, -0.033407593999936, 0.000000000000114 ], [ 127.223254034000789, -0.033264034999936, 0.000000000000114 ], [ 127.223139960000708, -0.033177898999945, 0.000000000000114 ], [ 127.223056058669016, -0.033093429600813, 0.000000000000114 ], [ 127.223035391000749, -0.033072621999938, 0.000000000000114 ], [ 127.223012714888398, -0.032889963768552, 0.000000000000114 ], [ 127.223006876000795, -0.032842930999929, 0.000000000000114 ], [ 127.223006879000764, -0.032670661999912, 0.000000000000114 ], [ 127.223025894000799, -0.032498393999958, 0.000000000000114 ], [ 127.223025894724941, -0.032462090090801, 0.000000000000114 ], [ 127.223025898000742, -0.032297414999967, 0.000000000000114 ], [ 127.222997382000742, -0.032096434999978, 0.000000000000114 ], [ 127.222968864000819, -0.032019869999931, 0.000000000000114 ], [ 127.2228642980008, -0.031809317999931, 0.000000000000114 ], [ 127.222788247000736, -0.031771034999939, 0.000000000000114 ], [ 127.221828107000761, -0.031531757999954, 0.000000000000114 ], [ 127.221695017000812, -0.031512613999938, 0.000000000000114 ], [ 127.22156192800071, -0.031512611999979, 0.000000000000114 ], [ 127.221390812000806, -0.031541319999978, 0.000000000000114 ], [ 127.221267229000773, -0.031570028999922, 0.000000000000114 ], [ 127.221115126000811, -0.03163701999996, 0.000000000000114 ], [ 127.221001048000772, -0.031723152999957, 0.000000000000114 ], [ 127.220944008000743, -0.031790144999945, 0.000000000000114 ], [ 127.22083943600083, -0.031885846999948, 0.000000000000114 ], [ 127.220763384000747, -0.03197197999997, 0.000000000000114 ], [ 127.220753876000842, -0.032115536999894, 0.000000000000114 ], [ 127.220649304000773, -0.032163386999986, 0.000000000000114 ], [ 127.220440163000745, -0.032182523999938, 0.000000000000114 ], [ 127.220297567000799, -0.032230373999934, 0.000000000000114 ], [ 127.220088425000796, -0.032345214999965, 0.000000000000114 ], [ 127.21990780200079, -0.032412204999963, 0.000000000000114 ], [ 127.219831750000736, -0.032507907999938, 0.000000000000114 ], [ 127.219736683000761, -0.032708885999963, 0.000000000000114 ], [ 127.219689148000768, -0.032881152999941, 0.000000000000114 ], [ 127.219632106000788, -0.033053419999919, 0.000000000000114 ], [ 127.219527534000719, -0.033187403999946, 0.000000000000114 ], [ 127.219375431000827, -0.033283105999934, 0.000000000000114 ], [ 127.219375429760817, -0.033342505170491, 0.000000000000114 ], [ 127.219375428000745, -0.033426661999972, 0.000000000000114 ], [ 127.219498369214506, -0.033655169563424, 0.000000000000114 ], [ 127.219499007000792, -0.033656354999923, 0.000000000000114 ], [ 127.219489497000765, -0.033809481999921, 0.000000000000114 ], [ 127.219451468000827, -0.034010459999926, 0.000000000000114 ], [ 127.219518008000719, -0.034268862999955, 0.000000000000114 ], [ 127.219670104000826, -0.034565549999961, 0.000000000000114 ], [ 127.219822204000735, -0.034680397999963, 0.000000000000114 ], [ 127.219924200374081, -0.034736020759553, 0.000000000000114 ], [ 127.220050355000708, -0.034804817999899, 0.000000000000114 ], [ 127.220278505000721, -0.034957948999905, 0.000000000000114 ], [ 127.220316527000719, -0.035149358999943, 0.000000000000114 ], [ 127.220407802659878, -0.035232064175977, 0.000000000000114 ] ] ] ] } },
{ "type": "Feature", "properties": { "Id_zona": 19, "Zona": "Pemanfaatan Terbatas", "Sub_Zona": "Pariwisata", "Luas": 27.8917444235, "KKP": "Kepulauan Guraici" }, "geometry": { "type": "MultiPolygon", "coordinates": [ [ [ [ 127.217406006770531, -0.026249858207087, 0.0 ], [ 127.217405927449988, -0.031354086338802, 0.0 ], [ 127.210038512116682, -0.031373898067169, 0.0 ], [ 127.210019739537486, -0.026096956755109, 0.0 ], [ 127.217406006770531, -0.026249858207087, 0.0 ] ], [ [ 127.211575696068053, -0.03069409532508, 0.0 ], [ 127.211600567173747, -0.03068378577986, 0.0 ], [ 127.211745933577845, -0.030623528643704, 0.0 ], [ 127.211782356910547, -0.030608430479417, 0.0 ], [ 127.211817927000808, -0.030593685999979, 0.0 ], [ 127.212055586000744, -0.030545837999963, 0.0 ], [ 127.212264726000782, -0.030517129999908, 0.0 ], [ 127.212492878000774, -0.030517133999956, 0.0 ], [ 127.212612541832243, -0.030546340841195, 0.0 ], [ 127.212806586000767, -0.030593701999934, 0.0 ], [ 127.21296679927346, -0.030635522113511, 0.0 ], [ 127.213024951794139, -0.030650701537325, 0.0 ], [ 127.213063256000808, -0.030660699999948, 0.0 ], [ 127.21319634400075, -0.030737264999953, 0.0 ], [ 127.213472028000822, -0.030698987999926, 0.0 ], [ 127.213518602642992, -0.030635051421497, 0.0 ], [ 127.213576600000721, -0.030555433999955, 0.0 ], [ 127.213605124000821, -0.030258750999916, 0.0 ], [ 127.213747721000843, -0.030172620999917, 0.0 ], [ 127.214051923000767, -0.030239617999951, 0.0 ], [ 127.214271367468484, -0.030271182503037, 0.0 ], [ 127.214277520132583, -0.0302720674914, 0.0 ], [ 127.214384644000731, -0.03028747599996, 0.0 ], [ 127.214499112875046, -0.030305484220282, 0.0 ], [ 127.214688846000769, -0.030335332999915, 0.0 ], [ 127.214698001179912, -0.03033678844113, 0.0 ], [ 127.215050086000744, -0.030392760999943, 0.0 ], [ 127.215194392833595, -0.030372953233134, 0.0 ], [ 127.215259227000772, -0.030364053999891, 0.0 ], [ 127.215468368000785, -0.030220499999865, 0.0 ], [ 127.215544421000857, -0.030086515999864, 0.0 ], [ 127.215557951901687, -0.0300398143934, 0.0 ], [ 127.21559063320133, -0.029927015588616, 0.0 ], [ 127.215610969000792, -0.029856826999903, 0.0 ], [ 127.215618369369807, -0.029836960784731, 0.0 ], [ 127.215668010000797, -0.029703700999956, 0.0 ], [ 127.215707179726252, -0.029664268676622, 0.0 ], [ 127.215810608000808, -0.029560146999885, 0.0 ], [ 127.215943700000736, -0.02937831099996, 0.0 ], [ 127.216038765000732, -0.02922518699993, 0.0 ], [ 127.216048275000773, -0.029072059999933, 0.0 ], [ 127.215991239000843, -0.028928502999967, 0.0 ], [ 127.215953586985307, -0.028821098765674, 0.0 ], [ 127.215934203000785, -0.028765804999961, 0.0 ], [ 127.215791610000821, -0.028622245999935, 0.0 ], [ 127.215639509000809, -0.028536109999924, 0.0 ], [ 127.215553955000757, -0.028335129999924, 0.0 ], [ 127.215487413000872, -0.028162861999906, 0.0 ], [ 127.215506428000765, -0.028076727999969, 0.0 ], [ 127.215534948000766, -0.028009735999882, 0.0 ], [ 127.215563468000752, -0.027933172999953, 0.0 ], [ 127.215649026000776, -0.027856609999926, 0.0 ], [ 127.215801129000766, -0.027770478999971, 0.0 ], [ 127.215905701000835, -0.027598212999963, 0.0 ], [ 127.215896197000717, -0.027464226999923, 0.0 ], [ 127.215867680000798, -0.027330239999918, 0.0 ], [ 127.215810645000758, -0.027090979, 0.0 ], [ 127.215725090000831, -0.026966562999947, 0.0 ], [ 127.215630028000817, -0.026909138999927, 0.0 ], [ 127.215496939000829, -0.026861283999949, 0.0 ], [ 127.215363851000717, -0.026794288999964, 0.0 ], [ 127.215078662000863, -0.026727292999978, 0.0 ], [ 127.214936068000767, -0.026650726999912, 0.0 ], [ 127.214755448000844, -0.026574160999883, 0.0 ], [ 127.214603347000846, -0.026516736999937, 0.0 ], [ 127.214460753000779, -0.026488023999918, 0.0 ], [ 127.214270626000783, -0.02643059799991, 0.0 ], [ 127.214090007000792, -0.026363601999954, 0.0 ], [ 127.213918893000752, -0.02632531799997, 0.0 ], [ 127.2138143220008, -0.026440161999972, 0.0 ], [ 127.21379970864848, -0.026464235212569, 0.0 ], [ 127.21370975000076, -0.026612427999969, 0.0 ], [ 127.213529127000754, -0.026784692999926, 0.0 ], [ 127.213443566000777, -0.027004810999919, 0.0 ], [ 127.21351010800079, -0.027196219999922, 0.0 ], [ 127.213586156000773, -0.027416340999942, 0.0 ], [ 127.213579146455487, -0.027442801907703, 0.0 ], [ 127.213548128000795, -0.027559895999941, 0.0 ], [ 127.213557146824016, -0.027723369755047, 0.0 ], [ 127.213557632000786, -0.027732163999874, 0.0 ], [ 127.213557630000807, -0.027837436999966, 0.0 ], [ 127.213453059000784, -0.027952280999961, 0.0 ], [ 127.213300957000882, -0.027952278999959, 0.0 ], [ 127.21324731643081, -0.027876673523016, 0.0 ], [ 127.213158365000723, -0.027751297999909, 0.0 ], [ 127.213006267000807, -0.027588598999952, 0.0 ], [ 127.212730583000791, -0.027559882999929, 0.0 ], [ 127.212587986000756, -0.027674725999913, 0.0 ], [ 127.212511933000812, -0.027875703999891, 0.0 ], [ 127.212523835244014, -0.027945209149975, 0.0 ], [ 127.21255946000079, -0.028153245999873, 0.0 ], [ 127.212702053000811, -0.028306373999895, 0.0 ], [ 127.212711555000823, -0.028526492999955, 0.0 ], [ 127.212683034000847, -0.028670048999934, 0.0 ], [ 127.212587968000847, -0.02880403299993, 0.0 ], [ 127.212445373000747, -0.028880593999885, 0.0 ], [ 127.212399416637084, -0.028880593395633, 0.0 ], [ 127.212293271000746, -0.028880591999913, 0.0 ], [ 127.212236231000745, -0.029033716999945, 0.0 ], [ 127.212235576466583, -0.029034940713134, 0.0 ], [ 127.212169685000802, -0.029158130999972, 0.0 ], [ 127.211989065000751, -0.029138987999911, 0.0 ], [ 127.211973589990848, -0.02912760277226, 0.0 ], [ 127.211741902000824, -0.028957145999937, 0.0 ], [ 127.211618324000753, -0.028737025999928, 0.0 ], [ 127.211523265000835, -0.028488193999973, 0.0 ], [ 127.211380671000768, -0.028382916999925, 0.0 ], [ 127.211124000000751, -0.028402053999938, 0.0 ], [ 127.211076466000776, -0.028564749999931, 0.0 ], [ 127.211076462694805, -0.028762697228092, 0.0 ], [ 127.211076457000885, -0.029100691999921, 0.0 ], [ 127.211084934278404, -0.029156170413375, 0.0 ], [ 127.211114479000855, -0.029349521999963, 0.0 ], [ 127.21102891800075, -0.029607921999949, 0.0 ], [ 127.210951383306522, -0.029849886402502, 0.0 ], [ 127.210948175390655, -0.029859897421086, 0.0 ], [ 127.210933850000771, -0.029904602999977, 0.0 ], [ 127.210705690000765, -0.030363976999955, 0.0 ], [ 127.210701779211163, -0.030371851011947, 0.0 ], [ 127.210601117000763, -0.030574524999976, 0.0 ], [ 127.210819760000831, -0.030737224999935, 0.0 ], [ 127.211038405000792, -0.030794650999904, 0.0 ], [ 127.211314088000833, -0.030832936999907, 0.0 ], [ 127.21149470900076, -0.030727665999961, 0.0 ], [ 127.211575696068053, -0.03069409532508, 0.0 ] ], [ [ 127.216390515000782, -0.028287290999963, 0.0 ], [ 127.216266934000771, -0.028191584999908, 0.0 ], [ 127.216248555619956, -0.028185891630702, 0.0 ], [ 127.216143352000756, -0.02815330099996, 0.0 ], [ 127.216010263000754, -0.02814372799993, 0.0 ], [ 127.215972237000813, -0.028172438999933, 0.0 ], [ 127.215924705000717, -0.028220289999964, 0.0 ], [ 127.215896184000741, -0.028335134999958, 0.0 ], [ 127.215905689000721, -0.028440409999968, 0.0 ], [ 127.21593131160715, -0.028489136494359, 0.0 ], [ 127.215991243000786, -0.028603107999966, 0.0 ], [ 127.216067293000762, -0.028708383999971, 0.0 ], [ 127.216133835000761, -0.028832800999945, 0.0 ], [ 127.216190871000805, -0.028966787999899, 0.0 ], [ 127.216257413000804, -0.029148625999937, 0.0 ], [ 127.216285930000765, -0.029263472999922, 0.0 ], [ 127.216247902000802, -0.029426168999971, 0.0 ], [ 127.216095799000783, -0.029502729999927, 0.0 ], [ 127.215970138513384, -0.029559656195375, 0.0 ], [ 127.215905671000826, -0.029588860999979, 0.0 ], [ 127.215919639058313, -0.02969199467598, 0.0 ], [ 127.215934187000769, -0.029799409999937, 0.0 ], [ 127.215947988360597, -0.02982613121488, 0.0 ], [ 127.216018547553688, -0.029962742939167, 0.0 ], [ 127.216057765000812, -0.030038672999982, 0.0 ], [ 127.21632394100078, -0.030172662999978, 0.0 ], [ 127.216571105000781, -0.030230088999895, 0.0 ], [ 127.2166946880008, -0.030182239999915, 0.0 ], [ 127.216744018738837, -0.0301425107632, 0.0 ], [ 127.216789753000796, -0.030105677999928, 0.0 ], [ 127.216856301000732, -0.029895128999955, 0.0 ], [ 127.216922847000845, -0.029780284999929, 0.0 ], [ 127.216975355596702, -0.029730948669542, 0.0 ], [ 127.217065446000831, -0.02964630099993, 0.0 ], [ 127.217047614315291, -0.029448802646654, 0.0 ], [ 127.217047615856728, -0.029351642615229, 0.0 ], [ 127.217046437362654, -0.029347489805518, 0.0 ], [ 127.217046441000804, -0.029110357999932, 0.0 ], [ 127.217008418000816, -0.028966800999905, 0.0 ], [ 127.216932370000848, -0.02874667999989, 0.0 ], [ 127.216856322000709, -0.028574410999974, 0.0 ], [ 127.216732741000826, -0.028526555999985, 0.0 ], [ 127.216636288061494, -0.028519085392556, 0.0 ], [ 127.216609157000832, -0.028516983999943, 0.0 ], [ 127.216551970380408, -0.028445016642399, 0.0 ], [ 127.216533108000732, -0.028421278999891, 0.0 ], [ 127.216478962268667, -0.028383119763029, 0.0 ], [ 127.216438046000761, -0.028354283999925, 0.0 ], [ 127.216428983431214, -0.028341510678496, 0.0 ], [ 127.216390515000782, -0.028287290999963, 0.0 ] ] ] ] } },
{ "type": "Feature", "properties": { "Id_zona": 5, "Zona": "Inti", "Sub_Zona": "Inti", "Luas": 229.04478043399999, "KKP": "Kepulauan Guraici" }, "geometry": { "type": "MultiPolygon", "coordinates": [ [ [ [ 127.223291397241951, 0.025238311349134, 0.000000000000114 ], [ 127.223343215000796, 0.025162434000031, 0.000000000000114 ], [ 127.22337648800081, 0.025105011000046, 0.000000000000114 ], [ 127.223395502000727, 0.025061944000078, 0.000000000000114 ], [ 127.223468080813518, 0.024946577980966, 0.000000000000114 ], [ 127.223485815000814, 0.024918389000045, 0.000000000000114 ], [ 127.223528594000783, 0.024837041000069, 0.000000000000114 ], [ 127.223647426000795, 0.024640848000051, 0.000000000000114 ], [ 127.223699713000769, 0.024530789000056, 0.000000000000114 ], [ 127.223737740000772, 0.024463795000052, 0.000000000000114 ], [ 127.223756753000785, 0.024396802000063, 0.000000000000114 ], [ 127.223785273000772, 0.02432502500004, 0.000000000000114 ], [ 127.223799534000719, 0.024243676000066, 0.000000000000114 ], [ 127.223828054000705, 0.024167113000032, 0.000000000000114 ], [ 127.223851821000736, 0.024119261000108, 0.000000000000114 ], [ 127.223875588000752, 0.024066623000088, 0.000000000000114 ], [ 127.223899354000793, 0.024023557000018, 0.000000000000114 ], [ 127.22391836800081, 0.023990060000074, 0.000000000000114 ], [ 127.223927874000779, 0.023927853000042, 0.000000000000114 ], [ 127.22396114800074, 0.023808222000087, 0.000000000000114 ], [ 127.223970656000802, 0.023741229000034, 0.000000000000114 ], [ 127.223999176000689, 0.023664665000089, 0.000000000000114 ], [ 127.224018190000749, 0.023559390000073, 0.000000000000114 ], [ 127.22403720400078, 0.023487613000067, 0.000000000000114 ], [ 127.224065723000805, 0.023430190000085, 0.000000000000114 ], [ 127.224108503000707, 0.023363197000046, 0.000000000000114 ], [ 127.224146529000805, 0.02329141900004, 0.000000000000114 ], [ 127.224175050000781, 0.023238782000029, 0.000000000000114 ], [ 127.224189310000725, 0.023190930000065, 0.000000000000114 ], [ 127.22422258300071, 0.023114366000088, 0.000000000000114 ], [ 127.224251103000725, 0.023061730000101, 0.000000000000114 ], [ 127.224298636000754, 0.022956455000087, 0.000000000000114 ], [ 127.224336663000713, 0.022879891000074, 0.000000000000114 ], [ 127.224350923000785, 0.022841610000064, 0.000000000000114 ], [ 127.224369936000699, 0.02278418700007, 0.000000000000114 ], [ 127.224393704000704, 0.022717194000071, 0.000000000000114 ], [ 127.224455496000715, 0.022592779000031, 0.000000000000114 ], [ 127.224465789483645, 0.022581380223465, 0.000000000000114 ], [ 127.224510789366093, 0.020934815755566, 0.000000000000114 ], [ 127.21227963657131, 0.020922207388581, 0.000000000000114 ], [ 127.212285490006508, 0.027007792382263, 0.000000000000114 ], [ 127.21229779202524, 0.039866229602093, 0.000000000000114 ], [ 127.230011523686414, 0.040037937558738, 0.000000000000114 ], [ 127.230086265764314, 0.033256790190511, 0.000000000000114 ], [ 127.228207178378156, 0.033210076666159, 0.000000000000114 ], [ 127.228205614000771, 0.033239989000039, 0.000000000000114 ], [ 127.228162835000717, 0.033273485000052, 0.000000000000114 ], [ 127.228077276000704, 0.033316551000073, 0.000000000000114 ], [ 127.228015485000711, 0.033326120000039, 0.000000000000114 ], [ 127.227961339431516, 0.033289778353605, 0.000000000000114 ], [ 127.227958447000788, 0.033287837000071, 0.000000000000114 ], [ 127.22790616200075, 0.033244769000048, 0.000000000000114 ], [ 127.227882396000737, 0.03324476900003, 0.000000000000114 ], [ 127.227815851000742, 0.033273479000079, 0.000000000000114 ], [ 127.227811097000782, 0.033330901000097, 0.000000000000114 ], [ 127.227792081000757, 0.033445747000049, 0.000000000000114 ], [ 127.227706523000762, 0.033488812000048, 0.000000000000114 ], [ 127.227658991000794, 0.033507953000051, 0.000000000000114 ], [ 127.227587692000739, 0.033579730000066, 0.000000000000114 ], [ 127.227559171000735, 0.033627581000038, 0.000000000000114 ], [ 127.227535404000719, 0.033656293000044, 0.000000000000114 ], [ 127.227497377000759, 0.033732856000048, 0.000000000000114 ], [ 127.22749737600077, 0.033809420000093, 0.000000000000114 ], [ 127.227521141000693, 0.033885984000062, 0.000000000000114 ], [ 127.2275544120007, 0.03392905200008, 0.000000000000114 ], [ 127.227625710000794, 0.033967335000058, 0.000000000000114 ], [ 127.227648752814019, 0.033988214170881, 0.000000000000114 ], [ 127.227673241000744, 0.03401040300005, 0.000000000000114 ], [ 127.227635213000795, 0.034144389000053, 0.000000000000114 ], [ 127.227592434000698, 0.034168315000033, 0.000000000000114 ], [ 127.227554632637592, 0.03418258519857, 0.000000000000114 ], [ 127.227554408000742, 0.03418267000012, 0.000000000000114 ], [ 127.227506875000685, 0.034216165000062, 0.000000000000114 ], [ 127.227464095000769, 0.034273588000151, 0.000000000000114 ], [ 127.227392795000682, 0.034407573000077, 0.000000000000114 ], [ 127.227340508000808, 0.034460210000071, 0.000000000000114 ], [ 127.227278716000797, 0.034508061000076, 0.000000000000114 ], [ 127.227197910000768, 0.034575052000049, 0.000000000000114 ], [ 127.227159883000695, 0.034618119000121, 0.000000000000114 ], [ 127.227140871000771, 0.034642044000069, 0.000000000000114 ], [ 127.227121856000736, 0.034685111000047, 0.000000000000114 ], [ 127.227112349000791, 0.03479038700009, 0.000000000000114 ], [ 127.227107594000728, 0.034857380000046, 0.000000000000114 ], [ 127.227188397000774, 0.034905234000106, 0.000000000000114 ], [ 127.227237756092464, 0.034905234865409, 0.000000000000114 ], [ 127.227245436000786, 0.034905235000076, 0.000000000000114 ], [ 127.227316734000752, 0.034919592000086, 0.000000000000114 ], [ 127.227354759000718, 0.034938734000019, 0.000000000000114 ], [ 127.227388031000714, 0.034957876000018, 0.000000000000114 ], [ 127.227402290000796, 0.034996158000105, 0.000000000000114 ], [ 127.227395767765273, 0.035022422119517, 0.000000000000114 ], [ 127.227388030000725, 0.035053581000075, 0.000000000000114 ], [ 127.227302472000716, 0.035072720000069, 0.000000000000114 ], [ 127.227226420000761, 0.035067933000066, 0.000000000000114 ], [ 127.227179883887459, 0.035046635545354, 0.000000000000114 ], [ 127.227174136000741, 0.035044005000066, 0.000000000000114 ], [ 127.227126603000784, 0.035039219000062, 0.000000000000114 ], [ 127.227079071000773, 0.03506793000004, 0.000000000000114 ], [ 127.227031537000698, 0.035134922000079, 0.000000000000114 ], [ 127.226998264000727, 0.035182774000074, 0.000000000000114 ], [ 127.227012523000781, 0.03524019700008, 0.000000000000114 ], [ 127.227031534000744, 0.035307191000083, 0.000000000000114 ], [ 127.227048329129815, 0.03536806662728, 0.000000000000114 ], [ 127.227055298000778, 0.035393326000109, 0.000000000000114 ], [ 127.227074310000731, 0.035460320000012, 0.000000000000114 ], [ 127.227117086000717, 0.035584736000037, 0.000000000000114 ], [ 127.227098072000786, 0.035670871000044, 0.000000000000114 ], [ 127.227055293000717, 0.035704366000074, 0.000000000000114 ], [ 127.227017266000772, 0.035737862000071, 0.000000000000114 ], [ 127.226983994000776, 0.03575700200002, 0.000000000000114 ], [ 127.226941214000718, 0.03579049900002, 0.000000000000114 ], [ 127.226879421000731, 0.035895772000057, 0.000000000000114 ], [ 127.226841394000758, 0.035934054000042, 0.000000000000114 ], [ 127.226798615000689, 0.03597233400007, 0.000000000000114 ], [ 127.226732069000732, 0.03597711900009, 0.000000000000114 ], [ 127.226679784000794, 0.035981903000065, 0.000000000000114 ], [ 127.226674109804605, 0.035984759079035, 0.000000000000114 ], [ 127.226632252000755, 0.036005828000076, 0.000000000000114 ], [ 127.226608485000739, 0.036068036000096, 0.000000000000114 ], [ 127.226608484868109, 0.036073750748171, 0.000000000000114 ], [ 127.226608484000749, 0.03611110300006, 0.000000000000114 ], [ 127.226556196000729, 0.036216377000073, 0.000000000000114 ], [ 127.226461130000772, 0.03631686500005, 0.000000000000114 ], [ 127.226412447842421, 0.036369140676609, 0.000000000000114 ], [ 127.226389831000816, 0.036393427000086, 0.000000000000114 ], [ 127.226318531000743, 0.036441279000066, 0.000000000000114 ], [ 127.226190193000789, 0.036556122000027, 0.000000000000114 ], [ 127.226129510676671, 0.036580557064446, 0.000000000000114 ], [ 127.226095128000821, 0.036594402000091, 0.000000000000114 ], [ 127.226004816000795, 0.036627897000131, 0.000000000000114 ], [ 127.225947778000773, 0.036647036000074, 0.000000000000114 ], [ 127.2258907380008, 0.036670962000083, 0.000000000000114 ], [ 127.225814687000735, 0.036699671000067, 0.000000000000114 ], [ 127.22575289500071, 0.036742738000071, 0.000000000000114 ], [ 127.225662582000709, 0.036809729000027, 0.000000000000114 ], [ 127.225714867000789, 0.036848011000073, 0.000000000000114 ], [ 127.225730723926389, 0.036877279977407, 0.000000000000114 ], [ 127.225743385000783, 0.036900650000044, 0.000000000000114 ], [ 127.225724371000751, 0.036958072000092, 0.000000000000114 ], [ 127.225676838000723, 0.037005923000045, 0.000000000000114 ], [ 127.225615046000712, 0.037034634000077, 0.000000000000114 ], [ 127.225548500000755, 0.037048988000029, 0.000000000000114 ], [ 127.225496216000707, 0.037048987000044, 0.000000000000114 ], [ 127.225310839000713, 0.037130332000061, 0.000000000000114 ], [ 127.225253800000701, 0.037173399000056, 0.000000000000114 ], [ 127.22521102100076, 0.037192538000053, 0.000000000000114 ], [ 127.225125463000737, 0.037206892000017, 0.000000000000114 ], [ 127.225068423000735, 0.037240388000042, 0.000000000000114 ], [ 127.225001879000743, 0.037245172000087, 0.000000000000114 ], [ 127.224949593000701, 0.037245171000063, 0.000000000000114 ], [ 127.224849776000724, 0.037245169000086, 0.000000000000114 ], [ 127.224792738000716, 0.037245167000019, 0.000000000000114 ], [ 127.22467390800081, 0.037254735000065, 0.000000000000114 ], [ 127.224597856000756, 0.037302586000083, 0.000000000000114 ], [ 127.224493285000804, 0.037345651000086, 0.000000000000114 ], [ 127.224436245000803, 0.037388717000042, 0.000000000000114 ], [ 127.224364947000723, 0.037412642000043, 0.000000000000114 ], [ 127.224288895000768, 0.03743656600007, 0.000000000000114 ], [ 127.2241938300008, 0.037498772000063, 0.000000000000114 ], [ 127.2241130240008, 0.037532268000075, 0.000000000000114 ], [ 127.224022713000792, 0.037570547000042, 0.000000000000114 ], [ 127.223965674000766, 0.037608828000036, 0.000000000000114 ], [ 127.223922894000836, 0.037680605000058, 0.000000000000114 ], [ 127.223899125000813, 0.037805021000055, 0.000000000000114 ], [ 127.223823073000759, 0.037872013000039, 0.000000000000114 ], [ 127.223799307000732, 0.037828945000059, 0.000000000000114 ], [ 127.223780296000768, 0.037795448000061, 0.000000000000114 ], [ 127.223728010000769, 0.03778587700004, 0.000000000000114 ], [ 127.223651959000804, 0.037819372000066, 0.000000000000114 ], [ 127.223609179000746, 0.037872008000036, 0.000000000000114 ], [ 127.223590165000715, 0.037958143000032, 0.000000000000114 ], [ 127.223514112000771, 0.038034705000026, 0.000000000000114 ], [ 127.223476085000712, 0.038087341000034, 0.000000000000114 ], [ 127.223419046000828, 0.038120836000116, 0.000000000000114 ], [ 127.223347748000748, 0.038101694000031, 0.000000000000114 ], [ 127.223304970000768, 0.03807298100007, 0.000000000000114 ], [ 127.223224168000812, 0.037996417000051, 0.000000000000114 ], [ 127.22320040300076, 0.037900712000087, 0.000000000000114 ], [ 127.223157627000774, 0.037795435000032, 0.000000000000114 ], [ 127.223114850000798, 0.037728441000081, 0.000000000000114 ], [ 127.223062566000763, 0.037656662000087, 0.000000000000114 ], [ 127.222986515000812, 0.037604023000045, 0.000000000000114 ], [ 127.222943737000733, 0.03758009600006, 0.000000000000114 ], [ 127.222896205000794, 0.037551384000054, 0.000000000000114 ], [ 127.22281540200072, 0.03751310000007, 0.000000000000114 ], [ 127.222753612000702, 0.037479603000069, 0.000000000000114 ], [ 127.222734599000802, 0.037460461000053, 0.000000000000114 ], [ 127.222668056000785, 0.037417393000047, 0.000000000000114 ], [ 127.222592004000745, 0.037403035000073, 0.000000000000114 ], [ 127.22251120000081, 0.037407819000095, 0.000000000000114 ], [ 127.222468421000727, 0.037407818000047, 0.000000000000114 ], [ 127.22238761700082, 0.037398246000105, 0.000000000000114 ], [ 127.222311567000716, 0.037369533000068, 0.000000000000114 ], [ 127.222283048000719, 0.037340821000053, 0.000000000000114 ], [ 127.222235518000744, 0.037273827000067, 0.000000000000114 ], [ 127.222192740000764, 0.037211618000116, 0.000000000000114 ], [ 127.222140456000744, 0.037149409000071, 0.000000000000114 ], [ 127.222083419000796, 0.037101555000059, 0.000000000000114 ], [ 127.222045394000702, 0.037063273000074, 0.000000000000114 ], [ 127.222016875000705, 0.037024991000096, 0.000000000000114 ], [ 127.221993110000767, 0.036986708000022, 0.000000000000114 ], [ 127.221964591000756, 0.036953211000041, 0.000000000000114 ], [ 127.221921813000804, 0.03693885500011, 0.000000000000114 ], [ 127.221869529000784, 0.036938854000032, 0.000000000000114 ], [ 127.221817243000729, 0.036938853000051, 0.000000000000114 ], [ 127.221764958000804, 0.036938852000059, 0.000000000000114 ], [ 127.221688907000726, 0.036943635000069, 0.000000000000114 ], [ 127.221612856000789, 0.036953204000032, 0.000000000000114 ], [ 127.221536804000763, 0.036972343000059, 0.000000000000114 ], [ 127.221465506000797, 0.036981912000073, 0.000000000000114 ], [ 127.22136568900082, 0.036986696000088, 0.000000000000114 ], [ 127.22130389700078, 0.036986695000079, 0.000000000000114 ], [ 127.221246859000757, 0.036991478000087, 0.000000000000114 ], [ 127.221175562000795, 0.036943625000037, 0.000000000000114 ], [ 127.221104266000822, 0.036886201000088, 0.000000000000114 ], [ 127.221080499000806, 0.036871844000076, 0.000000000000114 ], [ 127.22103772200083, 0.036795280000051, 0.000000000000114 ], [ 127.22103772400078, 0.036733073000085, 0.000000000000114 ], [ 127.221109023000736, 0.036670866000088, 0.000000000000114 ], [ 127.22114229500076, 0.036651725000088, 0.000000000000114 ], [ 127.221161310000767, 0.036594304000107, 0.000000000000114 ], [ 127.221166065000745, 0.036522525000078, 0.000000000000114 ], [ 127.221166065000716, 0.036474673000036, 0.000000000000114 ], [ 127.221156560000765, 0.036407680000036, 0.000000000000114 ], [ 127.221137549000801, 0.036340686000075, 0.000000000000114 ], [ 127.221118537000748, 0.036273693000044, 0.000000000000114 ], [ 127.221094773000814, 0.03619712900008, 0.000000000000114 ], [ 127.22105674800072, 0.036125349000031, 0.000000000000114 ], [ 127.221023477000742, 0.036067926000038, 0.000000000000114 ], [ 127.220985453000736, 0.036005717000045, 0.000000000000114 ], [ 127.220933169000787, 0.035967435000033, 0.000000000000114 ], [ 127.220838106000798, 0.035919580000055, 0.000000000000114 ], [ 127.220781068000747, 0.035895654000055, 0.000000000000114 ], [ 127.220724031000728, 0.035833444000063, 0.000000000000114 ], [ 127.22069075900076, 0.035785591000037, 0.000000000000114 ], [ 127.220647982000756, 0.035732953000061, 0.000000000000114 ], [ 127.220628971000821, 0.035656389000032, 0.000000000000114 ], [ 127.220567180000828, 0.035608536000092, 0.000000000000114 ], [ 127.220514896000779, 0.035527186000044, 0.000000000000114 ], [ 127.220481626000762, 0.035441052000055, 0.000000000000114 ], [ 127.220438848000768, 0.035378843000056, 0.000000000000114 ], [ 127.22041033100075, 0.035307063000049, 0.000000000000114 ], [ 127.220391318000836, 0.035254426000084, 0.000000000000114 ], [ 127.22035329400083, 0.035197003000057, 0.000000000000114 ], [ 127.220291504000826, 0.035163505000076, 0.000000000000114 ], [ 127.220229712000815, 0.035144363000038, 0.000000000000114 ], [ 127.22016792100078, 0.035115650000048, 0.000000000000114 ], [ 127.220129896000827, 0.035082153000087, 0.000000000000114 ], [ 127.220110886000754, 0.034981663000056, 0.000000000000114 ], [ 127.220087121000802, 0.034933810000049, 0.000000000000114 ], [ 127.220063355000789, 0.034909883000082, 0.000000000000114 ], [ 127.219987305000714, 0.034876385000089, 0.000000000000114 ], [ 127.219925514000721, 0.034857243000084, 0.000000000000114 ], [ 127.219877983000771, 0.034838102000038, 0.000000000000114 ], [ 127.219830451000689, 0.034809389000038, 0.000000000000114 ], [ 127.219811439000779, 0.034761537000083, 0.000000000000114 ], [ 127.219778168000758, 0.034708899000059, 0.000000000000114 ], [ 127.219687858000768, 0.034675400000028, 0.000000000000114 ], [ 127.219607055000822, 0.034646688000092, 0.000000000000114 ], [ 127.219526251000758, 0.034617975000063, 0.000000000000114 ], [ 127.219473967000837, 0.034574907000049, 0.000000000000114 ], [ 127.219435942000743, 0.03454140900003, 0.000000000000114 ], [ 127.219402669000743, 0.034512698000067, 0.000000000000114 ], [ 127.219364645000766, 0.034450489000049, 0.000000000000114 ], [ 127.219345633000813, 0.034402637000014, 0.000000000000114 ], [ 127.219274338000787, 0.034278219000046, 0.000000000000114 ], [ 127.219212548000812, 0.034201655000062, 0.000000000000114 ], [ 127.219184030000775, 0.034149017000085, 0.000000000000114 ], [ 127.219122240000758, 0.034077238000055, 0.000000000000114 ], [ 127.219036684000827, 0.034005458, 0.000000000000114 ], [ 127.218984399000789, 0.03396717500006, 0.000000000000114 ], [ 127.21892736200077, 0.033933677000079, 0.000000000000114 ], [ 127.218846559000824, 0.03387146800003, 0.000000000000114 ], [ 127.218737237000724, 0.033794903000052, 0.000000000000114 ], [ 127.21867069300076, 0.033737479000012, 0.000000000000114 ], [ 127.218642176000827, 0.033680056000079, 0.000000000000114 ], [ 127.21861365700083, 0.033632203000047, 0.000000000000114 ], [ 127.218528101000786, 0.033584349000051, 0.000000000000114 ], [ 127.218461558000755, 0.033517355000083, 0.000000000000114 ], [ 127.218390261000792, 0.033459932000022, 0.000000000000114 ], [ 127.218356989000796, 0.033426434000041, 0.000000000000114 ], [ 127.218323718000789, 0.033388151000059, 0.000000000000114 ], [ 127.218271434000741, 0.03333551300006, 0.000000000000114 ], [ 127.218219149000831, 0.033302016000041, 0.000000000000114 ], [ 127.218157358000809, 0.033263733000077, 0.000000000000114 ], [ 127.218076554000746, 0.033244591000013, 0.000000000000114 ], [ 127.218014765000731, 0.033177597000058, 0.000000000000114 ], [ 127.218005259000762, 0.033144100000063, 0.000000000000114 ], [ 127.21798624600072, 0.033110603000072, 0.000000000000114 ], [ 127.217943469000758, 0.033048395000082, 0.000000000000114 ], [ 127.217881678000737, 0.032990971000091, 0.000000000000114 ], [ 127.217710566000775, 0.032866552000024, 0.000000000000114 ], [ 127.21755371300074, 0.032766060000045, 0.000000000000114 ], [ 127.217487171000727, 0.032612932000079, 0.000000000000114 ], [ 127.217377851000748, 0.03242152100006, 0.000000000000114 ], [ 127.217369371413881, 0.032378832236539, 0.000000000000114 ], [ 127.217354088000803, 0.032301891000029, 0.000000000000114 ], [ 127.217301805000744, 0.032201400000012, 0.000000000000114 ], [ 127.217249521000824, 0.032129621000043, 0.000000000000114 ], [ 127.217204596901965, 0.032065547232596, 0.000000000000114 ], [ 127.217192484000776, 0.032048271000084, 0.000000000000114 ], [ 127.217144953000826, 0.031986062000062, 0.000000000000114 ], [ 127.217097423000794, 0.031923854000114, 0.000000000000114 ], [ 127.217040385000729, 0.031861646000037, 0.000000000000114 ], [ 127.217008539596137, 0.031836454137309, 0.000000000000114 ], [ 127.216973842000726, 0.031809006000065, 0.000000000000114 ], [ 127.21688828500082, 0.031746798000083, 0.000000000000114 ], [ 127.216797976000791, 0.031655877000037, 0.000000000000114 ], [ 127.216750446000816, 0.03158888300005, 0.000000000000114 ], [ 127.216745694000821, 0.031497964000098, 0.000000000000114 ], [ 127.216745695000824, 0.031435756000085, 0.000000000000114 ], [ 127.216759957000747, 0.031354408000027, 0.000000000000114 ], [ 127.216778970000789, 0.031296986000041, 0.000000000000114 ], [ 127.21676471200081, 0.031220422000046, 0.000000000000114 ], [ 127.216774402267617, 0.031192240928022, 0.000000000000114 ], [ 127.216807493000758, 0.031096007000047, 0.000000000000114 ], [ 127.216855025000797, 0.03107686800006, 0.000000000000114 ], [ 127.216873664941389, 0.031066442809951, 0.000000000000114 ], [ 127.21694058300082, 0.031029016000091, 0.000000000000114 ], [ 127.216988115000788, 0.031019447000089, 0.000000000000114 ], [ 127.217030895000818, 0.030957240000053, 0.000000000000114 ], [ 127.217021389000749, 0.030890246000095, 0.000000000000114 ], [ 127.216973859000817, 0.030804112000112, 0.000000000000114 ], [ 127.216954847000736, 0.030751475000064, 0.000000000000114 ], [ 127.216954599372741, 0.030750664738633, 0.000000000000114 ], [ 127.216943885625014, 0.030715608376781, 0.000000000000114 ], [ 127.216935835000783, 0.030689266000028, 0.000000000000114 ], [ 127.216931083000802, 0.030627059000027, 0.000000000000114 ], [ 127.216964357000748, 0.030497859000025, 0.000000000000114 ], [ 127.217011891000809, 0.030392584000034, 0.000000000000114 ], [ 127.217026152000741, 0.030325592000068, 0.000000000000114 ], [ 127.217049919000758, 0.030268169000079, 0.000000000000114 ], [ 127.217059426000816, 0.030210748000059, 0.000000000000114 ], [ 127.217087946000802, 0.030143754000053, 0.000000000000114 ], [ 127.217106959000759, 0.030100688000087, 0.000000000000114 ], [ 127.21713072700075, 0.030048051000062, 0.000000000000114 ], [ 127.21716400000075, 0.029995415000065, 0.000000000000114 ], [ 127.217187766000762, 0.029966703000093, 0.000000000000114 ], [ 127.217216285000788, 0.029933208000054, 0.000000000000114 ], [ 127.217249558000773, 0.029871, 0.000000000000114 ], [ 127.217282832000734, 0.029827934000016, 0.000000000000114 ], [ 127.217320858000818, 0.029784867000052, 0.000000000000114 ], [ 127.217358886000767, 0.029593459000057, 0.000000000000114 ], [ 127.217373147000828, 0.029488185000055, 0.000000000000114 ], [ 127.217403896944802, 0.02942971403382, 0.000000000000114 ], [ 127.217415928000747, 0.029406837000062, 0.000000000000114 ], [ 127.217439694000774, 0.029339845000075, 0.000000000000114 ], [ 127.217468214000789, 0.029291993000081, 0.000000000000114 ], [ 127.217520500000788, 0.029244142000034, 0.000000000000114 ], [ 127.217539513000759, 0.029210646000057, 0.000000000000114 ], [ 127.217553774000777, 0.029153223000064, 0.000000000000114 ], [ 127.21756803400072, 0.029105371000065, 0.000000000000114 ], [ 127.21756803400072, 0.029067090000052, 0.000000000000114 ], [ 127.21753000900074, 0.029038378000056, 0.000000000000114 ], [ 127.217523104269247, 0.029035770998572, 0.000000000000114 ], [ 127.217491984000773, 0.029024021000069, 0.000000000000114 ], [ 127.217453959000778, 0.029004880000056, 0.000000000000114 ], [ 127.217425441000771, 0.028961812000029, 0.000000000000114 ], [ 127.217373157000821, 0.028894818000039, 0.000000000000114 ], [ 127.217373158000811, 0.028851751000077, 0.000000000000114 ], [ 127.217378400940603, 0.028844210728834, 0.000000000000114 ], [ 127.217406430000807, 0.02880390000008, 0.000000000000114 ], [ 127.217463469000819, 0.028775189000045, 0.000000000000114 ], [ 127.21746822200079, 0.02874169300002, 0.000000000000114 ], [ 127.217401680000791, 0.028669914000035, 0.000000000000114 ], [ 127.217373160000804, 0.028645987000087, 0.000000000000114 ], [ 127.217430200000805, 0.028574210000079, 0.000000000000114 ], [ 127.217472978000771, 0.028602922000071, 0.000000000000114 ], [ 127.217525263000795, 0.028602922000046, 0.000000000000114 ], [ 127.217539523000738, 0.028564641000058, 0.000000000000114 ], [ 127.217515758000829, 0.028545500000066, 0.000000000000114 ], [ 127.217506252000732, 0.028502433000063, 0.000000000000114 ], [ 127.217520512000803, 0.028445011000049, 0.000000000000114 ], [ 127.217563291000729, 0.028425870000046, 0.000000000000114 ], [ 127.217629836000725, 0.02840673100006, 0.000000000000114 ], [ 127.217667862000809, 0.028378020000079, 0.000000000000114 ], [ 127.217653603000713, 0.028339738000074, 0.000000000000114 ], [ 127.217601318000817, 0.028320597000051, 0.000000000000114 ], [ 127.217596565000719, 0.028301455000093, 0.000000000000114 ], [ 127.21761082500079, 0.028272744000052, 0.000000000000114 ], [ 127.217629839000821, 0.028253604000083, 0.000000000000114 ], [ 127.217658358000818, 0.028215323000052, 0.000000000000114 ], [ 127.217677371000761, 0.028172256000066, 0.000000000000114 ], [ 127.217672619000751, 0.028114833000119, 0.000000000000114 ], [ 127.217724904000789, 0.028110049000024, 0.000000000000114 ], [ 127.217743917000718, 0.028090909000049, 0.000000000000114 ], [ 127.217762931000749, 0.028038271000063, 0.000000000000114 ], [ 127.217791450000774, 0.027995205000047, 0.000000000000114 ], [ 127.217810464000777, 0.027966494000049, 0.000000000000114 ], [ 127.21781521800078, 0.027870790000085, 0.000000000000114 ], [ 127.217824725000725, 0.027827723000017, 0.000000000000114 ], [ 127.217857998000838, 0.027779871000062, 0.000000000000114 ], [ 127.217900777000779, 0.027760731000074, 0.000000000000114 ], [ 127.217934050000764, 0.02776551700004, 0.000000000000114 ], [ 127.217972075000759, 0.027741591000067, 0.000000000000114 ], [ 127.21796732300075, 0.027703309000089, 0.000000000000114 ], [ 127.217948311000825, 0.027650672000087, 0.000000000000114 ], [ 127.217938804000752, 0.027621960000052, 0.000000000000114 ], [ 127.217938805000713, 0.02759324900006, 0.000000000000114 ], [ 127.217962572000729, 0.02755018200004, 0.000000000000114 ], [ 127.218000598000827, 0.027507116000048, 0.000000000000114 ], [ 127.218010104000797, 0.027473620000068, 0.000000000000114 ], [ 127.218043377000782, 0.027406627000072, 0.000000000000114 ], [ 127.218076651000771, 0.027358775000061, 0.000000000000114 ], [ 127.218119430000826, 0.027315709000044, 0.000000000000114 ], [ 127.218162209000795, 0.027267857000041, 0.000000000000114 ], [ 127.218181223000812, 0.027229576000044, 0.000000000000114 ], [ 127.218200236000726, 0.027167369000055, 0.000000000000114 ], [ 127.218204990000828, 0.027124302000072, 0.000000000000114 ], [ 127.218219251000761, 0.027076450000068, 0.000000000000114 ], [ 127.218238264000803, 0.027038169000081, 0.000000000000114 ], [ 127.218262030000815, 0.02700467300005, 0.000000000000114 ], [ 127.218295303000815, 0.026971176000086, 0.000000000000114 ], [ 127.218319069000728, 0.026961606000042, 0.000000000000114 ], [ 127.218361848000796, 0.026932896000081, 0.000000000000114 ], [ 127.218404627000766, 0.026908970000041, 0.000000000000114 ], [ 127.218452159000805, 0.026894615000063, 0.000000000000114 ], [ 127.218551977000772, 0.026808483000039, 0.000000000000114 ], [ 127.218599509000839, 0.026774987000105, 0.000000000000114 ], [ 127.218656548000723, 0.026746277000022, 0.000000000000114 ], [ 127.218699327000763, 0.026746277000045, 0.000000000000114 ], [ 127.218751611000741, 0.026746278000073, 0.000000000000114 ], [ 127.218799144000769, 0.026717568000038, 0.000000000000114 ], [ 127.218846676000808, 0.026684071000065, 0.000000000000114 ], [ 127.218870443000725, 0.026636219000064, 0.000000000000114 ], [ 127.218870443000725, 0.026583582000077, 0.000000000000114 ], [ 127.218822912000775, 0.02657879600002, 0.000000000000114 ], [ 127.218794393000778, 0.026564440000085, 0.000000000000114 ], [ 127.218780133000806, 0.026530943000084, 0.000000000000114 ], [ 127.218765875000742, 0.026478306000076, 0.000000000000114 ], [ 127.218775382000814, 0.026401743000085, 0.000000000000114 ], [ 127.218818161000755, 0.026377817000029, 0.000000000000114 ], [ 127.218865693000794, 0.02637303300005, 0.000000000000114 ], [ 127.218898966000808, 0.026349107000047, 0.000000000000114 ], [ 127.218922733000824, 0.026325181000082, 0.000000000000114 ], [ 127.218936992000778, 0.026282114000048, 0.000000000000114 ], [ 127.21896075900078, 0.026262974000052, 0.000000000000114 ], [ 127.219003538000749, 0.026239048000042, 0.000000000000114 ], [ 127.219036810000745, 0.026239049000071, 0.000000000000114 ], [ 127.21911286000082, 0.026267761000066, 0.000000000000114 ], [ 127.219165146000719, 0.026234266000125, 0.000000000000114 ], [ 127.219169900000793, 0.026181628000069, 0.000000000000114 ], [ 127.21916039400071, 0.026138561000056, 0.000000000000114 ], [ 127.219150888000769, 0.02610506400002, 0.000000000000114 ], [ 127.219160396000717, 0.026061998000081, 0.000000000000114 ], [ 127.21917940800077, 0.026018931000108, 0.000000000000114 ], [ 127.219222188000828, 0.025985435000044, 0.000000000000114 ], [ 127.219274473000752, 0.025966295000052, 0.000000000000114 ], [ 127.219322006000809, 0.025947154000063, 0.000000000000114 ], [ 127.21933151100076, 0.025928014000032, 0.000000000000114 ], [ 127.219331512000764, 0.025894517000089, 0.000000000000114 ], [ 127.219350526000795, 0.025822739000047, 0.000000000000114 ], [ 127.219369539000738, 0.025789243000034, 0.000000000000114 ], [ 127.219407565000807, 0.025774887000099, 0.000000000000114 ], [ 127.219459850000746, 0.025765318, 0.000000000000114 ], [ 127.219531148000812, 0.025760534000019, 0.000000000000114 ], [ 127.219564421000797, 0.025727038000076, 0.000000000000114 ], [ 127.219578680000751, 0.02570311200006, 0.000000000000114 ], [ 127.219607200000752, 0.025669615000044, 0.000000000000114 ], [ 127.219621460000795, 0.025645690000037, 0.000000000000114 ], [ 127.219659486000793, 0.02562176400009, 0.000000000000114 ], [ 127.219678499000807, 0.025597839000048, 0.000000000000114 ], [ 127.219692759000779, 0.025569127000055, 0.000000000000114 ], [ 127.219711772000792, 0.025535631000022, 0.000000000000114 ], [ 127.21974979900078, 0.025487780000075, 0.000000000000114 ], [ 127.219768811000833, 0.025459068000046, 0.000000000000114 ], [ 127.219792579000838, 0.025401646000034, 0.000000000000114 ], [ 127.219835358000779, 0.025382506000029, 0.000000000000114 ], [ 127.219859124000791, 0.02534901000008, 0.000000000000114 ], [ 127.219873384000735, 0.025296373000091, 0.000000000000114 ], [ 127.219892397000791, 0.025243735000075, 0.000000000000114 ], [ 127.219930423000775, 0.025210239000083, 0.000000000000114 ], [ 127.219968449000731, 0.025210240000027, 0.000000000000114 ], [ 127.219996968000757, 0.025171959000025, 0.000000000000114 ], [ 127.220025488000715, 0.025128892000049, 0.000000000000114 ], [ 127.22004925400077, 0.025138462000021, 0.000000000000114 ], [ 127.220068267000812, 0.025162389000061, 0.000000000000114 ], [ 127.220082525000748, 0.025181530000051, 0.000000000000114 ], [ 127.220120551000733, 0.025181531000045, 0.000000000000114 ], [ 127.220187096000714, 0.025181532000033, 0.000000000000114 ], [ 127.220229875000811, 0.025167176000066, 0.000000000000114 ], [ 127.220263148000797, 0.025119325000052, 0.000000000000114 ], [ 127.220253642000827, 0.025071472000054, 0.000000000000114 ], [ 127.220263149000743, 0.025042761000062, 0.000000000000114 ], [ 127.220334447000724, 0.025018835000029, 0.000000000000114 ], [ 127.220372472000719, 0.025033192000046, 0.000000000000114 ], [ 127.220410496000824, 0.025081045000056, 0.000000000000114 ], [ 127.220420003000797, 0.025114541000077, 0.000000000000114 ], [ 127.220429509000752, 0.025133682000065, 0.000000000000114 ], [ 127.22044376800082, 0.025195890000025, 0.000000000000114 ], [ 127.220467533000729, 0.025219817000049, 0.000000000000114 ], [ 127.220505559000841, 0.025171966000087, 0.000000000000114 ], [ 127.220543585000783, 0.025119328000078, 0.000000000000114 ], [ 127.220557846000716, 0.025095403000036, 0.000000000000114 ], [ 127.220586365000713, 0.025085832000089, 0.000000000000114 ], [ 127.220629143000835, 0.025090618000055, 0.000000000000114 ], [ 127.220686182000691, 0.025104974000066, 0.000000000000114 ], [ 127.220728961000788, 0.025090619000026, 0.000000000000114 ], [ 127.220762233000755, 0.02507147900008, 0.000000000000114 ], [ 127.220814519000811, 0.025028413000044, 0.000000000000114 ], [ 127.220862051000751, 0.025018843000056, 0.000000000000114 ], [ 127.220928595000714, 0.025033199000056, 0.000000000000114 ], [ 127.22102365900075, 0.025057127000056, 0.000000000000114 ], [ 127.221099710000786, 0.025042773000058, 0.000000000000114 ], [ 127.22117100800078, 0.025009277000015, 0.000000000000114 ], [ 127.221247058000714, 0.02504277500002, 0.000000000000114 ], [ 127.221266071000755, 0.025090627000069, 0.000000000000114 ], [ 127.22128033000071, 0.025119338000035, 0.000000000000114 ], [ 127.221327862000749, 0.025143266000022, 0.000000000000114 ], [ 127.22138965300077, 0.025148051000053, 0.000000000000114 ], [ 127.221475211000808, 0.025128912000071, 0.000000000000114 ], [ 127.221537003000805, 0.025085846000028, 0.000000000000114 ], [ 127.221598794000798, 0.025085847000097, 0.000000000000114 ], [ 127.221641573000738, 0.025100203000041, 0.000000000000114 ], [ 127.221693858000791, 0.025114559000039, 0.000000000000114 ], [ 127.221736637000774, 0.025100203000017, 0.000000000000114 ], [ 127.22177466300073, 0.025076278000042, 0.000000000000114 ], [ 127.221836453000734, 0.025081064000083, 0.000000000000114 ], [ 127.221860219000789, 0.025138488000049, 0.000000000000114 ], [ 127.221936270000697, 0.025148059000066, 0.000000000000114 ], [ 127.221998062000722, 0.025133704000049, 0.000000000000114 ], [ 127.222055100000745, 0.025104993000071, 0.000000000000114 ], [ 127.222093125000711, 0.025128920000039, 0.000000000000114 ], [ 127.222121644000708, 0.02517677300006, 0.000000000000114 ], [ 127.222126397000736, 0.025215055000063, 0.000000000000114 ], [ 127.222154915000715, 0.025277263000049, 0.000000000000114 ], [ 127.222197694000783, 0.025277264000057, 0.000000000000114 ], [ 127.222278499000709, 0.025234198000042, 0.000000000000114 ], [ 127.222387822000798, 0.025229414000021, 0.000000000000114 ], [ 127.22247813200083, 0.025286838000052, 0.000000000000114 ], [ 127.222516158000772, 0.02526291200012, 0.000000000000114 ], [ 127.222582703000754, 0.025248557000063, 0.000000000000114 ], [ 127.22265875400069, 0.025253344000013, 0.000000000000114 ], [ 127.222696779000813, 0.025258130000057, 0.000000000000114 ], [ 127.22272529800081, 0.025272486000072, 0.000000000000114 ], [ 127.222749064000723, 0.025296412000063, 0.000000000000114 ], [ 127.222820362000789, 0.025291628000057, 0.000000000000114 ], [ 127.222882154000828, 0.025282058000078, 0.000000000000114 ], [ 127.222904481986333, 0.025296509250243, 0.000000000000114 ], [ 127.22294869800082, 0.02532512700005, 0.000000000000114 ], [ 127.222946302469623, 0.025368520128456, 0.000000000000114 ], [ 127.222943943000729, 0.025411260000066, 0.000000000000114 ], [ 127.222939189000769, 0.02547825300008, 0.000000000000114 ], [ 127.22290116300077, 0.025497393000081, 0.000000000000114 ], [ 127.222853632000721, 0.025497393000028, 0.000000000000114 ], [ 127.222810853000766, 0.025483037000057, 0.000000000000114 ], [ 127.22278233400074, 0.025463896000034, 0.000000000000114 ], [ 127.2227395550008, 0.025459109000065, 0.000000000000114 ], [ 127.222696776000717, 0.025487820000066, 0.000000000000114 ], [ 127.222668257000691, 0.02550696100007, 0.000000000000114 ], [ 127.222658749000786, 0.025564384000091, 0.000000000000114 ], [ 127.222658749000786, 0.025607451000049, 0.000000000000114 ], [ 127.22267300800074, 0.02562659200003, 0.000000000000114 ], [ 127.222720540000751, 0.02563137700006, 0.000000000000114 ], [ 127.222753813000736, 0.025607452000067, 0.000000000000114 ], [ 127.222787085000732, 0.025578741000108, 0.000000000000114 ], [ 127.222848878000732, 0.025559601000072, 0.000000000000114 ], [ 127.222920176000798, 0.025540461000083, 0.000000000000114 ], [ 127.222991473000818, 0.025521321000034, 0.000000000000114 ], [ 127.223043759000703, 0.025492611000068, 0.000000000000114 ], [ 127.223086539000747, 0.025463900000036, 0.000000000000114 ], [ 127.223148330000768, 0.02542083300011, 0.000000000000114 ], [ 127.223186356000767, 0.02538255200009, 0.000000000000114 ], [ 127.223267162000781, 0.025277278000042, 0.000000000000114 ], [ 127.223290929000797, 0.025238997000035, 0.000000000000114 ], [ 127.223291397241951, 0.025238311349134, 0.000000000000114 ] ], [ [ 127.223271922000805, 0.024746118000038, 0.000000000000114 ], [ 127.223319454000745, 0.024789185000071, 0.000000000000114 ], [ 127.223333713000798, 0.024846609000068, 0.000000000000114 ], [ 127.223309946000782, 0.024918387000113, 0.000000000000114 ], [ 127.223191116000748, 0.024966238000044, 0.000000000000114 ], [ 127.223129326000731, 0.024841821000063, 0.000000000000114 ], [ 127.223167352000743, 0.02478918400007, 0.000000000000114 ], [ 127.223214885000772, 0.024746117000062, 0.000000000000114 ], [ 127.223271922000805, 0.024746118000038, 0.000000000000114 ] ], [ [ 127.223457302000725, 0.024411155000058, 0.000000000000114 ], [ 127.223466807000705, 0.024454221000069, 0.000000000000114 ], [ 127.223452548000751, 0.024511644000055, 0.000000000000114 ], [ 127.22343353300073, 0.024573852000066, 0.000000000000114 ], [ 127.223376495000707, 0.024612133000056, 0.000000000000114 ], [ 127.223352728000691, 0.024626488000041, 0.000000000000114 ], [ 127.223328963000768, 0.02460256200005, 0.000000000000114 ], [ 127.223319458000788, 0.024502072000107, 0.000000000000114 ], [ 127.223328965000775, 0.024454219000078, 0.000000000000114 ], [ 127.223376497000814, 0.024430294000112, 0.000000000000114 ], [ 127.223424029000753, 0.024401583000053, 0.000000000000114 ], [ 127.223457302000725, 0.024411155000058, 0.000000000000114 ] ] ] ] } },
{ "type": "Feature", "properties": { "Id_zona": 4, "Zona": "Inti", "Sub_Zona": "Inti", "Luas": 155.610425881, "KKP": "Kepulauan Guraici" }, "geometry": { "type": "MultiPolygon", "coordinates": [ [ [ [ 127.212790463000758, 0.14406139100004, 0.000000000000114 ], [ 127.21274768200081, 0.14408531300009, 0.000000000000114 ], [ 127.212611030000787, 0.14405659200002, 0.000000000000114 ], [ 127.212452862651517, 0.144003500069064, 0.000000000000114 ], [ 127.212411402000754, 0.143989583000062, 0.000000000000114 ], [ 127.21234010700077, 0.143946511000029, 0.000000000000114 ], [ 127.212240293000761, 0.143908222000038, 0.000000000000114 ], [ 127.212149987000828, 0.143855577000073, 0.000000000000114 ], [ 127.211969376000795, 0.143726362000069, 0.000000000000114 ], [ 127.211926602000787, 0.14367372200008, 0.000000000000114 ], [ 127.211888577000792, 0.143654578000072, 0.000000000000114 ], [ 127.211803022000765, 0.143630645000067, 0.000000000000114 ], [ 127.211707963000819, 0.143573215000082, 0.000000000000114 ], [ 127.211636668000835, 0.143534928000068, 0.000000000000114 ], [ 127.211584384000759, 0.143530139000077, 0.000000000000114 ], [ 127.211527346000764, 0.143530134000062, 0.000000000000114 ], [ 127.211475061000826, 0.14352056000008, 0.000000000000114 ], [ 127.211389505000781, 0.143510983000075, 0.000000000000114 ], [ 127.211327714000788, 0.143496623000049, 0.000000000000114 ], [ 127.211256419000776, 0.143477476000035, 0.000000000000114 ], [ 127.211199382000757, 0.143453545000097, 0.000000000000114 ], [ 127.211181368833522, 0.143445987403162, 0.000000000000114 ], [ 127.211142346000827, 0.143429615000102, 0.000000000000114 ], [ 127.211094601918163, 0.143407762468679, 0.000000000000114 ], [ 127.211090063000768, 0.143405685000105, 0.000000000000114 ], [ 127.2110885245867, 0.143404426444748, 0.000000000000114 ], [ 127.211014016000775, 0.143343472000052, 0.000000000000114 ], [ 127.210942723000755, 0.14329561300006, 0.000000000000114 ], [ 127.210935670967871, 0.143292335731839, 0.000000000000114 ], [ 127.210880934000841, 0.143266898000053, 0.000000000000114 ], [ 127.210790624000822, 0.14325732000003, 0.000000000000114 ], [ 127.210738337000777, 0.143276457000055, 0.000000000000114 ], [ 127.210700307000749, 0.143343446000058, 0.000000000000114 ], [ 127.210686042000773, 0.143420008000023, 0.000000000000114 ], [ 127.210643258000871, 0.143482213000043, 0.000000000000114 ], [ 127.210576711000769, 0.143520489000026, 0.000000000000114 ], [ 127.21052442500077, 0.143520485000075, 0.000000000000114 ], [ 127.210457886000839, 0.143453487000056, 0.000000000000114 ], [ 127.210419867000795, 0.143386492000053, 0.000000000000114 ], [ 127.210429379000786, 0.143305143000062, 0.000000000000114 ], [ 127.210457899000801, 0.143290790000056, 0.000000000000114 ], [ 127.210476915000825, 0.143252511000073, 0.000000000000114 ], [ 127.210476918000751, 0.143209444000047, 0.000000000000114 ], [ 127.210462661000776, 0.143180731000024, 0.000000000000114 ], [ 127.210424639000792, 0.143132876000049, 0.000000000000114 ], [ 127.210405630000807, 0.143099379000041, 0.000000000000114 ], [ 127.210405633000789, 0.143041956000048, 0.000000000000114 ], [ 127.21041039000086, 0.142998890000068, 0.000000000000114 ], [ 127.210429408000834, 0.14292711300005, 0.000000000000114 ], [ 127.210419905000833, 0.142879260000072, 0.000000000000114 ], [ 127.210353365000785, 0.142840974000036, 0.000000000000114 ], [ 127.210253549000825, 0.14282661100005, 0.000000000000114 ], [ 127.210177507000765, 0.142711760000099, 0.000000000000114 ], [ 127.210163249000772, 0.142692618000092, 0.000000000000114 ], [ 127.210134732000739, 0.142654334000079, 0.000000000000114 ], [ 127.210058683000781, 0.142635187000064, 0.000000000000114 ], [ 127.209977881000839, 0.142606470000021, 0.000000000000114 ], [ 127.209949367000775, 0.142539475000037, 0.000000000000114 ], [ 127.209944616000783, 0.142515549000073, 0.000000000000114 ], [ 127.209892334000813, 0.14247726300006, 0.000000000000114 ], [ 127.209859065000799, 0.142443764000077, 0.000000000000114 ], [ 127.209816289000813, 0.142405479000042, 0.000000000000114 ], [ 127.209759254000872, 0.14236240700006, 0.000000000000114 ], [ 127.209692711000869, 0.142348047000073, 0.000000000000114 ], [ 127.20962616600076, 0.142343256000103, 0.000000000000114 ], [ 127.209540610000829, 0.142333680000053, 0.000000000000114 ], [ 127.209483575000775, 0.142300179000101, 0.000000000000114 ], [ 127.209364751000791, 0.142218821000016, 0.000000000000114 ], [ 127.20930771700084, 0.142175750000054, 0.000000000000114 ], [ 127.2092506820008, 0.142132679000044, 0.000000000000114 ], [ 127.20917939000077, 0.142060895000052, 0.000000000000114 ], [ 127.209098590000806, 0.142008252000066, 0.000000000000114 ], [ 127.208984519000808, 0.141941250000048, 0.000000000000114 ], [ 127.208894213000761, 0.141893391000065, 0.000000000000114 ], [ 127.208860942000854, 0.141869463000073, 0.000000000000114 ], [ 127.208770636000779, 0.141821604000029, 0.000000000000114 ], [ 127.208651811000848, 0.141759387000071, 0.000000000000114 ], [ 127.20859477600078, 0.141716316000035, 0.000000000000114 ], [ 127.208547251000752, 0.141644534000038, 0.000000000000114 ], [ 127.208494970000814, 0.141582323000055, 0.000000000000114 ], [ 127.208461701000758, 0.141544039000099, 0.000000000000114 ], [ 127.208376144000852, 0.141544033000072, 0.000000000000114 ], [ 127.208328611000823, 0.141553599000013, 0.000000000000114 ], [ 127.208266820000802, 0.141567950000052, 0.000000000000114 ], [ 127.208214534000774, 0.141567946000077, 0.000000000000114 ], [ 127.208167007000782, 0.141515305000053, 0.000000000000114 ], [ 127.20814324600083, 0.141453096000028, 0.000000000000114 ], [ 127.208119483000758, 0.141410027000066, 0.000000000000114 ], [ 127.208105229000736, 0.141333463000025, 0.000000000000114 ], [ 127.208086222000773, 0.141256898000043, 0.000000000000114 ], [ 127.208057715000862, 0.14111334000008, 0.000000000000114 ], [ 127.208057721000785, 0.141027207000051, 0.000000000000114 ], [ 127.208110019000799, 0.140854944000117, 0.000000000000114 ], [ 127.208167064000747, 0.140764030000073, 0.000000000000114 ], [ 127.208238375000818, 0.140586984000014, 0.000000000000114 ], [ 127.208243133000849, 0.14052477700005, 0.000000000000114 ], [ 127.208238384000808, 0.140467353000017, 0.000000000000114 ], [ 127.208195612000793, 0.140386003000055, 0.000000000000114 ], [ 127.208181361000754, 0.140280727000075, 0.000000000000114 ], [ 127.208195626000759, 0.140204165000067, 0.000000000000114 ], [ 127.208219397000832, 0.140132389000041, 0.000000000000114 ], [ 127.208238417000828, 0.140031902000052, 0.000000000000114 ], [ 127.208257436000792, 0.139950554000054, 0.000000000000114 ], [ 127.208290713000849, 0.139897921000066, 0.000000000000114 ], [ 127.208300226000844, 0.139807003000031, 0.000000000000114 ], [ 127.208309739000768, 0.139720869000041, 0.000000000000114 ], [ 127.208324005000733, 0.139634738000055, 0.000000000000114 ], [ 127.208352530000809, 0.139543821000086, 0.000000000000114 ], [ 127.208385810000848, 0.139452905000083, 0.000000000000114 ], [ 127.208404830000802, 0.139347632000093, 0.000000000000114 ], [ 127.20843335500075, 0.139266286000097, 0.000000000000114 ], [ 127.208485647000842, 0.139180156000074, 0.000000000000114 ], [ 127.208566466000832, 0.138983970000036, 0.000000000000114 ], [ 127.208604497000749, 0.138907410000049, 0.000000000000114 ], [ 127.208623513000745, 0.138859560000072, 0.000000000000114 ], [ 127.208652035000853, 0.138816495000085, 0.000000000000114 ], [ 127.208680557000847, 0.138773431000066, 0.000000000000114 ], [ 127.208709082000794, 0.138706440000049, 0.000000000000114 ], [ 127.208723344000816, 0.138668160000089, 0.000000000000114 ], [ 127.208742361000802, 0.138605954000083, 0.000000000000114 ], [ 127.208751871000857, 0.138562888000033, 0.000000000000114 ], [ 127.208823178000841, 0.138438478000086, 0.000000000000114 ], [ 127.208837438000785, 0.138419338000082, 0.000000000000114 ], [ 127.208865963000861, 0.138342777000043, 0.000000000000114 ], [ 127.208884979000857, 0.138299712000066, 0.000000000000114 ], [ 127.208903996000871, 0.138256647000057, 0.000000000000114 ], [ 127.208918259000754, 0.138208796000093, 0.000000000000114 ], [ 127.208927768000805, 0.138160945000081, 0.000000000000114 ], [ 127.208984814000758, 0.138055675000035, 0.000000000000114 ], [ 127.20904660900085, 0.138003043000052, 0.000000000000114 ], [ 127.20909414300074, 0.137979120000115, 0.000000000000114 ], [ 127.209165442000824, 0.137959985000105, 0.000000000000114 ], [ 127.209203470000773, 0.137931277000087, 0.000000000000114 ], [ 127.209222483000815, 0.137921707000044, 0.000000000000114 ], [ 127.209255757000804, 0.137892999000032, 0.000000000000114 ], [ 127.209270020000815, 0.137854719000079, 0.000000000000114 ], [ 127.2092937900008, 0.137792512000021, 0.000000000000114 ], [ 127.209312807000771, 0.137739877000085, 0.000000000000114 ], [ 127.20936035700079, 0.137481480000037, 0.000000000000114 ], [ 127.209365116000811, 0.137419273000025, 0.000000000000114 ], [ 127.209388887000799, 0.137352283000033, 0.000000000000114 ], [ 127.209393643000851, 0.137309216000076, 0.000000000000114 ], [ 127.209412660000865, 0.137242224000067, 0.000000000000114 ], [ 127.209422171000753, 0.13717523300008, 0.000000000000114 ], [ 127.209436437000761, 0.137098670000058, 0.000000000000114 ], [ 127.209474471000775, 0.136979043000052, 0.000000000000114 ], [ 127.209512503000781, 0.136892913000067, 0.000000000000114 ], [ 127.209579054000827, 0.136811570000014, 0.000000000000114 ], [ 127.20964084700077, 0.136778078000011, 0.000000000000114 ], [ 127.209788200000787, 0.13672066700005, 0.000000000000114 ], [ 127.209897529000798, 0.136639327000068, 0.000000000000114 ], [ 127.209949814000808, 0.136634545000073, 0.000000000000114 ], [ 127.209978335000812, 0.136620192000065, 0.000000000000114 ], [ 127.210025868000855, 0.136591484000081, 0.000000000000114 ], [ 127.2100638950008, 0.13656277600007, 0.000000000000114 ], [ 127.210078158000854, 0.136534066000051, 0.000000000000114 ], [ 127.210125693000734, 0.136476647000073, 0.000000000000114 ], [ 127.210144708000769, 0.136443153000086, 0.000000000000114 ], [ 127.2101494660008, 0.136385730000038, 0.000000000000114 ], [ 127.210186810401993, 0.136340622275151, 0.000000000000114 ], [ 127.201854980428706, 0.136339997106743, 0.000000000000114 ], [ 127.2017747570262, 0.149259956913816, 0.000000000000114 ], [ 127.21506440533885, 0.149261043557849, 0.000000000000114 ], [ 127.215069723051116, 0.146737355823484, 0.000000000000114 ], [ 127.215075186249933, 0.144142919972272, 0.000000000000114 ], [ 127.215062478000775, 0.144142919000066, 0.000000000000114 ], [ 127.215043467000811, 0.144118991000021, 0.000000000000114 ], [ 127.215019705000756, 0.144080708000098, 0.000000000000114 ], [ 127.214972176000771, 0.144042423000048, 0.000000000000114 ], [ 127.214919894000829, 0.143999352000032, 0.000000000000114 ], [ 127.214872365000744, 0.143965851000061, 0.000000000000114 ], [ 127.214767793000817, 0.143989769000038, 0.000000000000114 ], [ 127.214734518000824, 0.144023263000047, 0.000000000000114 ], [ 127.21464895600073, 0.144071109000063, 0.000000000000114 ], [ 127.214596667000748, 0.144133312000107, 0.000000000000114 ], [ 127.214511107000732, 0.144166802000016, 0.000000000000114 ], [ 127.214301965000828, 0.144185926000039, 0.000000000000114 ], [ 127.214178383000856, 0.144185916000042, 0.000000000000114 ], [ 127.214107082000766, 0.144224192000035, 0.000000000000114 ], [ 127.214064301000718, 0.144252900000049, 0.000000000000114 ], [ 127.213888437000762, 0.144200249000061, 0.000000000000114 ], [ 127.213793377000826, 0.144142819000033, 0.000000000000114 ], [ 127.213751779509934, 0.144128855649075, 0.000000000000114 ], [ 127.213693564000806, 0.1441093140001, 0.000000000000114 ], [ 127.213636527000816, 0.144090169000036, 0.000000000000114 ], [ 127.21355572500083, 0.144056666000048, 0.000000000000114 ], [ 127.213489185000782, 0.143999238000065, 0.000000000000114 ], [ 127.213422647000769, 0.14390831400005, 0.000000000000114 ], [ 127.213389380000805, 0.143841319000097, 0.000000000000114 ], [ 127.21337038998449, 0.143825572172978, 0.000000000000114 ], [ 127.21330858200082, 0.143774320000084, 0.000000000000114 ], [ 127.213251542000819, 0.143783886000048, 0.000000000000114 ], [ 127.213208761000743, 0.143831734000056, 0.000000000000114 ], [ 127.213161224000771, 0.143879583000068, 0.000000000000114 ], [ 127.213123197000812, 0.143903506000104, 0.000000000000114 ], [ 127.213028131000854, 0.143941780000042, 0.000000000000114 ], [ 127.212871270000804, 0.144013546000082, 0.000000000000114 ], [ 127.212836281254667, 0.144034262479952, 0.000000000000114 ], [ 127.212790463000758, 0.14406139100004, 0.000000000000114 ] ] ] ] } },
{ "type": "Feature", "properties": { "Id_zona": 3, "Zona": "Inti", "Sub_Zona": "Inti", "Luas": 41.270375713599996, "KKP": "Kepulauan Guraici" }, "geometry": { "type": "MultiPolygon", "coordinates": [ [ [ [ 127.14567229367178, 0.159190084433886, 0.000000000000114 ], [ 127.145642051001062, 0.159182470000119, 0.000000000000114 ], [ 127.145594525001044, 0.159146578000065, 0.000000000000114 ], [ 127.14555294300105, 0.159074800000057, 0.000000000000114 ], [ 127.145535124000986, 0.159014985000074, 0.000000000000114 ], [ 127.145529190001, 0.158937228000079, 0.000000000000114 ], [ 127.145487608000991, 0.158853486000076, 0.000000000000114 ], [ 127.145463855001069, 0.158715914000015, 0.000000000000114 ], [ 127.145404450001053, 0.158644134000078, 0.000000000000114 ], [ 127.145350986000977, 0.158560391000045, 0.000000000000114 ], [ 127.145303459000999, 0.158518518000068, 0.000000000000114 ], [ 127.145255933000982, 0.158476645000111, 0.000000000000114 ], [ 127.145244057000966, 0.158398887000078, 0.000000000000114 ], [ 127.145232187000971, 0.158261317000046, 0.000000000000114 ], [ 127.145166842001061, 0.158159629000069, 0.000000000000114 ], [ 127.145131200000975, 0.158093832000026, 0.000000000000114 ], [ 127.145095559001035, 0.158034016000057, 0.000000000000114 ], [ 127.145048032001029, 0.157992143000102, 0.000000000000114 ], [ 127.145012389000996, 0.15793830800006, 0.000000000000114 ], [ 127.14499457100105, 0.157872512000031, 0.000000000000114 ], [ 127.144964873001001, 0.157782790000055, 0.000000000000114 ], [ 127.144929231001043, 0.157722975000063, 0.000000000000114 ], [ 127.144863883001037, 0.157651193000048, 0.000000000000114 ], [ 127.144828239000987, 0.157615302000082, 0.000000000000114 ], [ 127.144762889000987, 0.157561465000075, 0.000000000000114 ], [ 127.144697539001001, 0.157525572000055, 0.000000000000114 ], [ 127.144650013000984, 0.157483698000052, 0.000000000000114 ], [ 127.14461436900099, 0.157435845000053, 0.000000000000114 ], [ 127.144608435000961, 0.15735808800003, 0.000000000000114 ], [ 127.144513381000976, 0.157298267000048, 0.000000000000114 ], [ 127.144424266001053, 0.157244427000042, 0.000000000000114 ], [ 127.144436162000986, 0.157094897000075, 0.000000000000114 ], [ 127.144519348000983, 0.157005185000064, 0.000000000000114 ], [ 127.144590652000971, 0.156891547000058, 0.000000000000114 ], [ 127.144739199000966, 0.156724085000048, 0.000000000000114 ], [ 127.144768917001016, 0.156592500000057, 0.000000000000114 ], [ 127.144727335001022, 0.156514739000042, 0.000000000000114 ], [ 127.144733284000978, 0.156419040000056, 0.000000000000114 ], [ 127.14478082500105, 0.156299418000062, 0.000000000000114 ], [ 127.144869951000985, 0.156209707000072, 0.000000000000114 ], [ 127.144911555000974, 0.156036254000092, 0.000000000000114 ], [ 127.144935337001044, 0.155844855000046, 0.000000000000114 ], [ 127.144947228001044, 0.15574915500001, 0.000000000000114 ], [ 127.144959121000994, 0.155623550000067, 0.000000000000114 ], [ 127.144965071001067, 0.155527850000065, 0.000000000000114 ], [ 127.144982904000969, 0.155420189000069, 0.000000000000114 ], [ 127.145018561000995, 0.155312529000064, 0.000000000000114 ], [ 127.145060158001058, 0.15522879500005, 0.000000000000114 ], [ 127.14510175400099, 0.15513907900004, 0.000000000000114 ], [ 127.145161179001008, 0.154989553000078, 0.000000000000114 ], [ 127.145173070001007, 0.154893853000066, 0.000000000000114 ], [ 127.145220607001036, 0.154816100000054, 0.000000000000114 ], [ 127.145268141001026, 0.154768255000053, 0.000000000000114 ], [ 127.145315677001037, 0.154702465000081, 0.000000000000114 ], [ 127.145321624001014, 0.154636671000066, 0.000000000000114 ], [ 127.145256281001068, 0.154517040000062, 0.000000000000114 ], [ 127.145184992001006, 0.154445259000049, 0.000000000000114 ], [ 127.145161232001016, 0.154385444000092, 0.000000000000114 ], [ 127.145143413000966, 0.154325629000057, 0.000000000000114 ], [ 127.145107771001022, 0.154265813000075, 0.000000000000114 ], [ 127.145089956001044, 0.154164130000038, 0.000000000000114 ], [ 127.145084020000965, 0.154104317000042, 0.000000000000114 ], [ 127.145036505000959, 0.153936837000065, 0.000000000000114 ], [ 127.145024635000965, 0.153781323000053, 0.000000000000114 ], [ 127.145024644000998, 0.15367964100006, 0.000000000000114 ], [ 127.145024652001013, 0.153583940000046, 0.000000000000114 ], [ 127.145042484001053, 0.153494223000051, 0.000000000000114 ], [ 127.145084087001052, 0.153332733000074, 0.000000000000114 ], [ 127.145084092001014, 0.153266938000075, 0.000000000000114 ], [ 127.145084102001007, 0.153153294000046, 0.000000000000114 ], [ 127.145084109001047, 0.153069556000059, 0.000000000000114 ], [ 127.145072232001013, 0.153009742000089, 0.000000000000114 ], [ 127.145036590000956, 0.152943945000061, 0.000000000000114 ], [ 127.145012832000972, 0.152866187000037, 0.000000000000114 ], [ 127.144983135001027, 0.152752539000077, 0.000000000000114 ], [ 127.144911845000976, 0.152692721000088, 0.000000000000114 ], [ 127.144876204001008, 0.152620943000038, 0.000000000000114 ], [ 127.144852447001043, 0.152519259000052, 0.000000000000114 ], [ 127.144828705000947, 0.152256080000059, 0.000000000000114 ], [ 127.144804944000995, 0.152202247000067, 0.000000000000114 ], [ 127.14476336300099, 0.152112524000052, 0.000000000000114 ], [ 127.144763374000973, 0.151992899000084, 0.000000000000114 ], [ 127.144804974001048, 0.151855333000089, 0.000000000000114 ], [ 127.144888165001063, 0.151705809000017, 0.000000000000114 ], [ 127.145018881000993, 0.151610119000076, 0.000000000000114 ], [ 127.145090181001052, 0.151544332000062, 0.000000000000114 ], [ 127.145125834000993, 0.151478540000022, 0.000000000000114 ], [ 127.14519119200105, 0.151436678000035, 0.000000000000114 ], [ 127.14525654500099, 0.151436683000077, 0.000000000000114 ], [ 127.145280307000945, 0.151478554000063, 0.000000000000114 ], [ 127.145298127000984, 0.151514443000055, 0.000000000000114 ], [ 127.145351595001017, 0.151550335000043, 0.000000000000114 ], [ 127.145405066001018, 0.151556321000046, 0.000000000000114 ], [ 127.145528412398306, 0.151506662568406, 0.000000000000114 ], [ 127.145523518628096, 0.150459346282373, 0.000000000000114 ], [ 127.141204983133377, 0.150458976192841, 0.000000000000114 ], [ 127.14123632036565, 0.15720542907839, 0.000000000000114 ], [ 127.141249735988126, 0.159215548389962, 0.000000000000114 ], [ 127.14567229367178, 0.159190084433886, 0.000000000000114 ] ] ] ] } },
{ "type": "Feature", "properties": { "Id_zona": 16, "Zona": "Pemanfaatan Terbatas", "Sub_Zona": "Pariwisata", "Luas": 50.848236972400002, "KKP": "Kepulauan Guraici" }, "geometry": { "type": "MultiPolygon", "coordinates": [ [ [ [ 127.233640682593787, 0.012966654359599, 0.0 ], [ 127.219500586202514, 0.012901501751057, 0.0 ], [ 127.219492572337586, 0.015847297886403, 0.0 ], [ 127.233645656712241, 0.015860103733245, 0.0 ], [ 127.233640682593787, 0.012966654359599, 0.0 ] ] ] ] } },
{ "type": "Feature", "properties": { "Id_zona": 8, "Zona": "Inti", "Sub_Zona": "Inti", "Luas": 18.389724707300001, "KKP": "Kepulauan Guraici" }, "geometry": { "type": "MultiPolygon", "coordinates": [ [ [ [ 127.164493395000932, -0.015820212999912, 0.000000000000114 ], [ 127.164600337000905, -0.015877634999917, 0.000000000000114 ], [ 127.164685893000978, -0.015884812999953, 0.000000000000114 ], [ 127.164799965000952, -0.01585610399997, 0.000000000000114 ], [ 127.164888837332995, -0.015784529135355, 0.000000000000114 ], [ 127.164892988797561, -0.015881392266871, 0.000000000000114 ], [ 127.164897173507626, -0.016324166791496, 0.000000000000114 ], [ 127.1601084903958, -0.0163480480339, 0.000000000000114 ], [ 127.16004910412731, -0.013106168402201, 0.000000000000114 ], [ 127.164849669743617, -0.013058353126579, 0.000000000000114 ], [ 127.164849655688485, -0.014870338044851, 0.000000000000114 ], [ 127.164861448321759, -0.015145484116843, 0.000000000000114 ], [ 127.16457895400093, -0.015210116999913, 0.000000000000114 ], [ 127.164495896525835, -0.015199664224506, 0.000000000000114 ], [ 127.164406400482051, -0.01518840115637, 0.000000000000114 ], [ 127.164293773000949, -0.015174226999925, 0.000000000000114 ], [ 127.164079885000987, -0.015167046999963, 0.000000000000114 ], [ 127.163944424000974, -0.015167045999927, 0.000000000000114 ], [ 127.163880257000955, -0.015253176999968, 0.000000000000114 ], [ 127.163837479000989, -0.015389550999948, 0.000000000000114 ], [ 127.163823219000946, -0.015504392999955, 0.000000000000114 ], [ 127.163951550000959, -0.015597702999953, 0.000000000000114 ], [ 127.164058493001008, -0.015647946999942, 0.000000000000114 ], [ 127.16427237900092, -0.01578432299994, 0.000000000000114 ], [ 127.164493395000932, -0.015820212999912, 0.000000000000114 ] ], [ [ 127.163345536000989, -0.015798669999891, 0.000000000000114 ], [ 127.163431090000898, -0.015848913999888, 0.000000000000114 ], [ 127.163480998000935, -0.015769960999936, 0.000000000000114 ], [ 127.163480998000992, -0.015698184999964, 0.000000000000114 ], [ 127.16346674000097, -0.015633585999951, 0.000000000000114 ], [ 127.16340970300098, -0.015633585999973, 0.000000000000114 ], [ 127.163317019000928, -0.015597696999929, 0.000000000000114 ], [ 127.163274241000963, -0.015662294999941, 0.000000000000114 ], [ 127.163288500000931, -0.015741248999935, 0.000000000000114 ], [ 127.163345536000989, -0.015798669999891, 0.000000000000114 ] ] ] ] } },
{ "type": "Feature", "properties": { "Id_zona": 7, "Zona": "Inti", "Sub_Zona": "Inti", "Luas": 244.48485578699999, "KKP": "Kepulauan Guraici" }, "geometry": { "type": "MultiPolygon", "coordinates": [ [ [ [ 127.170227095739037, -0.012574974113146, 0.000000000000114 ], [ 127.170226092235865, -0.012541152802074, 0.000000000000114 ], [ 127.170225018259032, -0.01229529289707, 0.000000000000114 ], [ 127.170203720164466, -0.007421213274091, 0.000000000000114 ], [ 127.170241760940414, -0.004031462357357, 0.000000000000114 ], [ 127.20099081942017, -0.010346899354745, 0.000000000000114 ], [ 127.196838867136876, -0.018410732549833, 0.000000000000114 ], [ 127.196824160560368, -0.018440254779413, 0.000000000000114 ], [ 127.1966408490009, -0.018361416999936, 0.000000000000114 ], [ 127.196398780676844, -0.018289736879258, 0.000000000000114 ], [ 127.196398440000848, -0.01828963599991, 0.000000000000114 ], [ 127.196220199000862, -0.018181968999925, 0.000000000000114 ], [ 127.19614890400085, -0.01805276899994, 0.000000000000114 ], [ 127.195935014000838, -0.017930744999946, 0.000000000000114 ], [ 127.195728255000844, -0.017787188999903, 0.000000000000114 ], [ 127.195578533000912, -0.017679520999906, 0.000000000000114 ], [ 127.195364644000833, -0.017500075999939, 0.000000000000114 ], [ 127.195248094398934, -0.017400338761885, 0.000000000000114 ], [ 127.195222052000858, -0.017378052999921, 0.000000000000114 ], [ 127.195093718000862, -0.017277563999929, 0.000000000000114 ], [ 127.194879828000808, -0.017184250999949, 0.000000000000114 ], [ 127.194701588000839, -0.017055049999925, 0.000000000000114 ], [ 127.194594644000844, -0.016897138999967, 0.000000000000114 ], [ 127.194487700000877, -0.01672487199991, 0.000000000000114 ], [ 127.194409275000893, -0.016574138999919, 0.000000000000114 ], [ 127.194166868000806, -0.01630856099991, 0.000000000000114 ], [ 127.194066662343388, -0.016194227378718, 0.000000000000114 ], [ 127.194059924000825, -0.016186538999928, 0.000000000000114 ], [ 127.194026512044303, -0.016139963411658, 0.000000000000114 ], [ 127.193967239000841, -0.016057337999916, 0.000000000000114 ], [ 127.193881684000857, -0.015956849999945, 0.000000000000114 ], [ 127.193803259000887, -0.015870715999931, 0.000000000000114 ], [ 127.193703444000889, -0.015813293999939, 0.000000000000114 ], [ 127.193653801330512, -0.015774422139386, 0.000000000000114 ], [ 127.193575111000868, -0.01571280499995, 0.000000000000114 ], [ 127.193468166000912, -0.015662558999943, 0.000000000000114 ], [ 127.193403999000907, -0.015576425999933, 0.000000000000114 ], [ 127.193268536000943, -0.015461581999942, 0.000000000000114 ], [ 127.193182981000859, -0.015339558999928, 0.000000000000114 ], [ 127.19310455600089, -0.015210359999976, 0.000000000000114 ], [ 127.193111687000865, -0.015066804999928, 0.000000000000114 ], [ 127.19311168800084, -0.014908894999958, 0.000000000000114 ], [ 127.193076041000836, -0.014765339999921, 0.000000000000114 ], [ 127.193040393000842, -0.014693562999973, 0.000000000000114 ], [ 127.192976227000827, -0.014614606999907, 0.000000000000114 ], [ 127.192847894000835, -0.014550006999962, 0.000000000000114 ], [ 127.192783727000901, -0.014442339999966, 0.000000000000114 ], [ 127.192669653000848, -0.014349028999957, 0.000000000000114 ], [ 127.192584097000804, -0.014320317999898, 0.000000000000114 ], [ 127.192470023000851, -0.014227006999912, 0.000000000000114 ], [ 127.192448728423116, -0.014169836653767, 0.000000000000114 ], [ 127.192427246000875, -0.014112161999881, 0.000000000000114 ], [ 127.192416523297013, -0.014071140915539, 0.000000000000114 ], [ 127.192391598000881, -0.013975785999927, 0.000000000000114 ], [ 127.192327433000884, -0.013846585999934, 0.000000000000114 ], [ 127.192249007000896, -0.013695852999933, 0.000000000000114 ], [ 127.192239036636281, -0.013681182573122, 0.000000000000114 ], [ 127.192156322000884, -0.01355947599995, 0.000000000000114 ], [ 127.192042249000906, -0.013415920999929, 0.000000000000114 ], [ 127.191949564000865, -0.013358497999936, 0.000000000000114 ], [ 127.191910915611288, -0.013356066107386, 0.000000000000114 ], [ 127.191835489000823, -0.013351319999964, 0.000000000000114 ], [ 127.191714285000884, -0.013322607999951, 0.000000000000114 ], [ 127.191564562000835, -0.013308250999959, 0.000000000000114 ], [ 127.191464746000847, -0.013315427999942, 0.000000000000114 ], [ 127.191300764000857, -0.01335849399991, 0.000000000000114 ], [ 127.191129652000868, -0.013358491999949, 0.000000000000114 ], [ 127.190922891000824, -0.013387200999926, 0.000000000000114 ], [ 127.190666223000889, -0.013437442999924, 0.000000000000114 ], [ 127.190466592000831, -0.013473330999947, 0.000000000000114 ], [ 127.190288350000856, -0.013523572999896, 0.000000000000114 ], [ 127.19013862700082, -0.013545104999933, 0.000000000000114 ], [ 127.189960385000845, -0.013559458999926, 0.000000000000114 ], [ 127.189575384000833, -0.013580988999928, 0.000000000000114 ], [ 127.189538235755492, -0.013576833319354, 0.000000000000114 ], [ 127.1893150904571, -0.013551870619069, 0.000000000000114 ], [ 127.189254549000893, -0.013545097999944, 0.000000000000114 ], [ 127.189218901000928, -0.013602519999948, 0.000000000000114 ], [ 127.189026400000898, -0.013580984999939, 0.000000000000114 ], [ 127.188726954000913, -0.013559449999939, 0.000000000000114 ], [ 127.188667090511203, -0.013561601883024, 0.000000000000114 ], [ 127.188527324000788, -0.013566625999908, 0.000000000000114 ], [ 127.188466018312283, -0.013584259380057, 0.000000000000114 ], [ 127.188277785000878, -0.013638400999931, 0.000000000000114 ], [ 127.188185099000876, -0.013652755999947, 0.000000000000114 ], [ 127.187999729000822, -0.013638398999944, 0.000000000000114 ], [ 127.187821487000875, -0.013631219999982, 0.000000000000114 ], [ 127.187628987000863, -0.013609685999906, 0.000000000000114 ], [ 127.18746500500086, -0.013609683999923, 0.000000000000114 ], [ 127.187243986000894, -0.013609681999969, 0.000000000000114 ], [ 127.187051485000922, -0.013609680999936, 0.000000000000114 ], [ 127.186837596000842, -0.013595323999943, 0.000000000000114 ], [ 127.186609447000833, -0.013573788999921, 0.000000000000114 ], [ 127.186352779000927, -0.013573787999963, 0.000000000000114 ], [ 127.186327765387801, -0.013576715885463, 0.000000000000114 ], [ 127.186046205000807, -0.013609672999944, 0.000000000000114 ], [ 127.185753889000836, -0.013616848999937, 0.000000000000114 ], [ 127.18551861100083, -0.013602491999942, 0.000000000000114 ], [ 127.185276204000857, -0.013573779999914, 0.000000000000114 ], [ 127.185083703000871, -0.013552243999913, 0.000000000000114 ], [ 127.185005277000897, -0.013530710999905, 0.000000000000114 ], [ 127.18494938368454, -0.013460372505181, 0.000000000000114 ], [ 127.184919722000842, -0.013423044999953, 0.000000000000114 ], [ 127.184873929285388, -0.01343457025306, 0.000000000000114 ], [ 127.184834166000897, -0.013444577999961, 0.000000000000114 ], [ 127.18478425800086, -0.013566597999921, 0.000000000000114 ], [ 127.184755739000835, -0.013616841999959, 0.000000000000114 ], [ 127.184655924000836, -0.013552241999933, 0.000000000000114 ], [ 127.184563240000941, -0.013408686999935, 0.000000000000114 ], [ 127.184470556000875, -0.013257954999969, 0.000000000000114 ], [ 127.184390648159109, -0.013183695125787, 0.000000000000114 ], [ 127.18437787200088, -0.01317182199994, 0.000000000000114 ], [ 127.184302302833729, -0.013167817134692, 0.000000000000114 ], [ 127.184242409000845, -0.013164642999919, 0.000000000000114 ], [ 127.184121204000846, -0.013164641999882, 0.000000000000114 ], [ 127.183921575000966, -0.013128752999915, 0.000000000000114 ], [ 127.183800371000899, -0.013085684999949, 0.000000000000114 ], [ 127.183693427000946, -0.013100039999932, 0.000000000000114 ], [ 127.183579352000876, -0.013121572999977, 0.000000000000114 ], [ 127.183358334000928, -0.013085681999908, 0.000000000000114 ], [ 127.183201482000882, -0.013021080999978, 0.000000000000114 ], [ 127.183037501000896, -0.012992369999949, 0.000000000000114 ], [ 127.182894909000893, -0.012985190999886, 0.000000000000114 ], [ 127.182812856790846, -0.012988140489902, 0.000000000000114 ], [ 127.182695279000924, -0.012992366999911, 0.000000000000114 ], [ 127.18246000000093, -0.013035431999928, 0.000000000000114 ], [ 127.18216768500092, -0.013035428999939, 0.000000000000114 ], [ 127.181982315000838, -0.013042605999926, 0.000000000000114 ], [ 127.181782686000844, -0.013042604999941, 0.000000000000114 ], [ 127.181532309656191, -0.01299063112281, 0.000000000000114 ], [ 127.181091112000928, -0.012899045999973, 0.000000000000114 ], [ 127.180763150000928, -0.01284879999994, 0.000000000000114 ], [ 127.180371022000884, -0.012755486999916, 0.000000000000114 ], [ 127.180007411000872, -0.012683707999937, 0.000000000000114 ], [ 127.179814911000932, -0.012654995999973, 0.000000000000114 ], [ 127.179508338000971, -0.012626282999971, 0.000000000000114 ], [ 127.179080410363511, -0.012588998326887, 0.000000000000114 ], [ 127.17876685800087, -0.012561678999908, 0.000000000000114 ], [ 127.178363974157079, -0.012516609780232, 0.000000000000114 ], [ 127.17799686000086, -0.012475541999929, 0.000000000000114 ], [ 127.176756308000947, -0.012403755999964, 0.000000000000114 ], [ 127.176285754000943, -0.012403752999914, 0.000000000000114 ], [ 127.176007700000866, -0.012317618999922, 0.000000000000114 ], [ 127.175711760774448, -0.012317616458629, 0.000000000000114 ], [ 127.175658349000926, -0.012317615999945, 0.000000000000114 ], [ 127.175330387000869, -0.012260192999969, 0.000000000000114 ], [ 127.175137888000947, -0.01230325799997, 0.000000000000114 ], [ 127.174367891000941, -0.012245831999923, 0.000000000000114 ], [ 127.174146874000897, -0.012209941999974, 0.000000000000114 ], [ 127.173954376000964, -0.012123807999957, 0.000000000000114 ], [ 127.173818914000975, -0.012073563999906, 0.000000000000114 ], [ 127.173533730000884, -0.012030495999951, 0.000000000000114 ], [ 127.173205768000955, -0.012030493999876, 0.000000000000114 ], [ 127.172913455000938, -0.012066379999941, 0.000000000000114 ], [ 127.172492808000868, -0.01213097699995, 0.000000000000114 ], [ 127.172157717000971, -0.012166861999956, 0.000000000000114 ], [ 127.171565961000923, -0.01224581199989, 0.000000000000114 ], [ 127.171159573000921, -0.012346295999964, 0.000000000000114 ], [ 127.171064368251834, -0.01236683387552, 0.000000000000114 ], [ 127.171016895560484, -0.012377074837144, 0.000000000000114 ], [ 127.170916399537958, -0.012398754161385, 0.000000000000114 ], [ 127.170760316000909, -0.012432424999914, 0.000000000000114 ], [ 127.170410966000944, -0.012504198999984, 0.000000000000114 ], [ 127.170227095739037, -0.012574974113146, 0.000000000000114 ] ] ] ] } },
{ "type": "Feature", "properties": { "Id_zona": 14, "Zona": "Inti", "Sub_Zona": "Inti", "Luas": 311.30709163099999, "KKP": "Kepulauan Guraici" }, "geometry": { "type": "MultiPolygon", "coordinates": [ [ [ [ 127.20607312200076, -0.123117953999921, 0.000000000000114 ], [ 127.206079360581214, -0.123122560437164, 0.000000000000114 ], [ 127.206215710000791, -0.123223237999976, 0.000000000000114 ], [ 127.206225659640694, -0.123259975447313, 0.000000000000114 ], [ 127.206272734000848, -0.12343378999998, 0.000000000000114 ], [ 127.206329761000745, -0.123596489999914, 0.000000000000114 ], [ 127.206424812000762, -0.123768762999912, 0.000000000000114 ], [ 127.206538874000856, -0.123979318999896, 0.000000000000114 ], [ 127.206728987000758, -0.124180309999946, 0.000000000000114 ], [ 127.206909595000809, -0.124362158999937, 0.000000000000114 ], [ 127.207004647000815, -0.124524861999915, 0.000000000000114 ], [ 127.20711871100076, -0.124706706999971, 0.000000000000114 ], [ 127.207289805000826, -0.124993829999927, 0.000000000000114 ], [ 127.207460906000776, -0.125175678999914, 0.000000000000114 ], [ 127.207670023000858, -0.125510655999958, 0.000000000000114 ], [ 127.207803099000841, -0.125702072999967, 0.000000000000114 ], [ 127.207964693000747, -0.125893490999952, 0.000000000000114 ], [ 127.208154805000788, -0.12611362399996, 0.000000000000114 ], [ 127.208306895000831, -0.126285900999947, 0.000000000000114 ], [ 127.208506514000817, -0.12648689299993, 0.000000000000114 ], [ 127.208744161000766, -0.126659175999975, 0.000000000000114 ], [ 127.209019835000774, -0.126793180999894, 0.000000000000114 ], [ 127.209190936000766, -0.126984599999949, 0.000000000000114 ], [ 127.209390560000827, -0.127118599999967, 0.000000000000114 ], [ 127.209523640000754, -0.127252594999962, 0.000000000000114 ], [ 127.209704243000772, -0.127501436999966, 0.000000000000114 ], [ 127.209865839000756, -0.127673715999942, 0.000000000000114 ], [ 127.210046447000806, -0.127865135999985, 0.000000000000114 ], [ 127.210322113000814, -0.128113984999971, 0.000000000000114 ], [ 127.210521732000814, -0.128324547999952, 0.000000000000114 ], [ 127.210692836000774, -0.128468115999975, 0.000000000000114 ], [ 127.210882954000837, -0.12860211399993, 0.000000000000114 ], [ 127.211073072000829, -0.128716972999951, 0.000000000000114 ], [ 127.211263193000775, -0.128803119999939, 0.000000000000114 ], [ 127.211481837000775, -0.128850986999942, 0.000000000000114 ], [ 127.211700479000854, -0.128898854999919, 0.000000000000114 ], [ 127.211957148000749, -0.128937153999938, 0.000000000000114 ], [ 127.21221381700073, -0.128965883999944, 0.000000000000114 ], [ 127.212651107000781, -0.129004196999973, 0.000000000000114 ], [ 127.212822224000831, -0.128975497999941, 0.000000000000114 ], [ 127.213069391000801, -0.128956373999923, 0.000000000000114 ], [ 127.213202478000795, -0.128975524999922, 0.000000000000114 ], [ 127.213217621808511, -0.128978297891352, 0.000000000000114 ], [ 127.213307047000811, -0.128994671999961, 0.000000000000114 ], [ 127.213319227756642, -0.129039647698646, 0.000000000000114 ], [ 127.213364071000839, -0.129205224999959, 0.000000000000114 ], [ 127.213440109000828, -0.129377497999922, 0.000000000000114 ], [ 127.2135161580008, -0.129415784999948, 0.000000000000114 ], [ 127.213601706000787, -0.129540205999915, 0.000000000000114 ], [ 127.213687250000731, -0.129731620999945, 0.000000000000114 ], [ 127.213753787000812, -0.129846469999977, 0.000000000000114 ], [ 127.213791796000763, -0.130085732999923, 0.000000000000114 ], [ 127.213886837000715, -0.130401562999971, 0.000000000000114 ], [ 127.213972381000815, -0.130583406999941, 0.000000000000114 ], [ 127.214010396000759, -0.130736536999962, 0.000000000000114 ], [ 127.21402938800081, -0.131023650999977, 0.000000000000114 ], [ 127.214086416000853, -0.131167209999935, 0.000000000000114 ], [ 127.21412443000078, -0.131339480999945, 0.000000000000114 ], [ 127.214162439000717, -0.131569172999937, 0.000000000000114 ], [ 127.214228967000764, -0.131798867999975, 0.000000000000114 ], [ 127.214314509000744, -0.131999852999972, 0.000000000000114 ], [ 127.214428578000749, -0.132124275999955, 0.000000000000114 ], [ 127.214770781000809, -0.13247840699996, 0.000000000000114 ], [ 127.214970400000794, -0.132688969999948, 0.000000000000114 ], [ 127.215170018000805, -0.132909103999975, 0.000000000000114 ], [ 127.215312598000807, -0.133129233999969, 0.000000000000114 ], [ 127.215398141000748, -0.133320648999891, 0.000000000000114 ], [ 127.215540728000775, -0.13345464499994, 0.000000000000114 ], [ 127.215597763000858, -0.133492930999952, 0.000000000000114 ], [ 127.215692810000775, -0.133722627999919, 0.000000000000114 ], [ 127.215873414000754, -0.13396190099997, 0.000000000000114 ], [ 127.216225127000754, -0.134277750999958, 0.000000000000114 ], [ 127.216605370000735, -0.13445961799994, 0.000000000000114 ], [ 127.217014120000755, -0.134794611999953, 0.000000000000114 ], [ 127.217432373000776, -0.135177459999982, 0.000000000000114 ], [ 127.217841130000735, -0.135416750999988, 0.000000000000114 ], [ 127.218116803000754, -0.135569897999965, 0.000000000000114 ], [ 127.218420996000788, -0.135723047999933, 0.000000000000114 ], [ 127.218696668000689, -0.135914476999972, 0.000000000000114 ], [ 127.218848754000788, -0.136144177999919, 0.000000000000114 ], [ 127.219029359000757, -0.136364311999959, 0.000000000000114 ], [ 127.219171943000831, -0.136527019999917, 0.000000000000114 ], [ 127.219343045000798, -0.136699300999959, 0.000000000000114 ], [ 127.219609209000765, -0.136919439999883, 0.000000000000114 ], [ 127.219780321000727, -0.136957734999916, 0.000000000000114 ], [ 127.219922907000765, -0.137082161999942, 0.000000000000114 ], [ 127.220170067000737, -0.137168313999956, 0.000000000000114 ], [ 127.220341182000809, -0.137177897999961, 0.000000000000114 ], [ 127.220616861000778, -0.137264051999982, 0.000000000000114 ], [ 127.220911558000722, -0.137283214999955, 0.000000000000114 ], [ 127.22114922700078, -0.137168386999943, 0.000000000000114 ], [ 127.221386892000737, -0.137101411999924, 0.000000000000114 ], [ 127.221624561000823, -0.136996153999986, 0.000000000000114 ], [ 127.221786177000737, -0.136890891999951, 0.000000000000114 ], [ 127.221881249000745, -0.136785623999911, 0.000000000000114 ], [ 127.222090389000769, -0.136804780999955, 0.000000000000114 ], [ 127.22222347900076, -0.136785648999933, 0.000000000000114 ], [ 127.222237892835807, -0.136776720796404, 0.000000000000114 ], [ 127.222347069000776, -0.136709094999934, 0.000000000000114 ], [ 127.222499183000778, -0.136555978999964, 0.000000000000114 ], [ 127.222746348000797, -0.13657513899994, 0.000000000000114 ], [ 127.222888942000779, -0.136603859999951, 0.000000000000114 ], [ 127.223031538000797, -0.13660387099993, 0.000000000000114 ], [ 127.223145623000761, -0.136489033999944, 0.000000000000114 ], [ 127.223136129000764, -0.136316764999947, 0.000000000000114 ], [ 127.223250218000786, -0.136154075999966, 0.000000000000114 ], [ 127.223459389000709, -0.135752131999902, 0.000000000000114 ], [ 127.223468694391244, -0.135742140881874, 0.000000000000114 ], [ 127.223601997000785, -0.135599014999953, 0.000000000000114 ], [ 127.223849726510238, -0.135518871871354, 0.000000000000114 ], [ 127.223868183000718, -0.135512900999969, 0.000000000000114 ], [ 127.224004882118805, -0.135430342951842, 0.000000000000114 ], [ 127.224105854000754, -0.135369361999943, 0.000000000000114 ], [ 127.224111318253932, -0.135369612455786, 0.000000000000114 ], [ 127.224314994000821, -0.135378947999887, 0.000000000000114 ], [ 127.224528254471622, -0.135509320935303, 0.000000000000114 ], [ 127.224581162000732, -0.13554166499996, 0.000000000000114 ], [ 127.224771278000745, -0.135713947999901, 0.000000000000114 ], [ 127.22486633200073, -0.135847940999951, 0.000000000000114 ], [ 127.224980401000721, -0.135972364999915, 0.000000000000114 ], [ 127.225151511000732, -0.13604894199992, 0.000000000000114 ], [ 127.225284589000694, -0.136211649999926, 0.000000000000114 ], [ 127.225322607000749, -0.13630735699998, 0.000000000000114 ], [ 127.225408151000707, -0.136498772999975, 0.000000000000114 ], [ 127.225579265000761, -0.136517925999926, 0.000000000000114 ], [ 127.225695769114608, -0.13647232435091, 0.000000000000114 ], [ 127.225750387000744, -0.136450945999973, 0.000000000000114 ], [ 127.225835946000771, -0.136422240999929, 0.000000000000114 ], [ 127.225864456000764, -0.136556228999952, 0.000000000000114 ], [ 127.225683825000743, -0.136671061999946, 0.000000000000114 ], [ 127.225659052594423, -0.136678853467423, 0.000000000000114 ], [ 127.225531718000767, -0.136718902999964, 0.000000000000114 ], [ 127.225303555000792, -0.136852872999966, 0.000000000000114 ], [ 127.22516094600077, -0.137015559999954, 0.000000000000114 ], [ 127.22512290700071, -0.137197395999939, 0.000000000000114 ], [ 127.225103878000752, -0.137417515999943, 0.000000000000114 ], [ 127.225132385000734, -0.137580215999906, 0.000000000000114 ], [ 127.225160892000758, -0.137752485999941, 0.000000000000114 ], [ 127.225160880000772, -0.137915183999929, 0.000000000000114 ], [ 127.225179875000791, -0.13815444699996, 0.000000000000114 ], [ 127.225274923000725, -0.138365003999968, 0.000000000000114 ], [ 127.225417506000795, -0.138546853999959, 0.000000000000114 ], [ 127.225560097000781, -0.13862342799994, 0.000000000000114 ], [ 127.225807257000739, -0.138719151999929, 0.000000000000114 ], [ 127.22597836800071, -0.138776586999942, 0.000000000000114 ], [ 127.226084982250541, -0.138833841567885, 0.000000000000114 ], [ 127.226120959000696, -0.138853161999959, 0.000000000000114 ], [ 127.226330098000744, -0.138891458999938, 0.000000000000114 ], [ 127.22648219400071, -0.138987175999929, 0.000000000000114 ], [ 127.226662815000736, -0.138996759999909, 0.000000000000114 ], [ 127.226843440000721, -0.138968062999934, 0.000000000000114 ], [ 127.226967029000747, -0.138891507999965, 0.000000000000114 ], [ 127.227119136000724, -0.138843666999963, 0.000000000000114 ], [ 127.227290242000791, -0.138977666999962, 0.000000000000114 ], [ 127.227385302000698, -0.139035095999916, 0.000000000000114 ], [ 127.227508883000723, -0.139073387999933, 0.000000000000114 ], [ 127.227572747311442, -0.139077679031672, 0.000000000000114 ], [ 127.22765147900077, -0.139082968999933, 0.000000000000114 ], [ 127.227756054000793, -0.139025554999881, 0.000000000000114 ], [ 127.227936678000802, -0.13899685599992, 0.000000000000114 ], [ 127.228174343000788, -0.138949021999964, 0.000000000000114 ], [ 127.228288424000766, -0.138901177999976, 0.000000000000114 ], [ 127.228383495000813, -0.138815050999918, 0.000000000000114 ], [ 127.228478565000742, -0.13872892399996, 0.000000000000114 ], [ 127.228602157000722, -0.13863322799989, 0.000000000000114 ], [ 127.228716243000719, -0.138508819999953, 0.000000000000114 ], [ 127.228773295000806, -0.138326985999929, 0.000000000000114 ], [ 127.228792315000774, -0.138240852999953, 0.000000000000114 ], [ 127.228773313000715, -0.138087723999948, 0.000000000000114 ], [ 127.228773319000766, -0.138001588999928, 0.000000000000114 ], [ 127.228792342000702, -0.137858032999908, 0.000000000000114 ], [ 127.228830377000691, -0.137743190999973, 0.000000000000114 ], [ 127.228887422000724, -0.137657059999907, 0.000000000000114 ], [ 127.228963484000701, -0.137513507999902, 0.000000000000114 ], [ 127.229011025000773, -0.13738909599994, 0.000000000000114 ], [ 127.229049044000718, -0.137484803999916, 0.000000000000114 ], [ 127.229106079000758, -0.137542230999922, 0.000000000000114 ], [ 127.229201149000815, -0.137465673999932, 0.000000000000114 ], [ 127.229258199000711, -0.137302979999944, 0.000000000000114 ], [ 127.229353271000704, -0.137207281999957, 0.000000000000114 ], [ 127.229495870000719, -0.137188151999964, 0.000000000000114 ], [ 127.229686002000776, -0.137130741999959, 0.000000000000114 ], [ 127.229838113000696, -0.137035048999937, 0.000000000000114 ], [ 127.229896993371241, -0.136975780704549, 0.000000000000114 ], [ 127.229902495970677, -0.136970241851799, 0.000000000000114 ], [ 127.229942691000716, -0.136929781999914, 0.000000000000114 ], [ 127.230218398000687, -0.136661827999917, 0.000000000000114 ], [ 127.230327981374089, -0.13648297942029, 0.000000000000114 ], [ 127.230384781000794, -0.136390277999958, 0.000000000000114 ], [ 127.230634348000734, -0.136079254999925, 0.000000000000114 ], [ 127.230755655259912, -0.135957148327792, 0.000000000000114 ], [ 127.230860143000783, -0.135851971999933, 0.000000000000114 ], [ 127.2310265170007, -0.135696463999982, 0.000000000000114 ], [ 127.231181001000763, -0.135636659999936, 0.000000000000114 ], [ 127.231394901000698, -0.135576859999955, 0.000000000000114 ], [ 127.231549387000783, -0.135493128999922, 0.000000000000114 ], [ 127.231691998000755, -0.13530172999997, 0.000000000000114 ], [ 127.23177519000069, -0.135158178999955, 0.000000000000114 ], [ 127.231953451000777, -0.134942855999948, 0.000000000000114 ], [ 127.232119821000779, -0.134847161999931, 0.000000000000114 ], [ 127.232262424000723, -0.134763430999946, 0.000000000000114 ], [ 127.232381264000765, -0.134643808999958, 0.000000000000114 ], [ 127.23252387100068, -0.134512223999941, 0.000000000000114 ], [ 127.23267835800074, -0.134404566999902, 0.000000000000114 ], [ 127.232765638875136, -0.134322567793388, 0.000000000000114 ], [ 127.232856616000745, -0.134237095999928, 0.000000000000114 ], [ 127.232907099015819, -0.13419051513986, 0.000000000000114 ], [ 127.232999223000746, -0.13410551199992, 0.000000000000114 ], [ 127.233189364000737, -0.133950004999965, 0.000000000000114 ], [ 127.233320085000727, -0.133854309999945, 0.000000000000114 ], [ 127.233593395000725, -0.13385432999994, 0.000000000000114 ], [ 127.23368846100071, -0.133830409999963, 0.000000000000114 ], [ 127.233819173000683, -0.133866309999974, 0.000000000000114 ], [ 127.233961771000722, -0.133854356999922, 0.000000000000114 ], [ 127.234140022000688, -0.133794553999948, 0.000000000000114 ], [ 127.234282622000677, -0.133746710999952, 0.000000000000114 ], [ 127.234353926000693, -0.133662974999921, 0.000000000000114 ], [ 127.234437115000802, -0.133555311999877, 0.000000000000114 ], [ 127.234520289000756, -0.133674949999943, 0.000000000000114 ], [ 127.234532164000697, -0.133794581999948, 0.000000000000114 ], [ 127.234496503000713, -0.133950099999898, 0.000000000000114 ], [ 127.23449649200073, -0.134105620999952, 0.000000000000114 ], [ 127.234526643007882, -0.134190632896585, 0.000000000000114 ], [ 127.234555895000781, -0.134273109999932, 0.000000000000114 ], [ 127.234639068000789, -0.134392746999914, 0.000000000000114 ], [ 127.234639060000731, -0.134512377999957, 0.000000000000114 ], [ 127.234532102000799, -0.134655928999955, 0.000000000000114 ], [ 127.234532092000805, -0.134787522999939, 0.000000000000114 ], [ 127.234306308000768, -0.134859284999948, 0.000000000000114 ], [ 127.234211240000718, -0.13490713099992, 0.000000000000114 ], [ 127.233961695000744, -0.1349071129999, 0.000000000000114 ], [ 127.233771579000717, -0.134715688999913, 0.000000000000114 ], [ 127.233747822000723, -0.134596054999941, 0.000000000000114 ], [ 127.233640893000711, -0.134344821999912, 0.000000000000114 ], [ 127.233545835000768, -0.134237146999911, 0.000000000000114 ], [ 127.233320051000746, -0.134308908999965, 0.000000000000114 ], [ 127.233201213000712, -0.134416568999929, 0.000000000000114 ], [ 127.233106141000675, -0.134512266999861, 0.000000000000114 ], [ 127.232963535000735, -0.134643850999959, 0.000000000000114 ], [ 127.232809048000718, -0.1347275809999, 0.000000000000114 ], [ 127.232725863000695, -0.13478739099998, 0.000000000000114 ], [ 127.232618900000716, -0.134990755999968, 0.000000000000114 ], [ 127.232523831000748, -0.135062527999903, 0.000000000000114 ], [ 127.232381234000741, -0.135062517999885, 0.000000000000114 ], [ 127.232262395000674, -0.135182140999911, 0.000000000000114 ], [ 127.232152087650249, -0.135311679625022, 0.000000000000114 ], [ 127.232119785000691, -0.135349613999921, 0.000000000000114 ], [ 127.23196528700079, -0.135600827999956, 0.000000000000114 ], [ 127.231775138000771, -0.135864002999902, 0.000000000000114 ], [ 127.231691946000737, -0.136019517999958, 0.000000000000114 ], [ 127.231513685000792, -0.136222877999947, 0.000000000000114 ], [ 127.231412033841295, -0.136427510783318, 0.000000000000114 ], [ 127.231406721000795, -0.136438205999928, 0.000000000000114 ], [ 127.231359180000723, -0.136557833999968, 0.000000000000114 ], [ 127.231335402000695, -0.136725315999962, 0.000000000000114 ], [ 127.231382924000712, -0.136868876999893, 0.000000000000114 ], [ 127.231477966000753, -0.137167961999939, 0.000000000000114 ], [ 127.231458803941621, -0.137222607718986, 0.000000000000114 ], [ 127.231406653000718, -0.137371329999945, 0.000000000000114 ], [ 127.231275928000727, -0.137526840999953, 0.000000000000114 ], [ 127.231204611000734, -0.137778060999931, 0.000000000000114 ], [ 127.231180832000746, -0.137945542999951, 0.000000000000114 ], [ 127.231168936000714, -0.138124988999927, 0.000000000000114 ], [ 127.231204572000678, -0.138304438999962, 0.000000000000114 ], [ 127.231263975000743, -0.138471926999961, 0.000000000000114 ], [ 127.231311493000703, -0.138663339999891, 0.000000000000114 ], [ 127.23143030600076, -0.138902611999911, 0.000000000000114 ], [ 127.231537242000712, -0.139058140999973, 0.000000000000114 ], [ 127.231667949000752, -0.139153855999923, 0.000000000000114 ], [ 127.231869959000704, -0.139177795999954, 0.000000000000114 ], [ 127.232131384000709, -0.139213704999936, 0.000000000000114 ], [ 127.232238326000697, -0.139297455999956, 0.000000000000114 ], [ 127.232283746389413, -0.139332635621664, 0.000000000000114 ], [ 127.232392797000756, -0.139417098999968, 0.000000000000114 ], [ 127.232535390000734, -0.139464961999944, 0.000000000000114 ], [ 127.232666106000664, -0.139453008999954, 0.000000000000114 ], [ 127.232773059000692, -0.139369274999984, 0.000000000000114 ], [ 127.232891898000716, -0.139261615999925, 0.000000000000114 ], [ 127.233117686000696, -0.13914200199997, 0.000000000000114 ], [ 127.233207188064839, -0.139100422662312, 0.000000000000114 ], [ 127.233272171000749, -0.139070233999942, 0.000000000000114 ], [ 127.2335098380007, -0.138998472999928, 0.000000000000114 ], [ 127.233688096000691, -0.138842965999976, 0.000000000000114 ], [ 127.23373563200073, -0.138795116999956, 0.000000000000114 ], [ 127.233902007000765, -0.138639608999931, 0.000000000000114 ], [ 127.233973318000722, -0.138472129999936, 0.000000000000114 ], [ 127.234056506000812, -0.138376430999931, 0.000000000000114 ], [ 127.2341753430007, -0.138292697999931, 0.000000000000114 ], [ 127.234365486000769, -0.138113264999946, 0.000000000000114 ], [ 127.234434451136082, -0.138066985988654, 0.000000000000114 ], [ 127.23450809100072, -0.138017569999887, 0.000000000000114 ], [ 127.234603171000771, -0.137814203999925, 0.000000000000114 ], [ 127.234722015000756, -0.137622802999917, 0.000000000000114 ], [ 127.234754214607662, -0.137572385451682, 0.000000000000114 ], [ 127.234828975000696, -0.137455326999902, 0.000000000000114 ], [ 127.23488635894104, -0.137305157534371, 0.000000000000114 ], [ 127.234888402000678, -0.137299810999942, 0.000000000000114 ], [ 127.234888419000768, -0.137084472999944, 0.000000000000114 ], [ 127.234793361000683, -0.136976797999956, 0.000000000000114 ], [ 127.234745832000698, -0.136940904999934, 0.000000000000114 ], [ 127.23461512300068, -0.136869115999949, 0.000000000000114 ], [ 127.234496633261685, -0.136777342466069, 0.000000000000114 ], [ 127.234460652000706, -0.136749473999934, 0.000000000000114 ], [ 127.234496309000718, -0.136641807999973, 0.000000000000114 ], [ 127.234603268000768, -0.136486294999922, 0.000000000000114 ], [ 127.234686460000731, -0.136342742999919, 0.000000000000114 ], [ 127.234760240852665, -0.136231343422055, 0.000000000000114 ], [ 127.234781535000693, -0.136199191999933, 0.000000000000114 ], [ 127.234888493000724, -0.136055642999955, 0.000000000000114 ], [ 127.234936039000772, -0.135876198999941, 0.000000000000114 ], [ 127.234936048000677, -0.135756567999979, 0.000000000000114 ], [ 127.234995469000737, -0.135660866999949, 0.000000000000114 ], [ 127.235007363000676, -0.13551730999995, 0.000000000000114 ], [ 127.235031139000711, -0.135385716999929, 0.000000000000114 ], [ 127.235054919000731, -0.135194307999913, 0.000000000000114 ], [ 127.235078694000748, -0.135062714999925, 0.000000000000114 ], [ 127.235114355000732, -0.134907196999967, 0.000000000000114 ], [ 127.235173785000683, -0.134703827999927, 0.000000000000114 ], [ 127.235256980000699, -0.134524386999904, 0.000000000000114 ], [ 127.235352056000679, -0.134368871999921, 0.000000000000114 ], [ 127.235390835000757, -0.134351794999915, 0.000000000000114 ], [ 127.235721097000678, -0.134274904999926, 0.000000000000114 ], [ 127.23589645500077, -0.134325006999975, 0.000000000000114 ], [ 127.23612191500068, -0.134400159999933, 0.000000000000114 ], [ 127.236347375000705, -0.134533765999933, 0.000000000000114 ], [ 127.236547784000763, -0.134642319999962, 0.000000000000114 ], [ 127.23685674800069, -0.13470912299992, 0.000000000000114 ], [ 127.237015405000747, -0.134667370999981, 0.000000000000114 ], [ 127.23716571200076, -0.13448366399993, 0.000000000000114 ], [ 127.237200786686785, -0.134443578735633, 0.000000000000114 ], [ 127.237360244577758, -0.134261341536198, 0.000000000000114 ], [ 127.23739952300069, -0.134216451999948, 0.000000000000114 ], [ 127.23766673500073, -0.134016043999929, 0.000000000000114 ], [ 127.23787549400069, -0.133782233999932, 0.000000000000114 ], [ 127.238117655000764, -0.133590175999871, 0.000000000000114 ], [ 127.238351465000719, -0.133498321999957, 0.000000000000114 ], [ 127.238618677000758, -0.133456569999955, 0.000000000000114 ], [ 127.238712938912201, -0.133453713713641, 0.000000000000114 ], [ 127.238740898429398, -0.133452866495567, 0.000000000000114 ], [ 127.23889424000069, -0.133448219999911, 0.000000000000114 ], [ 127.239295058000707, -0.133498321999986, 0.000000000000114 ], [ 127.239418813650374, -0.133558065946167, 0.000000000000114 ], [ 127.239537219000781, -0.133615226999884, 0.000000000000114 ], [ 127.239760663463016, -0.133790790641875, 0.000000000000114 ], [ 127.239771029000707, -0.133798934999944, 0.000000000000114 ], [ 127.239815621893229, -0.133827312117374, 0.000000000000114 ], [ 127.239954738000719, -0.133915839999914, 0.000000000000114 ], [ 127.240155147000763, -0.133990992999911, 0.000000000000114 ], [ 127.240380607000674, -0.133932539999889, 0.000000000000114 ], [ 127.240697921000759, -0.133773882999937, 0.000000000000114 ], [ 127.24083570200068, -0.133661153999912, 0.000000000000114 ], [ 127.240838734000647, -0.133446549999938, 0.000000000000114 ], [ 127.240860902552015, -0.133375150760882, 0.000000000000114 ], [ 127.240933821000752, -0.13314029899994, 0.000000000000114 ], [ 127.241019395000748, -0.132929753999948, 0.000000000000114 ], [ 127.241123979000648, -0.13273834999995, 0.000000000000114 ], [ 127.24130461200069, -0.132613945999908, 0.000000000000114 ], [ 127.241428202000719, -0.132537389999915, 0.000000000000114 ], [ 127.241432710810571, -0.132533456651931, 0.000000000000114 ], [ 127.2415353506792, -0.132443916760613, 0.000000000000114 ], [ 127.241570809000748, -0.132412983999927, 0.000000000000114 ], [ 127.241662873901802, -0.132281699384064, 0.000000000000114 ], [ 127.243227939908266, -0.134351687621567, 0.000000000000114 ], [ 127.225216026731687, -0.145442491380215, 0.000000000000114 ], [ 127.22218027536718, -0.147328183066719, 0.000000000000114 ], [ 127.201096480762345, -0.126532350584728, 0.000000000000114 ], [ 127.205108992470102, -0.122780749993155, 0.000000000000114 ], [ 127.205113006000786, -0.122782925999953, 0.000000000000114 ], [ 127.205274606000842, -0.122897780999925, 0.000000000000114 ], [ 127.205455220000815, -0.12299349799998, 0.000000000000114 ], [ 127.205607314000829, -0.12309878199996, 0.000000000000114 ], [ 127.205882999000835, -0.123060518999935, 0.000000000000114 ], [ 127.205917679827337, -0.12307099586597, 0.000000000000114 ], [ 127.20607312200076, -0.123117953999921, 0.000000000000114 ] ] ] ] } },
{ "type": "Feature", "properties": { "Id_zona": 13, "Zona": "Inti", "Sub_Zona": "Inti", "Luas": 88.934953212699995, "KKP": "Kepulauan Guraici" }, "geometry": { "type": "MultiPolygon", "coordinates": [ [ [ [ 127.222478261625326, -0.100800916140956, 0.000000000000114 ], [ 127.217959777135079, -0.107533708394032, 0.000000000000114 ], [ 127.213118899982945, -0.103941704421929, 0.000000000000114 ], [ 127.212032107518667, -0.103069296101879, 0.000000000000114 ], [ 127.217897711591206, -0.095128351812445, 0.000000000000114 ], [ 127.223648870273578, -0.099100391383818, 0.000000000000114 ], [ 127.222478261625326, -0.100800916140956, 0.000000000000114 ] ] ] ] } },
{ "type": "Feature", "properties": { "Id_zona": 25, "Zona": "Pemanfaatan Terbatas", "Sub_Zona": "Perikanan Budidaya", "Luas": 92.382716470399998, "KKP": "Kepulauan Guraici" }, "geometry": { "type": "MultiPolygon", "coordinates": [ [ [ [ 127.189171271000873, -0.017835302999968, 0.000000000000114 ], [ 127.189171182209407, -0.017942646123736, 0.000000000000114 ], [ 127.189169901348052, -0.018156598087436, 0.000000000000114 ], [ 127.189140481920177, -0.02306959440454, 0.000000000000114 ], [ 127.173816753042914, -0.023069594404555, 0.000000000000114 ], [ 127.173806760700757, -0.021926793810548, 0.000000000000114 ], [ 127.173807192401611, -0.021562359968867, 0.000000000000114 ], [ 127.173897251000952, -0.021583947999921, 0.000000000000114 ], [ 127.173989936000964, -0.021519349999917, 0.000000000000114 ], [ 127.173996033695303, -0.021510909391213, 0.000000000000114 ], [ 127.174104011000892, -0.021361443999936, 0.000000000000114 ], [ 127.17422521600092, -0.021282490999978, 0.000000000000114 ], [ 127.174234337088166, -0.021277482462001, 0.000000000000114 ], [ 127.174382068000966, -0.021196360999949, 0.000000000000114 ], [ 127.174507192464688, -0.021133378887704, 0.000000000000114 ], [ 127.174524661000945, -0.021124585999915, 0.000000000000114 ], [ 127.174603086000914, -0.021081520999895, 0.000000000000114 ], [ 127.174624478000894, -0.020866190999922, 0.000000000000114 ], [ 127.174645994605527, -0.02081925951728, 0.000000000000114 ], [ 127.174710036000931, -0.020679573999927, 0.000000000000114 ], [ 127.174724296000875, -0.020528842999956, 0.000000000000114 ], [ 127.174638743000898, -0.020370933999978, 0.000000000000114 ], [ 127.174617356000979, -0.020184314999942, 0.000000000000114 ], [ 127.174602972143674, -0.020039487701686, 0.000000000000114 ], [ 127.174595970000894, -0.019968984999918, 0.000000000000114 ], [ 127.174496157000902, -0.019839785999957, 0.000000000000114 ], [ 127.174353565000928, -0.019811073999916, 0.000000000000114 ], [ 127.174324925417039, -0.019814108744684, 0.000000000000114 ], [ 127.174218103000882, -0.01982542799991, 0.000000000000114 ], [ 127.174054122000868, -0.019796715999907, 0.000000000000114 ], [ 127.173904401000939, -0.019739291999905, 0.000000000000114 ], [ 127.173790327000873, -0.019775179999954, 0.000000000000114 ], [ 127.173791570579709, -0.019793961015912, 0.000000000000114 ], [ 127.173797456000969, -0.019882844999919, 0.000000000000114 ], [ 127.173790325000866, -0.019968975999967, 0.000000000000114 ], [ 127.173612086000915, -0.019933085999955, 0.000000000000114 ], [ 127.173540791000903, -0.019811064999944, 0.000000000000114 ], [ 127.173562181000932, -0.019739288999975, 0.000000000000114 ], [ 127.17354098576179, -0.019722874780577, 0.000000000000114 ], [ 127.173469496000919, -0.01966751099996, 0.000000000000114 ], [ 127.173392679108474, -0.019647336142124, 0.000000000000114 ], [ 127.173305516000894, -0.019624443999922, 0.000000000000114 ], [ 127.173177184000963, -0.019552665999901, 0.000000000000114 ], [ 127.173020335000885, -0.01942346699996, 0.000000000000114 ], [ 127.172934781000933, -0.019294267999961, 0.000000000000114 ], [ 127.172906264000943, -0.01915071499995, 0.000000000000114 ], [ 127.172911769239448, -0.019121619472155, 0.000000000000114 ], [ 127.17293478400093, -0.018999984999934, 0.000000000000114 ], [ 127.173048858000882, -0.018885142999946, 0.000000000000114 ], [ 127.173212841000847, -0.018791835999886, 0.000000000000114 ], [ 127.173334044000924, -0.018748770999901, 0.000000000000114 ], [ 127.173547932000901, -0.018720062999917, 0.000000000000114 ], [ 127.173731201232798, -0.018720064512062, 0.000000000000114 ], [ 127.173790339000945, -0.01872006499997, 0.000000000000114 ], [ 127.173918671000862, -0.018720065999918, 0.000000000000114 ], [ 127.174104040000969, -0.018784666999974, 0.000000000000114 ], [ 127.174239502000958, -0.018820557999923, 0.000000000000114 ], [ 127.175216258000958, -0.018784678999956, 0.000000000000114 ], [ 127.175287554000917, -0.018770324999892, 0.000000000000114 ], [ 127.17548718200095, -0.01882056999993, 0.000000000000114 ], [ 127.175629774000924, -0.018849282999932, 0.000000000000114 ], [ 127.17585792100094, -0.018921060999963, 0.000000000000114 ], [ 127.176064680000948, -0.018892352999942, 0.000000000000114 ], [ 127.176563752000959, -0.018870824999936, 0.000000000000114 ], [ 127.176711408941017, -0.018820391390439, 0.000000000000114 ], [ 127.176963012000954, -0.018734453999975, 0.000000000000114 ], [ 127.177111440543825, -0.018693124360699, 0.000000000000114 ], [ 127.177298105000958, -0.018641147999906, 0.000000000000114 ], [ 127.177444639357105, -0.018591976046711, 0.000000000000114 ], [ 127.177618939000851, -0.018533486999937, 0.000000000000114 ], [ 127.177904124000932, -0.01848324599995, 0.000000000000114 ], [ 127.178175050000903, -0.018425826999909, 0.000000000000114 ], [ 127.178213959482036, -0.018409334066562, 0.000000000000114 ], [ 127.178445976000845, -0.018310986999909, 0.000000000000114 ], [ 127.178745420000851, -0.018246391999956, 0.000000000000114 ], [ 127.17883734512381, -0.018227245823877, 0.000000000000114 ], [ 127.178952180000849, -0.018203327999933, 0.000000000000114 ], [ 127.179098525726275, -0.018224996080033, 0.000000000000114 ], [ 127.179194587000936, -0.018239218999906, 0.000000000000114 ], [ 127.179422473544605, -0.018344100179096, 0.000000000000114 ], [ 127.179444123000891, -0.018354063999935, 0.000000000000114 ], [ 127.179658009000846, -0.018533506999945, 0.000000000000114 ], [ 127.179829118000853, -0.01869859599997, 0.000000000000114 ], [ 127.180021617000932, -0.018834973999949, 0.000000000000114 ], [ 127.180121431000927, -0.018906750999976, 0.000000000000114 ], [ 127.180285411000924, -0.019064660999934, 0.000000000000114 ], [ 127.180494484000903, -0.019112842999951, 0.000000000000114 ], [ 127.180637077000853, -0.019033889999903, 0.000000000000114 ], [ 127.180908004000969, -0.018954938999957, 0.000000000000114 ], [ 127.181107634000938, -0.018919052999917, 0.000000000000114 ], [ 127.181293005000882, -0.018847277999929, 0.000000000000114 ], [ 127.18140707900092, -0.018818567999956, 0.000000000000114 ], [ 127.181556801000866, -0.018832924999958, 0.000000000000114 ], [ 127.181644309279065, -0.018816407633776, 0.000000000000114 ], [ 127.182013098000908, -0.018746797999923, 0.000000000000114 ], [ 127.182098654000825, -0.018753975999967, 0.000000000000114 ], [ 127.182184209000908, -0.018753976999923, 0.000000000000114 ], [ 127.182262636000829, -0.018739622999889, 0.000000000000114 ], [ 127.182305414000908, -0.018718090999918, 0.000000000000114 ], [ 127.182419487000885, -0.018725268999912, 0.000000000000114 ], [ 127.182512172000926, -0.01878269199996, 0.000000000000114 ], [ 127.182626246000851, -0.018861647999896, 0.000000000000114 ], [ 127.18273319000086, -0.018904713999956, 0.000000000000114 ], [ 127.182840134000926, -0.018904715999907, 0.000000000000114 ], [ 127.182890042000864, -0.018861649999931, 0.000000000000114 ], [ 127.182911433000882, -0.01872527399992, 0.000000000000114 ], [ 127.182954212000865, -0.018588897999949, 0.000000000000114 ], [ 127.18302550900097, -0.018474056999945, 0.000000000000114 ], [ 127.183160974000913, -0.018344858999959, 0.000000000000114 ], [ 127.183317828000909, -0.018115174999904, 0.000000000000114 ], [ 127.183424774000912, -0.017942911999981, 0.000000000000114 ], [ 127.18349607200085, -0.017756292999898, 0.000000000000114 ], [ 127.18353172200095, -0.017555317999946, 0.000000000000114 ], [ 127.183553112000851, -0.017397408999944, 0.000000000000114 ], [ 127.183610152000853, -0.01721796699994, 0.000000000000114 ], [ 127.183802654000871, -0.017038526999929, 0.000000000000114 ], [ 127.184002284000869, -0.01696675199998, 0.000000000000114 ], [ 127.184223646959339, -0.016874705807038, 0.000000000000114 ], [ 127.184330249000837, -0.016830378999948, 0.000000000000114 ], [ 127.18451562000088, -0.016780136999896, 0.000000000000114 ], [ 127.184736639000946, -0.016765783999971, 0.000000000000114 ], [ 127.18481270166825, -0.01675912593081, 0.000000000000114 ], [ 127.184853427375231, -0.016755561046808, 0.000000000000114 ], [ 127.184900621000921, -0.016751429999909, 0.000000000000114 ], [ 127.185043213000924, -0.016844740999941, 0.000000000000114 ], [ 127.185157286000859, -0.016959584999918, 0.000000000000114 ], [ 127.185271359000865, -0.017088784999907, 0.000000000000114 ], [ 127.185413952000914, -0.017146207999902, 0.000000000000114 ], [ 127.185570804000861, -0.01718209799998, 0.000000000000114 ], [ 127.185713396000935, -0.017189275999924, 0.000000000000114 ], [ 127.185870248000839, -0.017189277999931, 0.000000000000114 ], [ 127.186034230000843, -0.017189279999962, 0.000000000000114 ], [ 127.186226730000854, -0.017232347999943, 0.000000000000114 ], [ 127.186397842000844, -0.017275414999936, 0.000000000000114 ], [ 127.186633119000831, -0.017368727999946, 0.000000000000114 ], [ 127.186875526000904, -0.017462040999891, 0.000000000000114 ], [ 127.187039508000936, -0.017476397999921, 0.000000000000114 ], [ 127.187167842000832, -0.017469220999935, 0.000000000000114 ], [ 127.187353213000847, -0.017440511999941, 0.000000000000114 ], [ 127.187567102000898, -0.017433335999921, 0.000000000000114 ], [ 127.187652659000833, -0.017433336999871, 0.000000000000114 ], [ 127.187816641000836, -0.017411805999881, 0.000000000000114 ], [ 127.187897376364788, -0.017401646773677, 0.000000000000114 ], [ 127.188101827000878, -0.017375919999949, 0.000000000000114 ], [ 127.188479698000833, -0.017383100999948, 0.000000000000114 ], [ 127.188608033000818, -0.017390279999962, 0.000000000000114 ], [ 127.188764884000875, -0.017469235999948, 0.000000000000114 ], [ 127.188817484394846, -0.017499496982087, 0.000000000000114 ], [ 127.18888217581835, -0.01753671392956, 0.000000000000114 ], [ 127.188914606000807, -0.017555370999938, 0.000000000000114 ], [ 127.18897354938575, -0.017575151439527, 0.000000000000114 ], [ 127.189021551000891, -0.017591259999917, 0.000000000000114 ], [ 127.189164145000859, -0.017548194999941, 0.000000000000114 ], [ 127.189221181000889, -0.017598439999924, 0.000000000000114 ], [ 127.189171273000881, -0.017727637999881, 0.000000000000114 ], [ 127.189171271000873, -0.017835302999968, 0.000000000000114 ] ] ] ] } },
{ "type": "Feature", "properties": { "Id_zona": 26, "Zona": "Pemanfaatan Terbatas", "Sub_Zona": "Perikanan Budidaya", "Luas": 11.210099333700001, "KKP": "Kepulauan Guraici" }, "geometry": { "type": "MultiPolygon", "coordinates": [ [ [ [ 127.206803204344354, -0.041394241608863, 0.000000000000114 ], [ 127.206772239000856, -0.041336343999931, 0.000000000000114 ], [ 127.206693814000886, -0.041207141999941, 0.000000000000114 ], [ 127.206622520000877, -0.041106650999939, 0.000000000000114 ], [ 127.206620862304021, -0.041086619561977, 0.000000000000114 ], [ 127.206615392000842, -0.041020516999921, 0.000000000000114 ], [ 127.206611872458225, -0.041007228957192, 0.000000000000114 ], [ 127.206586875000838, -0.040912850999959, 0.000000000000114 ], [ 127.206572619000838, -0.040776471999948, 0.000000000000114 ], [ 127.206536973000823, -0.040654448999935, 0.000000000000114 ], [ 127.206515586000805, -0.040539603999941, 0.000000000000114 ], [ 127.206479940000776, -0.040396047999934, 0.000000000000114 ], [ 127.206472813000886, -0.04027402499996, 0.000000000000114 ], [ 127.2064157810008, -0.040051512999969, 0.000000000000114 ], [ 127.206430042000832, -0.039958201999949, 0.000000000000114 ], [ 127.206430043000822, -0.039886424999951, 0.000000000000114 ], [ 127.206373008000753, -0.039757223999945, 0.000000000000114 ], [ 127.20630171500089, -0.039620843999937, 0.000000000000114 ], [ 127.206258937000754, -0.039549065999948, 0.000000000000114 ], [ 127.206187640000792, -0.039534708999945, 0.000000000000114 ], [ 127.206080694000846, -0.039534705999923, 0.000000000000114 ], [ 127.205995137000812, -0.039541881999956, 0.000000000000114 ], [ 127.205831151000865, -0.039671077999939, 0.000000000000114 ], [ 127.205752722000796, -0.039778742999914, 0.000000000000114 ], [ 127.205717072000851, -0.039807452999962, 0.000000000000114 ], [ 127.2056600340008, -0.039843340999944, 0.000000000000114 ], [ 127.205567346000819, -0.03989358299996, 0.000000000000114 ], [ 127.205488919000871, -0.039907936999947, 0.000000000000114 ], [ 127.20539623300084, -0.039907935999941, 0.000000000000114 ], [ 127.205275027000823, -0.039929465999931, 0.000000000000114 ], [ 127.205203728000782, -0.040015597999943, 0.000000000000114 ], [ 127.205125298000837, -0.040137617999949, 0.000000000000114 ], [ 127.205025479000767, -0.040317059999957, 0.000000000000114 ], [ 127.204954177000872, -0.040496502999899, 0.000000000000114 ], [ 127.204918525000778, -0.040640056999947, 0.000000000000114 ], [ 127.20489713400076, -0.040769256999957, 0.000000000000114 ], [ 127.204846519262418, -0.040860972611924, 0.000000000000114 ], [ 127.204825834000815, -0.040898454999932, 0.000000000000114 ], [ 127.204747404000784, -0.041013297999941, 0.000000000000114 ], [ 127.204654299075813, -0.041097652508344, 0.000000000000114 ], [ 127.204604806000759, -0.041142493999906, 0.000000000000114 ], [ 127.204490728000849, -0.041257335999954, 0.000000000000114 ], [ 127.204412299000808, -0.041343467999979, 0.000000000000114 ], [ 127.204226922000842, -0.04154444099993, 0.000000000000114 ], [ 127.204226917000781, -0.041759773999912, 0.000000000000114 ], [ 127.204223787615419, -0.041803866663156, 0.000000000000114 ], [ 127.204219785000802, -0.041860262999937, 0.000000000000114 ], [ 127.204041542000766, -0.041888968999954, 0.000000000000114 ], [ 127.20394885300081, -0.041953567999931, 0.000000000000114 ], [ 127.203856165000829, -0.042082764999981, 0.000000000000114 ], [ 127.203827643000821, -0.042211963999935, 0.000000000000114 ], [ 127.203834769000821, -0.04234834199996, 0.000000000000114 ], [ 127.203834766000867, -0.042484719999955, 0.000000000000114 ], [ 127.203777725000748, -0.042642628999943, 0.000000000000114 ], [ 127.203758288733013, -0.042701325661291, 0.000000000000114 ], [ 127.203747708987194, -0.042733276019005, 0.000000000000114 ], [ 127.202701334059554, -0.042104584984931, 0.000000000000114 ], [ 127.204146344057122, -0.039673747566435, 0.000000000000114 ], [ 127.204716740080215, -0.038812427534032, 0.000000000000114 ], [ 127.207616161157731, -0.038879482095725, 0.000000000000114 ], [ 127.207492488388127, -0.042966029875568, 0.000000000000114 ], [ 127.206587241102341, -0.042961903311851, 0.000000000000114 ], [ 127.206601088000809, -0.042944161999976, 0.000000000000114 ], [ 127.206743686000834, -0.042807787999943, 0.000000000000114 ], [ 127.206786468000743, -0.042664232999931, 0.000000000000114 ], [ 127.206786472000815, -0.042506321999953, 0.000000000000114 ], [ 127.206793604000779, -0.042362765999919, 0.000000000000114 ], [ 127.206786479000755, -0.042183321999956, 0.000000000000114 ], [ 127.206743703000797, -0.042039764999939, 0.000000000000114 ], [ 127.206779356000823, -0.041874676999935, 0.000000000000114 ], [ 127.206850657000757, -0.041709589999879, 0.000000000000114 ], [ 127.206872050000783, -0.041558856999913, 0.000000000000114 ], [ 127.206822145000785, -0.041429655999889, 0.000000000000114 ], [ 127.206803204344354, -0.041394241608863, 0.000000000000114 ] ] ] ] } },
{ "type": "Feature", "properties": { "Id_zona": 27, "Zona": "Pemanfaatan Terbatas", "Sub_Zona": "Perikanan Budidaya", "Luas": 1.2752493337099999, "KKP": "Kepulauan Guraici" }, "geometry": { "type": "MultiPolygon", "coordinates": [ [ [ [ 127.225133690000717, -0.022464991999923, 0.000000000000114 ], [ 127.225271533000765, -0.022493704999902, 0.000000000000114 ], [ 127.225390363000798, -0.022417142999901, 0.000000000000114 ], [ 127.22539290026063, -0.022410409049777, 0.000000000000114 ], [ 127.225442650000787, -0.022278371999909, 0.000000000000114 ], [ 127.225450997329602, -0.022219551932577, 0.000000000000114 ], [ 127.225450468950953, -0.023066137394186, 0.000000000000114 ], [ 127.225387367926615, -0.023065662842978, 0.000000000000114 ], [ 127.22328598860696, -0.023082702330145, 0.000000000000114 ], [ 127.22325076059856, -0.023082987983579, 0.000000000000114 ], [ 127.223151636455981, -0.023083429920033, 0.000000000000114 ], [ 127.223165858000726, -0.023072691999927, 0.000000000000114 ], [ 127.223170569398491, -0.02307150629842, 0.000000000000114 ], [ 127.223216955108839, -0.023059832563634, 0.000000000000114 ], [ 127.22324958282654, -0.023051621256099, 0.000000000000114 ], [ 127.223274058085877, -0.023045461650156, 0.000000000000114 ], [ 127.223337491062082, -0.023029497686542, 0.000000000000114 ], [ 127.223394013000771, -0.023015272999916, 0.000000000000114 ], [ 127.223607907000783, -0.022929140999977, 0.000000000000114 ], [ 127.223645933000768, -0.022871717999926, 0.000000000000114 ], [ 127.223641182000776, -0.022766443999918, 0.000000000000114 ], [ 127.223636429000777, -0.022704235999927, 0.000000000000114 ], [ 127.223683963000823, -0.022598960999932, 0.000000000000114 ], [ 127.2238027930008, -0.022522398999936, 0.000000000000114 ], [ 127.223912117000779, -0.022498473999925, 0.000000000000114 ], [ 127.224040001109174, -0.022501401733361, 0.000000000000114 ], [ 127.224121258000807, -0.022503261999932, 0.000000000000114 ], [ 127.224335151000815, -0.022555901999962, 0.000000000000114 ], [ 127.224444474000776, -0.022651606999886, 0.000000000000114 ], [ 127.224648860000826, -0.022728173999907, 0.000000000000114 ], [ 127.224753431000778, -0.022675536999948, 0.000000000000114 ], [ 127.224764926530554, -0.022652391969485, 0.000000000000114 ], [ 127.224810471000751, -0.02256069299994, 0.000000000000114 ], [ 127.224896030000764, -0.022450632999917, 0.000000000000114 ], [ 127.224976837000781, -0.022206587999966, 0.000000000000114 ], [ 127.225029122000748, -0.022206588999906, 0.000000000000114 ], [ 127.225043382000763, -0.022249654999883, 0.000000000000114 ], [ 127.225057641000745, -0.022321433999942, 0.000000000000114 ], [ 127.225076652000809, -0.022378856999962, 0.000000000000114 ], [ 127.225087849490592, -0.022395766704814, 0.000000000000114 ], [ 127.225133690000717, -0.022464991999923, 0.000000000000114 ] ] ] ] } },
{ "type": "Feature", "properties": { "Id_zona": 23, "Zona": "Pemanfaatan Terbatas", "Sub_Zona": "Pariwisata", "Luas": 26.351899860300001, "KKP": "Kepulauan Guraici" }, "geometry": { "type": "MultiPolygon", "coordinates": [ [ [ [ 127.24996855384606, -0.025169686025874, 0.000000000000114 ], [ 127.250011159183032, -0.02529683127644, 0.000000000000114 ], [ 127.249945526000701, -0.025304171999926, 0.000000000000114 ], [ 127.249817188000691, -0.025296991999938, 0.000000000000114 ], [ 127.249667460000708, -0.025311345999955, 0.000000000000114 ], [ 127.24956764000062, -0.025426190999939, 0.000000000000114 ], [ 127.249489211000707, -0.025490791999937, 0.000000000000114 ], [ 127.24941535594516, -0.025501412271181, 0.000000000000114 ], [ 127.249389391000619, -0.025505145999943, 0.000000000000114 ], [ 127.249352884177483, -0.025508947694374, 0.000000000000114 ], [ 127.249182624000653, -0.025526677999945, 0.000000000000114 ], [ 127.248990140406093, -0.025577970010946, 0.000000000000114 ], [ 127.248940207000686, -0.025591275999924, 0.000000000000114 ], [ 127.248712051000751, -0.025591272999953, 0.000000000000114 ], [ 127.248220087000703, -0.025641510999941, 0.000000000000114 ], [ 127.247778033000657, -0.025749174999913, 0.000000000000114 ], [ 127.247307458000677, -0.025885548999936, 0.000000000000114 ], [ 127.246972351000707, -0.026072170999912, 0.000000000000114 ], [ 127.246209449000688, -0.026452589999956, 0.000000000000114 ], [ 127.245738873000704, -0.026696632999964, 0.000000000000114 ], [ 127.245467936000722, -0.026789941999933, 0.000000000000114 ], [ 127.245261168000724, -0.026868895999936, 0.000000000000114 ], [ 127.245040141000757, -0.02691913899995, 0.000000000000114 ], [ 127.244633738000715, -0.027012445999899, 0.000000000000114 ], [ 127.244262982000635, -0.027091397999915, 0.000000000000114 ], [ 127.243999177000731, -0.027141638999964, 0.000000000000114 ], [ 127.243763890000736, -0.02719188199995, 0.000000000000114 ], [ 127.243607032000739, -0.027249301999957, 0.000000000000114 ], [ 127.243357484000697, -0.027407212999953, 0.000000000000114 ], [ 127.243107936000754, -0.027557945999911, 0.000000000000114 ], [ 127.242872647000652, -0.027801990999916, 0.000000000000114 ], [ 127.242665878000693, -0.027995792999949, 0.000000000000114 ], [ 127.242551797000701, -0.028203950999937, 0.000000000000114 ], [ 127.242509016000724, -0.028311617999958, 0.000000000000114 ], [ 127.242516143000742, -0.02852695599993, 0.000000000000114 ], [ 127.242530400000703, -0.028727937999982, 0.000000000000114 ], [ 127.24257317600069, -0.028943275999946, 0.000000000000114 ], [ 127.242658730000656, -0.029165792999948, 0.000000000000114 ], [ 127.242708637000746, -0.029316529999966, 0.000000000000114 ], [ 127.242808452000716, -0.029546224999929, 0.000000000000114 ], [ 127.242894006000682, -0.029811809999924, 0.000000000000114 ], [ 127.242951042000712, -0.029962546999972, 0.000000000000114 ], [ 127.242965785189256, -0.030045670824787, 0.000000000000114 ], [ 127.24298668900073, -0.030163528999929, 0.000000000000114 ], [ 127.243005111728962, -0.03030729021772, 0.000000000000114 ], [ 127.243015204000656, -0.030386044999899, 0.000000000000114 ], [ 127.243036590000727, -0.030644450999924, 0.000000000000114 ], [ 127.243072235000767, -0.03093156799997, 0.000000000000114 ], [ 127.243125944212125, -0.031083650459922, 0.000000000000114 ], [ 127.241500755055029, -0.031043453703802, 0.000000000000114 ], [ 127.241481026179784, -0.026018913101967, 0.000000000000114 ], [ 127.249244708477903, -0.023207660169761, 0.000000000000114 ], [ 127.24988054807497, -0.024931140824454, 0.000000000000114 ], [ 127.24996855384606, -0.025169686025874, 0.000000000000114 ] ] ] ] } },
{ "type": "Feature", "properties": { "Id_zona": 15, "Zona": "Pemanfaatan Terbatas", "Sub_Zona": "Pariwisata", "Luas": 18.587507881499999, "KKP": "Kepulauan Guraici" }, "geometry": { "type": "MultiPolygon", "coordinates": [ [ [ [ 127.216746359000737, 0.143334351000033, 0.000000000000114 ], [ 127.216675060000767, 0.143353486000056, 0.000000000000114 ], [ 127.216575240000864, 0.143382190000096, 0.000000000000114 ], [ 127.216475422000755, 0.14340132300008, 0.000000000000114 ], [ 127.216389861000749, 0.143444383000051, 0.000000000000114 ], [ 127.216322126000762, 0.143473089000071, 0.000000000000114 ], [ 127.216231815000739, 0.143468297000087, 0.000000000000114 ], [ 127.216151011000818, 0.143468290000095, 0.000000000000114 ], [ 127.216027428000828, 0.143473066000108, 0.000000000000114 ], [ 127.215998909000803, 0.143473064000087, 0.000000000000114 ], [ 127.215842054000802, 0.143477837000029, 0.000000000000114 ], [ 127.215704210000766, 0.143482611000031, 0.000000000000114 ], [ 127.215457043000711, 0.143496947000101, 0.000000000000114 ], [ 127.2153619740008, 0.143563932000101, 0.000000000000114 ], [ 127.21530493100083, 0.143626136000048, 0.000000000000114 ], [ 127.215247886000768, 0.143712265000088, 0.000000000000114 ], [ 127.215233614000823, 0.143884532000065, 0.000000000000114 ], [ 127.215233608000787, 0.143956309000032, 0.000000000000114 ], [ 127.215171810000754, 0.144047224000108, 0.000000000000114 ], [ 127.21511476400083, 0.144142923000072, 0.000000000000114 ], [ 127.215075186249933, 0.144142919972305, 0.000000000000114 ], [ 127.215069723051116, 0.146737355823517, 0.000000000000114 ], [ 127.219627427918212, 0.146778417037717, 0.000000000000114 ], [ 127.219667264321345, 0.144240499876927, 0.000000000000114 ], [ 127.219672053994884, 0.144048100677641, 0.000000000000114 ], [ 127.219655259000803, 0.144061932000078, 0.000000000000114 ], [ 127.219598218000797, 0.144100210000067, 0.000000000000114 ], [ 127.219564942000744, 0.144138489000086, 0.000000000000114 ], [ 127.219531074157615, 0.144147010142198, 0.000000000000114 ], [ 127.219507903000761, 0.14415284000007, 0.000000000000114 ], [ 127.219427099000796, 0.144148048000108, 0.000000000000114 ], [ 127.219379569000765, 0.144133689000099, 0.000000000000114 ], [ 127.219355804000813, 0.144114546000072, 0.000000000000114 ], [ 127.219327287000766, 0.144076263000041, 0.000000000000114 ], [ 127.219308277000806, 0.144037979000132, 0.000000000000114 ], [ 127.219294021000806, 0.143994911000084, 0.000000000000114 ], [ 127.219313039000809, 0.143927919000032, 0.000000000000114 ], [ 127.219365328000819, 0.143889642000093, 0.000000000000114 ], [ 127.219412862000766, 0.143856149000079, 0.000000000000114 ], [ 127.21941286500082, 0.143813082000132, 0.000000000000114 ], [ 127.219403362000847, 0.143779584000096, 0.000000000000114 ], [ 127.219365340000792, 0.143722159000077, 0.000000000000114 ], [ 127.219341578000737, 0.143683876000134, 0.000000000000114 ], [ 127.2192988000008, 0.143659946000098, 0.000000000000114 ], [ 127.219218000000808, 0.143607302000033, 0.000000000000114 ], [ 127.219151458000766, 0.143569015000044, 0.000000000000114 ], [ 127.219108684000759, 0.143516374000097, 0.000000000000114 ], [ 127.219080175000755, 0.143377601000121, 0.000000000000114 ], [ 127.219042154000732, 0.14332496100012, 0.000000000000114 ], [ 127.21902314700074, 0.143253181000093, 0.000000000000114 ], [ 127.219037409000791, 0.143219685000019, 0.000000000000114 ], [ 127.219046918000814, 0.143181405000108, 0.000000000000114 ], [ 127.219051675000784, 0.143128767000123, 0.000000000000114 ], [ 127.219050278255565, 0.14312032611338, 0.000000000000114 ], [ 127.219042173000759, 0.143071344000025, 0.000000000000114 ], [ 127.219027916000783, 0.143047417000086, 0.000000000000114 ], [ 127.218994646000795, 0.143004347000095, 0.000000000000114 ], [ 127.218942363000821, 0.142975632000076, 0.000000000000114 ], [ 127.218880572000828, 0.142966057000047, 0.000000000000114 ], [ 127.218833041000778, 0.142961268000014, 0.000000000000114 ], [ 127.218776003000727, 0.142961263000083, 0.000000000000114 ], [ 127.21871896300074, 0.142966044000051, 0.000000000000114 ], [ 127.218614388000844, 0.143028244000045, 0.000000000000114 ], [ 127.218581114000742, 0.143066523000096, 0.000000000000114 ], [ 127.218548130895996, 0.143118692148057, 0.000000000000114 ], [ 127.218547837000784, 0.14311915700009, 0.000000000000114 ], [ 127.218519314000787, 0.143171793000026, 0.000000000000114 ], [ 127.218471777000786, 0.143233997000046, 0.000000000000114 ], [ 127.218442440405241, 0.143260841985534, 0.000000000000114 ], [ 127.218419488000805, 0.143281845000036, 0.000000000000114 ], [ 127.218357692000779, 0.143339263000036, 0.000000000000114 ], [ 127.218319664000802, 0.143377542000081, 0.000000000000114 ], [ 127.218281635000736, 0.143420606000058, 0.000000000000114 ], [ 127.218224590000801, 0.143497164000064, 0.000000000000114 ], [ 127.218191314000748, 0.143545014000084, 0.000000000000114 ], [ 127.218163183578298, 0.143573329757888, 0.000000000000114 ], [ 127.218086736000743, 0.143650281000012, 0.000000000000114 ], [ 127.218024943000799, 0.143659846000123, 0.000000000000114 ], [ 127.217967905000762, 0.143659841000036, 0.000000000000114 ], [ 127.217938019162659, 0.143659839428246, 0.000000000000114 ], [ 127.217929879000792, 0.143659839000098, 0.000000000000114 ], [ 127.217887103000777, 0.14362633900008, 0.000000000000114 ], [ 127.217820561000792, 0.143588051000049, 0.000000000000114 ], [ 127.217654209000855, 0.143468408000069, 0.000000000000114 ], [ 127.217639957000785, 0.143367918000022, 0.000000000000114 ], [ 127.217592426000721, 0.143358344000058, 0.000000000000114 ], [ 127.217478350000803, 0.143339194000018, 0.000000000000114 ], [ 127.217435573000827, 0.143324835000061, 0.000000000000114 ], [ 127.217359525000745, 0.143281762000118, 0.000000000000114 ], [ 127.217310546553847, 0.143264606998649, 0.000000000000114 ], [ 127.217250205000767, 0.143243472000052, 0.000000000000114 ], [ 127.217235945000795, 0.143238685000075, 0.000000000000114 ], [ 127.217145636000765, 0.14322432200005, 0.000000000000114 ], [ 127.217074338000813, 0.143219532000065, 0.000000000000114 ], [ 127.217003036000762, 0.14327216300008, 0.000000000000114 ], [ 127.216912725000782, 0.143276942000073, 0.000000000000114 ], [ 127.216867415747075, 0.143292577160285, 0.000000000000114 ], [ 127.216746359000737, 0.143334351000033, 0.000000000000114 ] ] ] ] } },
{ "type": "Feature", "properties": { "Id_zona": 12, "Zona": "Inti", "Sub_Zona": "Inti", "Luas": 71.102736613499999, "KKP": "Kepulauan Guraici" }, "geometry": { "type": "MultiPolygon", "coordinates": [ [ [ [ 127.230670345783111, -0.088594113377359, 0.0 ], [ 127.225869905985505, -0.095747141072237, 0.0 ], [ 127.220289798088601, -0.091657833928607, 0.0 ], [ 127.225311060202415, -0.084784535186453, 0.0 ], [ 127.230670345783111, -0.088594113377359, 0.0 ] ] ] ] } },
{ "type": "Feature", "properties": { "Id_zona": 11, "Zona": "Inti", "Sub_Zona": "Inti", "Luas": 13.0128656679, "KKP": "Kepulauan Guraici" }, "geometry": { "type": "MultiPolygon", "coordinates": [ [ [ [ 127.271753076251287, -0.070408229734655, 0.000000000000114 ], [ 127.274116400636061, -0.073840342150281, 0.000000000000114 ], [ 127.271375169884024, -0.075664213739548, 0.000000000000114 ], [ 127.270042732635901, -0.076540309732141, 0.000000000000114 ], [ 127.270055592000645, -0.076378558999974, 0.000000000000114 ], [ 127.27012214500067, -0.076225429999927, 0.000000000000114 ], [ 127.270321788000615, -0.076129731999924, 0.000000000000114 ], [ 127.270454886000621, -0.076014888999934, 0.000000000000114 ], [ 127.27071157100066, -0.075861767999932, 0.000000000000114 ], [ 127.270873194000643, -0.075603365999917, 0.000000000000114 ], [ 127.271006295000575, -0.075431097999938, 0.000000000000114 ], [ 127.271177419000665, -0.075277973999956, 0.000000000000114 ], [ 127.271291508000701, -0.07504828199996, 0.000000000000114 ], [ 127.271348561000693, -0.074713307999963, 0.000000000000114 ], [ 127.271377094000627, -0.074387905999968, 0.000000000000114 ], [ 127.271462676000638, -0.07381366699995, 0.000000000000114 ], [ 127.271502638172763, -0.073564295333323, 0.000000000000114 ], [ 127.271510221000653, -0.073516976999919, 0.000000000000114 ], [ 127.271396152000634, -0.073229851999928, 0.000000000000114 ], [ 127.271301096000698, -0.072961867999934, 0.000000000000114 ], [ 127.271110972000642, -0.072722592999985, 0.000000000000114 ], [ 127.270949367000625, -0.072540742999918, 0.000000000000114 ], [ 127.270654669000578, -0.072330175999976, 0.000000000000114 ], [ 127.270378981000604, -0.072196175999989, 0.000000000000114 ], [ 127.27012230600063, -0.072071746999944, 0.000000000000114 ], [ 127.269884644000641, -0.07197603099995, 0.000000000000114 ], [ 127.269704020000646, -0.071937741999928, 0.000000000000114 ], [ 127.269428327000583, -0.071947300999943, 0.000000000000114 ], [ 127.269314247000608, -0.071947296999944, 0.000000000000114 ], [ 127.269029050000682, -0.071899432999948, 0.000000000000114 ], [ 127.268970708672455, -0.071880551513667, 0.000000000000114 ], [ 127.271753076251287, -0.070408229734655, 0.000000000000114 ] ] ] ] } }
]
}
