{
"type": "FeatureCollection",
"name": "zonasi_sula",
"crs": { "type": "name", "properties": { "name": "urn:ogc:def:crs:OGC:1.3:CRS84" } },
"features": [
{ "type": "Feature", "properties": { "OBJECTID_1": 948, "Luas": 5418.17, "Zona": "Pemanfaatan Terbatas", "Sub_Zona": "Perikanan Berkelanjutan", "KKP": "Kepulauan Sula", "Area": 2, "Notes": null, "Id_Zona": 7 }, "geometry": { "type": "MultiPolygon", "coordinates": [ [ [ [ 125.801710987000092, -1.913797631999955, 0.0 ], [ 125.79170216600005, -1.919814775999953, 0.0 ], [ 125.797462527000107, -1.92608742699997, 0.0 ], [ 125.808838636000019, -1.916072886999928, 0.0 ], [ 125.808979931000067, -1.910382290999962, 0.0 ], [ 125.807510774000093, -1.908085931999949, 0.0 ], [ 125.807814341000039, -1.907978198999956, 0.0 ], [ 125.808339519000015, -1.907749660999968, 0.0 ], [ 125.80874063300007, -1.907536015999938, 0.0 ], [ 125.809032365, -1.907388648999927, 0.0 ], [ 125.809346067000092, -1.907285312999932, 0.0 ], [ 125.809462795000059, -1.907248399999958, 0.0 ], [ 125.809856573000047, -1.907012732999931, 0.0 ], [ 125.809878435000087, -1.906990663999977, 0.0 ], [ 125.810272118000057, -1.906696243999932, 0.0 ], [ 125.81053458100007, -1.906504859999927, 0.0 ], [ 125.810804391000033, -1.906342840999969, 0.0 ], [ 125.811190977000024, -1.906173285999955, 0.0 ], [ 125.811752697000088, -1.905974064999953, 0.0 ], [ 125.812120891000063, -1.905836888999943, 0.0 ], [ 125.81626970800005, -1.913993418999951, 0.0 ], [ 125.828685169000096, -1.907526968999946, 0.0 ], [ 125.824727942000095, -1.90005559399998, 0.0 ], [ 125.824852368000052, -1.900003642999934, 0.0 ], [ 125.82523897100009, -1.899848776999931, 0.0 ], [ 125.825486962000014, -1.899738204999949, 0.0 ], [ 125.825545319000071, -1.899716076999937, 0.0 ], [ 125.825859026000103, -1.899620084999981, 0.0 ], [ 125.826223767000101, -1.899487287999932, 0.0 ], [ 125.827303332000042, -1.899052199999971, 0.0 ], [ 125.827690041000096, -1.898963432999949, 0.0 ], [ 125.828113175000112, -1.898830539999949, 0.0 ], [ 125.828572851000104, -1.898726962999945, 0.0 ], [ 125.828981505000115, -1.898667536999938, 0.0 ], [ 125.829288019000046, -1.898637654999959, 0.0 ], [ 125.829704008000022, -1.89860024799998, 0.0 ], [ 125.830273206000015, -1.89851852399994, 0.0 ], [ 125.830492119000041, -1.898481441999934, 0.0 ], [ 125.830655330000013, -1.898422488999927, 0.0 ], [ 125.830850304000023, -1.898333334999961, 0.0 ], [ 125.830859822000093, -1.898252433999971, 0.0 ], [ 125.830850304000023, -1.898166772999957, 0.0 ], [ 125.830831268000111, -1.898085870999978, 0.0 ], [ 125.830926447000024, -1.898047799999972, 0.0 ], [ 125.83104542, -1.89799069299994, 0.0 ], [ 125.831235777000074, -1.897933584999976, 0.0 ], [ 125.831402340000068, -1.897885996999946, 0.0 ], [ 125.831568901000082, -1.89783364799996, 0.0 ], [ 125.831711670000118, -1.897767023999961, 0.0 ], [ 125.831854437000061, -1.897714674999975, 0.0 ], [ 125.83214949, -1.897671844999934, 0.0 ], [ 125.832268463000105, -1.897595701999933, 0.0 ], [ 125.832449303000089, -1.89747196999997, 0.0 ], [ 125.832611106000058, -1.897429139999929, 0.0 ], [ 125.832777668000062, -1.897405344999925, 0.0 ], [ 125.833001337000042, -1.897391067999934, 0.0 ], [ 125.833367774000067, -1.897372032999954, 0.0 ], [ 125.833529577000036, -1.897333960999958, 0.0 ], [ 125.833900773000096, -1.89714360399995, 0.0 ], [ 125.834095889000082, -1.89706270299996, 0.0 ], [ 125.834271969000042, -1.896986559999959, 0.0 ], [ 125.834452809000027, -1.896924693999949, 0.0 ], [ 125.834624130000066, -1.896872345999952, 0.0 ], [ 125.834776415000078, -1.896815238999977, 0.0 ], [ 125.834985808000056, -1.896777167999971, 0.0 ], [ 125.835209477000035, -1.896753372999967, 0.0 ], [ 125.835357003000013, -1.896715300999972, 0.0 ], [ 125.835537842, -1.896648676999973, 0.0 ], [ 125.835713923000071, -1.896601087999954, 0.0 ], [ 125.835942351000085, -1.896567774999937, 0.0 ], [ 125.836099395000019, -1.896558256999924, 0.0 ], [ 125.83618505600009, -1.896543980999979, 0.0 ], [ 125.836327824000023, -1.896543980999979, 0.0 ], [ 125.83652293900002, -1.89651542699994, 0.0 ], [ 125.836660948000031, -1.896477354999945, 0.0 ], [ 125.836817992000078, -1.896363140999938, 0.0 ], [ 125.83689413500008, -1.896272721999935, 0.0 ], [ 125.837017868000089, -1.896229890999962, 0.0 ], [ 125.837265331000026, -1.896187060999978, 0.0 ], [ 125.837417617000028, -1.896139471999959, 0.0 ], [ 125.837593697000102, -1.896096641999975, 0.0 ], [ 125.837883991000012, -1.896087123999962, 0.0 ], [ 125.838036277000015, -1.896087123999962, 0.0 ], [ 125.838183804000096, -1.896034774999976, 0.0 ], [ 125.838293258000022, -1.895982427999968, 0.0 ], [ 125.838412231, -1.895958632999964, 0.0 ], [ 125.838545481000097, -1.895915801999934, 0.0 ], [ 125.83871204400009, -1.895868213999961, 0.0 ], [ 125.83894999000006, -1.895801587999927, 0.0 ], [ 125.839102275000073, -1.895753998999965, 0.0 ], [ 125.839344980000078, -1.895696891999933, 0.0 ], [ 125.839630516000057, -1.895649302999971, 0.0 ], [ 125.83995888100003, -1.895601713999952, 0.0 ], [ 125.840054060000057, -1.895568400999935, 0.0 ], [ 125.840344354000081, -1.89549225899998, 0.0 ], [ 125.840544229000102, -1.895449427999949, 0.0 ], [ 125.840701273000036, -1.895387561999939, 0.0 ], [ 125.840910666000013, -1.89530666099995, 0.0 ], [ 125.84111529900008, -1.89524479499994, 0.0 ], [ 125.841281862000073, -1.895192445999953, 0.0 ], [ 125.841343727000094, -1.895144857999981, 0.0 ], [ 125.841610227000047, -1.895111544999963, 0.0 ], [ 125.841624504000038, -1.895092508999937, 0.0 ], [ 125.84183865600005, -1.895063955999944, 0.0 ], [ 125.842057566000108, -1.895025884999939, 0.0 ], [ 125.842285994, -1.895025884999939, 0.0 ], [ 125.842490628000064, -1.895025884999939, 0.0 ], [ 125.842709538, -1.895059195999977, 0.0 ], [ 125.842904653000119, -1.89510202699995, 0.0 ], [ 125.843018868000058, -1.895135338999978, 0.0 ], [ 125.843313921000117, -1.895187687999965, 0.0 ], [ 125.843532832000051, -1.895249552999928, 0.0 ], [ 125.843813608000119, -1.895354248999979, 0.0 ], [ 125.84400396500007, -1.895425633999935, 0.0 ], [ 125.844213358000047, -1.895487498999955, 0.0 ], [ 125.84442750900007, -1.895549365999955, 0.0 ], [ 125.844646419000014, -1.895639784999958, 0.0 ], [ 125.844955749000064, -1.895749240999976, 0.0 ], [ 125.845222249000017, -1.895858694999959, 0.0 ], [ 125.845498267000039, -1.895987185999957, 0.0 ], [ 125.845750489000011, -1.896091881999951, 0.0 ], [ 125.846016988000088, -1.896187060999978, 0.0 ], [ 125.846312042000022, -1.896220373999938, 0.0 ], [ 125.84659281800009, -1.896315551999976, 0.0 ], [ 125.846821247000094, -1.896386935999942, 0.0 ], [ 125.847163889000058, -1.896448801999952, 0.0 ], [ 125.847335210000097, -1.896496390999971, 0.0 ], [ 125.847573156000067, -1.896572533999972, 0.0 ], [ 125.847782549000044, -1.896653434999962, 0.0 ], [ 125.848272718000089, -1.89676289099998, 0.0 ], [ 125.848486869000112, -1.896834274999947, 0.0 ], [ 125.84881999400011, -1.896962764999955, 0.0 ], [ 125.849100770000064, -1.897053184999947, 0.0 ], [ 125.849424377000105, -1.897148363999975, 0.0 ], [ 125.849624252000012, -1.897219746999951, 0.0 ], [ 125.849871716000052, -1.897343478999971, 0.0 ], [ 125.85001924200003, -1.897414862999938, 0.0 ], [ 125.850280983000061, -1.89750528299993, 0.0 ], [ 125.850552242000049, -1.897609978999981, 0.0 ], [ 125.850714045000018, -1.897643290999952, 0.0 ], [ 125.850909161000118, -1.897695639999938, 0.0 ], [ 125.851109035000036, -1.897757504999959, 0.0 ], [ 125.851232768000045, -1.897790817999976, 0.0 ], [ 125.851370776000067, -1.897843165999973, 0.0 ], [ 125.851513544000113, -1.897909790999961, 0.0 ], [ 125.851851428000032, -1.89799069299994, 0.0 ], [ 125.852037025000072, -1.898085870999978, 0.0 ], [ 125.852365391000035, -1.898233397999945, 0.0 ], [ 125.852603337000119, -1.898309539999957, 0.0 ], [ 125.852688998000076, -1.898342852999974, 0.0 ], [ 125.852874595000117, -1.89838092399998, 0.0 ], [ 125.853017363000049, -1.898409477999962, 0.0 ], [ 125.853174408000086, -1.898509414999978, 0.0 ], [ 125.853302898000038, -1.898533209999925, 0.0 ], [ 125.853550362000078, -1.898685494999938, 0.0 ], [ 125.853678853000019, -1.898747360999948, 0.0 ], [ 125.853812103000109, -1.898818744999971, 0.0 ], [ 125.853945353000086, -1.898899646999951, 0.0 ], [ 125.854097638000098, -1.898971029999927, 0.0 ], [ 125.854221370000118, -1.899032896999927, 0.0 ], [ 125.854383174000077, -1.899099520999926, 0.0 ], [ 125.854506906000097, -1.899170905999938, 0.0 ], [ 125.85458780700003, -1.899237529999937, 0.0 ], [ 125.854668709000066, -1.899327949999929, 0.0 ], [ 125.854792441000086, -1.899423127999967, 0.0 ], [ 125.854849548000061, -1.89946595899994, 0.0 ], [ 125.85501135100003, -1.899561136999978, 0.0 ], [ 125.855163637000032, -1.899627761999966, 0.0 ], [ 125.855344476000027, -1.899656315999948, 0.0 ], [ 125.855453931000056, -1.89968962699993, 0.0 ], [ 125.855630011000017, -1.899765769999931, 0.0 ], [ 125.855782297000019, -1.89982763699993, 0.0 ], [ 125.855948859000023, -1.899903778999942, 0.0 ], [ 125.856120180000062, -1.900003716999947, 0.0 ], [ 125.856267707000029, -1.900089376999972, 0.0 ], [ 125.856301019000057, -1.900113171999976, 0.0 ], [ 125.856410475000075, -1.900179796999964, 0.0 ], [ 125.856524689000025, -1.900255939999965, 0.0 ], [ 125.856676974000038, -1.900346358999968, 0.0 ], [ 125.856772153000065, -1.900408224999978, 0.0 ], [ 125.856848296000067, -1.900460572999975, 0.0 ], [ 125.85700058000009, -1.900512921999962, 0.0 ], [ 125.857138589000101, -1.900593822999951, 0.0 ], [ 125.857233768000015, -1.900679482999976, 0.0 ], [ 125.857367018000105, -1.900750866999942, 0.0 ], [ 125.857543098000065, -1.900807974999964, 0.0 ], [ 125.857690625000032, -1.90087935899993, 0.0 ], [ 125.857866705000106, -1.900965018999955, 0.0 ], [ 125.85803326700011, -1.901060196999936, 0.0 ], [ 125.858161758000051, -1.90114585799995, 0.0 ], [ 125.858256936000089, -1.901226759999929, 0.0 ], [ 125.858342596000057, -1.901260071999957, 0.0 ], [ 125.858532954000111, -1.901459946999978, 0.0 ], [ 125.858604338000077, -1.90156940199995, 0.0 ], [ 125.858785176000083, -1.901655062999964, 0.0 ], [ 125.858896508000043, -1.901657098999976, 0.0 ], [ 125.858963627000094, -1.901724408999939, 0.0 ], [ 125.859146378000105, -1.901893016999963, 0.0 ], [ 125.859336368000072, -1.902024891999929, 0.0 ], [ 125.859533693000117, -1.902178787999958, 0.0 ], [ 125.859709133000024, -1.902340063999929, 0.0 ], [ 125.85986996400004, -1.902494019999949, 0.0 ], [ 125.860059941000031, -1.902618550999932, 0.0 ], [ 125.860359391000088, -1.902735555999925, 0.0 ], [ 125.860541936000118, -1.902779314999975, 0.0 ], [ 125.860768275000055, -1.902823000999945, 0.0 ], [ 125.860914326000056, -1.902866821999964, 0.0 ], [ 125.861118902000044, -1.902991327999928, 0.0 ], [ 125.861242025000024, -1.903077957999926, 0.0 ], [ 125.861310340000045, -1.903176092999956, 0.0 ], [ 125.861394097000016, -1.903237007999962, 0.0 ], [ 125.861447397, -1.903286499999979, 0.0 ], [ 125.861637754000071, -1.903438785999924, 0.0 ], [ 125.861725318000026, -1.903533963999962, 0.0 ], [ 125.861835725000105, -1.903613914999937, 0.0 ], [ 125.861972782000066, -1.903705285999933, 0.0 ], [ 125.862090803000115, -1.903815692999956, 0.0 ], [ 125.862288774000035, -1.903903256999968, 0.0 ], [ 125.862380146000078, -1.903975591999938, 0.0 ], [ 125.862498167000012, -1.903990819999933, 0.0 ], [ 125.862547660000018, -1.903987013999938, 0.0 ], [ 125.862589538000066, -1.903994627999964, 0.0 ], [ 125.862639031000072, -1.90403269899997, 0.0 ], [ 125.862680910000108, -1.904028891999928, 0.0 ], [ 125.862798931000043, -1.90409742099996, 0.0 ], [ 125.86293218000003, -1.904181177999931, 0.0 ], [ 125.86311873000011, -1.904283970999927, 0.0 ], [ 125.863274823000097, -1.904344883999954, 0.0 ], [ 125.863476601000116, -1.904413412999929, 0.0 ], [ 125.863583201000097, -1.90447813399993, 0.0 ], [ 125.863796401000059, -1.904561891999947, 0.0 ], [ 125.863960107000025, -1.904607576999979, 0.0 ], [ 125.8641200080001, -1.90468371999998, 0.0 ], [ 125.864291328000036, -1.90479793399993, 0.0 ], [ 125.864485493000075, -1.904969254999969, 0.0 ], [ 125.864618743000051, -1.90508727699995, 0.0 ], [ 125.864744378000069, -1.905148189999977, 0.0 ], [ 125.86479006400009, -1.905209104999926, 0.0 ], [ 125.864839556000106, -1.905277632999969, 0.0 ], [ 125.864984227000036, -1.90541468999993, 0.0 ], [ 125.865094634000116, -1.905490832999931, 0.0 ], [ 125.865174585000091, -1.905540325999937, 0.0 ], [ 125.865304027000093, -1.905658346999928, 0.0 ], [ 125.865345906000016, -1.90571545399996, 0.0 ], [ 125.865494384000044, -1.905825860999926, 0.0 ], [ 125.865562912000087, -1.905924846999937, 0.0 ], [ 125.865612406000082, -1.905989567999939, 0.0 ], [ 125.865730426000027, -1.906103781999946, 0.0 ], [ 125.865783726000018, -1.906191345999957, 0.0 ], [ 125.865837027000111, -1.906256067999948, 0.0 ], [ 125.865901748000056, -1.906351245999929, 0.0 ], [ 125.865974083000083, -1.906473073999962, 0.0 ], [ 125.866019769000104, -1.906579674999932, 0.0 ], [ 125.866133984000044, -1.906701502999965, 0.0 ], [ 125.866194897000014, -1.906785259999936, 0.0 ], [ 125.866263426000046, -1.906872823999947, 0.0 ], [ 125.866293883000026, -1.906964194999944, 0.0 ], [ 125.866370026000027, -1.907074601999966, 0.0 ], [ 125.866442361000054, -1.907158358999936, 0.0 ], [ 125.86654515500004, -1.907196429999942, 0.0 ], [ 125.866613683000082, -1.907211659999973, 0.0 ], [ 125.866727897000032, -1.907219272999953, 0.0 ], [ 125.866861147, -1.907242115999964, 0.0 ], [ 125.866960132000031, -1.907272572999943, 0.0 ], [ 125.867089574000033, -1.90731445199998, 0.0 ], [ 125.867249475000108, -1.907409629999961, 0.0 ], [ 125.867359882000073, -1.907466737999925, 0.0 ], [ 125.867508360000102, -1.907516229999942, 0.0 ], [ 125.867611152000109, -1.907546687999968, 0.0 ], [ 125.867732981000017, -1.907584758999974, 0.0 ], [ 125.867873845000076, -1.907641865999949, 0.0 ], [ 125.868003287000079, -1.907672322999929, 0.0 ], [ 125.868182224000066, -1.907714201999966, 0.0 ], [ 125.868288823000057, -1.907740850999971, 0.0 ], [ 125.868429687000116, -1.907763693999925, 0.0 ], [ 125.868574359000036, -1.907813186999931, 0.0 ], [ 125.868696187000069, -1.907866486999978, 0.0 ], [ 125.86888654400002, -1.907946436999964, 0.0 ], [ 125.869023601000094, -1.907946436999964, 0.0 ], [ 125.869103550000091, -1.907976893999944, 0.0 ], [ 125.869240608000041, -1.908030193999934, 0.0 ], [ 125.869328171, -1.908091107999951, 0.0 ], [ 125.869423350000034, -1.908136793999972, 0.0 ], [ 125.86971269300011, -1.908289078999928, 0.0 ], [ 125.869941120000021, -1.908365221999929, 0.0 ], [ 125.870078178000085, -1.908426135999946, 0.0 ], [ 125.87035990600009, -1.908540349999953, 0.0 ], [ 125.870481734, -1.908605071999943, 0.0 ], [ 125.870599756000047, -1.908662178999975, 0.0 ], [ 125.870702549000043, -1.90871928599995, 0.0 ], [ 125.870847220000087, -1.908780199999967, 0.0 ], [ 125.871033770000054, -1.908856341999979, 0.0 ], [ 125.871159405000071, -1.908917256999928, 0.0 ], [ 125.871311691000074, -1.908981978999975, 0.0 ], [ 125.871521083000061, -1.909164720999968, 0.0 ], [ 125.871612455000104, -1.909198984999932, 0.0 ], [ 125.871806618000051, -1.909214212999927, 0.0 ], [ 125.871818040000107, -1.909214212999927, 0.0 ], [ 125.871894183000109, -1.909229441999969, 0.0 ], [ 125.872027433000085, -1.909313198999939, 0.0 ], [ 125.87214545300003, -1.909374113999945, 0.0 ], [ 125.872293932000048, -1.909461677999957, 0.0 ], [ 125.872446217000061, -1.909537819999969, 0.0 ], [ 125.872594696000078, -1.90962538399998, 0.0 ], [ 125.872739367, -1.909701526999925, 0.0 ], [ 125.872857388000057, -1.909777669999926, 0.0 ], [ 125.873013481000044, -1.909853812999927, 0.0 ], [ 125.873154345000103, -1.909941376999939, 0.0 ], [ 125.87327998, -1.910047976999977, 0.0 ], [ 125.873432266, -1.910131733999947, 0.0 ], [ 125.873595973000079, -1.910215490999974, 0.0 ], [ 125.873752066000065, -1.91031447599994, 0.0 ], [ 125.873911965000048, -1.910390618999941, 0.0 ], [ 125.874071865000019, -1.910474376999957, 0.0 ], [ 125.874182272000098, -1.910527675999958, 0.0 ], [ 125.874338365000085, -1.910619047999944, 0.0 ], [ 125.874532529000021, -1.91069899799993, 0.0 ], [ 125.874597250000079, -1.910759910999957, 0.0 ], [ 125.874692429000106, -1.910817017999932, 0.0 ], [ 125.874867557000016, -1.910900775999949, 0.0 ], [ 125.874993192000034, -1.911018795999951, 0.0 ], [ 125.875206392000109, -1.911110167999936, 0.0 ], [ 125.875366292000081, -1.911174888999938, 0.0 ], [ 125.875510964000114, -1.911220575999948, 0.0 ], [ 125.875724163000086, -1.911308138999971, 0.0 ], [ 125.875838377000036, -1.911376667999946, 0.0 ], [ 125.875975434000111, -1.911464231999958, 0.0 ], [ 125.876040155000055, -1.911513724999963, 0.0 ], [ 125.876154369000119, -1.911582252999949, 0.0 ], [ 125.876230512, -1.911608902999944, 0.0 ], [ 125.876340919000086, -1.911662202999935, 0.0 ], [ 125.876446418000114, -1.911690238999938, 0.0 ], [ 125.876542697000104, -1.911777368999935, 0.0 ], [ 125.876614081000071, -1.911811632999957, 0.0 ], [ 125.876739717000078, -1.911857318999978, 0.0 ], [ 125.876868208000019, -1.911934412999926, 0.0 ], [ 125.876990988000102, -1.911957255999937, 0.0 ], [ 125.877096636000033, -1.911951544999965, 0.0 ], [ 125.877179442000056, -1.911951544999965, 0.0 ], [ 125.87725368100007, -1.911962966999965, 0.0 ], [ 125.877350763000095, -1.91201721799996, 0.0 ], [ 125.877419291000024, -1.912068614999953, 0.0 ], [ 125.877487819000066, -1.912114300999974, 0.0 ], [ 125.877567769000052, -1.912154275999967, 0.0 ], [ 125.877673418000086, -1.912188539999931, 0.0 ], [ 125.877767644000073, -1.912251357999935, 0.0 ], [ 125.877913267000054, -1.912331307999978, 0.0 ], [ 125.878018915000098, -1.912385558999972, 0.0 ], [ 125.878187381000089, -1.91248264099994, 0.0 ], [ 125.878267331000075, -1.912539747999972, 0.0 ], [ 125.878375834000053, -1.912591144999965, 0.0 ], [ 125.87846149500001, -1.912631119999958, 0.0 ], [ 125.878581420000046, -1.912693937999961, 0.0 ], [ 125.878718477, -1.912762465999947, 0.0 ], [ 125.878855533000092, -1.912893811999936, 0.0 ], [ 125.879021144000035, -1.912996603999943, 0.0 ], [ 125.879252428000086, -1.913130806999959, 0.0 ], [ 125.879366641000047, -1.913205045999973, 0.0 ], [ 125.879517976000102, -1.913304982999932, 0.0 ], [ 125.879609347000041, -1.913396353999929, 0.0 ], [ 125.879737838000096, -1.913496291999934, 0.0 ], [ 125.879823498000064, -1.913570530999948, 0.0 ], [ 125.879963411000062, -1.913696165999966, 0.0 ], [ 125.88005763700005, -1.913776115999951, 0.0 ], [ 125.880146153000055, -1.913861775999976, 0.0 ], [ 125.880277499000044, -1.913987412999973, 0.0 ], [ 125.880394569000032, -1.91408163899996, 0.0 ], [ 125.880500217000076, -1.914161588999946, 0.0 ], [ 125.880597299000101, -1.914241538999931, 0.0 ], [ 125.880694381000012, -1.914332909999928, 0.0 ], [ 125.880745777000016, -1.914390017999949, 0.0 ], [ 125.880899967000119, -1.914464256999963, 0.0 ], [ 125.881005615000049, -1.914527073999977, 0.0 ], [ 125.881114118000028, -1.914621300999954, 0.0 ], [ 125.881216911000024, -1.914718382999979, 0.0 ], [ 125.88129686100001, -1.914821175999975, 0.0 ], [ 125.881399653000017, -1.914981074999957, 0.0 ], [ 125.88145105000001, -1.915075301999934, 0.0 ], [ 125.881536710000091, -1.915209502999971, 0.0 ], [ 125.881608094000057, -1.915320862999977, 0.0 ], [ 125.881708032, -1.915409377999936, 0.0 ], [ 125.881773705000114, -1.915489327999978, 0.0 ], [ 125.881890774000112, -1.915594975999966, 0.0 ], [ 125.881987856000023, -1.915700624999943, 0.0 ], [ 125.882067806, -1.915774863999957, 0.0 ], [ 125.882212167000034, -1.915851828999962, 0.0 ], [ 125.882409457000108, -1.915983684999958, 0.0 ], [ 125.882562929000073, -1.916100926999945, 0.0 ], [ 125.882672489000015, -1.916198582999925, 0.0 ], [ 125.882760292000057, -1.91627684599996, 0.0 ], [ 125.882826166000086, -1.916386891999935, 0.0 ], [ 125.882921432000103, -1.916614390999939, 0.0 ], [ 125.883023972000046, -1.916827188999946, 0.0 ], [ 125.883206775000076, -1.917025163999938, 0.0 ], [ 125.883455415000071, -1.917311153999947, 0.0 ], [ 125.883601711000097, -1.917501845999936, 0.0 ], [ 125.883696793000013, -1.917619186999957, 0.0 ], [ 125.883813894000014, -1.91780992899993, 0.0 ], [ 125.883967539000082, -1.918029983999929, 0.0 ], [ 125.884099176000063, -1.91818398199996, 0.0 ], [ 125.884289241000033, -1.918359912999961, 0.0 ], [ 125.884435415000098, -1.918477165999946, 0.0 ], [ 125.884720475000108, -1.918719029999977, 0.0 ], [ 125.88518112700001, -1.919210286999942, 0.0 ], [ 125.885539323000103, -1.919540151999968, 0.0 ], [ 125.885839031000046, -1.91981136499993, 0.0 ], [ 125.886182655000084, -1.920155942999941, 0.0 ], [ 125.886387380000087, -1.920368565999979, 0.0 ], [ 125.886606727000071, -1.920595852999952, 0.0 ], [ 125.886738340000079, -1.920735161999971, 0.0 ], [ 125.886943003000056, -1.920911066999963, 0.0 ], [ 125.887103738000064, -1.921006262999924, 0.0 ], [ 125.887279119000027, -1.921130809999966, 0.0 ], [ 125.887929579000115, -1.921643771999925, 0.0 ], [ 125.8886675870001, -1.922134552999978, 0.0 ], [ 125.889135304000092, -1.92248626099996, 0.0 ], [ 125.889347204000046, -1.922625432999951, 0.0 ], [ 125.889507951000041, -1.922727971999961, 0.0 ], [ 125.889734462000092, -1.922874462999971, 0.0 ], [ 125.889968221000117, -1.922991565999951, 0.0 ], [ 125.890158238000026, -1.92313811899993, 0.0 ], [ 125.890333669000029, -1.923292039999978, 0.0 ], [ 125.890552967000076, -1.923489948999929, 0.0 ], [ 125.890830631000085, -1.923673070999939, 0.0 ], [ 125.891006025000024, -1.923804960999973, 0.0 ], [ 125.891305697, -1.924054139999953, 0.0 ], [ 125.891583386000093, -1.924251948999938, 0.0 ], [ 125.891766042000086, -1.924361794999925, 0.0 ], [ 125.892021748000047, -1.924508233999973, 0.0 ], [ 125.892233636000014, -1.924640060999934, 0.0 ], [ 125.892503989000033, -1.924815850999948, 0.0 ], [ 125.893183620000059, -1.925314069999956, 0.0 ], [ 125.894097036000062, -1.925944075999951, 0.0 ], [ 125.89434545600011, -1.926097869999978, 0.0 ], [ 125.894593875000055, -1.926251665999928, 0.0 ], [ 125.894952025000066, -1.926552148999974, 0.0 ], [ 125.89518590900002, -1.926742687999933, 0.0 ], [ 125.895405183000094, -1.926925906999941, 0.0 ], [ 125.895653727000081, -1.927153139999973, 0.0 ], [ 125.895880349000095, -1.927365721999934, 0.0 ], [ 125.89593883900011, -1.927424371999962, 0.0 ], [ 125.89632635800001, -1.927827616999934, 0.0 ], [ 125.896757857000011, -1.928340942999967, 0.0 ], [ 125.897094322000044, -1.928766305999943, 0.0 ], [ 125.897555004000083, -1.929272236999964, 0.0 ], [ 125.897737884000094, -1.929514267999934, 0.0 ], [ 125.89789160600003, -1.929778379999959, 0.0 ], [ 125.898015959000077, -1.929939729999944, 0.0 ], [ 125.898191454000084, -1.930130366999947, 0.0 ], [ 125.89838889400005, -1.93035034199994, 0.0 ], [ 125.898703240000032, -1.930643552999925, 0.0 ], [ 125.89877634000004, -1.930709521999972, 0.0 ], [ 125.899288127000091, -1.931222706999961, 0.0 ], [ 125.89939783300008, -1.931354705999979, 0.0 ], [ 125.89955141900009, -1.931538036999939, 0.0 ], [ 125.899756234000051, -1.931802059999939, 0.0 ], [ 125.89985871600004, -1.931978134999952, 0.0 ], [ 125.899975771000072, -1.932139495999934, 0.0 ], [ 125.900217055000098, -1.932388768999942, 0.0 ], [ 125.900348707000035, -1.932550105999951, 0.0 ], [ 125.900597252000011, -1.932777334999969, 0.0 ], [ 125.90090422500009, -1.933026494999979, 0.0 ], [ 125.901094231000116, -1.933165699999961, 0.0 ], [ 125.901306220000038, -1.933356272999958, 0.0 ], [ 125.901576624000086, -1.933561431999976, 0.0 ], [ 125.901832456000079, -1.933781304999968, 0.0 ], [ 125.902037172000064, -1.933986576999928, 0.0 ], [ 125.902263771000094, -1.934184468999945, 0.0 ], [ 125.902519603000087, -1.934404339999958, 0.0 ], [ 125.902826564000065, -1.934646154999939, 0.0 ], [ 125.903133437000065, -1.934836563999966, 0.0 ], [ 125.903403730000036, -1.93497562999994, 0.0 ], [ 125.904207332000055, -1.93540752499996, 0.0 ], [ 125.904813718000014, -1.935751634999974, 0.0 ], [ 125.90538338500005, -1.935963620999928, 0.0 ], [ 125.90546370900006, -1.935985512999935, 0.0 ], [ 125.905660851000107, -1.936029234999978, 0.0 ], [ 125.90593100500007, -1.936087518999955, 0.0 ], [ 125.906281571000022, -1.936219100999949, 0.0 ], [ 125.906427659000087, -1.936284942999976, 0.0 ], [ 125.906668668000066, -1.936372650999942, 0.0 ], [ 125.906997288000071, -1.936474895999936, 0.0 ], [ 125.907435451000083, -1.936613669999929, 0.0 ], [ 125.907610208000051, -1.936682589999975, 0.0 ], [ 125.907995048000089, -1.936867991999975, 0.0 ], [ 125.908217765000018, -1.936953651999943, 0.0 ], [ 125.908571829000039, -1.937119263999932, 0.0 ], [ 125.908805968000024, -1.937204923999957, 0.0 ], [ 125.909005843000045, -1.937273451999943, 0.0 ], [ 125.909279956000091, -1.937370533999967, 0.0 ], [ 125.909451278, -1.937416219999932, 0.0 ], [ 125.909759656000119, -1.937501880999946, 0.0 ], [ 125.91022793400009, -1.937644647999946, 0.0 ], [ 125.910564865000083, -1.937747440999942, 0.0 ], [ 125.91084469000009, -1.937793125999974, 0.0 ], [ 125.911033143000054, -1.937844522999967, 0.0 ], [ 125.911198754000111, -1.937850232999949, 0.0 ], [ 125.911415761000058, -1.937844522999967, 0.0 ], [ 125.911627057000032, -1.937827390999928, 0.0 ], [ 125.911838353, -1.937793125999974, 0.0 ], [ 125.912129599000082, -1.937793125999974, 0.0 ], [ 125.912358027000096, -1.937810258999946, 0.0 ], [ 125.91237255100009, -1.937811065999938, 0.0 ], [ 125.912310508000019, -1.937956225999926, 0.0 ], [ 125.912286476000077, -1.93801220499995, 0.0 ], [ 125.912281747000065, -1.93802323999995, 0.0 ], [ 125.91125924500011, -1.940405702999954, 0.0 ], [ 125.907646824000039, -1.948822588999974, 0.0 ], [ 125.906908351000084, -1.950543185999948, 0.0 ], [ 125.865363014000081, -1.946176866999963, 0.0 ], [ 125.865308622000043, -1.946171487999948, 0.0 ], [ 125.865129439000043, -1.946158502999936, 0.0 ], [ 125.864949884000112, -1.946152741999924, 0.0 ], [ 125.864770243000066, -1.946154214999979, 0.0 ], [ 125.864673866000089, -1.946157988999971, 0.0 ], [ 125.808484841000109, -1.948965680999947, 0.0 ], [ 125.808401785000115, -1.948970606999978, 0.0 ], [ 125.808313123000062, -1.948977583999977, 0.0 ], [ 125.80531097100004, -1.949243932999934, 0.0 ], [ 125.788926878000098, -1.950697414999979, 0.0 ], [ 125.788750230000119, -1.950713084999961, 0.0 ], [ 125.788750250000021, -1.950703922999935, 0.0 ], [ 125.788783222, -1.935479025999939, 0.0 ], [ 125.788794551000024, -1.93022315099995, 0.0 ], [ 125.788807336000104, -1.924277248999942, 0.0 ], [ 125.788807367000118, -1.924277196999981, 0.0 ], [ 125.788828225000088, -1.91566710799998, 0.0 ], [ 125.788827777000051, -1.915455085999952, 0.0 ], [ 125.788928, -1.915377434999925, 0.0 ], [ 125.789154211000096, -1.915259164999952, 0.0 ], [ 125.789345705000073, -1.915187242999934, 0.0 ], [ 125.789455045000068, -1.915093421999927, 0.0 ], [ 125.789531483000019, -1.914966603999972, 0.0 ], [ 125.789602466000019, -1.914850811999941, 0.0 ], [ 125.789744644000052, -1.914751428999978, 0.0 ], [ 125.790012746000116, -1.914657347999935, 0.0 ], [ 125.790094819000046, -1.914629671999933, 0.0 ], [ 125.790247866000072, -1.914480695999941, 0.0 ], [ 125.790286019000064, -1.914375972999949, 0.0 ], [ 125.790335058000096, -1.914232676999973, 0.0 ], [ 125.790389643000026, -1.914133436999975, 0.0 ], [ 125.790586522000012, -1.914006422999933, 0.0 ], [ 125.79080538900007, -1.913934455999936, 0.0 ], [ 125.791002312000046, -1.913834982999958, 0.0 ], [ 125.791177337000022, -1.913735545999941, 0.0 ], [ 125.791412645000037, -1.913674568999966, 0.0 ], [ 125.791615167000032, -1.91365220299997, 0.0 ], [ 125.79181772600009, -1.913651871999946, 0.0 ], [ 125.791965521000066, -1.913640612999927, 0.0 ], [ 125.792085809000014, -1.91354677399994, 0.0 ], [ 125.792156773000102, -1.913419965999935, 0.0 ], [ 125.792194899000037, -1.913298719999943, 0.0 ], [ 125.792243902000109, -1.913133388999938, 0.0 ], [ 125.792342284000028, -1.913034077999953, 0.0 ], [ 125.79248455000004, -1.91298977799994, 0.0 ], [ 125.792708944000083, -1.912950851999938, 0.0 ], [ 125.792966052000111, -1.912829246999934, 0.0 ], [ 125.79310285300005, -1.912790464999944, 0.0 ], [ 125.793267, -1.91273511299994, 0.0 ], [ 125.793480400000021, -1.912668662999977, 0.0 ], [ 125.793754019000062, -1.912602113999981, 0.0 ], [ 125.793949104000035, -1.912538949999941, 0.0 ], [ 125.794027603000018, -1.912513532999981, 0.0 ], [ 125.794109704000107, -1.912502381999957, 0.0 ], [ 125.794268438000017, -1.912485595999954, 0.0 ], [ 125.794460056000048, -1.912490790999925, 0.0 ], [ 125.794602438000084, -1.912518098999954, 0.0 ], [ 125.794804996000039, -1.91251776699994, 0.0 ], [ 125.794974653000054, -1.912484438999968, 0.0 ], [ 125.795116946, -1.912456663999933, 0.0 ], [ 125.795330417000059, -1.912434280999946, 0.0 ], [ 125.795478229000082, -1.912434037999958, 0.0 ], [ 125.795571296000048, -1.912433885999974, 0.0 ], [ 125.795905215000062, -1.912416812999936, 0.0 ], [ 125.796250101000055, -1.912410738999938, 0.0 ], [ 125.796441709000078, -1.912410424999962, 0.0 ], [ 125.796671648000029, -1.912415555999928, 0.0 ], [ 125.797093284000084, -1.912475455999925, 0.0 ], [ 125.79727945400009, -1.91249718399996, 0.0 ], [ 125.797575256000073, -1.91260686499993, 0.0 ], [ 125.797827236000103, -1.912700092999955, 0.0 ], [ 125.798024470000087, -1.912793409999949, 0.0 ], [ 125.798155939000026, -1.912842768999951, 0.0 ], [ 125.798347645000035, -1.91290304599994, 0.0 ], [ 125.798457189000032, -1.912935915999981, 0.0 ], [ 125.798643385000105, -1.912974167999948, 0.0 ], [ 125.798774800000047, -1.912990477999926, 0.0 ], [ 125.799010276000104, -1.91303415699997, 0.0 ], [ 125.799234856000112, -1.91311090499994, 0.0 ], [ 125.799421087000042, -1.913171189999957, 0.0 ], [ 125.799574481000036, -1.913237037999977, 0.0 ], [ 125.799656679, -1.913286477999975, 0.0 ], [ 125.799799141000108, -1.913363359999948, 0.0 ], [ 125.7999525890001, -1.913462256999935, 0.0 ], [ 125.80010053400008, -1.913544638999952, 0.0 ], [ 125.800270352000098, -1.913610458999926, 0.0 ], [ 125.800456547000067, -1.91364871199994, 0.0 ], [ 125.80052773400007, -1.913659610999957, 0.0 ], [ 125.800838228000089, -1.913732967999977, 0.0 ], [ 125.801049921000072, -1.913739963999944, 0.0 ], [ 125.801247051000018, -1.913769017999925, 0.0 ], [ 125.801597467000079, -1.913797818999967, 0.0 ], [ 125.801710987000092, -1.913797631999955, 0.0 ] ] ] ] } },
{ "type": "Feature", "properties": { "OBJECTID_1": 949, "Luas": 100.68, "Zona": "Pemanfaatan Terbatas", "Sub_Zona": "Pariwisata", "KKP": "Kepulauan Sula", "Area": 2, "Notes": null, "Id_Zona": 4 }, "geometry": { "type": "MultiPolygon", "coordinates": [ [ [ [ 125.801710987000092, -1.913797631999955, 0.0 ], [ 125.801779950000082, -1.913797518999957, 0.0 ], [ 125.801940512000101, -1.913782565999952, 0.0 ], [ 125.802049859000022, -1.91369425399995, 0.0 ], [ 125.802064123000036, -1.913488586999961, 0.0 ], [ 125.802034711000033, -1.913356436999948, 0.0 ], [ 125.801975983000034, -1.91315088999994, 0.0 ], [ 125.801990343000057, -1.913003978999939, 0.0 ], [ 125.802128720000042, -1.912812796999958, 0.0 ], [ 125.802310941000087, -1.912650920999965, 0.0 ], [ 125.802376551000066, -1.912599401999955, 0.0 ], [ 125.802952578000031, -1.912216546999957, 0.0 ], [ 125.803273569000112, -1.912105853999947, 0.0 ], [ 125.803572674000065, -1.912002540999936, 0.0 ], [ 125.803878995000105, -1.911847804999979, 0.0 ], [ 125.804061179000087, -1.911663895999936, 0.0 ], [ 125.804221693000045, -1.911619565999956, 0.0 ], [ 125.804477133000091, -1.911597112999971, 0.0 ], [ 125.804674107000096, -1.91153068899996, 0.0 ], [ 125.804768735000039, -1.911368957999969, 0.0 ], [ 125.804885142000103, -1.911133745999962, 0.0 ], [ 125.805037903000084, -1.91081034299998, 0.0 ], [ 125.805168766000065, -1.910486974999969, 0.0 ], [ 125.805430873000091, -1.910075258999939, 0.0 ], [ 125.805598208000106, -1.909737142999973, 0.0 ], [ 125.805692682000085, -1.909479934999979, 0.0 ], [ 125.805801897000038, -1.909310834999928, 0.0 ], [ 125.806042452000042, -1.909112141999969, 0.0 ], [ 125.806363215000033, -1.90886190699996, 0.0 ], [ 125.806800624000061, -1.908523346999971, 0.0 ], [ 125.807157895000046, -1.908280395999952, 0.0 ], [ 125.807398521000096, -1.90812576899998, 0.0 ], [ 125.807510774000093, -1.908085931999949, 0.0 ], [ 125.808979931000067, -1.910382290999962, 0.0 ], [ 125.808838636000019, -1.916072886999928, 0.0 ], [ 125.797462527000107, -1.92608742699997, 0.0 ], [ 125.79170216600005, -1.919814775999953, 0.0 ], [ 125.801710987000092, -1.913797631999955, 0.0 ] ], [ [ 125.801740454000083, -1.915160645999947, 0.0 ], [ 125.801500605000115, -1.915263437999954, 0.0 ], [ 125.801397812000118, -1.915252016999943, 0.0 ], [ 125.801317862000019, -1.915194909999968, 0.0 ], [ 125.801180805000058, -1.915183488999958, 0.0 ], [ 125.800998063000065, -1.915183488999958, 0.0 ], [ 125.800883849000115, -1.915263437999954, 0.0 ], [ 125.800781055000016, -1.91536623099995, 0.0 ], [ 125.800689684000076, -1.915526129999932, 0.0 ], [ 125.800689684000076, -1.915640344999929, 0.0 ], [ 125.800735370000098, -1.915777401999947, 0.0 ], [ 125.800735370000098, -1.915937300999929, 0.0 ], [ 125.800735370000098, -1.916051515999925, 0.0 ], [ 125.800643999000044, -1.916199993999953, 0.0 ], [ 125.800529785000094, -1.916279943999939, 0.0 ], [ 125.800301356000091, -1.916279943999939, 0.0 ], [ 125.800164299000016, -1.916268521999939, 0.0 ], [ 125.799913028000105, -1.916268521999939, 0.0 ], [ 125.799741707000067, -1.916279943999939, 0.0 ], [ 125.799604650000106, -1.916337050999971, 0.0 ], [ 125.799376222000092, -1.916451264999978, 0.0 ], [ 125.799124951000067, -1.916542636999964, 0.0 ], [ 125.799033579000024, -1.916588321999939, 0.0 ], [ 125.798839416000078, -1.916725378999956, 0.0 ], [ 125.798633830000085, -1.916873856999928, 0.0 ], [ 125.798508194000078, -1.91694238499997, 0.0 ], [ 125.798336873000039, -1.917147970999963, 0.0 ], [ 125.798119866000093, -1.917330712999956, 0.0 ], [ 125.7979371240001, -1.917422084999941, 0.0 ], [ 125.797834331000104, -1.917479191999973, 0.0 ], [ 125.797708695000097, -1.917696198999977, 0.0 ], [ 125.797583060000079, -1.917821833999938, 0.0 ], [ 125.797480267000083, -1.91791320599998, 0.0 ], [ 125.797331789000054, -1.918038840999941, 0.0 ], [ 125.797217575000104, -1.918233004999934, 0.0 ], [ 125.797149046000072, -1.918461433999937, 0.0 ], [ 125.797057675000019, -1.91864417599993, 0.0 ], [ 125.796977725000033, -1.918792654999947, 0.0 ], [ 125.796852090000016, -1.91896397599993, 0.0 ], [ 125.796726454, -1.919123874999968, 0.0 ], [ 125.796669347000034, -1.919215246999954, 0.0 ], [ 125.796532290000073, -1.919363724999926, 0.0 ], [ 125.79632670400008, -1.919580731999929, 0.0 ], [ 125.796086855000112, -1.919729210999947, 0.0 ], [ 125.796006905000013, -1.91961499599995, 0.0 ], [ 125.795926955000027, -1.919580731999929, 0.0 ], [ 125.795767055000056, -1.919660681999972, 0.0 ], [ 125.795675684000116, -1.919763474999968, 0.0 ], [ 125.795641420000038, -1.919877688999975, 0.0 ], [ 125.795629999000084, -1.920060430999968, 0.0 ], [ 125.795641420000038, -1.920128959999943, 0.0 ], [ 125.795652841000106, -1.92024317399995, 0.0 ], [ 125.795755634000102, -1.920311702999925, 0.0 ], [ 125.795835584000088, -1.920380230999967, 0.0 ], [ 125.795835584000088, -1.920540129999949, 0.0 ], [ 125.795847005000041, -1.920871351999949, 0.0 ], [ 125.795847005000041, -1.920974143999956, 0.0 ], [ 125.795892691000063, -1.921076936999953, 0.0 ], [ 125.79601832700007, -1.921134043999928, 0.0 ], [ 125.796281019000048, -1.92120257299996, 0.0 ], [ 125.79644091900002, -1.921248257999935, 0.0 ], [ 125.796692190000044, -1.921271100999945, 0.0 ], [ 125.796829247000119, -1.921236836999981, 0.0 ], [ 125.79696630400008, -1.92122541599997, 0.0 ], [ 125.797160468000015, -1.92122541599997, 0.0 ], [ 125.797468846000015, -1.921305364999967, 0.0 ], [ 125.797583060000079, -1.921328207999977, 0.0 ], [ 125.797868596000058, -1.921328207999977, 0.0 ], [ 125.798165552000114, -1.921305364999967, 0.0 ], [ 125.798371138000107, -1.921156886999938, 0.0 ], [ 125.7985538800001, -1.921054094999931, 0.0 ], [ 125.798748044000035, -1.920951300999945, 0.0 ], [ 125.798862258000099, -1.920859929999949, 0.0 ], [ 125.798976472000049, -1.920700030999967, 0.0 ], [ 125.799113530000113, -1.920517287999928, 0.0 ], [ 125.799273429000095, -1.920380230999967, 0.0 ], [ 125.799490436000042, -1.92025459599995, 0.0 ], [ 125.799627493000116, -1.920220330999939, 0.0 ], [ 125.799901607000038, -1.920208909999928, 0.0 ], [ 125.80008435000002, -1.920197488999975, 0.0 ], [ 125.800221406000105, -1.920231752999939, 0.0 ], [ 125.800347042000112, -1.92026601699996, 0.0 ], [ 125.800506942000084, -1.92026601699996, 0.0 ], [ 125.800826741000037, -1.92026601699996, 0.0 ], [ 125.800952377000044, -1.92026601699996, 0.0 ], [ 125.801215069000023, -1.92024317399995, 0.0 ], [ 125.801386391000051, -1.92024317399995, 0.0 ], [ 125.80155771200009, -1.92024317399995, 0.0 ], [ 125.801820405000058, -1.920300280999925, 0.0 ], [ 125.801900354000054, -1.920323123999935, 0.0 ], [ 125.802025990000061, -1.920323123999935, 0.0 ], [ 125.802140204000011, -1.920208909999928, 0.0 ], [ 125.802254418000075, -1.920071851999978, 0.0 ], [ 125.802254418000075, -1.919911952999939, 0.0 ], [ 125.802368632000025, -1.919900531999929, 0.0 ], [ 125.802608481000107, -1.919740631999957, 0.0 ], [ 125.802734118000103, -1.919649260999961, 0.0 ], [ 125.802996810000081, -1.919466517999979, 0.0 ], [ 125.80306533800001, -1.919363724999926, 0.0 ], [ 125.803156710000053, -1.919180981999943, 0.0 ], [ 125.80325950200006, -1.919101031999958, 0.0 ], [ 125.803522194000038, -1.919021082999961, 0.0 ], [ 125.803682095000113, -1.918929711999965, 0.0 ], [ 125.80389910100007, -1.918804075999958, 0.0 ], [ 125.804059002000031, -1.918632754999976, 0.0 ], [ 125.804298851000112, -1.918484276999948, 0.0 ], [ 125.804481594000094, -1.918392904999962, 0.0 ], [ 125.804755707000027, -1.918164476999948, 0.0 ], [ 125.804949872000066, -1.917958891999945, 0.0 ], [ 125.805075507000083, -1.917753305999952, 0.0 ], [ 125.80517830000008, -1.91758198499997, 0.0 ], [ 125.805406728000094, -1.917444927999952, 0.0 ], [ 125.805715106000093, -1.917182234999927, 0.0 ], [ 125.805977799000061, -1.917045178999956, 0.0 ], [ 125.806160541000054, -1.916805328999942, 0.0 ], [ 125.806206226000086, -1.916588321999939, 0.0 ], [ 125.806423234000022, -1.916359892999935, 0.0 ], [ 125.806514605000075, -1.916177150999943, 0.0 ], [ 125.806617397000082, -1.916051515999925, 0.0 ], [ 125.806743034000078, -1.915868772999943, 0.0 ], [ 125.806822983000075, -1.915731715999925, 0.0 ], [ 125.806960040000035, -1.915571815999954, 0.0 ], [ 125.807062832000042, -1.915434758999936, 0.0 ], [ 125.807154204000085, -1.915240594999943, 0.0 ], [ 125.807199890000106, -1.915103537999926, 0.0 ], [ 125.807245576000014, -1.914897952999979, 0.0 ], [ 125.807314104000056, -1.914680945999976, 0.0 ], [ 125.807348368000021, -1.91439541099993, 0.0 ], [ 125.807348368000021, -1.914235509999969, 0.0 ], [ 125.807348368000021, -1.914052767999976, 0.0 ], [ 125.807302683000103, -1.913710125999955, 0.0 ], [ 125.807256997000081, -1.913527382999973, 0.0 ], [ 125.807177047000096, -1.913276111999949, 0.0 ], [ 125.80709709700011, -1.913093369999956, 0.0 ], [ 125.807051411000089, -1.912944891999928, 0.0 ], [ 125.806868669000096, -1.912819254999931, 0.0 ], [ 125.80678871900011, -1.912727883999935, 0.0 ], [ 125.806731612000021, -1.912716462999924, 0.0 ], [ 125.80648034100011, -1.912647934999939, 0.0 ], [ 125.806377548000114, -1.912613669999928, 0.0 ], [ 125.806263333000061, -1.912625091999928, 0.0 ], [ 125.806126277000089, -1.912647934999939, 0.0 ], [ 125.805954956000051, -1.91270504199997, 0.0 ], [ 125.805726527000047, -1.912750726999946, 0.0 ], [ 125.805555206, -1.912773569999956, 0.0 ], [ 125.805395307000026, -1.912853519999942, 0.0 ], [ 125.805223985000111, -1.912979155999949, 0.0 ], [ 125.805086928000037, -1.913127633999977, 0.0 ], [ 125.804881343000034, -1.913287532999959, 0.0 ], [ 125.804721443000062, -1.913413168999966, 0.0 ], [ 125.804504437000105, -1.913527382999973, 0.0 ], [ 125.804333115000077, -1.91363017599997, 0.0 ], [ 125.804093266000109, -1.913744389999977, 0.0 ], [ 125.803841994000095, -1.913847182999973, 0.0 ], [ 125.803556459000106, -1.913892868999937, 0.0 ], [ 125.803316609000035, -1.913904289999948, 0.0 ], [ 125.803145289000099, -1.913904289999948, 0.0 ], [ 125.80295112400006, -1.913858604999973, 0.0 ], [ 125.802768382000068, -1.913858604999973, 0.0 ], [ 125.802562796000075, -1.913881446999937, 0.0 ], [ 125.802357211000071, -1.913938553999969, 0.0 ], [ 125.802151625000079, -1.914132717999962, 0.0 ], [ 125.80200314700005, -1.914349724999965, 0.0 ], [ 125.801934618000018, -1.914372567999976, 0.0 ], [ 125.801854669000022, -1.914486781999926, 0.0 ], [ 125.801786140000104, -1.914635259999955, 0.0 ], [ 125.801797562000047, -1.914738052999951, 0.0 ], [ 125.801923197000065, -1.914795159999926, 0.0 ], [ 125.801900354000054, -1.914897952999979, 0.0 ], [ 125.801843247000079, -1.91503500999994, 0.0 ], [ 125.801740454000083, -1.915160645999947, 0.0 ] ] ] ] } },
{ "type": "Feature", "properties": { "OBJECTID_1": 950, "Luas": 153.97, "Zona": "Lainnya", "Sub_Zona": "Pelabuhan", "KKP": "Kepulauan Sula", "Area": 2, "Notes": null, "Id_Zona": 13 }, "geometry": { "type": "MultiPolygon", "coordinates": [ [ [ [ 125.812120891000063, -1.905836888999943, 0.0 ], [ 125.812307105000059, -1.905767512999944, 0.0 ], [ 125.812890662000086, -1.905531534999966, 0.0 ], [ 125.813116831000116, -1.90546506499993, 0.0 ], [ 125.813444950000076, -1.905251539999938, 0.0 ], [ 125.813597935000075, -1.905067679999945, 0.0 ], [ 125.813743693000106, -1.904927898999972, 0.0 ], [ 125.813780130000055, -1.904891116999977, 0.0 ], [ 125.814028005000068, -1.904707101999975, 0.0 ], [ 125.814516516000026, -1.904375803999926, 0.0 ], [ 125.814728002000038, -1.904257947999952, 0.0 ], [ 125.8150708390001, -1.904117841999948, 0.0 ], [ 125.815209428000117, -1.904058859999964, 0.0 ], [ 125.815355329000113, -1.904007209999975, 0.0 ], [ 125.815544930000101, -1.903896732999954, 0.0 ], [ 125.81583669500003, -1.903771400999972, 0.0 ], [ 125.816055504000019, -1.903668220999975, 0.0 ], [ 125.81628154100008, -1.903520962999949, 0.0 ], [ 125.816449184000021, -1.90337380099993, 0.0 ], [ 125.816609552000045, -1.903241339999965, 0.0 ], [ 125.816857474000017, -1.903086701999939, 0.0 ], [ 125.817193058000043, -1.902975985999944, 0.0 ], [ 125.817587011000114, -1.902850484999931, 0.0 ], [ 125.817980988000045, -1.902739672999928, 0.0 ], [ 125.818309237000108, -1.902606935999927, 0.0 ], [ 125.8185353450001, -1.902503743999944, 0.0 ], [ 125.819352519000063, -1.902296759999956, 0.0 ], [ 125.819892395000011, -1.902134297999964, 0.0 ], [ 125.820140435000098, -1.902053101999968, 0.0 ], [ 125.820680287000073, -1.901875951999955, 0.0 ], [ 125.821190942000044, -1.901698848999956, 0.0 ], [ 125.821562961000041, -1.901551350999966, 0.0 ], [ 125.821956888000045, -1.901411161999931, 0.0 ], [ 125.822314248000112, -1.901226966999957, 0.0 ], [ 125.822576851, -1.901123714999926, 0.0 ], [ 125.822868566000011, -1.900969005999968, 0.0 ], [ 125.823167509000086, -1.90077021899998, 0.0 ], [ 125.823422656000048, -1.90057150399997, 0.0 ], [ 125.823670636000088, -1.900453586999959, 0.0 ], [ 125.823831098000028, -1.900379880999935, 0.0 ], [ 125.82409378300008, -1.90032803899993, 0.0 ], [ 125.824516835000054, -1.900143735999961, 0.0 ], [ 125.824727942000095, -1.90005559399998, 0.0 ], [ 125.828685169000096, -1.907526968999946, 0.0 ], [ 125.81626970800005, -1.913993418999951, 0.0 ], [ 125.812120891000063, -1.905836888999943, 0.0 ] ] ] ] } },
{ "type": "Feature", "properties": { "OBJECTID_1": 957, "Luas": 80.63, "Zona": "Pemanfaatan Terbatas", "Sub_Zona": "Budidaya", "KKP": "Kepulauan Sula", "Area": 3, "Notes": null, "Id_Zona": 11 }, "geometry": { "type": "MultiPolygon", "coordinates": [ [ [ [ 126.477360923000106, -1.811469170999942, 0.0 ], [ 126.477327907000017, -1.811406043999966, 0.0 ], [ 126.47719918700011, -1.811337083999945, 0.0 ], [ 126.477088455000057, -1.811292161999972, 0.0 ], [ 126.477013585, -1.811235134999947, 0.0 ], [ 126.476929802000086, -1.811208214999965, 0.0 ], [ 126.476822112000036, -1.811190368999974, 0.0 ], [ 126.476741382000114, -1.811196542999937, 0.0 ], [ 126.47665173200005, -1.81122981599998, 0.0 ], [ 126.476594983000041, -1.811266033999971, 0.0 ], [ 126.476520199000106, -1.811254141999939, 0.0 ], [ 126.476469293000036, -1.811218131999965, 0.0 ], [ 126.4763615170001, -1.811155149999934, 0.0 ], [ 126.476292691000026, -1.811131209999928, 0.0 ], [ 126.476125204000027, -1.811119496999936, 0.0 ], [ 126.476056447000019, -1.811131666999927, 0.0 ], [ 126.475897995000082, -1.811153035999951, 0.0 ], [ 126.475793399000054, -1.811189346999925, 0.0 ], [ 126.475694795000095, -1.81123166499998, 0.0 ], [ 126.475611126000103, -1.811264925999978, 0.0 ], [ 126.475506467000059, -1.811268136999956, 0.0 ], [ 126.475440608000099, -1.81123215599996, 0.0 ], [ 126.475368786000104, -1.811205212999937, 0.0 ], [ 126.475294054000074, -1.811220401999947, 0.0 ], [ 126.475216372000091, -1.811256660999959, 0.0 ], [ 126.475147764000099, -1.811347065999939, 0.0 ], [ 126.475085063000051, -1.811398340999972, 0.0 ], [ 126.474986505000061, -1.811464730999944, 0.0 ], [ 126.474887918000036, -1.811516075999975, 0.0 ], [ 126.474657873000069, -1.811630864999927, 0.0 ], [ 126.474538347000021, -1.811679240999979, 0.0 ], [ 126.474367956000037, -1.811712669999963, 0.0 ], [ 126.474224541000012, -1.811779146999925, 0.0 ], [ 126.474152828000115, -1.811809375999928, 0.0 ], [ 126.474063132000083, -1.81181857699994, 0.0 ], [ 126.473928557000022, -1.811815826999975, 0.0 ], [ 126.473832863000098, -1.811816011999952, 0.0 ], [ 126.473614635000104, -1.81185555199994, 0.0 ], [ 126.473423431000015, -1.811952210999948, 0.0 ], [ 126.473309961000041, -1.812039693999964, 0.0 ], [ 126.473205525000026, -1.812160258999938, 0.0 ], [ 126.473121947000095, -1.812241664999931, 0.0 ], [ 126.473032401000069, -1.812329100999932, 0.0 ], [ 126.472975720000022, -1.812401428999976, 0.0 ], [ 126.472945902000106, -1.812446622999971, 0.0 ], [ 126.472865367000054, -1.812555104999944, 0.0 ], [ 126.472817703000032, -1.812651487999972, 0.0 ], [ 126.472796885000093, -1.812711709999974, 0.0 ], [ 126.47273111800007, -1.812723872999925, 0.0 ], [ 126.472641388000056, -1.812715018999938, 0.0 ], [ 126.472581493, -1.812669997999933, 0.0 ], [ 126.472485678000112, -1.812606992999974, 0.0 ], [ 126.472398880000014, -1.812568041999953, 0.0 ], [ 126.472288165, -1.812532146999956, 0.0 ], [ 126.472168507000106, -1.812511314999938, 0.0 ], [ 126.472039924000114, -1.812514571999941, 0.0 ], [ 126.471929289000059, -1.812520803999973, 0.0 ], [ 126.471836551000024, -1.812502927999958, 0.0 ], [ 126.471674998000026, -1.812467130999948, 0.0 ], [ 126.471534401000099, -1.812443329999951, 0.0 ], [ 126.471360892, -1.812410564999936, 0.0 ], [ 126.471063393, -1.812311764999947, 0.0 ], [ 126.470815938000101, -1.812183854999944, 0.0 ], [ 126.470604261000062, -1.811999705999938, 0.0 ], [ 126.470484437000096, -1.811891610999965, 0.0 ], [ 126.47034063600006, -1.811755475999973, 0.0 ], [ 126.470228786, -1.811647364999942, 0.0 ], [ 126.470104967000111, -1.811535263999929, 0.0 ], [ 126.470005056000105, -1.811415092999937, 0.0 ], [ 126.469929053000101, -1.811286851999967, 0.0 ], [ 126.469841035000059, -1.811130548999927, 0.0 ], [ 126.469784931000049, -1.810982208999974, 0.0 ], [ 126.469572826000103, -1.810573380999926, 0.0 ], [ 126.469492806000062, -1.810429098999975, 0.0 ], [ 126.46945667600005, -1.810300780999967, 0.0 ], [ 126.469456394000076, -1.810152332999962, 0.0 ], [ 126.469436313000074, -1.810076140999968, 0.0 ], [ 126.469360440000059, -1.810016105999978, 0.0 ], [ 126.46911315300008, -1.809976460999962, 0.0 ], [ 126.469033431000071, -1.809988650999969, 0.0 ], [ 126.468945726000015, -1.809996843999954, 0.0 ], [ 126.468750373000034, -1.810009256999933, 0.0 ], [ 126.468638791000103, -1.810041568999964, 0.0 ], [ 126.46849133, -1.81007796199998, 0.0 ], [ 126.468276148000086, -1.810146582999948, 0.0 ], [ 126.468072995000057, -1.81025128999994, 0.0 ], [ 126.467953537000085, -1.810335773999952, 0.0 ], [ 126.467849960000081, -1.810384118999934, 0.0 ], [ 126.467766311000105, -1.810428413999944, 0.0 ], [ 126.467678713000055, -1.810492776999979, 0.0 ], [ 126.467603123000117, -1.810581188999947, 0.0 ], [ 126.46754348200011, -1.810669570999949, 0.0 ], [ 126.467483780000066, -1.810725855999976, 0.0 ], [ 126.467388146000076, -1.810758136999937, 0.0 ], [ 126.467280497000047, -1.81076235699993, 0.0 ], [ 126.467184788000054, -1.810754516999964, 0.0 ], [ 126.467084968000108, -1.810682490999966, 0.0 ], [ 126.467036945000018, -1.810590303999959, 0.0 ], [ 126.467036709000013, -1.810465928999974, 0.0 ], [ 126.467080363000036, -1.810357516999943, 0.0 ], [ 126.467100162000065, -1.810285259999944, 0.0 ], [ 126.467056164000041, -1.81021312699994, 0.0 ], [ 126.466972355000053, -1.810173166999959, 0.0 ], [ 126.466820755000072, -1.810129324999934, 0.0 ], [ 126.466720974000054, -1.81007735999998, 0.0 ], [ 126.46661318800011, -1.81000936099997, 0.0 ], [ 126.466409562000081, -1.809865315999957, 0.0 ], [ 126.4661303150001, -1.809793634999949, 0.0 ], [ 126.465998697000032, -1.809773827999948, 0.0 ], [ 126.46586306100005, -1.809737979999966, 0.0 ], [ 126.465575794000074, -1.809642240999949, 0.0 ], [ 126.465416264000055, -1.809622487999945, 0.0 ], [ 126.465284684000039, -1.809622740999941, 0.0 ], [ 126.465165073000094, -1.80962698299993, 0.0 ], [ 126.465101399000105, -1.80969129999994, 0.0 ], [ 126.465085625000029, -1.809783608999965, 0.0 ], [ 126.465089749000072, -1.809855819999939, 0.0 ], [ 126.465006108000011, -1.809904126999925, 0.0 ], [ 126.464894464000054, -1.809904340999935, 0.0 ], [ 126.464814680000018, -1.809884433999969, 0.0 ], [ 126.46468299300011, -1.809828517999961, 0.0 ], [ 126.464575192000098, -1.809752493999952, 0.0 ], [ 126.464483324000071, -1.809668415999965, 0.0 ], [ 126.464367357000015, -1.809492104999947, 0.0 ], [ 126.46435128600001, -1.809427941999957, 0.0 ], [ 126.464279325, -1.809327775999975, 0.0 ], [ 126.464155635000111, -1.809283880999942, 0.0 ], [ 126.463984174000075, -1.809280197999954, 0.0 ], [ 126.46357764600009, -1.809373258999926, 0.0 ], [ 126.463402282000061, -1.809413717999973, 0.0 ], [ 126.463250879000043, -1.809474190999936, 0.0 ], [ 126.463023649000093, -1.809498700999939, 0.0 ], [ 126.462621016000071, -1.809543608999945, 0.0 ], [ 126.462409751000109, -1.809576111999945, 0.0 ], [ 126.46222243200009, -1.809620605999953, 0.0 ], [ 126.4620231130001, -1.809645061999959, 0.0 ], [ 126.461959270000079, -1.809621111999945, 0.0 ], [ 126.46185149900009, -1.809561136999946, 0.0 ], [ 126.461743789000025, -1.809533258999977, 0.0 ], [ 126.461620175, -1.809529483999938, 0.0 ], [ 126.461440716000084, -1.809513780999964, 0.0 ], [ 126.461313123000082, -1.809514025999931, 0.0 ], [ 126.461105837000105, -1.809542508999925, 0.0 ], [ 126.461006207000082, -1.809570785999938, 0.0 ], [ 126.460782995000045, -1.809611335999932, 0.0 ], [ 126.460639513000046, -1.809643708999943, 0.0 ], [ 126.460484138000083, -1.809712214999934, 0.0 ], [ 126.46039255900007, -1.809780596999929, 0.0 ], [ 126.460292975000016, -1.809832946999961, 0.0 ], [ 126.460185440000032, -1.809897347999936, 0.0 ], [ 126.46007785900008, -1.809937675999947, 0.0 ], [ 126.459974235000118, -1.809961948999955, 0.0 ], [ 126.459934400000066, -1.809982085999934, 0.0 ], [ 126.459922484000117, -1.810006181999938, 0.0 ], [ 126.459942603000059, -1.810102434999976, 0.0 ], [ 126.459994506000044, -1.81013844499995, 0.0 ], [ 126.460070334000079, -1.810174407999966, 0.0 ], [ 126.460122222000109, -1.81020239399993, 0.0 ], [ 126.4601343060001, -1.810266564999949, 0.0 ], [ 126.460130448000086, -1.810334778999959, 0.0 ], [ 126.460130631000084, -1.810431070999925, 0.0 ], [ 126.460190631000046, -1.810531259999948, 0.0 ], [ 126.460274478000088, -1.810591280999972, 0.0 ], [ 126.460390225000083, -1.81065124099996, 0.0 ], [ 126.460462148000033, -1.810731345999955, 0.0 ], [ 126.460550052000031, -1.810827467999957, 0.0 ], [ 126.460661757000025, -1.810859350999976, 0.0 ], [ 126.460837130000073, -1.810822903999963, 0.0 ], [ 126.460964709000109, -1.810814634999929, 0.0 ], [ 126.461064444000044, -1.810842527999966, 0.0 ], [ 126.461108427000113, -1.810906637999949, 0.0 ], [ 126.461084655000036, -1.810986926999931, 0.0 ], [ 126.460985247000053, -1.811131555999964, 0.0 ], [ 126.460929539000063, -1.811191844999939, 0.0 ], [ 126.460821973000066, -1.81124019799995, 0.0 ], [ 126.460606796000093, -1.811312830999952, 0.0 ], [ 126.460455347000106, -1.811349230999951, 0.0 ], [ 126.460228178000079, -1.811405837999928, 0.0 ], [ 126.459849635000069, -1.811538967999979, 0.0 ], [ 126.459534752000081, -1.811599755999964, 0.0 ], [ 126.459120148000011, -1.811640674999978, 0.0 ], [ 126.458829104000074, -1.811657282999931, 0.0 ], [ 126.458573939000075, -1.811669809999955, 0.0 ], [ 126.458290733000013, -1.81161418399995, 0.0 ], [ 126.458163009000032, -1.811546222999937, 0.0 ], [ 126.458047210000018, -1.811458177999953, 0.0 ], [ 126.457919334000053, -1.811309972999936, 0.0 ], [ 126.457835349000106, -1.811177732999965, 0.0 ], [ 126.457767260000082, -1.811017376999928, 0.0 ], [ 126.457767115000024, -1.810941145999948, 0.0 ], [ 126.457695184000045, -1.810857028999976, 0.0 ], [ 126.457635298000014, -1.810817021999981, 0.0 ], [ 126.457535531000076, -1.810773079999933, 0.0 ], [ 126.457351940000081, -1.810681151999972, 0.0 ], [ 126.457224208000071, -1.810609178999925, 0.0 ], [ 126.456865266000023, -1.810565733999965, 0.0 ], [ 126.45669371200006, -1.810513904999937, 0.0 ], [ 126.456514138000102, -1.810438018999946, 0.0 ], [ 126.456234782000024, -1.810310165999965, 0.0 ], [ 126.456190785000103, -1.810238030999926, 0.0 ], [ 126.456174661000091, -1.81014578199995, 0.0 ], [ 126.456238351000025, -1.810089488999949, 0.0 ], [ 126.456322024000087, -1.810057230999973, 0.0 ], [ 126.456421624000086, -1.81001290599994, 0.0 ], [ 126.456533139000044, -1.80994448499996, 0.0 ], [ 126.456636703000072, -1.809888114999978, 0.0 ], [ 126.456636551000088, -1.809807871999965, 0.0 ], [ 126.456592576000048, -1.809747773999959, 0.0 ], [ 126.456536617000097, -1.809675661999961, 0.0 ], [ 126.456500526000013, -1.80956740299996, 0.0 ], [ 126.456504292000091, -1.809451041999978, 0.0 ], [ 126.45652803400003, -1.809354703999929, 0.0 ], [ 126.456591618000061, -1.809242240999936, 0.0 ], [ 126.456854233000058, -1.808952860999966, 0.0 ], [ 126.456977551000023, -1.808800161999955, 0.0 ], [ 126.457108882000057, -1.808667507999928, 0.0 ], [ 126.457519149000063, -1.808442038999942, 0.0 ], [ 126.457750216000022, -1.808337278999943, 0.0 ], [ 126.458009284000013, -1.808280611999976, 0.0 ], [ 126.458236485000043, -1.808240053999953, 0.0 ], [ 126.458523472000024, -1.808187344999965, 0.0 ], [ 126.458730698000068, -1.80812676499994, 0.0 ], [ 126.458945891000099, -1.808062156999938, 0.0 ], [ 126.459105254000065, -1.807993644999954, 0.0 ], [ 126.459344355000098, -1.807920966999973, 0.0 ], [ 126.459519735000072, -1.807888532999925, 0.0 ], [ 126.45971506, -1.807860072999972, 0.0 ], [ 126.459834656000112, -1.807847806999973, 0.0 ], [ 126.460034059, -1.807867484999974, 0.0 ], [ 126.460245386000111, -1.807867079999937, 0.0 ], [ 126.460508525000023, -1.807854537999958, 0.0 ], [ 126.46067193600004, -1.807818114999975, 0.0 ], [ 126.460843252000018, -1.807745566999927, 0.0 ], [ 126.461046475000103, -1.807676969999932, 0.0 ], [ 126.461245680000047, -1.807592332999945, 0.0 ], [ 126.461353261000113, -1.807552003999945, 0.0 ], [ 126.461544545000038, -1.807495466999967, 0.0 ], [ 126.461692044000074, -1.807479134999937, 0.0 ], [ 126.461859510000068, -1.807478813999978, 0.0 ], [ 126.462050877000024, -1.807466409999961, 0.0 ], [ 126.462357754000095, -1.807389589999957, 0.0 ], [ 126.462501182000096, -1.80732913199995, 0.0 ], [ 126.46265654900003, -1.807256614999972, 0.0 ], [ 126.462839812000084, -1.807176019999929, 0.0 ], [ 126.462991253000041, -1.807135607999953, 0.0 ], [ 126.463194567000073, -1.807115156999942, 0.0 ], [ 126.463397918000055, -1.807114765999927, 0.0 ], [ 126.463609244000054, -1.807114359999957, 0.0 ], [ 126.463792674000047, -1.807122031999938, 0.0 ], [ 126.464251402000059, -1.807221454999933, 0.0 ], [ 126.464518595000072, -1.807245013999932, 0.0 ], [ 126.464758023000059, -1.807344857999965, 0.0 ], [ 126.464921661000062, -1.807428797999933, 0.0 ], [ 126.465081312000052, -1.807512745999929, 0.0 ], [ 126.465268805000051, -1.807560531999968, 0.0 ], [ 126.465436378000049, -1.807616379999956, 0.0 ], [ 126.465679746000092, -1.807692141999951, 0.0 ], [ 126.46585923400005, -1.807723893999935, 0.0 ], [ 126.466050715000051, -1.807771671999944, 0.0 ], [ 126.466230249000091, -1.807827496999948, 0.0 ], [ 126.466409783000017, -1.807883320999963, 0.0 ], [ 126.466613279000057, -1.807959160999928, 0.0 ], [ 126.466784769000014, -1.807978890999948, 0.0 ], [ 126.46698415600008, -1.807990543999949, 0.0 ], [ 126.467195496000045, -1.807998161999933, 0.0 ], [ 126.467418799000029, -1.808005756999933, 0.0 ], [ 126.467813637000063, -1.808057154999972, 0.0 ], [ 126.467949265000016, -1.808088990999977, 0.0 ], [ 126.468096931000105, -1.808160924999925, 0.0 ], [ 126.468284584000116, -1.808292963999975, 0.0 ], [ 126.468547965000084, -1.808408808999957, 0.0 ], [ 126.468663741000114, -1.808484815999975, 0.0 ], [ 126.468951060000109, -1.808608638999942, 0.0 ], [ 126.469126584000037, -1.808652434999942, 0.0 ], [ 126.469286128000022, -1.808680211999956, 0.0 ], [ 126.469744739000021, -1.808719449999955, 0.0 ], [ 126.469983967000076, -1.808714977999955, 0.0 ], [ 126.470223187000101, -1.808706492999931, 0.0 ], [ 126.470458359000077, -1.808665918999964, 0.0 ], [ 126.470861049000064, -1.808653106999941, 0.0 ], [ 126.471136055000102, -1.808592394999948, 0.0 ], [ 126.471323349000045, -1.808535864999953, 0.0 ], [ 126.471502661000045, -1.808475337999937, 0.0 ], [ 126.471666085000038, -1.808446937999975, 0.0 ], [ 126.47193703500011, -1.808350124999947, 0.0 ], [ 126.472060533000104, -1.808293717999959, 0.0 ], [ 126.472231801000021, -1.808197096999947, 0.0 ], [ 126.472510573000022, -1.808020026999941, 0.0 ], [ 126.472642007000104, -1.807943543999954, 0.0 ], [ 126.472777420000057, -1.807863040999962, 0.0 ], [ 126.473020497000107, -1.807786342999975, 0.0 ], [ 126.473175900000115, -1.807733885999937, 0.0 ], [ 126.473458842000014, -1.807653098999936, 0.0 ], [ 126.473670051000113, -1.807592509999949, 0.0 ], [ 126.473897240000042, -1.80754793899996, 0.0 ], [ 126.474100513000053, -1.807507426999962, 0.0 ], [ 126.474271934000058, -1.807491047999974, 0.0 ], [ 126.47437556400007, -1.807470787999932, 0.0 ], [ 126.474495089000015, -1.807422411999937, 0.0 ], [ 126.474586719000058, -1.807382114999939, 0.0 ], [ 126.474761990000047, -1.807293510999955, 0.0 ], [ 126.474877444000072, -1.807201009999972, 0.0 ], [ 126.47510442600003, -1.807048112999951, 0.0 ], [ 126.475331569000105, -1.806979469999931, 0.0 ], [ 126.475570749000099, -1.806950923999977, 0.0 ], [ 126.475798044000044, -1.806962521999935, 0.0 ], [ 126.476005426000029, -1.806986194999979, 0.0 ], [ 126.476244782000094, -1.80704992699998, 0.0 ], [ 126.476512010000079, -1.80709354499993, 0.0 ], [ 126.476791124000101, -1.807097018999968, 0.0 ], [ 126.477026393000074, -1.807108601999971, 0.0 ], [ 126.477285601000062, -1.807128162999959, 0.0 ], [ 126.477496908000035, -1.807119730999943, 0.0 ], [ 126.477767910000011, -1.80705100299997, 0.0 ], [ 126.477955172000065, -1.806978423999965, 0.0 ], [ 126.478118426000037, -1.806861758999958, 0.0 ], [ 126.47835740700009, -1.80672889899995, 0.0 ], [ 126.478484838000099, -1.806644399999925, 0.0 ], [ 126.478572365000105, -1.806543928999929, 0.0 ], [ 126.478751553000052, -1.806419208999955, 0.0 ], [ 126.478871109000011, -1.80638688199997, 0.0 ], [ 126.478954779000105, -1.806354623999937, 0.0 ], [ 126.477360923000106, -1.811469170999942, 0.0 ] ] ] ] } },
{ "type": "Feature", "properties": { "OBJECTID_1": 960, "Luas": 25.71, "Zona": "Lainnya", "Sub_Zona": "Rehabilitasi", "KKP": "Kepulauan Sula", "Area": 3, "Notes": null, "Id_Zona": 15 }, "geometry": { "type": "MultiPolygon", "coordinates": [ [ [ [ 126.100666778000118, -1.881104003999951, 0.0 ], [ 126.100384724000037, -1.882022413999948, 0.0 ], [ 126.09097853600008, -1.880260715999952, 0.0 ], [ 126.090971584000044, -1.879285703999926, 0.0 ], [ 126.090978172000064, -1.879285691999939, 0.0 ], [ 126.091153243, -1.879248666999956, 0.0 ], [ 126.091211595000118, -1.879233878999969, 0.0 ], [ 126.091517990000057, -1.879181934999963, 0.0 ], [ 126.09194112900002, -1.879122440999936, 0.0 ], [ 126.092378681000014, -1.878960126999971, 0.0 ], [ 126.093020440000032, -1.878731366999943, 0.0 ], [ 126.093450707000102, -1.878576407999958, 0.0 ], [ 126.093837332000021, -1.878502293999929, 0.0 ], [ 126.094311537000067, -1.878435365999962, 0.0 ], [ 126.094924442000092, -1.878397560999929, 0.0 ], [ 126.095413345000111, -1.878389346999938, 0.0 ], [ 126.096230830000081, -1.878498024999942, 0.0 ], [ 126.096632256000021, -1.878541363999943, 0.0 ], [ 126.096997118000104, -1.87854071299995, 0.0 ], [ 126.097230552000042, -1.878496240999937, 0.0 ], [ 126.097434848000034, -1.878481191999924, 0.0 ], [ 126.097690251000017, -1.878480735999972, 0.0 ], [ 126.098077147000026, -1.878560811999932, 0.0 ], [ 126.098369243000093, -1.878677768999978, 0.0 ], [ 126.098552037000104, -1.87888303099993, 0.0 ], [ 126.098771407000072, -1.879139623999947, 0.0 ], [ 126.098983635000081, -1.87948433899993, 0.0 ], [ 126.09914462800009, -1.879741035999928, 0.0 ], [ 126.099276678000024, -1.880137290999926, 0.0 ], [ 126.099525471000106, -1.880525994999971, 0.0 ], [ 126.099729949000107, -1.880613737999965, 0.0 ], [ 126.099839446000033, -1.880635568999935, 0.0 ], [ 126.099890553000023, -1.880650162999927, 0.0 ], [ 126.100007347000087, -1.880671980999978, 0.0 ], [ 126.100073087000055, -1.880708575999961, 0.0 ], [ 126.100233769000056, -1.88078905499998, 0.0 ], [ 126.10037989500006, -1.880891586999951, 0.0 ], [ 126.100547951000067, -1.881016107999926, 0.0 ], [ 126.100635674000046, -1.881104059999927, 0.0 ], [ 126.100666778000118, -1.881104003999951, 0.0 ] ] ] ] } },
{ "type": "Feature", "properties": { "OBJECTID_1": 961, "Luas": 7.9, "Zona": "Pemanfaatan Terbatas", "Sub_Zona": "Perikanan Tradisional", "KKP": "Kepulauan Sula", "Area": 3, "Notes": null, "Id_Zona": 10 }, "geometry": { "type": "MultiPolygon", "coordinates": [ [ [ [ 126.114813670000103, -1.884393216999968, 0.0 ], [ 126.11430035300009, -1.885160888999962, 0.0 ], [ 126.108485275000021, -1.883669121999958, 0.0 ], [ 126.108490029000109, -1.882753568999931, 0.0 ], [ 126.108840830000076, -1.882844182999975, 0.0 ], [ 126.109358994000104, -1.882879963999926, 0.0 ], [ 126.10969478100003, -1.882945441999937, 0.0 ], [ 126.110147257000108, -1.882973998999944, 0.0 ], [ 126.110431938000033, -1.883024883999951, 0.0 ], [ 126.110760414000083, -1.883083031999945, 0.0 ], [ 126.111052483000094, -1.88318529999998, 0.0 ], [ 126.111256986000058, -1.883287724999946, 0.0 ], [ 126.111446934000014, -1.883412203999967, 0.0 ], [ 126.111622274000069, -1.883529365999948, 0.0 ], [ 126.111907072, -1.883646330999966, 0.0 ], [ 126.112162563000084, -1.883697267999935, 0.0 ], [ 126.112330424000106, -1.883711650999942, 0.0 ], [ 126.112542041000097, -1.883711269999935, 0.0 ], [ 126.112943450000103, -1.88374725999995, 0.0 ], [ 126.113322980000021, -1.883790630999954, 0.0 ], [ 126.113943419000066, -1.88389230699994, 0.0 ], [ 126.114213583000037, -1.883987270999967, 0.0 ], [ 126.114447274000099, -1.884089642999925, 0.0 ], [ 126.114644545000033, -1.884228791999931, 0.0 ], [ 126.114813670000103, -1.884393216999968, 0.0 ] ] ] ] } },
{ "type": "Feature", "properties": { "OBJECTID_1": 962, "Luas": 29150.21, "Zona": "Pemanfaatan Terbatas", "Sub_Zona": "Perikanan Berkelanjutan", "KKP": "Kepulauan Sula", "Area": 1, "Notes": null, "Id_Zona": 6 }, "geometry": { "type": "MultiPolygon", "coordinates": [ [ [ [ 126.040579525000112, -2.486815003999936, 0.0 ], [ 126.060256770000024, -2.486814898999967, 0.0 ], [ 126.060275421000028, -2.472234556999979, 0.0 ], [ 126.060529997000117, -2.472042433999945, 0.0 ], [ 126.06194950400004, -2.469555421999928, 0.0 ], [ 126.061962145000052, -2.469564266999953, 0.0 ], [ 126.065229978000048, -2.471850582999934, 0.0 ], [ 126.066866003000086, -2.469444154999962, 0.0 ], [ 126.063423257000068, -2.466972658999964, 0.0 ], [ 126.063423835000094, -2.466972332999944, 0.0 ], [ 126.065815036000117, -2.465024060999951, 0.0 ], [ 126.062831590000087, -2.463272040999925, 0.0 ], [ 126.063298963000079, -2.462681660999976, 0.0 ], [ 126.063858835000019, -2.462250111999936, 0.0 ], [ 126.064171680000072, -2.461876502999928, 0.0 ], [ 126.064389533000053, -2.461531794999928, 0.0 ], [ 126.064531664000015, -2.461330681999925, 0.0 ], [ 126.064654696000048, -2.461091367999927, 0.0 ], [ 126.064787298000056, -2.460880714999973, 0.0 ], [ 126.064929320000033, -2.460631796999962, 0.0 ], [ 126.065147434000096, -2.460401822999927, 0.0 ], [ 126.065431652000029, -2.459980475999942, 0.0 ], [ 126.065507264000075, -2.459789076999925, 0.0 ], [ 126.065592228000014, -2.459530728999937, 0.0 ], [ 126.065705753000088, -2.459291436999933, 0.0 ], [ 126.066009268000016, -2.458994339999947, 0.0 ], [ 126.066416692000075, -2.458410166999954, 0.0 ], [ 126.066615072000104, -2.457864721999954, 0.0 ], [ 126.066794747000017, -2.457453176999934, 0.0 ], [ 126.066964959000074, -2.457060775999935, 0.0 ], [ 126.067163622000066, -2.45663962499998, 0.0 ], [ 126.067494956000019, -2.456036507999954, 0.0 ], [ 126.067684268000107, -2.45568230799995, 0.0 ], [ 126.067769450000014, -2.455519570999968, 0.0 ], [ 126.067892526000037, -2.455299381999964, 0.0 ], [ 126.068015622000075, -2.455088750999948, 0.0 ], [ 126.068129234000025, -2.45488770399993, 0.0 ], [ 126.068337732000032, -2.454609949999963, 0.0 ], [ 126.068362076000085, -2.454589317999933, 0.0 ], [ 126.06843527, -2.454415793999942, 0.0 ], [ 126.068513137000082, -2.45417180499993, 0.0 ], [ 126.068712092000055, -2.453877341999942, 0.0 ], [ 126.068911159000095, -2.453633071999946, 0.0 ], [ 126.069146268000054, -2.453300397999953, 0.0 ], [ 126.069230953000101, -2.453180569999972, 0.0 ], [ 126.069593245000078, -2.452606064999941, 0.0 ], [ 126.069739962000085, -2.45232922699995, 0.0 ], [ 126.072120327000107, -2.453361693999966, 0.0 ], [ 126.075754922000101, -2.440021568999953, 0.0 ], [ 126.075036398000066, -2.426034976999972, 0.0 ], [ 126.071750976000089, -2.416912041999979, 0.0 ], [ 126.070699022000099, -2.417211694999935, 0.0 ], [ 126.070437162000076, -2.416245842999956, 0.0 ], [ 126.070340967000107, -2.415739320999933, 0.0 ], [ 126.070207051000011, -2.415366740999957, 0.0 ], [ 126.070191100000102, -2.415250002999926, 0.0 ], [ 126.070115821000059, -2.415156169999932, 0.0 ], [ 126.070086078000031, -2.415072887999941, 0.0 ], [ 126.070062284000073, -2.414959863999968, 0.0 ], [ 126.070014695000054, -2.414840890999926, 0.0 ], [ 126.069973054000116, -2.41476950699996, 0.0 ], [ 126.069907619000105, -2.414674327999933, 0.0 ], [ 126.069836235000025, -2.414549406999924, 0.0 ], [ 126.069836235000025, -2.414424484999927, 0.0 ], [ 126.069770799000025, -2.414281717999927, 0.0 ], [ 126.069729159000076, -2.414133000999925, 0.0 ], [ 126.06965182600004, -2.41398428499997, 0.0 ], [ 126.069628032000082, -2.413823670999932, 0.0 ], [ 126.069580442000074, -2.413621416999945, 0.0 ], [ 126.06954475100008, -2.413520289999951, 0.0 ], [ 126.06947931600007, -2.413419162999958, 0.0 ], [ 126.069419829000026, -2.413300189999973, 0.0 ], [ 126.06934844500006, -2.41315147399996, 0.0 ], [ 126.069259215000102, -2.412895680999952, 0.0 ], [ 126.069146191000073, -2.412741016999973, 0.0 ], [ 126.069056962000104, -2.412592300999961, 0.0 ], [ 126.068967732000033, -2.412479275999942, 0.0 ], [ 126.068807118000109, -2.412235380999959, 0.0 ], [ 126.068741683000098, -2.412122355999941, 0.0 ], [ 126.068598915000052, -2.411955794999926, 0.0 ], [ 126.068485890000034, -2.411842769999964, 0.0 ], [ 126.068319329000019, -2.411729745999935, 0.0 ], [ 126.068182509000053, -2.411652412999956, 0.0 ], [ 126.068045690000076, -2.411563182999942, 0.0 ], [ 126.067962409000074, -2.411503695999954, 0.0 ], [ 126.067914820000055, -2.411426364999954, 0.0 ], [ 126.067807744000106, -2.411277647999952, 0.0 ], [ 126.067766103000054, -2.41112893199994, 0.0 ], [ 126.067676874000085, -2.410962368999947, 0.0 ], [ 126.067617387000041, -2.410819601999947, 0.0 ], [ 126.067599542000039, -2.410724422999976, 0.0 ], [ 126.067551952000031, -2.410581655999977, 0.0 ], [ 126.067456774000107, -2.410444835999954, 0.0 ], [ 126.067343749000088, -2.410313965999933, 0.0 ], [ 126.067266417000042, -2.410218787999952, 0.0 ], [ 126.067153393000012, -2.410111711999946, 0.0 ], [ 126.067087957000012, -2.409957046999978, 0.0 ], [ 126.06700467600001, -2.409814279999978, 0.0 ], [ 126.066903549000017, -2.409689356999934, 0.0 ], [ 126.06683216600004, -2.409659614999953, 0.0 ], [ 126.066683449000038, -2.409576332999961, 0.0 ], [ 126.066582322000045, -2.409528743999942, 0.0 ], [ 126.066493092000087, -2.409439513999928, 0.0 ], [ 126.066344376000075, -2.40935028399997, 0.0 ], [ 126.066261094000083, -2.409314592999976, 0.0 ], [ 126.066148070000054, -2.409249156999977, 0.0 ], [ 126.066094533000069, -2.409118286999956, 0.0 ], [ 126.065939867000111, -2.408910083999956, 0.0 ], [ 126.065862535000065, -2.408803008999939, 0.0 ], [ 126.065749510000046, -2.40866024099995, 0.0 ], [ 126.065660281000078, -2.408493678999946, 0.0 ], [ 126.065594846000067, -2.408368756999948, 0.0 ], [ 126.065523461000112, -2.40824383599994, 0.0 ], [ 126.065410437000082, -2.408071323999934, 0.0 ], [ 126.065350951000028, -2.407976145999953, 0.0 ], [ 126.065267670000026, -2.40779768699997, 0.0 ], [ 126.065226867000092, -2.407730139999956, 0.0 ], [ 126.065180347000023, -2.407690971999955, 0.0 ], [ 126.064961032000042, -2.407385508999937, 0.0 ], [ 126.064836990000117, -2.407175443999961, 0.0 ], [ 126.064712711000084, -2.406860206999966, 0.0 ], [ 126.064607400000114, -2.406525802999965, 0.0 ], [ 126.064483015000064, -2.406162757999937, 0.0 ], [ 126.064396973000044, -2.405943045999948, 0.0 ], [ 126.064205515000026, -2.40534112399996, 0.0 ], [ 126.064099842000019, -2.40484418099993, 0.0 ], [ 126.063965975000087, -2.404490718999966, 0.0 ], [ 126.063793380000106, -2.403821826999945, 0.0 ], [ 126.063773343000094, -2.403362932999926, 0.0 ], [ 126.06368700400003, -2.403009363999956, 0.0 ], [ 126.063614292000011, -2.402713050999978, 0.0 ], [ 126.06348778600011, -2.402632289999929, 0.0 ], [ 126.063337879000073, -2.402403861999971, 0.0 ], [ 126.063280772000098, -2.402211125999941, 0.0 ], [ 126.063202251, -2.402032665999968, 0.0 ], [ 126.063159420000034, -2.401882759999978, 0.0 ], [ 126.063138005000042, -2.401761406999981, 0.0 ], [ 126.063121307000074, -2.401721590999955, 0.0 ], [ 126.06321381600003, -2.401690486999939, 0.0 ], [ 126.064618937000091, -2.401214330999949, 0.0 ], [ 126.067621731000031, -2.400196759999972, 0.0 ], [ 126.079258623000101, -2.39414598299993, 0.0 ], [ 126.054533548000109, -2.340675497999939, 0.0 ], [ 126.038413239000079, -2.347713480999971, 0.0 ], [ 126.038403952000067, -2.347687940999947, 0.0 ], [ 126.038383132000035, -2.347601684999972, 0.0 ], [ 126.038356362000059, -2.347527326999966, 0.0 ], [ 126.038350413000103, -2.347467840999968, 0.0 ], [ 126.038341490000107, -2.347405378999952, 0.0 ], [ 126.038335542000027, -2.347351841999966, 0.0 ], [ 126.038347439000063, -2.347295328999962, 0.0 ], [ 126.038353388000019, -2.347229893999952, 0.0 ], [ 126.038353388000019, -2.347191227999929, 0.0 ], [ 126.038356362000059, -2.347131741999931, 0.0 ], [ 126.03837718300008, -2.347081177999939, 0.0 ], [ 126.038396670000111, -2.347013015999948, 0.0 ], [ 126.038202275000117, -2.346606434999956, 0.0 ], [ 126.038011692000055, -2.346386937999966, 0.0 ], [ 126.037878160000105, -2.346176877999937, 0.0 ], [ 126.037487220000116, -2.345613607999951, 0.0 ], [ 126.037124320000089, -2.344830363999961, 0.0 ], [ 126.036856847000081, -2.344219016999944, 0.0 ], [ 126.036767088000033, -2.34397826299994, 0.0 ], [ 126.036738329000059, -2.343931961999942, 0.0 ], [ 126.03669074000004, -2.343827264999959, 0.0 ], [ 126.03662887400003, -2.343727327999943, 0.0 ], [ 126.036586043000057, -2.343627389999938, 0.0 ], [ 126.036505141000021, -2.343508416999953, 0.0 ], [ 126.036419481000053, -2.343389443999968, 0.0 ], [ 126.036352856, -2.343218122999929, 0.0 ], [ 126.036295749000033, -2.343084872999952, 0.0 ], [ 126.036233883000023, -2.34299445399995, 0.0 ], [ 126.036157740000021, -2.342880239999943, 0.0 ], [ 126.036076838000099, -2.342780302999927, 0.0 ], [ 126.036053044000028, -2.342680364999978, 0.0 ], [ 126.036010214000044, -2.342537596999932, 0.0 ], [ 126.035943588, -2.342380552999941, 0.0 ], [ 126.035924553000086, -2.342299650999962, 0.0 ], [ 126.03590551700006, -2.34222350899995, 0.0 ], [ 126.035881723000102, -2.342118812999956, 0.0 ], [ 126.035815098000057, -2.342018873999962, 0.0 ], [ 126.035743714000091, -2.341909419999979, 0.0 ], [ 126.035710401000074, -2.341838035999956, 0.0 ], [ 126.035705643000028, -2.34172382099996, 0.0 ], [ 126.035686607000116, -2.341633402999946, 0.0 ], [ 126.035619982000071, -2.341433526999936, 0.0 ], [ 126.035572393000052, -2.341347866999968, 0.0 ], [ 126.035541785000078, -2.341256070999975, 0.0 ], [ 126.035319134000019, -2.340818492999972, 0.0 ], [ 126.035166306000065, -2.340474613999959, 0.0 ], [ 126.034946735000062, -2.340035265999973, 0.0 ], [ 126.034910935000084, -2.339938680999978, 0.0 ], [ 126.034834760000081, -2.339834529999962, 0.0 ], [ 126.034763377000104, -2.339739350999935, 0.0 ], [ 126.034682474000078, -2.33962037799995, 0.0 ], [ 126.034601573000032, -2.339491886999951, 0.0 ], [ 126.0345349480001, -2.339387190999958, 0.0 ], [ 126.034502771, -2.33929066099995, 0.0 ], [ 126.03455908300009, -2.339266935999945, 0.0 ], [ 126.034711787000106, -2.339202590999946, 0.0 ], [ 126.037930757000026, -2.337846181999964, 0.0 ], [ 126.039755968, -2.337077066999939, 0.0 ], [ 126.038286252000034, -2.333748596999953, 0.0 ], [ 126.036313195000048, -2.334477589999949, 0.0 ], [ 126.033873743000072, -2.335378896999941, 0.0 ], [ 126.033200979000071, -2.33562746299998, 0.0 ], [ 126.033159769, -2.335642636999978, 0.0 ], [ 126.033159724000029, -2.335621754999977, 0.0 ], [ 126.033140260000096, -2.335411444999977, 0.0 ], [ 126.033091831000092, -2.334990843999947, 0.0 ], [ 126.033072369000024, -2.334780533999947, 0.0 ], [ 126.032995299000049, -2.334302628999978, 0.0 ], [ 126.032937734000029, -2.334054154999933, 0.0 ], [ 126.032794537000086, -2.333767621999925, 0.0 ], [ 126.032778184000108, -2.333708309999963, 0.0 ], [ 126.033656683000117, -2.333391635999931, 0.0 ], [ 126.031745092000051, -2.328811756999926, 0.0 ], [ 126.03088407700011, -2.329189188999976, 0.0 ], [ 126.030874099000016, -2.329172708999977, 0.0 ], [ 126.03064517200005, -2.328800304999959, 0.0 ], [ 126.030416244000094, -2.328427902999977, 0.0 ], [ 126.030082453000091, -2.327912304999927, 0.0 ], [ 126.029844102000084, -2.327578167999945, 0.0 ], [ 126.029605670000024, -2.327205782999954, 0.0 ], [ 126.029281506000075, -2.326747532999946, 0.0 ], [ 126.028985920000082, -2.32631790399995, 0.0 ], [ 126.02847075000011, -2.325439355999947, 0.0 ], [ 126.028155848000097, -2.324866344999975, 0.0 ], [ 126.02787945700004, -2.32452272699993, 0.0 ], [ 126.027622078000036, -2.324179067999978, 0.0 ], [ 126.027421588000038, -2.323768353999981, 0.0 ], [ 126.027211674000114, -2.323395906999963, 0.0 ], [ 126.026963698000031, -2.323004418999972, 0.0 ], [ 126.026753784000107, -2.322631971999954, 0.0 ], [ 126.026562985000055, -2.322307291999948, 0.0 ], [ 126.026210166000055, -2.32178216799997, 0.0 ], [ 126.025838193000027, -2.321190153999964, 0.0 ], [ 126.025370537000072, -2.320301936999954, 0.0 ], [ 126.025151121000022, -2.319929507999973, 0.0 ], [ 126.025007990000063, -2.319671654999979, 0.0 ], [ 126.02488366800003, -2.319318144999954, 0.0 ], [ 126.024749800000109, -2.318945532999976, 0.0 ], [ 126.024558656000067, -2.318458304999979, 0.0 ], [ 126.024339036000015, -2.317990260999977, 0.0 ], [ 126.024109974000112, -2.317550921999953, 0.0 ], [ 126.02379458900009, -2.316748428999972, 0.0 ], [ 126.023679916000106, -2.316461826999955, 0.0 ], [ 126.023545908000074, -2.316022282999938, 0.0 ], [ 126.023402293000117, -2.31553495299994, 0.0 ], [ 126.023268568000049, -2.315229268999929, 0.0 ], [ 126.02306997900007, -2.31479415299998, 0.0 ], [ 126.023943842000108, -2.314402163999944, 0.0 ], [ 126.022280807000016, -2.311893415999975, 0.0 ], [ 126.021362105000094, -2.312304807999965, 0.0 ], [ 126.02132309000001, -2.312221545999932, 0.0 ], [ 126.021256127000015, -2.312020896999968, 0.0 ], [ 126.02122698300002, -2.311724549999951, 0.0 ], [ 126.021283348000111, -2.311408895999932, 0.0 ], [ 126.021340117000022, -2.311284473999933, 0.0 ], [ 126.021368248000044, -2.311102742999935, 0.0 ], [ 126.021367601000065, -2.310796774999972, 0.0 ], [ 126.021385682000073, -2.310356903999946, 0.0 ], [ 126.021346791000042, -2.309945839999955, 0.0 ], [ 126.021317244000102, -2.309458260999975, 0.0 ], [ 126.021268222000117, -2.308750808999946, 0.0 ], [ 126.021220087000074, -2.308464064999953, 0.0 ], [ 126.021181358000035, -2.308129491999978, 0.0 ], [ 126.021132661000024, -2.307575024999949, 0.0 ], [ 126.021065375000035, -2.307221388999949, 0.0 ], [ 126.020939990000102, -2.306361115999948, 0.0 ], [ 126.020957829000054, -2.305806503999975, 0.0 ], [ 126.0209284660001, -2.305404980999924, 0.0 ], [ 126.020898356000089, -2.304649679999955, 0.0 ], [ 126.020801286000051, -2.303693728999974, 0.0 ], [ 126.020761087000096, -2.302661163999971, 0.0 ], [ 126.020703471000047, -2.302384, 0.0 ], [ 126.020625837000011, -2.301628798999957, 0.0 ], [ 126.020558534000088, -2.30126560399998, 0.0 ], [ 126.020404959000075, -2.300558373999934, 0.0 ], [ 126.020318727000017, -2.300233462999927, 0.0 ], [ 126.020213304000094, -2.299822537999944, 0.0 ], [ 126.020031395000046, -2.299201421999953, 0.0 ], [ 126.019983044000014, -2.298809498999958, 0.0 ], [ 126.019792435000113, -2.298570866999967, 0.0 ], [ 126.019401591000019, -2.29803624799996, 0.0 ], [ 126.019258349000097, -2.297721018999937, 0.0 ], [ 126.019115187000011, -2.29744403899997, 0.0 ], [ 126.018943429000046, -2.297128869999938, 0.0 ], [ 126.018771548000018, -2.296756333999951, 0.0 ], [ 126.018637893000118, -2.296479329999954, 0.0 ], [ 126.018466175000071, -2.296183284999927, 0.0 ], [ 126.018322994000073, -2.295896741999968, 0.0 ], [ 126.018170266000084, -2.295591094999963, 0.0 ], [ 126.017912339000077, -2.294979699999942, 0.0 ], [ 126.017845461000093, -2.294817292999937, 0.0 ], [ 126.017701959000078, -2.294377763999933, 0.0 ], [ 126.017491659000029, -2.293814074999943, 0.0 ], [ 126.017405470000085, -2.293508286999952, 0.0 ], [ 126.017281380000099, -2.293259947999957, 0.0 ], [ 126.016880574000083, -2.292505430999938, 0.0 ], [ 126.016765649000035, -2.292269701999942, 0.0 ], [ 126.016689647000021, -2.292113808999943, 0.0 ], [ 126.016517932000056, -2.291817762999926, 0.0 ], [ 126.016355660000045, -2.291493010999943, 0.0 ], [ 126.016079005000051, -2.291015515999959, 0.0 ], [ 126.015993199000036, -2.290891396999939, 0.0 ], [ 126.015926362000073, -2.290748113999939, 0.0 ], [ 126.015687849000074, -2.290327906999948, 0.0 ], [ 126.015535244000034, -2.290079626999955, 0.0 ], [ 126.015430285000093, -2.289888616999974, 0.0 ], [ 126.015248966000058, -2.289544780999961, 0.0 ], [ 126.015077089000101, -2.28917224199995, 0.0 ], [ 126.014811100000088, -2.288763221999943, 0.0 ], [ 126.014810082000054, -2.288761655999963, 0.0 ], [ 126.014628764, -2.288417821999928, 0.0 ], [ 126.014437938000015, -2.288074004999942, 0.0 ], [ 126.014123386000051, -2.287653957999964, 0.0 ], [ 126.01397058200007, -2.28731006199996, 0.0 ], [ 126.013884376000078, -2.286994709999931, 0.0 ], [ 126.013721826000051, -2.286536093999928, 0.0 ], [ 126.013587536000045, -2.285953116999963, 0.0 ], [ 126.013491345000034, -2.285408305999965, 0.0 ], [ 126.013404980000018, -2.285016459999952, 0.0 ], [ 126.013299424000024, -2.284538601999941, 0.0 ], [ 126.013184404000071, -2.284079883999937, 0.0 ], [ 126.013098238000111, -2.283783654999979, 0.0 ], [ 126.012935992000052, -2.283468462999963, 0.0 ], [ 126.012840599000015, -2.283306115999949, 0.0 ], [ 126.012745208000069, -2.283143768999935, 0.0 ], [ 126.012221244000102, -2.282580735999943, 0.0 ], [ 126.011735440000052, -2.282084552999947, 0.0 ], [ 126.011506736000115, -2.28180774599997, 0.0 ], [ 126.011220385000115, -2.281234647999952, 0.0 ], [ 126.010809789000064, -2.280336716999955, 0.0 ], [ 126.010580846000039, -2.279945169999962, 0.0 ], [ 126.010466147000102, -2.279639436999958, 0.0 ], [ 126.010370616000046, -2.279410157999962, 0.0 ], [ 126.010217759000057, -2.279037574999961, 0.0 ], [ 126.010131695000041, -2.278789150999955, 0.0 ], [ 126.009950081000056, -2.27830188799993, 0.0 ], [ 126.009842599000081, -2.278020875999971, 0.0 ], [ 126.009825837000108, -2.277977049999947, 0.0 ], [ 126.009758684000076, -2.277680780999958, 0.0 ], [ 126.009577230000104, -2.277270008999949, 0.0 ], [ 126.009433739000087, -2.276830472999961, 0.0 ], [ 126.009319240000082, -2.276620354999977, 0.0 ], [ 126.008956732000115, -2.275688427999967, 0.0 ], [ 126.008917875000066, -2.27558853599993, 0.0 ], [ 126.008803356000044, -2.275368857999979, 0.0 ], [ 126.008469028000036, -2.274575937999941, 0.0 ], [ 126.008392509000032, -2.274346617999925, 0.0 ], [ 126.008249217000071, -2.274002697999947, 0.0 ], [ 126.008105926000098, -2.273658775999934, 0.0 ], [ 126.007962535000047, -2.273267048999969, 0.0 ], [ 126.007742983000071, -2.272818108999957, 0.0 ], [ 126.007399449000104, -2.272168632999978, 0.0 ], [ 126.007286193000027, -2.271960795999973, 0.0 ], [ 126.007227701000033, -2.271853454999928, 0.0 ], [ 126.006721431000074, -2.270649739999953, 0.0 ], [ 126.006559070000094, -2.270277173999943, 0.0 ], [ 126.006473029000063, -2.270038310999951, 0.0 ], [ 126.006348808000098, -2.269723032999934, 0.0 ], [ 126.00618635, -2.269302658999948, 0.0 ], [ 126.006043120000072, -2.268987419999974, 0.0 ], [ 126.005918920000113, -2.268681704999949, 0.0 ], [ 126.005918288000089, -2.268375731999924, 0.0 ], [ 126.005936724000094, -2.268098402999954, 0.0 ], [ 126.006012332000068, -2.267887886999972, 0.0 ], [ 126.005978629000083, -2.267677600999946, 0.0 ], [ 126.005944927000087, -2.267467312999941, 0.0 ], [ 126.005849025000089, -2.26705635999997, 0.0 ], [ 126.005638864000048, -2.266550027999926, 0.0 ], [ 126.005476447000092, -2.26614877399993, 0.0 ], [ 126.005133469000043, -2.265767020999931, 0.0 ], [ 126.004980912000065, -2.265537858999949, 0.0 ], [ 126.004704789000016, -2.265308951999941, 0.0 ], [ 126.004304861000037, -2.264965563999965, 0.0 ], [ 126.003762255000083, -2.264574664999941, 0.0 ], [ 126.003181649000112, -2.264193405999947, 0.0 ], [ 126.002819880000061, -2.263916870999935, 0.0 ], [ 126.002344205000099, -2.263717063999934, 0.0 ], [ 126.001896967000107, -2.263478953999936, 0.0 ], [ 126.001573120000103, -2.263154526999926, 0.0 ], [ 126.00139204900006, -2.262925422999956, 0.0 ], [ 126.001210800000081, -2.262610262999942, 0.0 ], [ 126.000943591, -2.262094482999942, 0.0 ], [ 126.000809949000086, -2.261817469999926, 0.0 ], [ 126.000657118000049, -2.261454440999955, 0.0 ], [ 126.000590148000015, -2.26124422099997, 0.0 ], [ 126.000503717000015, -2.260814120999953, 0.0 ], [ 126.000283543000023, -2.260059199999944, 0.0 ], [ 126.000187786000083, -2.259715175999929, 0.0 ], [ 126.000177848000021, -2.259504836999952, 0.0 ], [ 126.000158190000093, -2.259189337999942, 0.0 ], [ 126.000110232000111, -2.258979078999971, 0.0 ], [ 126.000080302000015, -2.258290694999971, 0.0 ], [ 126.000041065000119, -2.257697945999951, 0.0 ], [ 126.000011961000041, -2.257411151999975, 0.0 ], [ 125.999953792000042, -2.25685668999995, 0.0 ], [ 125.999953125000047, -2.256531591999931, 0.0 ], [ 125.99995234000005, -2.256149122999943, 0.0 ], [ 125.999951811000074, -2.255890955999973, 0.0 ], [ 125.999979503000077, -2.255489302999933, 0.0 ], [ 125.99996322800007, -2.255447883999977, 0.0 ], [ 125.999769291, -2.254954279999936, 0.0 ], [ 125.999673533000077, -2.254610254999932, 0.0 ], [ 125.999606683000025, -2.254457404999926, 0.0 ], [ 125.999377991000074, -2.254180586999951, 0.0 ], [ 125.999187455000083, -2.25397062299993, 0.0 ], [ 125.99901603, -2.253808427999957, 0.0 ], [ 125.998720644000059, -2.253455254999949, 0.0 ], [ 125.998453501000085, -2.252968157999931, 0.0 ], [ 125.998148240000091, -2.252433329999974, 0.0 ], [ 125.997995726000113, -2.252223285999946, 0.0 ], [ 125.997757236000098, -2.251803060999976, 0.0 ], [ 125.997556924000037, -2.251459248999936, 0.0 ], [ 125.997413973000107, -2.251277871999946, 0.0 ], [ 125.997213935000104, -2.251067926999951, 0.0 ], [ 125.996966410000027, -2.25087720199997, 0.0 ], [ 125.996433182000033, -2.250419338999961, 0.0 ], [ 125.996347303000107, -2.250256964999949, 0.0 ], [ 125.996213507000107, -2.249903454999981, 0.0 ], [ 125.996022720000042, -2.249569184999928, 0.0 ], [ 125.995670012000119, -2.249072699999942, 0.0 ], [ 125.995307821000097, -2.248585796999976, 0.0 ], [ 125.994888285000116, -2.247946019999972, 0.0 ], [ 125.994726248, -2.247726433999958, 0.0 ], [ 125.994573639, -2.247468577999939, 0.0 ], [ 125.994401999000047, -2.247201201999928, 0.0 ], [ 125.994306598000094, -2.247029285999929, 0.0 ], [ 125.994154066000078, -2.246809679999956, 0.0 ], [ 125.993925182000112, -2.246437238999931, 0.0 ], [ 125.993791602000101, -2.246188906999976, 0.0 ], [ 125.993686676000038, -2.246007449999979, 0.0 ], [ 125.993534086000068, -2.245759155999963, 0.0 ], [ 125.993438722000064, -2.245606362999979, 0.0 ], [ 125.99330524100003, -2.245405839999933, 0.0 ], [ 125.993095426000082, -2.245062046999976, 0.0 ], [ 125.992876067000111, -2.244699148999928, 0.0 ], [ 125.992704332000017, -2.244383961999972, 0.0 ], [ 125.991902940000045, -2.242932211999971, 0.0 ], [ 125.991750079000099, -2.242550051999956, 0.0 ], [ 125.991635434000045, -2.242263431999959, 0.0 ], [ 125.99152063400004, -2.241900318999967, 0.0 ], [ 125.99136791, -2.241585090999934, 0.0 ], [ 125.99126281000008, -2.241317574999925, 0.0 ], [ 125.990929021000056, -2.240773236999928, 0.0 ], [ 125.990766772000029, -2.240448466999965, 0.0 ], [ 125.990509356000075, -2.240066519999971, 0.0 ], [ 125.990366294000069, -2.23982776899993, 0.0 ], [ 125.990261427000064, -2.239674993999927, 0.0 ], [ 125.989994835000061, -2.239455617999965, 0.0 ], [ 125.98979497400012, -2.239331723999953, 0.0 ], [ 125.989442818000043, -2.239102962999937, 0.0 ], [ 125.989376146000041, -2.239036166999938, 0.0 ], [ 125.989309475000027, -2.23896936999995, 0.0 ], [ 125.989309009000067, -2.238968435999936, 0.0 ], [ 125.99036133200002, -2.238657373999956, 0.0 ], [ 125.987677033000068, -2.232372611999949, 0.0 ], [ 125.983626688000072, -2.225981863999948, 0.0 ], [ 125.982593541000028, -2.226654092999979, 0.0 ], [ 125.982564348000096, -2.226619622999976, 0.0 ], [ 125.982481580000012, -2.226505625999948, 0.0 ], [ 125.982259336000084, -2.226199518999977, 0.0 ], [ 125.982096961000025, -2.225807809999935, 0.0 ], [ 125.982001313000069, -2.225511584999936, 0.0 ], [ 125.981934237000019, -2.225243986999942, 0.0 ], [ 125.981885713000111, -2.224746865999975, 0.0 ], [ 125.981818389000068, -2.224354962999939, 0.0 ], [ 125.981636907000052, -2.223915482999928, 0.0 ], [ 125.981474456000115, -2.22348552699998, 0.0 ], [ 125.981350274000079, -2.223179795999954, 0.0 ], [ 125.981226092000043, -2.222874067999953, 0.0 ], [ 125.981120423000107, -2.22231968899996, 0.0 ], [ 125.981005651000032, -2.221966129999942, 0.0 ], [ 125.980900672000075, -2.221755979999955, 0.0 ], [ 125.980671609000069, -2.221287909999944, 0.0 ], [ 125.980528227000036, -2.220886600999961, 0.0 ], [ 125.980337510000027, -2.220581004999929, 0.0 ], [ 125.980194396000115, -2.220313559999965, 0.0 ], [ 125.97990822700001, -2.219807356999979, 0.0 ], [ 125.979593215000023, -2.219138657999963, 0.0 ], [ 125.979497744000014, -2.218928490999929, 0.0 ], [ 125.979212014000041, -2.218642211999963, 0.0 ], [ 125.97916435500008, -2.218575373999954, 0.0 ], [ 125.978964441000016, -2.218422787999941, 0.0 ], [ 125.978621662000023, -2.218127060999961, 0.0 ], [ 125.978412080000112, -2.217893217999972, 0.0 ], [ 125.978202498000087, -2.217659373999936, 0.0 ], [ 125.977999024000042, -2.217175956999938, 0.0 ], [ 125.977896881000106, -2.216933281999957, 0.0 ], [ 125.977782073000071, -2.216560597999944, 0.0 ], [ 125.977666939000073, -2.216025360999936, 0.0 ], [ 125.977409002000059, -2.215375668999968, 0.0 ], [ 125.977323093000109, -2.215194164999957, 0.0 ], [ 125.9772943480001, -2.21507947899994, 0.0 ], [ 125.977208401000098, -2.21487885099998, 0.0 ], [ 125.977093805000095, -2.21461134599997, 0.0 ], [ 125.976959949000047, -2.214219576999938, 0.0 ], [ 125.976921662000109, -2.214085785999941, 0.0 ], [ 125.976883183000041, -2.213856376999956, 0.0 ], [ 125.976863639000044, -2.21358867999993, 0.0 ], [ 125.976862990000086, -2.213263574999928, 0.0 ], [ 125.976853007000045, -2.213024544999939, 0.0 ], [ 125.976843196000118, -2.212871572999973, 0.0 ], [ 125.976747286000091, -2.21244147799996, 0.0 ], [ 125.976661131000014, -2.212135667999974, 0.0 ], [ 125.976431824000088, -2.211543287999973, 0.0 ], [ 125.976230883000085, -2.21087435499993, 0.0 ], [ 125.975854318000074, -2.209882320999952, 0.0 ], [ 125.975237131000085, -2.208256372999926, 0.0 ], [ 125.975055603000101, -2.207788200999971, 0.0 ], [ 125.974979085000086, -2.20754930499993, 0.0 ], [ 125.974893045000044, -2.207300867999948, 0.0 ], [ 125.974768832000109, -2.206976009999948, 0.0 ], [ 125.974577704000012, -2.206460045999961, 0.0 ], [ 125.974186379000116, -2.205648061999966, 0.0 ], [ 125.97405264300005, -2.20531366199998, 0.0 ], [ 125.973861495000051, -2.204788134999944, 0.0 ], [ 125.97379459900003, -2.204606590999958, 0.0 ], [ 125.973727551000025, -2.204348551999942, 0.0 ], [ 125.97362225400002, -2.203975845999935, 0.0 ], [ 125.973498213000084, -2.203737044999968, 0.0 ], [ 125.973326419000045, -2.203383595999981, 0.0 ], [ 125.973116548, -2.203001536999977, 0.0 ], [ 125.972887743000115, -2.202657762999934, 0.0 ], [ 125.97266861300011, -2.202400028999932, 0.0 ], [ 125.972582746000057, -2.202237646999947, 0.0 ], [ 125.972439714000075, -2.202008444999933, 0.0 ], [ 125.97231582500001, -2.20184613999993, 0.0 ], [ 125.972153880000064, -2.201664785999981, 0.0 ], [ 125.97192515200004, -2.201359259999947, 0.0 ], [ 125.971791776000032, -2.201206534999926, 0.0 ], [ 125.971455375000119, -2.200797780999949, 0.0 ], [ 125.971343957000045, -2.200662398999953, 0.0 ], [ 125.970981742000049, -2.200146773999961, 0.0 ], [ 125.970809797000015, -2.199716827999964, 0.0 ], [ 125.970666521000112, -2.199363319999975, 0.0 ], [ 125.970446618000096, -2.19871354199995, 0.0 ], [ 125.970265132, -2.198264488999939, 0.0 ], [ 125.970083457000101, -2.19771981599996, 0.0 ], [ 125.969987895000031, -2.197461832999977, 0.0 ], [ 125.969844714000033, -2.197156133999954, 0.0 ], [ 125.969510845000059, -2.196554393999975, 0.0 ], [ 125.968977181000014, -2.195857429999933, 0.0 ], [ 125.968862762000072, -2.195675979999976, 0.0 ], [ 125.968757905000075, -2.195523196999943, 0.0 ], [ 125.968595884000024, -2.195303593999938, 0.0 ], [ 125.968471958, -2.195122161999961, 0.0 ], [ 125.9682146990001, -2.194807128999969, 0.0 ], [ 125.967862351, -2.194473159999973, 0.0 ], [ 125.967592861000071, -2.194186254999977, 0.0 ], [ 125.967557547000069, -2.19414865899995, 0.0 ], [ 125.967404787000078, -2.193804729999954, 0.0 ], [ 125.967290235000064, -2.193556343999944, 0.0 ], [ 125.967270943000017, -2.19341295199996, 0.0 ], [ 125.967251650000094, -2.193269559999976, 0.0 ], [ 125.967232224000099, -2.193059232999929, 0.0 ], [ 125.967193639000016, -2.192772446999925, 0.0 ], [ 125.967164670000102, -2.192543015999945, 0.0 ], [ 125.96709768300002, -2.192313659999968, 0.0 ], [ 125.966858869000021, -2.191711725999937, 0.0 ], [ 125.966763253000067, -2.191425054999968, 0.0 ], [ 125.966648609000117, -2.191128858999946, 0.0 ], [ 125.966438575000097, -2.190660735999927, 0.0 ], [ 125.965894319000085, -2.189409187999956, 0.0 ], [ 125.965779639000061, -2.189093867999929, 0.0 ], [ 125.965674576000083, -2.188835899999958, 0.0 ], [ 125.965660728000103, -2.188801800999954, 0.0 ], [ 125.966507065000087, -2.188430099999948, 0.0 ], [ 125.964400905000048, -2.184159005999959, 0.0 ], [ 125.963595069, -2.18451491899998, 0.0 ], [ 125.963555814000074, -2.184441551999953, 0.0 ], [ 125.963402759000019, -2.18394462599997, 0.0 ], [ 125.963278630000104, -2.183658008999942, 0.0 ], [ 125.963077862000091, -2.183065556999964, 0.0 ], [ 125.963039448000018, -2.182864828999925, 0.0 ], [ 125.962790236000046, -2.181803929999944, 0.0 ], [ 125.962742338000112, -2.181612781999945, 0.0 ], [ 125.962684633000094, -2.181268660999933, 0.0 ], [ 125.962626836000027, -2.180876728999976, 0.0 ], [ 125.962483081000073, -2.18027460199994, 0.0 ], [ 125.962339065000037, -2.179538602999969, 0.0 ], [ 125.962156917000016, -2.178745308999964, 0.0 ], [ 125.962080446000073, -2.17852553299997, 0.0 ], [ 125.962051928000051, -2.178373313999941, 0.0 ], [ 125.96197478900001, -2.177961576999962, 0.0 ], [ 125.961898205000011, -2.177684426999974, 0.0 ], [ 125.961850326000103, -2.177502840999978, 0.0 ], [ 125.96177376300011, -2.177235252999935, 0.0 ], [ 125.961678190000043, -2.176967702999946, 0.0 ], [ 125.961649189000013, -2.176719144999936, 0.0 ], [ 125.961610533000112, -2.176394108999943, 0.0 ], [ 125.961590945000012, -2.176097723999931, 0.0 ], [ 125.961542336000093, -2.175543215999937, 0.0 ], [ 125.961541123000075, -2.174921680999944, 0.0 ], [ 125.961473542000022, -2.174386334999951, 0.0 ], [ 125.961406374000035, -2.174061355999925, 0.0 ], [ 125.961367734000078, -2.173853723999969, 0.0 ], [ 125.961358344000018, -2.173803273999965, 0.0 ], [ 125.961281727000028, -2.173507, 0.0 ], [ 125.961195511000028, -2.173162933999947, 0.0 ], [ 125.961128472000041, -2.172904887999948, 0.0 ], [ 125.961004310000021, -2.172599145999925, 0.0 ], [ 125.960908740000036, -2.172331594999946, 0.0 ], [ 125.960783982000066, -2.171719863999954, 0.0 ], [ 125.960752360000015, -2.171546831999933, 0.0 ], [ 125.960707121000041, -2.171299282999939, 0.0 ], [ 125.960573308000107, -2.170917060999955, 0.0 ], [ 125.960419459000036, -2.17000896299993, 0.0 ], [ 125.960409451000032, -2.169750804999978, 0.0 ], [ 125.960408911000059, -2.169473503999939, 0.0 ], [ 125.960398942000097, -2.169234469999935, 0.0 ], [ 125.960360457000093, -2.168995492999954, 0.0 ], [ 125.960293382000032, -2.168718324999929, 0.0 ], [ 125.960159439000108, -2.168269167999938, 0.0 ], [ 125.960006504000035, -2.167829610999945, 0.0 ], [ 125.959795480000025, -2.166845125999942, 0.0 ], [ 125.959651940000072, -2.166348177999964, 0.0 ], [ 125.959479234000014, -2.16551661099993, 0.0 ], [ 125.959249388000103, -2.164627783999947, 0.0 ], [ 125.959163324000087, -2.164360212999952, 0.0 ], [ 125.959077259000082, -2.164092641999957, 0.0 ], [ 125.959061880000036, -2.164029572999937, 0.0 ], [ 125.958991029000117, -2.163739011999951, 0.0 ], [ 125.958838114000059, -2.163309014999925, 0.0 ], [ 125.958704490000059, -2.163022413999954, 0.0 ], [ 125.958599118000052, -2.162601885999948, 0.0 ], [ 125.958503458000109, -2.162286522999977, 0.0 ], [ 125.958370753000054, -2.161699447999979, 0.0 ], [ 125.958350063000012, -2.161607911999965, 0.0 ], [ 125.958158593, -2.160900688999959, 0.0 ], [ 125.957947224, -2.159734519999972, 0.0 ], [ 125.95787959900008, -2.159170485999937, 0.0 ], [ 125.957848772000034, -2.158585055999936, 0.0 ], [ 125.957830261000026, -2.158233491999965, 0.0 ], [ 125.957790874000011, -2.157525969999938, 0.0 ], [ 125.957742627000016, -2.157153139999934, 0.0 ], [ 125.957742017000101, -2.156837589999952, 0.0 ], [ 125.957750839000028, -2.15648377399998, 0.0 ], [ 125.957625759000052, -2.15569992099995, 0.0 ], [ 125.957491306000065, -2.154983023999932, 0.0 ], [ 125.957271012000092, -2.15411329799997, 0.0 ], [ 125.957213171000035, -2.153692674999945, 0.0 ], [ 125.957164854000098, -2.153281596999932, 0.0 ], [ 125.957145234000109, -2.152966084999946, 0.0 ], [ 125.957144533000019, -2.152602723999962, 0.0 ], [ 125.957114967000052, -2.152057737999939, 0.0 ], [ 125.957066098000041, -2.151359795999952, 0.0 ], [ 125.957006710000087, -2.150135954999939, 0.0 ], [ 125.956993982000085, -2.149901347999958, 0.0 ], [ 125.956957435000049, -2.149227646999975, 0.0 ], [ 125.956947195000112, -2.148845180999956, 0.0 ], [ 125.956956017000039, -2.148491363999938, 0.0 ], [ 125.956974402000014, -2.148166214999947, 0.0 ], [ 125.957011372000011, -2.147621098999934, 0.0 ], [ 125.957029223000063, -2.147018646999925, 0.0 ], [ 125.957094138000116, -2.146177051999928, 0.0 ], [ 125.957131183000115, -2.145670184999972, 0.0 ], [ 125.957191798000053, -2.145382902999927, 0.0 ], [ 125.957215955000038, -2.145268410999961, 0.0 ], [ 125.957291076000047, -2.144790156999932, 0.0 ], [ 125.957337975000087, -2.144464951999964, 0.0 ], [ 125.95742258100006, -2.143977116999963, 0.0 ], [ 125.957554770000115, -2.143368661999943, 0.0 ], [ 125.957563905000029, -2.143326614999978, 0.0 ], [ 125.957676936000098, -2.142790914999978, 0.0 ], [ 125.957761782000034, -2.14242738799993, 0.0 ], [ 125.957875050000098, -2.142015994999952, 0.0 ], [ 125.958129918000054, -2.141097533999925, 0.0 ], [ 125.958280381, -2.140255773999968, 0.0 ], [ 125.95841280500008, -2.139920840999935, 0.0 ], [ 125.958535635000089, -2.139538115999926, 0.0 ], [ 125.958648849000042, -2.139098037999929, 0.0 ], [ 125.958705254000051, -2.138772815999971, 0.0 ], [ 125.958723550000059, -2.138399855999978, 0.0 ], [ 125.958902399000067, -2.13749110599997, 0.0 ], [ 125.959052845000087, -2.136639782999964, 0.0 ], [ 125.95920318200001, -2.135731086999954, 0.0 ], [ 125.959297644000117, -2.135424915999977, 0.0 ], [ 125.959373151000023, -2.135147467999957, 0.0 ], [ 125.959420108000018, -2.134850950999976, 0.0 ], [ 125.959466863000102, -2.134449249999932, 0.0 ], [ 125.959503986000072, -2.133980632999965, 0.0 ], [ 125.959577645000081, -2.132737412999973, 0.0 ], [ 125.959586748000106, -2.13252702799997, 0.0 ], [ 125.959576640000023, -2.132211496999957, 0.0 ], [ 125.959557118000021, -2.131943794999927, 0.0 ], [ 125.959527965, -2.131609175999927, 0.0 ], [ 125.959508369000105, -2.131303226999933, 0.0 ], [ 125.959460298000067, -2.131016453999962, 0.0 ], [ 125.959374116000049, -2.13068194799996, 0.0 ], [ 125.959307016000025, -2.130385650999926, 0.0 ], [ 125.959214874000054, -2.130063551999967, 0.0 ], [ 125.959173055000065, -2.129917363999937, 0.0 ], [ 125.959096450000061, -2.12962108499994, 0.0 ], [ 125.959066859000018, -2.129056977999937, 0.0 ], [ 125.95915114200011, -2.128397026999949, 0.0 ], [ 125.959273737000103, -2.127889995999965, 0.0 ], [ 125.959339723000085, -2.127603004999969, 0.0 ], [ 125.959452850000048, -2.12711511599997, 0.0 ], [ 125.959613045000083, -2.126388084999974, 0.0 ], [ 125.959697694000056, -2.125919375999956, 0.0 ], [ 125.959782380000092, -2.125469792999979, 0.0 ], [ 125.959867120000013, -2.125048895999953, 0.0 ], [ 125.959979737000026, -2.124293268999963, 0.0 ], [ 125.960082630000102, -2.123422916999971, 0.0 ], [ 125.960081975000094, -2.123078680999924, 0.0 ], [ 125.960100403000069, -2.122772656999928, 0.0 ], [ 125.960147197000083, -2.122390082999971, 0.0 ], [ 125.960203170000113, -2.121835369999928, 0.0 ], [ 125.960230610000053, -2.121271150999974, 0.0 ], [ 125.960249439000108, -2.121175492999953, 0.0 ], [ 125.96028701900002, -2.120945929999948, 0.0 ], [ 125.960352480000097, -2.120381637999969, 0.0 ], [ 125.96041419800008, -2.120175923999966, 0.0 ], [ 125.9606452700001, -2.119405736999965, 0.0 ], [ 125.961362299000029, -2.116602655999941, 0.0 ], [ 125.961400064000031, -2.116468711999971, 0.0 ], [ 125.961654875000022, -2.115512009999975, 0.0 ], [ 125.961739800000032, -2.115186734999952, 0.0 ], [ 125.961824815000114, -2.114909270999931, 0.0 ], [ 125.961900379000099, -2.114660509999965, 0.0 ], [ 125.962051710000082, -2.11426817399996, 0.0 ], [ 125.962108357000034, -2.114067258999967, 0.0 ], [ 125.96221227400008, -2.11373238699997, 0.0 ], [ 125.962439441000015, -2.11323471999998, 0.0 ], [ 125.962639278000097, -2.112755614999969, 0.0 ], [ 125.963090625000063, -2.112926435999952, 0.0 ], [ 125.964246288000027, -2.110002898999937, 0.0 ], [ 125.963818071000105, -2.109888616999967, 0.0 ], [ 125.964019386000018, -2.109368596999957, 0.0 ], [ 125.964369715000089, -2.108660330999953, 0.0 ], [ 125.964445406000095, -2.108478504999937, 0.0 ], [ 125.9645495420001, -2.10825837699997, 0.0 ], [ 125.964738889000046, -2.107865968999931, 0.0 ], [ 125.964813353000068, -2.107709301999932, 0.0 ], [ 125.965089164000119, -2.107129014999941, 0.0 ], [ 125.965202657000077, -2.106832372999975, 0.0 ], [ 125.965382521000038, -2.106449545999965, 0.0 ], [ 125.965647544000035, -2.105865749999964, 0.0 ], [ 125.965884289000087, -2.105406315999971, 0.0 ], [ 125.965959766000083, -2.105109748999951, 0.0 ], [ 125.965987882000036, -2.104899328999977, 0.0 ], [ 125.966015961000039, -2.104669783999952, 0.0 ], [ 125.96610097700011, -2.104392321999967, 0.0 ], [ 125.966233353, -2.10402870799993, 0.0 ], [ 125.966308920000074, -2.103779948999943, 0.0 ], [ 125.966394026000103, -2.10355029699997, 0.0 ], [ 125.966466012000069, -2.103412057999947, 0.0 ], [ 125.96654671400006, -2.103412298999956, 0.0 ], [ 125.975516398000082, -2.103412496999965, 0.0 ], [ 126.019926112, -2.103412710999976, 0.0 ], [ 126.046174136000104, -2.116189071999941, 0.0 ], [ 126.058633615000076, -2.181179056999952, 0.0 ], [ 126.066837019000104, -2.223967938999976, 0.0 ], [ 126.074884934000011, -2.265945789999932, 0.0 ], [ 126.08661182100002, -2.327130432999979, 0.0 ], [ 126.094949013000019, -2.370639593999954, 0.0 ], [ 126.101769445000059, -2.406238888999951, 0.0 ], [ 126.105938889000072, -2.450338888999966, 0.0 ], [ 126.064369444000022, -2.507088888999931, 0.0 ], [ 126.047340188000021, -2.507399068999973, 0.0 ], [ 126.038438889000076, -2.507561111999962, 0.0 ], [ 126.0399691020001, -2.492731402999937, 0.0 ], [ 126.040579525000112, -2.486815003999936, 0.0 ] ] ] ] } },
{ "type": "Feature", "properties": { "OBJECTID_1": 963, "Luas": 78774.06, "Zona": "Pemanfaatan Terbatas", "Sub_Zona": "Perikanan Berkelanjutan", "KKP": "Kepulauan Sula", "Area": 3, "Notes": null, "Id_Zona": 8 }, "geometry": { "type": "MultiPolygon", "coordinates": [ [ [ [ 126.090971584000044, -1.879285703999926, 0.0 ], [ 126.09097853600008, -1.880260715999952, 0.0 ], [ 126.100384724000037, -1.882022413999948, 0.0 ], [ 126.100666778000118, -1.881104003999951, 0.0 ], [ 126.100869185000079, -1.881103641999971, 0.0 ], [ 126.101022374000081, -1.881073997999977, 0.0 ], [ 126.101233838000098, -1.880985510999949, 0.0 ], [ 126.101423475000047, -1.88093377499996, 0.0 ], [ 126.101627797000106, -1.880933408999965, 0.0 ], [ 126.101949134000051, -1.88107968199995, 0.0 ], [ 126.102234037000017, -1.881255389999978, 0.0 ], [ 126.102504267000086, -1.88138706899997, 0.0 ], [ 126.102535021000108, -1.881394323999928, 0.0 ], [ 126.102721309000117, -1.881386640999949, 0.0 ], [ 126.102887870000018, -1.88136760499998, 0.0 ], [ 126.103121057000067, -1.88136760499998, 0.0 ], [ 126.103263826000102, -1.881415194999931, 0.0 ], [ 126.103487495000081, -1.881415194999931, 0.0 ], [ 126.103573156000039, -1.881343810999965, 0.0 ], [ 126.103564103000053, -1.881244237999965, 0.0 ], [ 126.1039586280001, -1.881272426999942, 0.0 ], [ 126.104006217000119, -1.881405676999975, 0.0 ], [ 126.104030027000022, -1.881509156999925, 0.0 ], [ 126.104387167000027, -1.881508516999929, 0.0 ], [ 126.104817649000097, -1.881478375999961, 0.0 ], [ 126.105240886000047, -1.881477617999963, 0.0 ], [ 126.105693338000037, -1.881491491999952, 0.0 ], [ 126.106021881000061, -1.881586353999978, 0.0 ], [ 126.106255651000083, -1.881732781999972, 0.0 ], [ 126.106482058000097, -1.881842511999935, 0.0 ], [ 126.106701247000046, -1.881996307999941, 0.0 ], [ 126.107490045000077, -1.882391380999934, 0.0 ], [ 126.107828944000062, -1.882532312999956, 0.0 ], [ 126.107960881000054, -1.882485952999957, 0.0 ], [ 126.108113167000056, -1.88239077399993, 0.0 ], [ 126.108393944000113, -1.882471675999966, 0.0 ], [ 126.108265453000058, -1.882604924999953, 0.0 ], [ 126.108250829000099, -1.882681072999958, 0.0 ], [ 126.108417398000029, -1.882734807999952, 0.0 ], [ 126.108490029000109, -1.882753568999931, 0.0 ], [ 126.108485275000021, -1.883669121999958, 0.0 ], [ 126.11430035300009, -1.885160888999962, 0.0 ], [ 126.114813670000103, -1.884393216999968, 0.0 ], [ 126.114885769000011, -1.88446331199998, 0.0 ], [ 126.115053929000055, -1.884646566999947, 0.0 ], [ 126.115229322000118, -1.884793096999942, 0.0 ], [ 126.115419204000091, -1.884880862999978, 0.0 ], [ 126.115872044000071, -1.885115000999974, 0.0 ], [ 126.11622985200006, -1.885253859999978, 0.0 ], [ 126.116587594000066, -1.885356006999928, 0.0 ], [ 126.116770153000061, -1.885429100999943, 0.0 ], [ 126.116887064000025, -1.885516997999957, 0.0 ], [ 126.117025880000028, -1.885612197999933, 0.0 ], [ 126.117288812000083, -1.885743884999954, 0.0 ], [ 126.117485939000062, -1.885802267999964, 0.0 ], [ 126.117887372000041, -1.88585293999995, 0.0 ], [ 126.118412778000106, -1.885859333999974, 0.0 ], [ 126.118755690000057, -1.88582934599998, 0.0 ], [ 126.119098497000095, -1.885740620999968, 0.0 ], [ 126.119353844000102, -1.885710790999951, 0.0 ], [ 126.119806251000114, -1.885702631999948, 0.0 ], [ 126.120200230000023, -1.885665209999956, 0.0 ], [ 126.12060877600004, -1.88561307599997, 0.0 ], [ 126.12092248600004, -1.88557579899998, 0.0 ], [ 126.121156045000021, -1.885604745999956, 0.0 ], [ 126.121616273000086, -1.885890263999954, 0.0 ], [ 126.121784447000095, -1.886080858999946, 0.0 ], [ 126.121945441000094, -1.886337546999926, 0.0 ], [ 126.122128419000092, -1.886645591999979, 0.0 ], [ 126.122479217000091, -1.886945989999958, 0.0 ], [ 126.122713065000084, -1.887136465999959, 0.0 ], [ 126.123027207000064, -1.887341481999954, 0.0 ], [ 126.12323896700002, -1.887421862999929, 0.0 ], [ 126.123589528000025, -1.887590100999944, 0.0 ], [ 126.123750169000118, -1.887648548999948, 0.0 ], [ 126.123903618000099, -1.887765746999946, 0.0 ], [ 126.124232197000083, -1.887882628999932, 0.0 ], [ 126.124299585000017, -1.887891253999953, 0.0 ], [ 126.124441028000092, -1.887873051999975, 0.0 ], [ 126.124560001000077, -1.887868293999929, 0.0 ], [ 126.124967370000036, -1.887904854999931, 0.0 ], [ 126.125136970000085, -1.887844279999968, 0.0 ], [ 126.12555274500005, -1.887755420999952, 0.0 ], [ 126.125888358000111, -1.887725443999955, 0.0 ], [ 126.126231321000091, -1.887724823999974, 0.0 ], [ 126.12656718300002, -1.887834348999945, 0.0 ], [ 126.126749767000092, -1.887922124999932, 0.0 ], [ 126.126998209000021, -1.888112572999944, 0.0 ], [ 126.127319543000112, -1.888258835999977, 0.0 ], [ 126.127640574000111, -1.888236227999926, 0.0 ], [ 126.127917731000025, -1.888162302999945, 0.0 ], [ 126.128195006000055, -1.888154458999963, 0.0 ], [ 126.128589218000116, -1.888249192999979, 0.0 ], [ 126.128961565000054, -1.888358650999976, 0.0 ], [ 126.129187853000076, -1.888402294999935, 0.0 ], [ 126.129567444000031, -1.888482370999952, 0.0 ], [ 126.129903174000106, -1.888518472999976, 0.0 ], [ 126.130253485000026, -1.888547206999931, 0.0 ], [ 126.130662330000064, -1.888663939999958, 0.0 ], [ 126.130917924000073, -1.88877360999993, 0.0 ], [ 126.131195488000117, -1.888927292999938, 0.0 ], [ 126.131465662000096, -1.889029592999975, 0.0 ], [ 126.131801431000099, -1.889087720999953, 0.0 ], [ 126.132144366000034, -1.889072413999941, 0.0 ], [ 126.132450657000049, -1.888969067999938, 0.0 ], [ 126.132625720000078, -1.88893203899994, 0.0 ], [ 126.133107324000093, -1.888931164999974, 0.0 ], [ 126.133618116000093, -1.888930237999944, 0.0 ], [ 126.133968386000106, -1.888936943999965, 0.0 ], [ 126.134391929000117, -1.889112386999955, 0.0 ], [ 126.134757083000068, -1.889280592999967, 0.0 ], [ 126.135472876000108, -1.889661085999933, 0.0 ], [ 126.135838003000117, -1.889814606999948, 0.0 ], [ 126.136078989000112, -1.889916958999947, 0.0 ], [ 126.13664122800003, -1.890121517999944, 0.0 ], [ 126.136852947000079, -1.89017986999994, 0.0 ], [ 126.137101138000048, -1.890230813999949, 0.0 ], [ 126.137356651000118, -1.890296427999942, 0.0 ], [ 126.137641512000073, -1.890450094999949, 0.0 ], [ 126.13791918000004, -1.890662511999949, 0.0 ], [ 126.138167556000099, -1.890816244999939, 0.0 ], [ 126.138386664000109, -1.890925978999974, 0.0 ], [ 126.138525452000067, -1.891006489999938, 0.0 ], [ 126.138576570000055, -1.891028422999966, 0.0 ], [ 126.138744507000069, -1.89108685399998, 0.0 ], [ 126.138992684000073, -1.891130454999939, 0.0 ], [ 126.139066946000071, -1.891128909999964, 0.0 ], [ 126.139152522000018, -1.891051059999938, 0.0 ], [ 126.139209629000106, -1.891008229999954, 0.0 ], [ 126.139281013000073, -1.890936845999931, 0.0 ], [ 126.139328602000091, -1.890851185999963, 0.0 ], [ 126.139481351000086, -1.890839435999965, 0.0 ], [ 126.139761664000048, -1.890817872999946, 0.0 ], [ 126.139814012000102, -1.890927328999965, 0.0 ], [ 126.139983145000087, -1.890979715999947, 0.0 ], [ 126.14014527900008, -1.890944802999968, 0.0 ], [ 126.140466253000113, -1.890892822999945, 0.0 ], [ 126.140750743000012, -1.890840909999952, 0.0 ], [ 126.141071718000035, -1.890788929999928, 0.0 ], [ 126.141348924000113, -1.890744371999972, 0.0 ], [ 126.141618819000087, -1.890692485999978, 0.0 ], [ 126.14191043400001, -1.890545111999927, 0.0 ], [ 126.142216563000034, -1.89035365899997, 0.0 ], [ 126.142442611000092, -1.890265141999976, 0.0 ], [ 126.143025496000064, -1.889779499999975, 0.0 ], [ 126.143521187000033, -1.889499595999951, 0.0 ], [ 126.144068062000088, -1.889278336999951, 0.0 ], [ 126.144512859000088, -1.889101315999937, 0.0 ], [ 126.145008655000083, -1.888880148999931, 0.0 ], [ 126.145344050000062, -1.888732695999977, 0.0 ], [ 126.145730537000077, -1.88859249199993, 0.0 ], [ 126.146080697000116, -1.888540458999955, 0.0 ], [ 126.146679019000089, -1.888524683999947, 0.0 ], [ 126.14705845900005, -1.888523991999932, 0.0 ], [ 126.147518258000105, -1.888574548999941, 0.0 ], [ 126.14805831000001, -1.888617615999976, 0.0 ], [ 126.148423156000035, -1.88861695099996, 0.0 ], [ 126.1487661110001, -1.88861632499993, 0.0 ], [ 126.149079878000066, -1.888615752999954, 0.0 ], [ 126.149729118000096, -1.888511778999941, 0.0 ], [ 126.150188665000087, -1.888422835999961, 0.0 ], [ 126.150743084000055, -1.888341060999949, 0.0 ], [ 126.151012950000109, -1.888274489999958, 0.0 ], [ 126.151487036000049, -1.888156151999965, 0.0 ], [ 126.1518516430001, -1.888023328999964, 0.0 ], [ 126.152187035000111, -1.887875875999953, 0.0 ], [ 126.15258068300011, -1.887662237999962, 0.0 ], [ 126.152945143000011, -1.887448652999979, 0.0 ], [ 126.153448178000076, -1.887198105999971, 0.0 ], [ 126.153681572000096, -1.887138942999968, 0.0 ], [ 126.154199465000033, -1.887035208999976, 0.0 ], [ 126.154841258000033, -1.886850485999958, 0.0 ], [ 126.155614381000078, -1.886658181999962, 0.0 ], [ 126.156204989000116, -1.886414815999956, 0.0 ], [ 126.156657050000035, -1.886223097999959, 0.0 ], [ 126.156926795000118, -1.886090448999937, 0.0 ], [ 126.157269521000103, -1.88596500899996, 0.0 ], [ 126.157648878000032, -1.885920263999935, 0.0 ], [ 126.158203411000045, -1.885904566999955, 0.0 ], [ 126.158589971000083, -1.885808413999939, 0.0 ], [ 126.159195516000068, -1.885755913999958, 0.0 ], [ 126.159501930000033, -1.885725985999954, 0.0 ], [ 126.159947023000086, -1.885717829999976, 0.0 ], [ 126.160340972000085, -1.885673057999952, 0.0 ], [ 126.160530596000058, -1.885621316999959, 0.0 ], [ 126.160532068000066, -1.88562054099998, 0.0 ], [ 126.160539118000088, -1.88553606499994, 0.0 ], [ 126.160771115000102, -1.885384373999955, 0.0 ], [ 126.160884514000031, -1.885428177999927, 0.0 ], [ 126.161033493000104, -1.885297350999963, 0.0 ], [ 126.161295900000027, -1.885142688999963, 0.0 ], [ 126.161587430000054, -1.884997424999938, 0.0 ], [ 126.16158013200004, -1.88488171299997, 0.0 ], [ 126.161669362000112, -1.884837097999934, 0.0 ], [ 126.161719925000057, -1.884884686999953, 0.0 ], [ 126.161774340000079, -1.884904290999941, 0.0 ], [ 126.161813510000115, -1.884884772999953, 0.0 ], [ 126.162199936000093, -1.884715200999949, 0.0 ], [ 126.162637532000076, -1.88459692999993, 0.0 ], [ 126.163374071000021, -1.884353297999951, 0.0 ], [ 126.1644096980001, -1.884065066999938, 0.0 ], [ 126.165073453000105, -1.883924355999966, 0.0 ], [ 126.165795516000117, -1.883746827999971, 0.0 ], [ 126.16630577300009, -1.88345955799997, 0.0 ], [ 126.166706737000027, -1.883260591999942, 0.0 ], [ 126.167093160000036, -1.883091020999927, 0.0 ], [ 126.167392075000066, -1.88295097699995, 0.0 ], [ 126.167610806000084, -1.882855130999928, 0.0 ], [ 126.167866020000019, -1.882759218999979, 0.0 ], [ 126.168143071000031, -1.882633898999927, 0.0 ], [ 126.168908473000101, -1.882214008999938, 0.0 ], [ 126.169579163000094, -1.881875052999931, 0.0 ], [ 126.170111334000012, -1.881602427999951, 0.0 ], [ 126.170475786000111, -1.881388844999947, 0.0 ], [ 126.170796457000051, -1.881175342999938, 0.0 ], [ 126.17104418800011, -1.880976657999952, 0.0 ], [ 126.171138966000058, -1.880932432999941, 0.0 ], [ 126.171576291000065, -1.880667323999944, 0.0 ], [ 126.172290919000034, -1.880416390999926, 0.0 ], [ 126.172874258000093, -1.880195065999942, 0.0 ], [ 126.173362646000101, -1.879922521999958, 0.0 ], [ 126.173734327000034, -1.87967221699995, 0.0 ], [ 126.174222728000018, -1.87940701499997, 0.0 ], [ 126.174616404000062, -1.879215405999958, 0.0 ], [ 126.175082995000025, -1.878994294999927, 0.0 ], [ 126.175549783000065, -1.87888331299996, 0.0 ], [ 126.176220680000029, -1.878661827999963, 0.0 ], [ 126.176570668000068, -1.878521691999936, 0.0 ], [ 126.176869500000066, -1.878337597999973, 0.0 ], [ 126.176986048000117, -1.878227255999946, 0.0 ], [ 126.177190209000059, -1.878146121999976, 0.0 ], [ 126.177409069000078, -1.878123695999932, 0.0 ], [ 126.177752039000097, -1.87813775199993, 0.0 ], [ 126.178197109000052, -1.878122252999958, 0.0 ], [ 126.178678649000062, -1.878099345999942, 0.0 ], [ 126.179021592000026, -1.878098716999943, 0.0 ], [ 126.179473905, -1.878053837999971, 0.0 ], [ 126.179714548000106, -1.877972636999971, 0.0 ], [ 126.179947895000055, -1.877891448999947, 0.0 ], [ 126.180217605000053, -1.877744117999953, 0.0 ], [ 126.180399743000066, -1.877589604999969, 0.0 ], [ 126.180763831000036, -1.877177794999966, 0.0 ], [ 126.181230484000025, -1.876993393999953, 0.0 ], [ 126.181755377000059, -1.876735467999936, 0.0 ], [ 126.182258486000023, -1.876536315999942, 0.0 ], [ 126.182331439000109, -1.876528840999924, 0.0 ], [ 126.182579471000054, -1.876499018999937, 0.0 ], [ 126.182871336000062, -1.876498484999956, 0.0 ], [ 126.183148687000084, -1.876542026999971, 0.0 ], [ 126.183360316000062, -1.876556322999932, 0.0 ], [ 126.183688677000077, -1.876563062999935, 0.0 ], [ 126.18402418800008, -1.876489029999959, 0.0 ], [ 126.184098359000018, -1.876390110999978, 0.0 ], [ 126.184174502000019, -1.876299690999929, 0.0 ], [ 126.184201123000094, -1.876213802999928, 0.0 ], [ 126.184129739000014, -1.876123382999936, 0.0 ], [ 126.184294703000091, -1.87603993099998, 0.0 ], [ 126.184464796000043, -1.876128369999947, 0.0 ], [ 126.184663189000048, -1.876067779999971, 0.0 ], [ 126.184913577000088, -1.87604689099993, 0.0 ], [ 126.185015730000032, -1.876046702999929, 0.0 ], [ 126.185387883000089, -1.876060704999929, 0.0 ], [ 126.185541059000116, -1.876031056999977, 0.0 ], [ 126.185905809000019, -1.875986336999972, 0.0 ], [ 126.186467315000073, -1.87580176199998, 0.0 ], [ 126.186992324000016, -1.875609912999948, 0.0 ], [ 126.187400574000094, -1.875410934999934, 0.0 ], [ 126.187779650000039, -1.875219353999967, 0.0 ], [ 126.188049265000018, -1.875020630999927, 0.0 ], [ 126.188194851000048, -1.874829476999935, 0.0 ], [ 126.188566272000116, -1.874439680999956, 0.0 ], [ 126.188814063000109, -1.874277706999976, 0.0 ], [ 126.189054557000077, -1.874115746999962, 0.0 ], [ 126.189951037000014, -1.873563468999976, 0.0 ], [ 126.190709175000052, -1.873172964999981, 0.0 ], [ 126.191488749000087, -1.872532801999967, 0.0 ], [ 126.191962253000042, -1.872106110999937, 0.0 ], [ 126.192545298000027, -1.871730611999965, 0.0 ], [ 126.192792982000014, -1.871509904999925, 0.0 ], [ 126.193630913000106, -1.870862294999938, 0.0 ], [ 126.19365274900008, -1.870832887999939, 0.0 ], [ 126.194272010000077, -1.870310487999973, 0.0 ], [ 126.194920628000091, -1.869883477999963, 0.0 ], [ 126.195416180000052, -1.869544849999954, 0.0 ], [ 126.195955523000066, -1.869213482999953, 0.0 ], [ 126.196509512000034, -1.868911455999978, 0.0 ], [ 126.196706371000118, -1.868830335999974, 0.0 ], [ 126.197092779000059, -1.868660767999927, 0.0 ], [ 126.1973990460001, -1.86855742299997, 0.0 ], [ 126.197588622000012, -1.868483657999946, 0.0 ], [ 126.197785560000057, -1.868446588999973, 0.0 ], [ 126.198106592000045, -1.868438657999945, 0.0 ], [ 126.198427637, -1.868438069999968, 0.0 ], [ 126.198763235000115, -1.868415428999924, 0.0 ], [ 126.199113373000046, -1.86836339499996, 0.0 ], [ 126.199478037000063, -1.868274625999959, 0.0 ], [ 126.199777046, -1.868193318999943, 0.0 ], [ 126.200535373000093, -1.867912942999965, 0.0 ], [ 126.200856298000076, -1.867846278999934, 0.0 ], [ 126.201359620000062, -1.867771938999965, 0.0 ], [ 126.201819151000109, -1.867690337999932, 0.0 ], [ 126.202140062000012, -1.867616331999955, 0.0 ], [ 126.202461025000048, -1.867571692999945, 0.0 ], [ 126.202723631000026, -1.867534502999945, 0.0 ], [ 126.20305195800006, -1.867526557999952, 0.0 ], [ 126.203190603000053, -1.86753364599997, 0.0 ], [ 126.203394930000059, -1.867547953999974, 0.0 ], [ 126.203489890000014, -1.867606512999942, 0.0 ], [ 126.203723443000058, -1.867642792999959, 0.0 ], [ 126.204051783000068, -1.86764218999997, 0.0 ], [ 126.204336264000062, -1.867597617999934, 0.0 ], [ 126.204576913000096, -1.867523758999937, 0.0 ], [ 126.204802930000028, -1.867427900999928, 0.0 ], [ 126.205043538000041, -1.867332018999946, 0.0 ], [ 126.205284187000075, -1.867258159999949, 0.0 ], [ 126.205481098000064, -1.867206406999969, 0.0 ], [ 126.205750932000115, -1.867132494999964, 0.0 ], [ 126.206035373000077, -1.867065897999964, 0.0 ], [ 126.206312517000015, -1.866999313999941, 0.0 ], [ 126.206582457000081, -1.866984134999939, 0.0 ], [ 126.206808660000092, -1.866991060999965, 0.0 ], [ 126.207064074000073, -1.867012616999943, 0.0 ], [ 126.207465550000052, -1.867107320999935, 0.0 ], [ 126.207735637000042, -1.867172898999968, 0.0 ], [ 126.207840341000065, -1.867210066999974, 0.0 ], [ 126.207988148000027, -1.867343398999935, 0.0 ], [ 126.208130915000083, -1.867486167999971, 0.0 ], [ 126.208283201000086, -1.867619417999947, 0.0 ], [ 126.208478317000072, -1.867738390999932, 0.0 ], [ 126.208673433000058, -1.867809773999966, 0.0 ], [ 126.208954208000023, -1.867952541999955, 0.0 ], [ 126.209239744000115, -1.868085791999931, 0.0 ], [ 126.20972039600008, -1.868357049999929, 0.0 ], [ 126.210105868000028, -1.868594995999956, 0.0 ], [ 126.210586519000117, -1.868785352999964, 0.0 ], [ 126.210876813000027, -1.868837700999961, 0.0 ], [ 126.211143313000093, -1.868880530999945, 0.0 ], [ 126.21139077700002, -1.868909084999927, 0.0 ], [ 126.211647759000016, -1.868966191999959, 0.0 ], [ 126.211980883000024, -1.869037575999926, 0.0 ], [ 126.21236159700004, -1.869161307999946, 0.0 ], [ 126.212804176000077, -1.86926600399994, 0.0 ], [ 126.213422836000063, -1.869470637999939, 0.0 ], [ 126.214150952000068, -1.869656234999979, 0.0 ], [ 126.21476485200003, -1.869765690999941, 0.0 ], [ 126.21518839700002, -1.869870386999935, 0.0 ], [ 126.21543586100006, -1.869879904999948, 0.0 ], [ 126.215645254000037, -1.869860869999968, 0.0 ], [ 126.215871375, -1.869795589999967, 0.0 ], [ 126.215948874000105, -1.869800762999944, 0.0 ], [ 126.216321002000086, -1.869807417999937, 0.0 ], [ 126.216547202000015, -1.869814341999927, 0.0 ], [ 126.216744271000039, -1.869850686999939, 0.0 ], [ 126.217094683000028, -1.869952821999959, 0.0 ], [ 126.217452325000068, -1.870018235999964, 0.0 ], [ 126.217802603000109, -1.870046955999953, 0.0 ], [ 126.218160217000104, -1.870097686999941, 0.0 ], [ 126.21877332400004, -1.870214019999935, 0.0 ], [ 126.219028844000036, -1.870294304999959, 0.0 ], [ 126.21914119600001, -1.870322346999956, 0.0 ], [ 126.219162811000047, -1.870273943999962, 0.0 ], [ 126.21926750700004, -1.870212077999952, 0.0 ], [ 126.219543524000073, -1.870378639999956, 0.0 ], [ 126.219523434000052, -1.870554805999973, 0.0 ], [ 126.219905396000058, -1.870835961999944, 0.0 ], [ 126.220336469000017, -1.871158193999975, 0.0 ], [ 126.220460681000077, -1.871253404999948, 0.0 ], [ 126.220577570000046, -1.871333945999936, 0.0 ], [ 126.220789445000037, -1.871487726999931, 0.0 ], [ 126.220972041000095, -1.87159017099998, 0.0 ], [ 126.22110361600005, -1.871722075999969, 0.0 ], [ 126.22127566100005, -1.871808233999957, 0.0 ], [ 126.221322707000013, -1.871831793999945, 0.0 ], [ 126.22148341400009, -1.871934277999969, 0.0 ], [ 126.221666024000115, -1.872044063999965, 0.0 ], [ 126.221797546000062, -1.87214660199993, 0.0 ], [ 126.221943767000084, -1.872307845999956, 0.0 ], [ 126.222002581000083, -1.872550007999962, 0.0 ], [ 126.222024671000099, -1.872660089999954, 0.0 ], [ 126.222112616000118, -1.872872832999974, 0.0 ], [ 126.22222957200006, -1.872990080999955, 0.0 ], [ 126.222368458000119, -1.873129312999936, 0.0 ], [ 126.222646067000028, -1.873319678999962, 0.0 ], [ 126.222872495000047, -1.873451407999937, 0.0 ], [ 126.223113515000023, -1.873583108999981, 0.0 ], [ 126.223515055, -1.873714512999925, 0.0 ], [ 126.224347561000059, -1.874109412999928, 0.0 ], [ 126.224632346000021, -1.874233690999972, 0.0 ], [ 126.225026697000089, -1.874423838999974, 0.0 ], [ 126.22539180800004, -1.874584675999927, 0.0 ], [ 126.225632748000066, -1.874672326999928, 0.0 ], [ 126.225895469000079, -1.874701205999941, 0.0 ], [ 126.226318762000119, -1.874759152999957, 0.0 ], [ 126.226647311000079, -1.874876006999955, 0.0 ], [ 126.226851729000032, -1.874941700999955, 0.0 ], [ 126.227063537000049, -1.875058771999932, 0.0 ], [ 126.227222607000044, -1.875207605999947, 0.0 ], [ 126.227236798000035, -1.875278425999966, 0.0 ], [ 126.227232039000114, -1.875354568999967, 0.0 ], [ 126.227213003000088, -1.87545926599995, 0.0 ], [ 126.227208244000053, -1.875563961999944, 0.0 ], [ 126.227184449000106, -1.875616309999941, 0.0 ], [ 126.227122583000096, -1.875687692999975, 0.0 ], [ 126.227146378000043, -1.875787629999934, 0.0 ], [ 126.227236798000035, -1.875849496999933, 0.0 ], [ 126.227336735000108, -1.876063648999946, 0.0 ], [ 126.227384325000116, -1.876111237999964, 0.0 ], [ 126.227503298000101, -1.876196897999932, 0.0 ], [ 126.227607993000106, -1.876268281999955, 0.0 ], [ 126.22776503800003, -1.876315871999964, 0.0 ], [ 126.227907806000076, -1.876334906999944, 0.0 ], [ 126.228060091000089, -1.876387254999941, 0.0 ], [ 126.228440805000105, -1.876558575999979, 0.0 ], [ 126.228683509, -1.876658512999938, 0.0 ], [ 126.228799876000039, -1.876801733999969, 0.0 ], [ 126.228787254000054, -1.87681936499996, 0.0 ], [ 126.228743473, -1.876815557999976, 0.0 ], [ 126.228713015000039, -1.876859339999953, 0.0 ], [ 126.228730147000078, -1.876906928999972, 0.0 ], [ 126.228773929000113, -1.876935482999954, 0.0 ], [ 126.228840554000044, -1.876925964999941, 0.0 ], [ 126.228873867000061, -1.876910735999957, 0.0 ], [ 126.228964286000064, -1.876934530999961, 0.0 ], [ 126.229040429000065, -1.876929771999926, 0.0 ], [ 126.229149884000094, -1.876939289999939, 0.0 ], [ 126.229311688000053, -1.877039227999944, 0.0 ], [ 126.229697160000114, -1.877239101999976, 0.0 ], [ 126.229987454000025, -1.877396145999967, 0.0 ], [ 126.230163535000088, -1.87748180799997, 0.0 ], [ 126.230320579000022, -1.877581744999929, 0.0 ], [ 126.230453828, -1.877695958999936, 0.0 ], [ 126.230587078000099, -1.877791136999974, 0.0 ], [ 126.230614700000046, -1.877848575999963, 0.0 ], [ 126.230585553000083, -1.877886044999968, 0.0 ], [ 126.230476311000075, -1.877996370999938, 0.0 ], [ 126.230374473000097, -1.878165414999955, 0.0 ], [ 126.230360245000043, -1.87836366099998, 0.0 ], [ 126.230360596000082, -1.878554538999936, 0.0 ], [ 126.230477715, -1.87875988299993, 0.0 ], [ 126.23049251000009, -1.878869977999955, 0.0 ], [ 126.230507319000026, -1.878987413999937, 0.0 ], [ 126.230565905000049, -1.87910476899998, 0.0 ], [ 126.230726640000057, -1.87922193299994, 0.0 ], [ 126.230843407000066, -1.879236398999979, 0.0 ], [ 126.231200736000119, -1.879132951999964, 0.0 ], [ 126.23128818400005, -1.879074057999958, 0.0 ], [ 126.231419422000045, -1.879022422999981, 0.0 ], [ 126.231565443000022, -1.879073540999968, 0.0 ], [ 126.231660537000039, -1.879205510999952, 0.0 ], [ 126.23169723500007, -1.87932290599997, 0.0 ], [ 126.231857888000036, -1.879396020999934, 0.0 ], [ 126.232054753000057, -1.879322239999965, 0.0 ], [ 126.232185843000025, -1.879189848999943, 0.0 ], [ 126.232200098000021, -1.879006284999946, 0.0 ], [ 126.232214501000044, -1.878903477999927, 0.0 ], [ 126.232265332000111, -1.878771236999967, 0.0 ], [ 126.232381910000072, -1.878682921999939, 0.0 ], [ 126.232564168000067, -1.878601825999965, 0.0 ], [ 126.23287059800009, -1.878593913999964, 0.0 ], [ 126.233344910000028, -1.878622395999969, 0.0 ], [ 126.233663064000098, -1.878608462999978, 0.0 ], [ 126.23366666600009, -1.880555554999944, 0.0 ], [ 126.242313361000015, -1.881427016999965, 0.0 ], [ 126.245293091, -1.881586565999953, 0.0 ], [ 126.248944726000104, -1.880961136999929, 0.0 ], [ 126.253393891000087, -1.877496039999926, 0.0 ], [ 126.251976607000074, -1.875411037999925, 0.0 ], [ 126.252359711000054, -1.875129091999952, 0.0 ], [ 126.25270295100006, -1.874864958999979, 0.0 ], [ 126.253306744000042, -1.874297577999926, 0.0 ], [ 126.253779402000077, -1.873920957999928, 0.0 ], [ 126.254031504000068, -1.873729971999978, 0.0 ], [ 126.254572290000056, -1.873220922999963, 0.0 ], [ 126.254976457000112, -1.872780925999962, 0.0 ], [ 126.255154780000112, -1.872510697999928, 0.0 ], [ 126.255327814000111, -1.87222460299995, 0.0 ], [ 126.255490613, -1.872091997999974, 0.0 ], [ 126.255753224000046, -1.871895700999971, 0.0 ], [ 126.256336065000028, -1.871375989999933, 0.0 ], [ 126.256929552000088, -1.870925056999965, 0.0 ], [ 126.257612067000082, -1.870267566999928, 0.0 ], [ 126.25762733900001, -1.87025304499997, 0.0 ], [ 126.257677103000105, -1.870207243999971, 0.0 ], [ 126.257684876000098, -1.870130680999978, 0.0 ], [ 126.257649184000115, -1.870038475999934, 0.0 ], [ 126.257548935000045, -1.869935277999957, 0.0 ], [ 126.257670004000033, -1.869842170999959, 0.0 ], [ 126.257830618000071, -1.869889760999968, 0.0 ], [ 126.257985283000039, -1.869880836999926, 0.0 ], [ 126.258060671000067, -1.869840978999946, 0.0 ], [ 126.258420603000104, -1.869498709999959, 0.0 ], [ 126.259187200000042, -1.86880402099996, 0.0 ], [ 126.259717483000031, -1.86830557899998, 0.0 ], [ 126.260872247000066, -1.867369672999928, 0.0 ], [ 126.261332961000107, -1.867067754999937, 0.0 ], [ 126.261756368000079, -1.866816082999947, 0.0 ], [ 126.262107510000078, -1.866538778999939, 0.0 ], [ 126.262573860000089, -1.866231884999934, 0.0 ], [ 126.262757832000034, -1.866110855999978, 0.0 ], [ 126.262920435000069, -1.866015727999979, 0.0 ], [ 126.263164442000061, -1.865929068999947, 0.0 ], [ 126.26331436800001, -1.865928788999952, 0.0 ], [ 126.263477145000024, -1.865928484999927, 0.0 ], [ 126.263631284000098, -1.865889404999962, 0.0 ], [ 126.263883794000094, -1.865768247999938, 0.0 ], [ 126.264559642000108, -1.865245453999933, 0.0 ], [ 126.264739100000043, -1.864999438999973, 0.0 ], [ 126.264815998000017, -1.864887230999955, 0.0 ], [ 126.265085254000041, -1.86455484499993, 0.0 ], [ 126.265226318000032, -1.864395104999971, 0.0 ], [ 126.265388880000046, -1.864278426999931, 0.0 ], [ 126.26559859300005, -1.864178900999946, 0.0 ], [ 126.265923940000107, -1.864066228999945, 0.0 ], [ 126.266236324000033, -1.863893238999935, 0.0 ], [ 126.266420368000013, -1.863811001999977, 0.0 ], [ 126.266664278, -1.863672620999978, 0.0 ], [ 126.266955149000069, -1.863447949999966, 0.0 ], [ 126.26738716300008, -1.863106639999955, 0.0 ], [ 126.267895606000025, -1.862398823999968, 0.0 ], [ 126.268494171000043, -1.861781353999959, 0.0 ], [ 126.269131193000021, -1.861112089999949, 0.0 ], [ 126.26933659000008, -1.860995332999948, 0.0 ], [ 126.269614831000013, -1.860891369999933, 0.0 ], [ 126.269850245000043, -1.860791796999933, 0.0 ], [ 126.269954279000103, -1.860707733999959, 0.0 ], [ 126.269956552000053, -1.860705896999946, 0.0 ], [ 126.269963935000078, -1.860712272999933, 0.0 ], [ 126.274888373000067, -1.864980117999949, 0.0 ], [ 126.285358001000077, -1.86041155199996, 0.0 ], [ 126.282942681, -1.855925949999971, 0.0 ], [ 126.282925325000065, -1.85589366399995, 0.0 ], [ 126.282947159000059, -1.855906789999949, 0.0 ], [ 126.283272221000061, -1.855987913999968, 0.0 ], [ 126.283566786000051, -1.856048662999967, 0.0 ], [ 126.284044094000024, -1.856098852999935, 0.0 ], [ 126.284501019000118, -1.856108214999949, 0.0 ], [ 126.284927559000039, -1.856158498999946, 0.0 ], [ 126.28546578800001, -1.856208574999926, 0.0 ], [ 126.285790699000017, -1.856207966999932, 0.0 ], [ 126.286176417000092, -1.85614594599997, 0.0 ], [ 126.286430083000027, -1.856053522999957, 0.0 ], [ 126.286602465000101, -1.855930602999933, 0.0 ], [ 126.286724156000105, -1.855848642999945, 0.0 ], [ 126.286947437000094, -1.855797142999961, 0.0 ], [ 126.287211427000102, -1.855796648999956, 0.0 ], [ 126.287455091000083, -1.855785975999936, 0.0 ], [ 126.287820464000106, -1.855703560999928, 0.0 ], [ 126.288114800000017, -1.855641710999976, 0.0 ], [ 126.288670497000112, -1.855530843999929, 0.0 ], [ 126.289157777000014, -1.855483956999933, 0.0 ], [ 126.289667816000019, -1.855391053999938, 0.0 ], [ 126.290078860000108, -1.855298335999976, 0.0 ], [ 126.290680166000016, -1.855143962999932, 0.0 ], [ 126.291045532000112, -1.855058993999933, 0.0 ], [ 126.291684700000019, -1.854789614999959, 0.0 ], [ 126.292285977, -1.85461991699998, 0.0 ], [ 126.292780685000025, -1.854473406999944, 0.0 ], [ 126.293123078, -1.854319518999944, 0.0 ], [ 126.293518875000018, -1.85421916699994, 0.0 ], [ 126.293808119000118, -1.854149664999966, 0.0 ], [ 126.294249521000097, -1.854003253999963, 0.0 ], [ 126.294470101000115, -1.853864918999932, 0.0 ], [ 126.294614460000048, -1.853688415999954, 0.0 ], [ 126.294781778000015, -1.853573167999969, 0.0 ], [ 126.295010073000071, -1.853488453999944, 0.0 ], [ 126.295246025000097, -1.853426713999966, 0.0 ], [ 126.295443873000067, -1.853349719999926, 0.0 ], [ 126.295633936000058, -1.853180793999968, 0.0 ], [ 126.295747850000112, -1.853012009999929, 0.0 ], [ 126.29578549900009, -1.852782070999979, 0.0 ], [ 126.295808061000116, -1.852628781999954, 0.0 ], [ 126.295905980000043, -1.85258257199996, 0.0 ], [ 126.29611061300011, -1.85245883999994, 0.0 ], [ 126.296391390000053, -1.852306554999927, 0.0 ], [ 126.296748309, -1.852106679999963, 0.0 ], [ 126.297109988000102, -1.851883009999938, 0.0 ], [ 126.297500219000085, -1.851592715999971, 0.0 ], [ 126.297700094000106, -1.851378563999958, 0.0 ], [ 126.298256888000083, -1.850821770999971, 0.0 ], [ 126.298523387000046, -1.85052671699998, 0.0 ], [ 126.298718502000042, -1.850293529999931, 0.0 ], [ 126.298961208000037, -1.850117449999971, 0.0 ], [ 126.299256261000096, -1.849827155999947, 0.0 ], [ 126.299684564000017, -1.849494030999949, 0.0 ], [ 126.30019852800001, -1.849137111999937, 0.0 ], [ 126.300788634000014, -1.848670737999953, 0.0 ], [ 126.301088446000108, -1.84845658699993, 0.0 ], [ 126.301269285000103, -1.848366166999938, 0.0 ], [ 126.301435847000107, -1.848313818999941, 0.0 ], [ 126.301611927000067, -1.848247193999953, 0.0 ], [ 126.301730900000052, -1.848204363999969, 0.0 ], [ 126.301830838000114, -1.848166291999974, 0.0 ], [ 126.302054507000094, -1.848009247999926, 0.0 ], [ 126.302344802000107, -1.847785577999957, 0.0 ], [ 126.302873042000101, -1.847490524999955, 0.0 ], [ 126.303207629000099, -1.847320300999968, 0.0 ], [ 126.30348915400009, -1.847197177999931, 0.0 ], [ 126.303785895000033, -1.847066364999932, 0.0 ], [ 126.304113153000117, -1.846966142999975, 0.0 ], [ 126.304463368000029, -1.846927175999951, 0.0 ], [ 126.304920234000065, -1.846910995999963, 0.0 ], [ 126.305232431000036, -1.84690274899998, 0.0 ], [ 126.305666481000117, -1.846901935999938, 0.0 ], [ 126.306032039000115, -1.846924237999929, 0.0 ], [ 126.306512033000104, -1.847061258999929, 0.0 ], [ 126.306824499000072, -1.847198592999973, 0.0 ], [ 126.307106335000071, -1.847244037999928, 0.0 ], [ 126.307365213000026, -1.847228227999949, 0.0 ], [ 126.307616335000034, -1.84713581099993, 0.0 ], [ 126.307799064000051, -1.847120143999973, 0.0 ], [ 126.308019895000029, -1.847119729999974, 0.0 ], [ 126.308294031000059, -1.847119215999953, 0.0 ], [ 126.308606114000099, -1.847049670999979, 0.0 ], [ 126.308788630000095, -1.846919071999935, 0.0 ], [ 126.308940644000018, -1.846765542999947, 0.0 ], [ 126.309214722000092, -1.84673437999993, 0.0 ], [ 126.309679088000053, -1.846656887999927, 0.0 ], [ 126.310645977000036, -1.846547803999954, 0.0 ], [ 126.311019148000014, -1.846570090999933, 0.0 ], [ 126.311346758000013, -1.846661421999954, 0.0 ], [ 126.311651380000058, -1.84667617499997, 0.0 ], [ 126.311940660000118, -1.846629658999973, 0.0 ], [ 126.312207066000042, -1.846567861999972, 0.0 ], [ 126.312420254000017, -1.846552137999936, 0.0 ], [ 126.31267897400005, -1.846452043999932, 0.0 ], [ 126.312754810000115, -1.846283333999963, 0.0 ], [ 126.312792628000011, -1.846145343999979, 0.0 ], [ 126.312959871000089, -1.845991786999946, 0.0 ], [ 126.313287082000102, -1.845868578999955, 0.0 ], [ 126.313545873000066, -1.845806795999977, 0.0 ], [ 126.313865512, -1.845706587999928, 0.0 ], [ 126.314390680000088, -1.845567683999946, 0.0 ], [ 126.314535148000118, -1.845452479999949, 0.0 ], [ 126.31469473300001, -1.845275951999952, 0.0 ], [ 126.314846760000023, -1.845130084999937, 0.0 ], [ 126.315097737000087, -1.84496104699997, 0.0 ], [ 126.315348884000059, -1.844883954999943, 0.0 ], [ 126.315546642000072, -1.844760988999951, 0.0 ], [ 126.315934941000023, -1.844729611999981, 0.0 ], [ 126.316308052000068, -1.844721249999964, 0.0 ], [ 126.316643047000071, -1.844689971999969, 0.0 ], [ 126.31699328600007, -1.84466632799996, 0.0 ], [ 126.317351068000107, -1.844604359999948, 0.0 ], [ 126.317632532000061, -1.844450588999962, 0.0 ], [ 126.317799745000116, -1.844281707999926, 0.0 ], [ 126.317944213000033, -1.844166504999976, 0.0 ], [ 126.31814199900009, -1.844058863999976, 0.0 ], [ 126.318461721000062, -1.844004628999926, 0.0 ], [ 126.318606963000093, -1.843971126999975, 0.0 ], [ 126.322696286000109, -1.846022824999977, 0.0 ], [ 126.339990061000094, -1.820283377999942, 0.0 ], [ 126.346500816000116, -1.820627797999975, 0.0 ], [ 126.355158333000077, -1.815499551999949, 0.0 ], [ 126.355161515000077, -1.814817059999939, 0.0 ], [ 126.353218643000105, -1.814832763999959, 0.0 ], [ 126.353204099000095, -1.814831000999959, 0.0 ], [ 126.353206956, -1.808657137999944, 0.0 ], [ 126.312717442, -1.808590378999952, 0.0 ], [ 126.312699445000021, -1.815370487999928, 0.0 ], [ 126.312697902000082, -1.815370490999953, 0.0 ], [ 126.312606861000063, -1.81545630599993, 0.0 ], [ 126.31261938900002, -1.815658165999935, 0.0 ], [ 126.312698794000084, -1.815859900999953, 0.0 ], [ 126.31280852000009, -1.816018757999927, 0.0 ], [ 126.312869630000023, -1.816189938999969, 0.0 ], [ 126.31295500300007, -1.816330486999959, 0.0 ], [ 126.313259281000114, -1.816488983999932, 0.0 ], [ 126.313387068000111, -1.816549924999947, 0.0 ], [ 126.313520968000034, -1.816629206999949, 0.0 ], [ 126.313630582000087, -1.816726886999959, 0.0 ], [ 126.313691681000023, -1.816891949999956, 0.0 ], [ 126.313691837000079, -1.816977596999948, 0.0 ], [ 126.313673754000092, -1.817063276999932, 0.0 ], [ 126.313613057000111, -1.817118447999974, 0.0 ], [ 126.313594996, -1.817216363999933, 0.0 ], [ 126.313619528000117, -1.817332553999961, 0.0 ], [ 126.313759552000079, -1.817436294999936, 0.0 ], [ 126.31397890400001, -1.817698947999929, 0.0 ], [ 126.314185940000016, -1.817875976999971, 0.0 ], [ 126.314411371000119, -1.818138618999967, 0.0 ], [ 126.31456980300004, -1.818334089999951, 0.0 ], [ 126.314697746000093, -1.818480676999968, 0.0 ], [ 126.314929235000022, -1.818731070999945, 0.0 ], [ 126.315051188000098, -1.818926609999949, 0.0 ], [ 126.315179321000073, -1.819177195999941, 0.0 ], [ 126.315264863000039, -1.819409507999978, 0.0 ], [ 126.315320218000011, -1.819758109999952, 0.0 ], [ 126.315540589000079, -1.820577464999928, 0.0 ], [ 126.315583662000108, -1.820858795999925, 0.0 ], [ 126.315602360000071, -1.821109583999942, 0.0 ], [ 126.315639354000041, -1.821390926999925, 0.0 ], [ 126.315658052000117, -1.821641714999942, 0.0 ], [ 126.315670738000108, -1.821929219999959, 0.0 ], [ 126.315671107000071, -1.822131100999968, 0.0 ], [ 126.31558648400005, -1.822400433999974, 0.0 ], [ 126.315514322000013, -1.822834918999945, 0.0 ], [ 126.315496609000093, -1.823122480999928, 0.0 ], [ 126.315460567000059, -1.823361134999971, 0.0 ], [ 126.315418300000033, -1.823520271999939, 0.0 ], [ 126.315357805000076, -1.823685559999944, 0.0 ], [ 126.315291197000079, -1.823832506999963, 0.0 ], [ 126.31520627000009, -1.823936663999973, 0.0 ], [ 126.315066648000084, -1.82405315799997, 0.0 ], [ 126.314963539000018, -1.824187936999977, 0.0 ], [ 126.314896863000058, -1.824298177999935, 0.0 ], [ 126.314690442000028, -1.824457619999976, 0.0 ], [ 126.314532636000081, -1.824604735999969, 0.0 ], [ 126.314301806000117, -1.824715281999943, 0.0 ], [ 126.31408913700011, -1.824782969999944, 0.0 ], [ 126.313791429000048, -1.824893639999971, 0.0 ], [ 126.313645570000062, -1.824924498999962, 0.0 ], [ 126.313432856000077, -1.824967716999936, 0.0 ], [ 126.313147206000053, -1.825023305999935, 0.0 ], [ 126.312898013000108, -1.825066591999928, 0.0 ], [ 126.312569951000114, -1.825201788999948, 0.0 ], [ 126.312168953000082, -1.825349355999947, 0.0 ], [ 126.311901609000074, -1.825441616999967, 0.0 ], [ 126.311752733000048, -1.825484715999949, 0.0 ], [ 126.311603856000033, -1.825527815999976, 0.0 ], [ 126.311251395000113, -1.825620234999974, 0.0 ], [ 126.310935368000059, -1.825688114999934, 0.0 ], [ 126.310540405000097, -1.825811200999965, 0.0 ], [ 126.310254754000084, -1.825866788999974, 0.0 ], [ 126.309987332000105, -1.825916225999947, 0.0 ], [ 126.309859734000042, -1.825959286999932, 0.0 ], [ 126.309726056000045, -1.826002357999926, 0.0 ], [ 126.309434337000084, -1.826064075999966, 0.0 ], [ 126.309294546000046, -1.826088805999973, 0.0 ], [ 126.309160902000031, -1.826150229999939, 0.0 ], [ 126.30902130100003, -1.826278959999968, 0.0 ], [ 126.308930496000016, -1.826493246999974, 0.0 ], [ 126.308906468000032, -1.82665235099995, 0.0 ], [ 126.308706327000095, -1.826921899999945, 0.0 ], [ 126.308572738000066, -1.827013911999927, 0.0 ], [ 126.30837228300004, -1.827112166999939, 0.0 ], [ 126.308001716000035, -1.827278030999935, 0.0 ], [ 126.307673618000081, -1.827394875999971, 0.0 ], [ 126.307497426000054, -1.827462496999942, 0.0 ], [ 126.307272640000065, -1.827554678999945, 0.0 ], [ 126.306999248000011, -1.827665303999936, 0.0 ], [ 126.306768427000065, -1.827781967999954, 0.0 ], [ 126.306604473000107, -1.827892390999978, 0.0 ], [ 126.306440642000098, -1.828070106999974, 0.0 ], [ 126.306367863000105, -1.828168124999934, 0.0 ], [ 126.306289027000048, -1.82827838999998, 0.0 ], [ 126.306149314000095, -1.828345943999977, 0.0 ], [ 126.306027762000099, -1.828370639999946, 0.0 ], [ 126.305887947000087, -1.828383133999978, 0.0 ], [ 126.305699595000078, -1.828450777999933, 0.0 ], [ 126.305572053000105, -1.828524426999934, 0.0 ], [ 126.305438386000105, -1.828573616999961, 0.0 ], [ 126.305225624000059, -1.828592363999974, 0.0 ], [ 126.305079719000105, -1.828598751999948, 0.0 ], [ 126.304854764000083, -1.828599169999961, 0.0 ], [ 126.304635721000068, -1.828507809999962, 0.0 ], [ 126.304453213000102, -1.828446971999938, 0.0 ], [ 126.303984717000048, -1.828258190999975, 0.0 ], [ 126.303631615000086, -1.828001901999926, 0.0 ], [ 126.303278356000078, -1.827659964999953, 0.0 ], [ 126.303235651000023, -1.827580513999976, 0.0 ], [ 126.303131980000103, -1.827409409999973, 0.0 ], [ 126.303046481000024, -1.827201565999928, 0.0 ], [ 126.302930539000045, -1.826969307999946, 0.0 ], [ 126.30280855, -1.826755413999933, 0.0 ], [ 126.302717061000067, -1.826596522999978, 0.0 ], [ 126.302619526000058, -1.826455995999936, 0.0 ], [ 126.302509776000079, -1.826284903999976, 0.0 ], [ 126.302448608000077, -1.826083131999951, 0.0 ], [ 126.30241180500002, -1.825905786999954, 0.0 ], [ 126.302338600000098, -1.825771332999977, 0.0 ], [ 126.30224096500001, -1.82557574599997, 0.0 ], [ 126.30218582100008, -1.825343374999932, 0.0 ], [ 126.302112483000087, -1.825135508999949, 0.0 ], [ 126.302069522000011, -1.824915349999969, 0.0 ], [ 126.301984035000032, -1.824713623999969, 0.0 ], [ 126.30185605600002, -1.824548681999943, 0.0 ], [ 126.301697678000096, -1.824383796999939, 0.0 ], [ 126.301502766000112, -1.824188389999961, 0.0 ], [ 126.301326059000075, -1.823974595999971, 0.0 ], [ 126.301173694000113, -1.823772992999977, 0.0 ], [ 126.300948270000049, -1.823516464999955, 0.0 ], [ 126.300729004000118, -1.823302749999925, 0.0 ], [ 126.300546285000109, -1.823125672999936, 0.0 ], [ 126.300351517000081, -1.823009795999951, 0.0 ], [ 126.300193273000104, -1.822918321999964, 0.0 ], [ 126.30001074300003, -1.822845245999929, 0.0 ], [ 126.299445014000071, -1.822681111999941, 0.0 ], [ 126.299165184000117, -1.82259597999996, 0.0 ], [ 126.299061692, -1.822522757999934, 0.0 ], [ 126.298964236000074, -1.82242505399995, 0.0 ], [ 126.298836302000041, -1.822284581999952, 0.0 ], [ 126.298696298000095, -1.822193073999927, 0.0 ], [ 126.298532130000012, -1.822187258999975, 0.0 ], [ 126.298416657000075, -1.822211942999957, 0.0 ], [ 126.298295182000061, -1.822279461999926, 0.0 ], [ 126.298167572000011, -1.822316403999935, 0.0 ], [ 126.29800952800008, -1.822335048999946, 0.0 ], [ 126.297790653000106, -1.822335451999948, 0.0 ], [ 126.297614336000038, -1.822335776999978, 0.0 ], [ 126.297498963000066, -1.822415520999925, 0.0 ], [ 126.297487071000091, -1.822562367999979, 0.0 ], [ 126.2975603860001, -1.822758000999954, 0.0 ], [ 126.297621541000012, -1.822953655999925, 0.0 ], [ 126.297627777000116, -1.823039292999965, 0.0 ], [ 126.297524675000091, -1.823180190999949, 0.0 ], [ 126.297354628000107, -1.823284505999936, 0.0 ], [ 126.297154192000107, -1.823394994999944, 0.0 ], [ 126.296911264000073, -1.823542268999972, 0.0 ], [ 126.296747241000048, -1.823615984999947, 0.0 ], [ 126.296206476000066, -1.823806631999958, 0.0 ], [ 126.296054701000116, -1.823929266999926, 0.0 ], [ 126.295915142000013, -1.824082467999972, 0.0 ], [ 126.295702691000088, -1.824272510999947, 0.0 ], [ 126.295484116000011, -1.824438092999969, 0.0 ], [ 126.295259460000011, -1.824603686999978, 0.0 ], [ 126.295059136000077, -1.824775353999939, 0.0 ], [ 126.294901459000016, -1.824995883999975, 0.0 ], [ 126.294768136000016, -1.825234721999948, 0.0 ], [ 126.294671170000015, -1.825406198999929, 0.0 ], [ 126.294471146000092, -1.825743043999978, 0.0 ], [ 126.294088858, -1.826153639999973, 0.0 ], [ 126.293833870000071, -1.826355996999951, 0.0 ], [ 126.293548481000016, -1.826558409999961, 0.0 ], [ 126.293287134000025, -1.826607833999958, 0.0 ], [ 126.293092588000036, -1.826614310999958, 0.0 ], [ 126.292867485000102, -1.826535194999963, 0.0 ], [ 126.292721411000116, -1.826449815999979, 0.0 ], [ 126.292526575000011, -1.826297230999955, 0.0 ], [ 126.292331772000011, -1.826163, 0.0 ], [ 126.292143082000052, -1.826047109999934, 0.0 ], [ 126.291832750000026, -1.825906973999963, 0.0 ], [ 126.291686787000117, -1.825882771999943, 0.0 ], [ 126.291522640000039, -1.825889191999977, 0.0 ], [ 126.291249232000041, -1.825993697999934, 0.0 ], [ 126.291036735000034, -1.826159269999948, 0.0 ], [ 126.290927486000101, -1.826263473999973, 0.0 ], [ 126.290745322000021, -1.826392282999961, 0.0 ], [ 126.290581319000012, -1.826478234999968, 0.0 ], [ 126.290392997000026, -1.826564230999963, 0.0 ], [ 126.290259328000047, -1.826613419999944, 0.0 ], [ 126.290119589000028, -1.826668737999967, 0.0 ], [ 126.289912916000048, -1.826693589999934, 0.0 ], [ 126.289718279000112, -1.826651123999966, 0.0 ], [ 126.289456708000102, -1.826578192999932, 0.0 ], [ 126.289042848, -1.826346478999938, 0.0 ], [ 126.288568056000031, -1.826041464999946, 0.0 ], [ 126.2881966220001, -1.825736258999939, 0.0 ], [ 126.288123418000055, -1.825601801999937, 0.0 ], [ 126.288062296000021, -1.825424498999951, 0.0 ], [ 126.288061828000082, -1.825167551999925, 0.0 ], [ 126.288091672000064, -1.824861606999946, 0.0 ], [ 126.288115591000064, -1.824641321999934, 0.0 ], [ 126.288060494000092, -1.824433417999956, 0.0 ], [ 126.287938472000064, -1.824201165999966, 0.0 ], [ 126.287871181000014, -1.823974931999942, 0.0 ], [ 126.287895245000072, -1.82383417799997, 0.0 ], [ 126.28795591100004, -1.823760652999965, 0.0 ], [ 126.28803485100002, -1.823705446999952, 0.0 ], [ 126.288052890000017, -1.823595293999972, 0.0 ], [ 126.287918787000081, -1.823405888999957, 0.0 ], [ 126.287754306000011, -1.823228774999961, 0.0 ], [ 126.287589870000033, -1.823076131999926, 0.0 ], [ 126.287382752000099, -1.822856271999967, 0.0 ], [ 126.287096539000117, -1.822605967999948, 0.0 ], [ 126.28696866000007, -1.822496082999976, 0.0 ], [ 126.286925889000031, -1.822379922999971, 0.0 ], [ 126.2867917640001, -1.822178281999925, 0.0 ], [ 126.286645579000037, -1.822031722999952, 0.0 ], [ 126.286432492000017, -1.821873050999955, 0.0 ], [ 126.286213425000028, -1.821769450999966, 0.0 ], [ 126.286036907000039, -1.821659654999962, 0.0 ], [ 126.285799567000026, -1.821537733999946, 0.0 ], [ 126.285550156000113, -1.82146477799995, 0.0 ], [ 126.285319084000093, -1.821446848999926, 0.0 ], [ 126.285124525000015, -1.821447205999959, 0.0 ], [ 126.284887296000079, -1.821386463999943, 0.0 ], [ 126.284613532000094, -1.821295198999962, 0.0 ], [ 126.284540472000117, -1.821240272999944, 0.0 ], [ 126.284522066000022, -1.821148538999978, 0.0 ], [ 126.28453408200005, -1.821068984999954, 0.0 ], [ 126.284582555000043, -1.820977128999971, 0.0 ], [ 126.284643200000119, -1.820891367999934, 0.0 ], [ 126.284673356000098, -1.820756720999952, 0.0 ], [ 126.284624439000027, -1.820603864999953, 0.0 ], [ 126.28458149100004, -1.820389819999946, 0.0 ], [ 126.284569109000017, -1.820267485999977, 0.0 ], [ 126.284562974000096, -1.82023690799997, 0.0 ], [ 126.284471531, -1.82010248399996, 0.0 ], [ 126.284447145000058, -1.820065821999947, 0.0 ], [ 126.28434363000008, -1.819980361999967, 0.0 ], [ 126.284227956000109, -1.819894924999971, 0.0 ], [ 126.284051471000112, -1.819803480999951, 0.0 ], [ 126.283875030000104, -1.819736507999949, 0.0 ], [ 126.283729100000073, -1.819730657999969, 0.0 ], [ 126.283564964000107, -1.819743194999944, 0.0 ], [ 126.283413009000014, -1.819767944999967, 0.0 ], [ 126.283279338000057, -1.819817131999969, 0.0 ], [ 126.283182247000013, -1.819921312999952, 0.0 ], [ 126.283152268000094, -1.820153845999926, 0.0 ], [ 126.283201185000053, -1.820306701999925, 0.0 ], [ 126.283213688000046, -1.820496331999948, 0.0 ], [ 126.2831958700001, -1.820728841999937, 0.0 ], [ 126.283153432000063, -1.820796215999962, 0.0 ], [ 126.283074525000075, -1.820869774999949, 0.0 ], [ 126.282971221000025, -1.820900552999944, 0.0 ], [ 126.282545668000012, -1.820925804999945, 0.0 ], [ 126.282278060000067, -1.820877352999958, 0.0 ], [ 126.281894989000079, -1.82085970199995, 0.0 ], [ 126.281566659000077, -1.820854185999963, 0.0 ], [ 126.281207774000109, -1.820763075999935, 0.0 ], [ 126.281000966000079, -1.820714512999928, 0.0 ], [ 126.280733381000118, -1.820678295999926, 0.0 ], [ 126.280551015000015, -1.820696983999937, 0.0 ], [ 126.280273992000048, -1.82070009499995, 0.0 ], [ 126.280021769000086, -1.820723888999964, 0.0 ], [ 126.279636296000035, -1.820752441999957, 0.0 ], [ 126.279336485000044, -1.820838103999961, 0.0 ], [ 126.279069985000092, -1.820928522999964, 0.0 ], [ 126.278765413000087, -1.821076048999942, 0.0 ], [ 126.278441807000036, -1.821223575999966, 0.0 ], [ 126.278032540000027, -1.821366343999955, 0.0 ], [ 126.277794593000067, -1.821442486999956, 0.0 ], [ 126.277518576000034, -1.821475798999927, 0.0 ], [ 126.277166416000114, -1.821471039999949, 0.0 ], [ 126.27675239000007, -1.821413932999974, 0.0 ], [ 126.276385953000045, -1.821347307999929, 0.0 ], [ 126.276128971000048, -1.82124737099997, 0.0 ], [ 126.275829159000068, -1.821137914999952, 0.0 ], [ 126.275591213000098, -1.821104602999981, 0.0 ], [ 126.275353267000014, -1.821085567999944, 0.0 ], [ 126.275238954000088, -1.82107363199998, 0.0 ], [ 126.275042956000107, -1.820939547999956, 0.0 ], [ 126.274854188000063, -1.820780828999943, 0.0 ], [ 126.274586358000079, -1.820610017999968, 0.0 ], [ 126.274355008000043, -1.820439139999962, 0.0 ], [ 126.274166163000018, -1.820237594999981, 0.0 ], [ 126.274007740000116, -1.82004823099993, 0.0 ], [ 126.273885598000106, -1.81974867699995, 0.0 ], [ 126.273824555000033, -1.819614194999929, 0.0 ], [ 126.273726689000114, -1.819290125999942, 0.0 ], [ 126.273641315000077, -1.819149570999969, 0.0 ], [ 126.273568002000047, -1.818953931999943, 0.0 ], [ 126.273543461000031, -1.81883161899998, 0.0 ], [ 126.273470357000065, -1.818752219999965, 0.0 ], [ 126.273336464000067, -1.818679049999957, 0.0 ], [ 126.273214709000058, -1.81859362199998, 0.0 ], [ 126.273123222000095, -1.818434723999928, 0.0 ], [ 126.273123012000042, -1.818318483999974, 0.0 ], [ 126.273074196000039, -1.81822068699995, 0.0 ], [ 126.272909881000032, -1.818135336999944, 0.0 ], [ 126.272800429000085, -1.818129418999945, 0.0 ], [ 126.272710637000046, -1.818102674999977, 0.0 ], [ 126.272615459, -1.818064603999971, 0.0 ], [ 126.272558352000033, -1.818036049999932, 0.0 ], [ 126.27246793200004, -1.817983701999935, 0.0 ], [ 126.272377513000038, -1.817969424999944, 0.0 ], [ 126.272325165000098, -1.81800749699994, 0.0 ], [ 126.27235371800009, -1.818059843999947, 0.0 ], [ 126.272358477000012, -1.818121710999947, 0.0 ], [ 126.272234745000105, -1.818126469999925, 0.0 ], [ 126.272149085000024, -1.818174058999944, 0.0 ], [ 126.27204438800004, -1.818188335999935, 0.0 ], [ 126.271892103000027, -1.818135986999948, 0.0 ], [ 126.271725540000034, -1.81805032699998, 0.0 ], [ 126.271563737000065, -1.817983701999935, 0.0 ], [ 126.27138289800007, -1.817879005999941, 0.0 ], [ 126.271178264000014, -1.817764790999945, 0.0 ], [ 126.270968872000026, -1.817622023999945, 0.0 ], [ 126.270826104000093, -1.817498291999925, 0.0 ], [ 126.270707131000108, -1.81742214999997, 0.0 ], [ 126.270540569000104, -1.817341246999945, 0.0 ], [ 126.270335935000048, -1.817269863999968, 0.0 ], [ 126.270107507000034, -1.817241309999929, 0.0 ], [ 126.269979016000093, -1.817184202999954, 0.0 ], [ 126.269836248000047, -1.817084265999938, 0.0 ], [ 126.269802936000019, -1.817041434999965, 0.0 ], [ 126.26974107, -1.816965292999953, 0.0 ], [ 126.269712517000016, -1.816870113999926, 0.0 ], [ 126.269745829000044, -1.816741623999974, 0.0 ], [ 126.269774383000026, -1.81657506099998, 0.0 ], [ 126.269760106000035, -1.81647036499993, 0.0 ], [ 126.269707757000106, -1.816413257999955, 0.0 ], [ 126.269593543000042, -1.816360909999958, 0.0 ], [ 126.26946505300009, -1.816360909999958, 0.0 ], [ 126.269308008000053, -1.816370426999924, 0.0 ], [ 126.269189035000068, -1.816365667999946, 0.0 ], [ 126.269098615000075, -1.816308560999971, 0.0 ], [ 126.269036750000055, -1.816208623999955, 0.0 ], [ 126.268955848000019, -1.816108686999939, 0.0 ], [ 126.26890825800001, -1.816008748999934, 0.0 ], [ 126.26885591000007, -1.815932606999979, 0.0 ], [ 126.268775008000034, -1.815885016999971, 0.0 ], [ 126.268689348000066, -1.815918329999931, 0.0 ], [ 126.26860844700002, -1.816037302999973, 0.0 ], [ 126.268560857000011, -1.816194346999964, 0.0 ], [ 126.268513268000106, -1.816318078999927, 0.0 ], [ 126.268375259000095, -1.816322837999962, 0.0 ], [ 126.268227732000014, -1.816275248999943, 0.0 ], [ 126.268018340000026, -1.81608965099997, 0.0 ], [ 126.267737564000072, -1.815756526999962, 0.0 ], [ 126.267418716000066, -1.815470990999927, 0.0 ], [ 126.267237877000071, -1.815256838999971, 0.0 ], [ 126.267204565000043, -1.81526159799995, 0.0 ], [ 126.26706179700011, -1.81530442899998, 0.0 ], [ 126.266890475000082, -1.815366294999933, 0.0 ], [ 126.266761985000016, -1.815447196999969, 0.0 ], [ 126.266609699000014, -1.815585204999934, 0.0 ], [ 126.266447896000045, -1.815732731999958, 0.0 ], [ 126.266305128000113, -1.815804114999935, 0.0 ], [ 126.265995798000063, -1.815956400999937, 0.0 ], [ 126.26578164600005, -1.816103927999961, 0.0 ], [ 126.26554370100007, -1.816203864999977, 0.0 ], [ 126.265243889000089, -1.816341873999932, 0.0 ], [ 126.264934559000039, -1.81647036499993, 0.0 ], [ 126.264668059000087, -1.816579819999959, 0.0 ], [ 126.264430113000117, -1.816665480999973, 0.0 ], [ 126.264182649000077, -1.816751140999941, 0.0 ], [ 126.263916149000011, -1.816846319999968, 0.0 ], [ 126.263666399000044, -1.816923193999969, 0.0 ], [ 126.263528599000097, -1.816931601999954, 0.0 ], [ 126.263325915000109, -1.81692381299996, 0.0 ], [ 126.263115095000103, -1.816899724999928, 0.0 ], [ 126.262888091000036, -1.81689197999998, 0.0 ], [ 126.262660911000012, -1.816786348999926, 0.0 ], [ 126.262466026000084, -1.816607242999964, 0.0 ], [ 126.262344234000011, -1.816501419999952, 0.0 ], [ 126.262182025000016, -1.816460928999959, 0.0 ], [ 126.262028026000053, -1.816477522999946, 0.0 ], [ 126.261866022000049, -1.816551232999927, 0.0 ], [ 126.26164725700005, -1.816616888999931, 0.0 ], [ 126.261533923000115, -1.816706824999926, 0.0 ], [ 126.261428784000032, -1.81684568999998, 0.0 ], [ 126.26133126700006, -1.816997286999936, 0.0 ], [ 126.261267616000055, -1.817102937999948, 0.0 ], [ 126.261217694000038, -1.817236093999952, 0.0 ], [ 126.26117699100007, -1.817424295999956, 0.0 ], [ 126.261149812000099, -1.817525291999971, 0.0 ], [ 126.261063286000081, -1.817589687999941, 0.0 ], [ 126.260935638000092, -1.817608273999952, 0.0 ], [ 126.26072130600005, -1.817604074999963, 0.0 ], [ 126.26054341400004, -1.817576867999946, 0.0 ], [ 126.26037921000011, -1.817554223999934, 0.0 ], [ 126.260078196000109, -1.817527239999947, 0.0 ], [ 126.259804575000089, -1.817518559999939, 0.0 ], [ 126.259660840000038, -1.817507987999932, 0.0 ], [ 126.259432412000024, -1.817507987999932, 0.0 ], [ 126.259211122000011, -1.81749014199994, 0.0 ], [ 126.258986263000111, -1.817500849999931, 0.0 ], [ 126.258732850000115, -1.817518695999979, 0.0 ], [ 126.258354516000054, -1.817590079999945, 0.0 ], [ 126.258029720000081, -1.817665032999969, 0.0 ], [ 126.257776307000086, -1.817739985999935, 0.0 ], [ 126.257465787000115, -1.817811369999959, 0.0 ], [ 126.257151699000019, -1.817857768999943, 0.0 ], [ 126.256823333000057, -1.817929152999966, 0.0 ], [ 126.256594904000053, -1.817964844999949, 0.0 ], [ 126.256395030000022, -1.81797198299995, 0.0 ], [ 126.256205863000105, -1.81797198299995, 0.0 ], [ 126.25608808000004, -1.817964844999949, 0.0 ], [ 126.255977434000101, -1.817939859999967, 0.0 ], [ 126.255888205000019, -1.817922013999976, 0.0 ], [ 126.255827528000054, -1.817918444999975, 0.0 ], [ 126.255773991000069, -1.817861337999943, 0.0 ], [ 126.255699038000103, -1.817804230999968, 0.0 ], [ 126.255616947000021, -1.817843491999952, 0.0 ], [ 126.255467040000099, -1.817922013999976, 0.0 ], [ 126.255277873000068, -1.818011243999933, 0.0 ], [ 126.255063721000056, -1.818107612999938, 0.0 ], [ 126.254885262000016, -1.818132596999931, 0.0 ], [ 126.254706802000101, -1.818168287999924, 0.0 ], [ 126.254510497000069, -1.818189703999963, 0.0 ], [ 126.254282068000066, -1.818214687999955, 0.0 ], [ 126.254046502000051, -1.818189703999963, 0.0 ], [ 126.253843058000029, -1.818196842999953, 0.0 ], [ 126.253628906000017, -1.818203980999954, 0.0 ], [ 126.253468293000083, -1.81826822599993, 0.0 ], [ 126.253356412000016, -1.818310315999952, 0.0 ], [ 126.253171045000045, -1.818310652999969, 0.0 ], [ 126.252993069000013, -1.818237559999943, 0.0 ], [ 126.252805924000086, -1.818136951999975, 0.0 ], [ 126.252609658000097, -1.81803636099994, 0.0 ], [ 126.252376895000111, -1.817926658999966, 0.0 ], [ 126.252180671000019, -1.817849009999975, 0.0 ], [ 126.252061993000098, -1.817784985999936, 0.0 ], [ 126.251838359000089, -1.817679855999927, 0.0 ], [ 126.251642060000108, -1.817560909999941, 0.0 ], [ 126.251495972000043, -1.81746940499994, 0.0 ], [ 126.251249439000048, -1.817309252999962, 0.0 ], [ 126.251016742000047, -1.817236258999969, 0.0 ], [ 126.250843350000082, -1.817176921999931, 0.0 ], [ 126.250542243000041, -1.817099462999977, 0.0 ], [ 126.250368869000113, -1.817049303999966, 0.0 ], [ 126.250172669000108, -1.81698541999998, 0.0 ], [ 126.249999996000042, -1.816935267999952, 0.0 ], [ 126.249798526000063, -1.816866795999942, 0.0 ], [ 126.24959775700006, -1.816798331999962, 0.0 ], [ 126.249428935000083, -1.816743574999975, 0.0 ], [ 126.249246431000074, -1.816688842999952, 0.0 ], [ 126.249201603000074, -1.816680871999949, 0.0 ], [ 126.248771613000031, -1.795428039999933, 0.0 ], [ 126.024084875000085, -1.795007590999944, 0.0 ], [ 126.02389474000006, -1.799651572999949, 0.0 ], [ 126.0234073150001, -1.799597430999938, 0.0 ], [ 126.022580133000019, -1.799533537999935, 0.0 ], [ 126.021988033000071, -1.799428456999976, 0.0 ], [ 126.021501465000028, -1.799396631999969, 0.0 ], [ 126.020974326000101, -1.799348555999927, 0.0 ], [ 126.020358060000035, -1.799341423999977, 0.0 ], [ 126.019733658000064, -1.799317986999938, 0.0 ], [ 126.019230778000065, -1.799229073999925, 0.0 ], [ 126.018938761000072, -1.79916428699994, 0.0 ], [ 126.018370984000057, -1.799059163999971, 0.0 ], [ 126.017916782000043, -1.798986486999979, 0.0 ], [ 126.017259931000012, -1.798954944999934, 0.0 ], [ 126.01625436900008, -1.798899503999962, 0.0 ], [ 126.015273186000059, -1.798876658999973, 0.0 ], [ 126.014503054000102, -1.798992169999963, 0.0 ], [ 126.013554732000102, -1.799230364999971, 0.0 ], [ 126.013011561000098, -1.799296541999979, 0.0 ], [ 126.012541233000093, -1.799281004999955, 0.0 ], [ 126.011997940000015, -1.799273749999941, 0.0 ], [ 126.01156818100003, -1.79927446399995, 0.0 ], [ 126.011170857000025, -1.799275123999962, 0.0 ], [ 126.010757329000057, -1.799283970999966, 0.0 ], [ 126.010262727000054, -1.799301110999977, 0.0 ], [ 126.009889756, -1.799318048999965, 0.0 ], [ 126.009789959000045, -1.79934736499996, 0.0 ], [ 126.009721549000119, -1.799418747999937, 0.0 ], [ 126.009632319000048, -1.799487157999977, 0.0 ], [ 126.009483603000035, -1.799427670999933, 0.0 ], [ 126.009483603000035, -1.799311672999977, 0.0 ], [ 126.009544191000032, -1.799210020999965, 0.0 ], [ 126.009567086000061, -1.799171609999973, 0.0 ], [ 126.009557961000041, -1.79913916199996, 0.0 ], [ 126.00954308900009, -1.799085623999929, 0.0 ], [ 126.009510372000022, -1.799035060999927, 0.0 ], [ 126.009438988000056, -1.798987470999975, 0.0 ], [ 126.00937057900012, -1.798933933999933, 0.0 ], [ 126.009254580000061, -1.798901214999944, 0.0 ], [ 126.009147504000111, -1.798880394999969, 0.0 ], [ 126.008963096000116, -1.798829831999967, 0.0 ], [ 126.008826277000026, -1.798809011999936, 0.0 ], [ 126.008662689000062, -1.798794139999927, 0.0 ], [ 126.008490178000102, -1.798782242999948, 0.0 ], [ 126.008348212000101, -1.798773938999943, 0.0 ], [ 126.007383038000057, -1.798628672999939, 0.0 ], [ 126.006158399000014, -1.798491996999928, 0.0 ], [ 126.005136517000096, -1.798379461999957, 0.0 ], [ 126.004122716000097, -1.798250592999977, 0.0 ], [ 126.003733378000106, -1.798177804999966, 0.0 ], [ 126.003400854, -1.79813755899994, 0.0 ], [ 126.002784525000038, -1.798097782999946, 0.0 ], [ 126.002119637000078, -1.798115202999952, 0.0 ], [ 126.001795275000063, -1.798107580999954, 0.0 ], [ 126.001470872000027, -1.798075480999955, 0.0 ], [ 126.00112218400011, -1.798067898999932, 0.0 ], [ 126.000724750000018, -1.798003281999968, 0.0 ], [ 126.000286798000047, -1.797955050999974, 0.0 ], [ 126.000000000000114, -1.797955524999963, 0.0 ], [ 125.999524729000086, -1.79799701099995, 0.0 ], [ 125.999048837000032, -1.798032702999933, 0.0 ], [ 125.998452052000061, -1.798160750999955, 0.0 ], [ 125.99826169500011, -1.798198821999961, 0.0 ], [ 125.998101795000025, -1.798290193999946, 0.0 ], [ 125.997858138000083, -1.79846532199997, 0.0 ], [ 125.99770585300007, -1.79854907999993, 0.0 ], [ 125.997553567000068, -1.798663292999947, 0.0 ], [ 125.997363210000117, -1.798762278999959, 0.0 ], [ 125.997256610000022, -1.79881557899995, 0.0 ], [ 125.997111939000092, -1.798868877999951, 0.0 ], [ 125.996997725000028, -1.798967863999962, 0.0 ], [ 125.996769297000014, -1.799051621999979, 0.0 ], [ 125.996556098000042, -1.79912776499998, 0.0 ], [ 125.996297212000059, -1.799158220999971, 0.0 ], [ 125.996061169000086, -1.799158220999971, 0.0 ], [ 125.995741369000029, -1.799150606999945, 0.0 ], [ 125.995535784000026, -1.799142992999975, 0.0 ], [ 125.995147456000041, -1.799142992999975, 0.0 ], [ 125.994705828000065, -1.799142992999975, 0.0 ], [ 125.993913943000052, -1.799074463999943, 0.0 ], [ 125.99322865900001, -1.798975478999978, 0.0 ], [ 125.992931702000078, -1.798906949999946, 0.0 ], [ 125.99239108900008, -1.798906949999946, 0.0 ], [ 125.992162660000076, -1.798891720999961, 0.0 ], [ 125.991682961000038, -1.798891720999961, 0.0 ], [ 125.991287019000083, -1.798823192999976, 0.0 ], [ 125.99105859000008, -1.798777506999954, 0.0 ], [ 125.990792091000117, -1.798693750999973, 0.0 ], [ 125.99055604800003, -1.798693750999973, 0.0 ], [ 125.990190563000056, -1.798625221999941, 0.0 ], [ 125.989809849000039, -1.798472936999929, 0.0 ], [ 125.989444364000065, -1.798404407999953, 0.0 ], [ 125.988957050000067, -1.798305422999931, 0.0 ], [ 125.988568722000082, -1.798221664999971, 0.0 ], [ 125.988309837000088, -1.798198821999961, 0.0 ], [ 125.987891052, -1.798137908999934, 0.0 ], [ 125.987502724000024, -1.798076993999928, 0.0 ], [ 125.987182924000081, -1.798031307999963, 0.0 ], [ 125.986634697000113, -1.797985622999931, 0.0 ], [ 125.986383425000099, -1.797955164999962, 0.0 ], [ 125.986063626000032, -1.79787902299995, 0.0 ], [ 125.98593418300004, -1.797886636999976, 0.0 ], [ 125.98578951200011, -1.79790947999993, 0.0 ], [ 125.985583926000118, -1.797970394999936, 0.0 ], [ 125.985378341000114, -1.797978007999973, 0.0 ], [ 125.985172756000111, -1.797970394999936, 0.0 ], [ 125.984921485000086, -1.797978007999973, 0.0 ], [ 125.984723513000063, -1.797947551999926, 0.0 ], [ 125.98451031400009, -1.797955164999962, 0.0 ], [ 125.984114372000022, -1.797978007999973, 0.0 ], [ 125.983566143000075, -1.797985622999931, 0.0 ], [ 125.983375787000114, -1.797962779999978, 0.0 ], [ 125.983139744000027, -1.797962779999978, 0.0 ], [ 125.982835174000115, -1.79790947999993, 0.0 ], [ 125.982720959000062, -1.79782572299996, 0.0 ], [ 125.982424003000119, -1.797757193999928, 0.0 ], [ 125.982127046000073, -1.79779526599998, 0.0 ], [ 125.981875775000049, -1.797833336999929, 0.0 ], [ 125.981731104000119, -1.797894251999935, 0.0 ], [ 125.981616889000065, -1.797970394999936, 0.0 ], [ 125.981472218000022, -1.798031307999963, 0.0 ], [ 125.981137190000027, -1.798031307999963, 0.0 ], [ 125.980901147000054, -1.798031307999963, 0.0 ], [ 125.980398605000119, -1.797955164999962, 0.0 ], [ 125.980094035000093, -1.797932322999941, 0.0 ], [ 125.979675249000024, -1.79782572299996, 0.0 ], [ 125.979233621000049, -1.797734350999974, 0.0 ], [ 125.978921435000075, -1.797642979999978, 0.0 ], [ 125.978769151000051, -1.79755922399994, 0.0 ], [ 125.97852549400011, -1.797528765999971, 0.0 ], [ 125.978513422000105, -1.797529598999972, 0.0 ], [ 125.978304680000065, -1.797543994999955, 0.0 ], [ 125.978144780000093, -1.797604908999972, 0.0 ], [ 125.977923966000048, -1.797673437999947, 0.0 ], [ 125.977718380000056, -1.797681051999973, 0.0 ], [ 125.977406195000071, -1.797741965999933, 0.0 ], [ 125.977078781000046, -1.797757193999928, 0.0 ], [ 125.976393496000014, -1.797818108999934, 0.0 ], [ 125.976126996000062, -1.797810493999975, 0.0 ], [ 125.975845268000057, -1.797810493999975, 0.0 ], [ 125.975540698000032, -1.797810493999975, 0.0 ], [ 125.975274198000079, -1.797818108999934, 0.0 ], [ 125.974916327000074, -1.797818108999934, 0.0 ], [ 125.97465744200008, -1.79779526599998, 0.0 ], [ 125.974291957000105, -1.797787650999965, 0.0 ], [ 125.974048300000049, -1.797772422999969, 0.0 ], [ 125.973621901000115, -1.797719122999979, 0.0 ], [ 125.973286872000017, -1.797688665999942, 0.0 ], [ 125.972807172000103, -1.797688665999942, 0.0 ], [ 125.972396001000106, -1.797582065999961, 0.0 ], [ 125.971901074000016, -1.797582065999961, 0.0 ], [ 125.971619346000011, -1.797536380999929, 0.0 ], [ 125.971360461000017, -1.797521151999945, 0.0 ], [ 125.971101575000034, -1.797513537999976, 0.0 ], [ 125.970880761000103, -1.797490694999965, 0.0 ], [ 125.970439133000013, -1.79745262299997, 0.0 ], [ 125.97018024800002, -1.797429780999948, 0.0 ], [ 125.969723392000105, -1.797437394999974, 0.0 ], [ 125.969426435000059, -1.797384094999927, 0.0 ], [ 125.969091407000064, -1.797353637999947, 0.0 ], [ 125.968771607, -1.797323180999967, 0.0 ], [ 125.968543179000108, -1.797292723999931, 0.0 ], [ 125.968307136000021, -1.797300337999957, 0.0 ], [ 125.968093936000059, -1.797300337999957, 0.0 ], [ 125.967835051000066, -1.797269880999977, 0.0 ], [ 125.967599009000082, -1.797254651999936, 0.0 ], [ 125.967164995000076, -1.79718612399995, 0.0 ], [ 125.966913723000062, -1.797163280999939, 0.0 ], [ 125.966647224000099, -1.797163280999939, 0.0 ], [ 125.966456867000034, -1.797148052999944, 0.0 ], [ 125.96608376800009, -1.797125209999933, 0.0 ], [ 125.965672597000093, -1.797071909999943, 0.0 ], [ 125.965375640000047, -1.797026223999978, 0.0 ], [ 125.965101527000115, -1.797026223999978, 0.0 ], [ 125.964530455000045, -1.796988151999926, 0.0 ], [ 125.964020300000016, -1.796919623999941, 0.0 ], [ 125.963746185000105, -1.796881552999935, 0.0 ], [ 125.963510143, -1.79683586699997, 0.0 ], [ 125.963380700000016, -1.796813024999949, 0.0 ], [ 125.963083743000084, -1.796828252999944, 0.0 ], [ 125.962961915000051, -1.796843480999939, 0.0 ], [ 125.962642116000097, -1.796744495999974, 0.0 ], [ 125.962360388000093, -1.796691195999927, 0.0 ], [ 125.961850231000085, -1.796683581999957, 0.0 ], [ 125.961256317000107, -1.796584595999946, 0.0 ], [ 125.960982204000061, -1.796554138999966, 0.0 ], [ 125.960586261000117, -1.796447538999928, 0.0 ], [ 125.960487275000105, -1.796424696999964, 0.0 ], [ 125.960281690000102, -1.796386624999968, 0.0 ], [ 125.960030419000077, -1.796295253999972, 0.0 ], [ 125.959832448000043, -1.796219110999971, 0.0 ], [ 125.95962686200005, -1.796142968999959, 0.0 ], [ 125.959390820000067, -1.796097281999948, 0.0 ], [ 125.959162391000064, -1.796097281999948, 0.0 ], [ 125.959010106000051, -1.796097281999948, 0.0 ], [ 125.958827363000069, -1.796097281999948, 0.0 ], [ 125.958530407000012, -1.796074438999938, 0.0 ], [ 125.958301978, -1.796043982999947, 0.0 ], [ 125.958065936000025, -1.795937382999966, 0.0 ], [ 125.957799436000073, -1.795884082999976, 0.0 ], [ 125.95761669400008, -1.795815553999944, 0.0 ], [ 125.957479636000016, -1.795815553999944, 0.0 ], [ 125.957296894000024, -1.795838396999955, 0.0 ], [ 125.956977094000081, -1.795884082999976, 0.0 ], [ 125.956840038000109, -1.795914539999956, 0.0 ], [ 125.956642066000086, -1.795998296999926, 0.0 ], [ 125.9562537380001, -1.796089668999969, 0.0 ], [ 125.956078611000066, -1.796112510999933, 0.0 ], [ 125.955941553000116, -1.79616581099998, 0.0 ], [ 125.955865410000115, -1.79616581099998, 0.0 ], [ 125.95566744000007, -1.796135353999944, 0.0 ], [ 125.955522768000037, -1.796142968999959, 0.0 ], [ 125.955347640000014, -1.79619626799996, 0.0 ], [ 125.955134440000052, -1.79622672499994, 0.0 ], [ 125.954989769, -1.796287639999946, 0.0 ], [ 125.954852711000058, -1.796371395999927, 0.0 ], [ 125.954738497000108, -1.796455153999943, 0.0 ], [ 125.954563370000074, -1.79659982499993, 0.0 ], [ 125.9542511840001, -1.796873937999976, 0.0 ], [ 125.954076056000076, -1.797033838999937, 0.0 ], [ 125.953916156000105, -1.797201352999934, 0.0 ], [ 125.95380955600001, -1.797300337999957, 0.0 ], [ 125.953718185000071, -1.797422165999933, 0.0 ], [ 125.95358112800011, -1.797543994999955, 0.0 ], [ 125.953451685000118, -1.797650594999936, 0.0 ], [ 125.953124271000092, -1.797764808999943, 0.0 ], [ 125.952949143000069, -1.79782572299996, 0.0 ], [ 125.952705486000013, -1.797833336999929, 0.0 ], [ 125.952530358000104, -1.797863793999966, 0.0 ], [ 125.952423758, -1.797863793999966, 0.0 ], [ 125.952256244000068, -1.797863793999966, 0.0 ], [ 125.952058273000034, -1.79779526599998, 0.0 ], [ 125.951913602000104, -1.79779526599998, 0.0 ], [ 125.951593802000048, -1.797711508999953, 0.0 ], [ 125.951182631000052, -1.797604908999972, 0.0 ], [ 125.950931360000027, -1.797566836999977, 0.0 ], [ 125.950801918000025, -1.79755922399994, 0.0 ], [ 125.950451660000112, -1.79755922399994, 0.0 ], [ 125.950291761000017, -1.797551608999925, 0.0 ], [ 125.950162318000025, -1.797536380999929, 0.0 ], [ 125.949971961000074, -1.797528765999971, 0.0 ], [ 125.949850133000041, -1.797528765999971, 0.0 ], [ 125.94962931900011, -1.797498308999934, 0.0 ], [ 125.949461805000055, -1.797467852999944, 0.0 ], [ 125.949263834000021, -1.797467852999944, 0.0 ], [ 125.948997334000069, -1.797422165999933, 0.0 ], [ 125.948753677000013, -1.797399322999979, 0.0 ], [ 125.948471950000112, -1.797399322999979, 0.0 ], [ 125.948106464000034, -1.797406937999938, 0.0 ], [ 125.94779427900005, -1.797406937999938, 0.0 ], [ 125.947230822000051, -1.797406937999938, 0.0 ], [ 125.946918637000067, -1.797406937999938, 0.0 ], [ 125.946629294000104, -1.797406937999938, 0.0 ], [ 125.946187667000117, -1.797368866999932, 0.0 ], [ 125.94584502400005, -1.797338409999952, 0.0 ], [ 125.945608982000067, -1.797323180999967, 0.0 ], [ 125.945411011000033, -1.797277494999946, 0.0 ], [ 125.945190197000102, -1.797262266999951, 0.0 ], [ 125.944893240000056, -1.797254651999936, 0.0 ], [ 125.944558211000071, -1.797193737999976, 0.0 ], [ 125.944261255000015, -1.797117594999975, 0.0 ], [ 125.943827242000111, -1.797117594999975, 0.0 ], [ 125.943484599000044, -1.797033838999937, 0.0 ], [ 125.942822157000023, -1.797033838999937, 0.0 ], [ 125.942319615000088, -1.796965309999962, 0.0 ], [ 125.941916058000061, -1.796904395999945, 0.0 ], [ 125.941680016000078, -1.796858709999981, 0.0 ], [ 125.941413516000011, -1.796813024999949, 0.0 ], [ 125.940918588000045, -1.796759724999959, 0.0 ], [ 125.940652089000082, -1.796721653999953, 0.0 ], [ 125.940385589000016, -1.796714038999937, 0.0 ], [ 125.940195232000065, -1.796706423999979, 0.0 ], [ 125.93997441800002, -1.796668352999973, 0.0 ], [ 125.939776447000099, -1.796637895999936, 0.0 ], [ 125.939502333000064, -1.796615052999925, 0.0 ], [ 125.939182534000111, -1.796584595999946, 0.0 ], [ 125.938771363000114, -1.796531295999955, 0.0 ], [ 125.938512477000017, -1.796493224999949, 0.0 ], [ 125.938238363000096, -1.796439924999959, 0.0 ], [ 125.938063235000072, -1.796432310999933, 0.0 ], [ 125.937834807000058, -1.796394238999937, 0.0 ], [ 125.937408407000021, -1.796348553999962, 0.0 ], [ 125.936997236000025, -1.796310482999957, 0.0 ], [ 125.936768808000011, -1.796264796999935, 0.0 ], [ 125.936449008000068, -1.796219110999971, 0.0 ], [ 125.936144438000042, -1.796158196999954, 0.0 ], [ 125.935885553000048, -1.796135353999944, 0.0 ], [ 125.935733267000046, -1.796097281999948, 0.0 ], [ 125.93532209600005, -1.796021139999937, 0.0 ], [ 125.935108896000088, -1.795967839999946, 0.0 ], [ 125.93476625400001, -1.79590692499994, 0.0 ], [ 125.934377926000025, -1.79589931199996, 0.0 ], [ 125.934157111000104, -1.795868853999934, 0.0 ], [ 125.933822083000109, -1.795807939999975, 0.0 ], [ 125.933532741000022, -1.795762253999953, 0.0 ], [ 125.9332586270001, -1.795708954999952, 0.0 ], [ 125.933022585000117, -1.795670882999957, 0.0 ], [ 125.932725628000071, -1.795655654999962, 0.0 ], [ 125.932337300000086, -1.795594739999956, 0.0 ], [ 125.93204034300004, -1.79555666899995, 0.0 ], [ 125.931842372000119, -1.795533825999939, 0.0 ], [ 125.931583486000022, -1.795495753999944, 0.0 ], [ 125.931362673000081, -1.795457682999938, 0.0 ], [ 125.931179930000098, -1.795427225999958, 0.0 ], [ 125.930928659000074, -1.795389154999953, 0.0 ], [ 125.930822059000093, -1.795351082999957, 0.0 ], [ 125.930525102000047, -1.795320626999967, 0.0 ], [ 125.930410888000097, -1.795320626999967, 0.0 ], [ 125.929992104, -1.795267326999976, 0.0 ], [ 125.929809361000025, -1.795252097999935, 0.0 ], [ 125.929489561000082, -1.795130269999959, 0.0 ], [ 125.929337276000069, -1.795092197999963, 0.0 ], [ 125.929184990000067, -1.795076969999968, 0.0 ], [ 125.928948948000084, -1.795069354999953, 0.0 ], [ 125.928758591000019, -1.795061741999973, 0.0 ], [ 125.928507319000119, -1.795016054999962, 0.0 ], [ 125.928202749000093, -1.794985598999972, 0.0 ], [ 125.927882949000036, -1.794947526999977, 0.0 ], [ 125.927365179000049, -1.794863769999949, 0.0 ], [ 125.927136750000045, -1.79483331299997, 0.0 ], [ 125.926839794000102, -1.794780012999979, 0.0 ], [ 125.926596137000047, -1.794734326999958, 0.0 ], [ 125.926314408000053, -1.794658183999957, 0.0 ], [ 125.926093595000111, -1.794627727999966, 0.0 ], [ 125.925789023000107, -1.794551584999965, 0.0 ], [ 125.92549206700005, -1.79451351299997, 0.0 ], [ 125.925278867000088, -1.794460212999979, 0.0 ], [ 125.925141810000014, -1.794391684999937, 0.0 ], [ 125.925019981000105, -1.794361227999957, 0.0 ], [ 125.924730639000018, -1.794292698999925, 0.0 ], [ 125.924578353000015, -1.794262242999935, 0.0 ], [ 125.924349925000115, -1.794186099999934, 0.0 ], [ 125.92422048200001, -1.794170870999949, 0.0 ], [ 125.92409104, -1.794170870999949, 0.0 ], [ 125.923938754000119, -1.794201327999929, 0.0 ], [ 125.923687484000084, -1.794239399999981, 0.0 ], [ 125.923580884000103, -1.79427747099993, 0.0 ], [ 125.923420984000018, -1.794315542999925, 0.0 ], [ 125.922956513000031, -1.794368841999926, 0.0 ], [ 125.922682399000109, -1.794368841999926, 0.0 ], [ 125.922339757000032, -1.794323155999962, 0.0 ], [ 125.922111328000028, -1.794285084999956, 0.0 ], [ 125.921997114000078, -1.794285084999956, 0.0 ], [ 125.921761072000095, -1.794247012999961, 0.0 ], [ 125.921380358000079, -1.79416325699998, 0.0 ], [ 125.921273758000098, -1.794148027999938, 0.0 ], [ 125.921030101000042, -1.794087113999979, 0.0 ], [ 125.92081690200007, -1.794018585999936, 0.0 ], [ 125.920588473000066, -1.793995742999925, 0.0 ], [ 125.920329588000072, -1.79395767099993, 0.0 ], [ 125.920162074000018, -1.793934827999976, 0.0 ], [ 125.919895574000066, -1.79389675699997, 0.0 ], [ 125.91962146000003, -1.793851071999939, 0.0 ], [ 125.919469175000017, -1.793828228999928, 0.0 ], [ 125.919233133000034, -1.793820613999969, 0.0 ], [ 125.919012319000103, -1.793820613999969, 0.0 ], [ 125.918821962000038, -1.793820613999969, 0.0 ], [ 125.918601148000107, -1.793820613999969, 0.0 ], [ 125.918471705000115, -1.79384345699998, 0.0 ], [ 125.91828896200002, -1.793858684999975, 0.0 ], [ 125.918098606000058, -1.793866299999934, 0.0 ], [ 125.917923477000045, -1.793889142999944, 0.0 ], [ 125.917733120000094, -1.793889142999944, 0.0 ], [ 125.917656977000092, -1.79387391399996, 0.0 ], [ 125.917489463000038, -1.793813, 0.0 ], [ 125.917382863000057, -1.793752085999927, 0.0 ], [ 125.917268649000107, -1.793706399999962, 0.0 ], [ 125.917162050000115, -1.793622642999935, 0.0 ], [ 125.916986921000102, -1.793546499999934, 0.0 ], [ 125.916842250000059, -1.793477971999948, 0.0 ], [ 125.916750879000119, -1.793356142999926, 0.0 ], [ 125.916651893000108, -1.793318071999977, 0.0 ], [ 125.916453922000073, -1.79328761499994, 0.0 ], [ 125.916271180000081, -1.793257156999971, 0.0 ], [ 125.916187422, -1.793249543999934, 0.0 ], [ 125.916088436000109, -1.793249543999934, 0.0 ], [ 125.915966608000076, -1.793249543999934, 0.0 ], [ 125.915837166000074, -1.793249543999934, 0.0 ], [ 125.915722951000021, -1.793249543999934, 0.0 ], [ 125.91558589400006, -1.793249543999934, 0.0 ], [ 125.915502138000079, -1.793272386999945, 0.0 ], [ 125.915372695000087, -1.793310457999951, 0.0 ], [ 125.915250866000065, -1.793318071999977, 0.0 ], [ 125.915144267000073, -1.793386600999952, 0.0 ], [ 125.914931067000111, -1.793401828999947, 0.0 ], [ 125.914801624, -1.793447514999968, 0.0 ], [ 125.914672181000014, -1.793462742999964, 0.0 ], [ 125.914398068000082, -1.793409442999973, 0.0 ], [ 125.91429908200007, -1.793348529999946, 0.0 ], [ 125.914139182000099, -1.793302843999925, 0.0 ], [ 125.913956440000106, -1.793241928999976, 0.0 ], [ 125.913796540000021, -1.793165785999975, 0.0 ], [ 125.913560497000049, -1.793082029999937, 0.0 ], [ 125.913438669000016, -1.793082029999937, 0.0 ], [ 125.913233084000012, -1.793089642999973, 0.0 ], [ 125.913065570000072, -1.793112485999927, 0.0 ], [ 125.912958969000101, -1.793158172999938, 0.0 ], [ 125.912738155000056, -1.79320385799997, 0.0 ], [ 125.912608713000054, -1.793249543999934, 0.0 ], [ 125.912471656000093, -1.793340914999931, 0.0 ], [ 125.912174699000047, -1.79350081399997, 0.0 ], [ 125.911908200000084, -1.793584571999929, 0.0 ], [ 125.911748300000113, -1.79360741499994, 0.0 ], [ 125.911542714, -1.79360741499994, 0.0 ], [ 125.911344743000086, -1.79360741499994, 0.0 ], [ 125.91110108700002, -1.793584571999929, 0.0 ], [ 125.910918344000038, -1.793531271999939, 0.0 ], [ 125.910727987000087, -1.793531271999939, 0.0 ], [ 125.910545245000094, -1.793546499999934, 0.0 ], [ 125.910362502000112, -1.793630256999961, 0.0 ], [ 125.910271130000069, -1.793721628999947, 0.0 ], [ 125.910042702000055, -1.793805385999974, 0.0 ], [ 125.909974173000023, -1.79389675699997, 0.0 ], [ 125.909867574000032, -1.794041427999957, 0.0 ], [ 125.909783817000061, -1.794155641999964, 0.0 ], [ 125.909692445000019, -1.794307927999967, 0.0 ], [ 125.90959346000011, -1.794460212999979, 0.0 ], [ 125.909509703000026, -1.794612498999925, 0.0 ], [ 125.909456403000036, -1.794734326999958, 0.0 ], [ 125.909357417000024, -1.79485615599998, 0.0 ], [ 125.909288889000095, -1.79491706999994, 0.0 ], [ 125.909288889000095, -1.795054126999958, 0.0 ], [ 125.909296503000064, -1.795130269999959, 0.0 ], [ 125.909296503000064, -1.795214026999929, 0.0 ], [ 125.909349803000055, -1.795313011999951, 0.0 ], [ 125.909349803000055, -1.795404382999948, 0.0 ], [ 125.909357417000024, -1.795564283999965, 0.0 ], [ 125.909342189000085, -1.795686111999942, 0.0 ], [ 125.909334575000116, -1.795754639999927, 0.0 ], [ 125.909288889000095, -1.795830782999928, 0.0 ], [ 125.909266046000084, -1.79590692499994, 0.0 ], [ 125.909243204000063, -1.795967839999946, 0.0 ], [ 125.90915183200002, -1.796097281999948, 0.0 ], [ 125.90904523200004, -1.796188653999934, 0.0 ], [ 125.908892946000037, -1.796356167999932, 0.0 ], [ 125.908763504000035, -1.796493224999949, 0.0 ], [ 125.908603604000064, -1.796615052999925, 0.0 ], [ 125.90843609, -1.796729266999932, 0.0 ], [ 125.908207662000109, -1.796866324999939, 0.0 ], [ 125.907933548000074, -1.796980538999946, 0.0 ], [ 125.907636591000028, -1.797033838999937, 0.0 ], [ 125.907400548000055, -1.797094752999953, 0.0 ], [ 125.907156891000113, -1.797155665999981, 0.0 ], [ 125.906974149, -1.79720896699996, 0.0 ], [ 125.906661964000023, -1.797193737999976, 0.0 ], [ 125.90634216400008, -1.797193737999976, 0.0 ], [ 125.906136579000076, -1.797193737999976, 0.0 ], [ 125.905847237000103, -1.797163280999939, 0.0 ], [ 125.905618808000099, -1.797117594999975, 0.0 ], [ 125.905390380000085, -1.797117594999975, 0.0 ], [ 125.90514672300003, -1.797117594999975, 0.0 ], [ 125.904864995000025, -1.797117594999975, 0.0 ], [ 125.90456042400001, -1.797117594999975, 0.0 ], [ 125.904271081000047, -1.797071909999943, 0.0 ], [ 125.904065496000044, -1.797064294999927, 0.0 ], [ 125.903623868000068, -1.797033838999937, 0.0 ], [ 125.90308325500007, -1.797049066999932, 0.0 ], [ 125.902253298000119, -1.797026223999978, 0.0 ], [ 125.901963956000031, -1.796980538999946, 0.0 ], [ 125.901727914000048, -1.796972923999931, 0.0 ], [ 125.901469028000065, -1.796988151999926, 0.0 ], [ 125.901065472000028, -1.797003381999957, 0.0 ], [ 125.900699987000053, -1.79688916799995, 0.0 ], [ 125.89988525900003, -1.796752109999943, 0.0 ], [ 125.899656831000016, -1.796752109999943, 0.0 ], [ 125.899093374000017, -1.796752109999943, 0.0 ], [ 125.898659361000114, -1.796698809999953, 0.0 ], [ 125.898271033000015, -1.796592210999961, 0.0 ], [ 125.897943619000102, -1.796592210999961, 0.0 ], [ 125.897699962000047, -1.796561752999935, 0.0 ], [ 125.897288791000051, -1.796561752999935, 0.0 ], [ 125.896611121000092, -1.796523681999929, 0.0 ], [ 125.896253249000097, -1.796439924999959, 0.0 ], [ 125.896001979000062, -1.796401853999953, 0.0 ], [ 125.895705022000016, -1.796363781999958, 0.0 ], [ 125.895507050000106, -1.796348553999962, 0.0 ], [ 125.895057808000047, -1.796348553999962, 0.0 ], [ 125.894745623000063, -1.796287639999946, 0.0 ], [ 125.894509581000079, -1.796211496999945, 0.0 ], [ 125.894212624000033, -1.796173424999949, 0.0 ], [ 125.893847138000069, -1.79616581099998, 0.0 ], [ 125.893481654000084, -1.796142968999959, 0.0 ], [ 125.893047640000077, -1.796051596999973, 0.0 ], [ 125.892803983000022, -1.796059210999942, 0.0 ], [ 125.892575555, -1.796013525999967, 0.0 ], [ 125.892270984000106, -1.795975454999962, 0.0 ], [ 125.89197402700006, -1.795960224999931, 0.0 ], [ 125.891661842000076, -1.795914539999956, 0.0 ], [ 125.891387728000041, -1.79587646899995, 0.0 ], [ 125.891144071000099, -1.79587646899995, 0.0 ], [ 125.890946100000065, -1.795853625999939, 0.0 ], [ 125.890276044000075, -1.795739410999943, 0.0 ], [ 125.890047615000071, -1.795686111999942, 0.0 ], [ 125.889857258, -1.795670882999957, 0.0 ], [ 125.889537459000053, -1.795632811999951, 0.0 ], [ 125.889149131000067, -1.795617582999967, 0.0 ], [ 125.888890245000084, -1.795571896999945, 0.0 ], [ 125.888798874000031, -1.795564283999965, 0.0 ], [ 125.888585674000069, -1.795564283999965, 0.0 ], [ 125.888433389000056, -1.795541440999955, 0.0 ], [ 125.888128818000041, -1.795541440999955, 0.0 ], [ 125.887946076000048, -1.795579511999961, 0.0 ], [ 125.887885161000099, -1.795594739999956, 0.0 ], [ 125.887649119000116, -1.795571896999945, 0.0 ], [ 125.887443534000113, -1.795549054999981, 0.0 ], [ 125.887336933000029, -1.79550336899996, 0.0 ], [ 125.887207490000037, -1.795427225999958, 0.0 ], [ 125.887100891000046, -1.795343469999978, 0.0 ], [ 125.887009520000106, -1.795252097999935, 0.0 ], [ 125.886910534000094, -1.795168340999965, 0.0 ], [ 125.886765863000051, -1.795054126999958, 0.0 ], [ 125.886651648000111, -1.794993211999952, 0.0 ], [ 125.886552663000089, -1.794947526999977, 0.0 ], [ 125.886400378000076, -1.794871383999975, 0.0 ], [ 125.886194792000083, -1.794795241999964, 0.0 ], [ 125.88610342100003, -1.794734326999958, 0.0 ], [ 125.886004435000018, -1.794665798999972, 0.0 ], [ 125.885890221000068, -1.794650570999977, 0.0 ], [ 125.885753164000107, -1.794589655999971, 0.0 ], [ 125.885646564000012, -1.794536355999981, 0.0 ], [ 125.88548666500003, -1.794498284999975, 0.0 ], [ 125.885250622000058, -1.794452598999953, 0.0 ], [ 125.885128794000025, -1.794452598999953, 0.0 ], [ 125.884900365000021, -1.794467827999938, 0.0 ], [ 125.884795614000041, -1.79449247499997, 0.0 ], [ 125.884795155, -1.794471862999956, 0.0 ], [ 125.88520194900002, -1.781609762999949, 0.0 ], [ 125.8844, -1.761119443999974, 0.0 ], [ 125.977469359000111, -1.761992961999965, 0.0 ], [ 126.26940060000004, -1.764702958999976, 0.0 ], [ 126.355108650000034, -1.765489943999967, 0.0 ], [ 126.46025, -1.76645, 0.0 ], [ 126.517519774000107, -1.765972381999973, 0.0 ], [ 126.517358595000019, -1.895544491999942, 0.0 ], [ 126.373540534000085, -1.902386168999953, 0.0 ], [ 126.322900359000073, -1.922874299999933, 0.0 ], [ 126.274659350000093, -1.932380530999978, 0.0 ], [ 126.118785586000058, -1.963083586999971, 0.0 ], [ 126.0860679970001, -1.986283331999971, 0.0 ], [ 126.05097094700011, -2.017811189999975, 0.0 ], [ 126.043289958000059, -1.997776610999949, 0.0 ], [ 126.033225200000061, -1.980602846999943, 0.0 ], [ 125.993074195000077, -1.91217897599995, 0.0 ], [ 125.993858525000064, -1.911670400999981, 0.0 ], [ 125.994332314000076, -1.911331784999959, 0.0 ], [ 125.995054289000109, -1.911022105999962, 0.0 ], [ 125.995644974000015, -1.91075671599998, 0.0 ], [ 125.996170141000107, -1.910586901999977, 0.0 ], [ 125.996439965000036, -1.910468937999951, 0.0 ], [ 125.997103502000073, -1.910129989999973, 0.0 ], [ 125.997759817000087, -1.909835111999939, 0.0 ], [ 125.998357887000111, -1.909621111999968, 0.0 ], [ 125.998904922000065, -1.909436572999937, 0.0 ], [ 125.999451944000043, -1.909244690999969, 0.0 ], [ 125.999684092000052, -1.909163688999968, 0.0 ], [ 126.000560022000059, -1.90896126399997, 0.0 ], [ 126.001430905, -1.908690004999926, 0.0 ], [ 126.002120949000073, -1.908461575999979, 0.0 ], [ 126.002677743000049, -1.908266460999926, 0.0 ], [ 126.002915689000019, -1.908185558999946, 0.0 ], [ 126.003191707000042, -1.90814748799994, 0.0 ], [ 126.003396340000108, -1.908128451999971, 0.0 ], [ 126.003719947000036, -1.908066585999961, 0.0 ], [ 126.004062589000114, -1.908066585999961, 0.0 ], [ 126.004295776000049, -1.908090380999965, 0.0 ], [ 126.004666973000099, -1.908171281999955, 0.0 ], [ 126.004900160000034, -1.90822838899993, 0.0 ], [ 126.005171418000032, -1.908261701999947, 0.0 ], [ 126.005404605000081, -1.908275977999949, 0.0 ], [ 126.005652069, -1.908252183999934, 0.0 ], [ 126.005899533000047, -1.908223630999942, 0.0 ], [ 126.00623741600009, -1.908142728999962, 0.0 ], [ 126.006480122000085, -1.908090380999965, 0.0 ], [ 126.006932219000078, -1.908018995999953, 0.0 ], [ 126.007047831000023, -1.908000208999965, 0.0 ], [ 126.007974646000093, -1.907932707999976, 0.0 ], [ 126.008317289000047, -1.907828011999925, 0.0 ], [ 126.008773922000046, -1.907762014999946, 0.0 ], [ 126.008869101000073, -1.907738220999931, 0.0 ], [ 126.009040421, -1.907571657999938, 0.0 ], [ 126.008991787000014, -1.907422715999928, 0.0 ], [ 126.009121324000034, -1.907367024999928, 0.0 ], [ 126.009163233000095, -1.907392968999943, 0.0 ], [ 126.009221261000107, -1.907428890999938, 0.0 ], [ 126.009254573000021, -1.907528827999954, 0.0 ], [ 126.012460882000028, -1.905993342999977, 0.0 ], [ 126.012689034000118, -1.906255794999936, 0.0 ], [ 126.016815, -1.911038445999964, 0.0 ], [ 126.034066093000092, -1.902412899999945, 0.0 ], [ 126.0280096460001, -1.896101287999954, 0.0 ], [ 126.028415897000059, -1.895932286999937, 0.0 ], [ 126.028896548000034, -1.895732411999973, 0.0 ], [ 126.029329610000104, -1.89551826099995, 0.0 ], [ 126.029705564000096, -1.895361215999969, 0.0 ], [ 126.030305189000046, -1.895256518999929, 0.0 ], [ 126.030757286000039, -1.895170858999961, 0.0 ], [ 126.031252215000109, -1.89501381499997, 0.0 ], [ 126.031628169000101, -1.894932912999934, 0.0 ], [ 126.032056472000022, -1.894837734999953, 0.0 ], [ 126.032470498000066, -1.894799662999958, 0.0 ], [ 126.032834159000117, -1.894771108999976, 0.0 ], [ 126.03321487300002, -1.894761591999952, 0.0 ], [ 126.033559161000085, -1.89480709299994, 0.0 ], [ 126.033975363000081, -1.89493853099998, 0.0 ], [ 126.034260102000076, -1.895011457999942, 0.0 ], [ 126.034661618000086, -1.895091520999927, 0.0 ], [ 126.035289313000021, -1.895141813999942, 0.0 ], [ 126.035719879000112, -1.895141053999964, 0.0 ], [ 126.036128628000029, -1.89518438999994, 0.0 ], [ 126.036924259000102, -1.895285784999942, 0.0 ], [ 126.037245372000029, -1.895292560999962, 0.0 ], [ 126.037792803000116, -1.895350336999968, 0.0 ], [ 126.03821607000009, -1.895349588999977, 0.0 ], [ 126.038362011000117, -1.895341988999974, 0.0 ], [ 126.03851631200007, -1.895232724999971, 0.0 ], [ 126.038616249000029, -1.895099474999938, 0.0 ], [ 126.038601973000027, -1.894928153999956, 0.0 ], [ 126.038753464000024, -1.894920485999933, 0.0 ], [ 126.038778053000101, -1.89509471599996, 0.0 ], [ 126.038787570000068, -1.895213688999945, 0.0 ], [ 126.039003761000117, -1.895083855999928, 0.0 ], [ 126.039295439000057, -1.894951169999956, 0.0 ], [ 126.039565210000092, -1.89481117899993, 0.0 ], [ 126.039834879000068, -1.89461244599994, 0.0 ], [ 126.040206574000081, -1.894332761999976, 0.0 ], [ 126.040512770000078, -1.89415599299997, 0.0 ], [ 126.041285556000048, -1.893714058999933, 0.0 ], [ 126.042007104000049, -1.893184100999974, 0.0 ], [ 126.042611965000106, -1.892698406999955, 0.0 ], [ 126.04335539200008, -1.89216106799995, 0.0 ], [ 126.044098946000076, -1.891697157999943, 0.0 ], [ 126.044849579000015, -1.89110840799998, 0.0 ], [ 126.045491170000105, -1.890762163999966, 0.0 ], [ 126.045730838000054, -1.890702230999977, 0.0 ], [ 126.046011615000111, -1.890583257999936, 0.0 ], [ 126.046211489000029, -1.890445249999971, 0.0 ], [ 126.046554132000097, -1.89022633899998, 0.0 ], [ 126.047115684000119, -1.889840866999975, 0.0 ], [ 126.047639165000078, -1.889526777999947, 0.0 ], [ 126.048224513000036, -1.889165099999957, 0.0 ], [ 126.049123949000091, -1.88862734099996, 0.0 ], [ 126.049685502000102, -1.888318010999967, 0.0 ], [ 126.050175671000034, -1.888070547999973, 0.0 ], [ 126.050746741000012, -1.887804047999964, 0.0 ], [ 126.051098902000035, -1.887704110999948, 0.0 ], [ 126.051746116000118, -1.887585137999963, 0.0 ], [ 126.052245802000016, -1.887504235999927, 0.0 ], [ 126.052475420000064, -1.887463784999966, 0.0 ], [ 126.052737160000106, -1.887398348999966, 0.0 ], [ 126.052939415000083, -1.887321017999966, 0.0 ], [ 126.05302864500004, -1.887297221999972, 0.0 ], [ 126.053163337000115, -1.88719075399996, 0.0 ], [ 126.05314523900006, -1.88709020899995, 0.0 ], [ 126.053138100000069, -1.887022394999974, 0.0 ], [ 126.053239623000081, -1.886963567999942, 0.0 ], [ 126.053312990000109, -1.887100916999941, 0.0 ], [ 126.053368441000089, -1.887105518999931, 0.0 ], [ 126.053650629000117, -1.886988250999934, 0.0 ], [ 126.05461308800011, -1.886516614999948, 0.0 ], [ 126.054847869000014, -1.88637769099995, 0.0 ], [ 126.054913178000106, -1.886283571999968, 0.0 ], [ 126.054951249000055, -1.886131285999966, 0.0 ], [ 126.054975044000116, -1.885983759999931, 0.0 ], [ 126.055145572000015, -1.885985608999931, 0.0 ], [ 126.055244978000019, -1.886174661999974, 0.0 ], [ 126.05541512700006, -1.886118688999943, 0.0 ], [ 126.055918427000051, -1.885985630999926, 0.0 ], [ 126.056195503000026, -1.885852971999952, 0.0 ], [ 126.05647263000003, -1.885749683999961, 0.0 ], [ 126.057223675000046, -1.885403247999932, 0.0 ], [ 126.057704863000026, -1.885145402999967, 0.0 ], [ 126.058485173, -1.884842971999944, 0.0 ], [ 126.058667483000022, -1.884769221999932, 0.0 ], [ 126.059090611000101, -1.88469504699998, 0.0 ], [ 126.059535747000041, -1.884686916999954, 0.0 ], [ 126.05984950200002, -1.884664333999979, 0.0 ], [ 126.060221573000035, -1.884604933999981, 0.0 ], [ 126.060476935000111, -1.884575111999936, 0.0 ], [ 126.060805194000068, -1.88450110399998, 0.0 ], [ 126.061359382000092, -1.884257814999955, 0.0 ], [ 126.06195012, -1.884051173999978, 0.0 ], [ 126.062183422000089, -1.883925935999969, 0.0 ], [ 126.062664813000083, -1.883785572999955, 0.0 ], [ 126.063051452000082, -1.883711461999951, 0.0 ], [ 126.063467319000097, -1.883659326999975, 0.0 ], [ 126.063919647000034, -1.883592442999941, 0.0 ], [ 126.064328127000067, -1.88348892199997, 0.0 ], [ 126.064798709000115, -1.883336485999962, 0.0 ], [ 126.065106789000083, -1.883290209999927, 0.0 ], [ 126.065439913000091, -1.883256897999956, 0.0 ], [ 126.065868216000013, -1.883180754999955, 0.0 ], [ 126.066282243000046, -1.883190272999968, 0.0 ], [ 126.066629644000045, -1.883280692999961, 0.0 ], [ 126.066981804000079, -1.88336159399995, 0.0 ], [ 126.067305410000017, -1.883452013999943, 0.0 ], [ 126.067700402000014, -1.883528155999954, 0.0 ], [ 126.068033526000022, -1.883532915999979, 0.0 ], [ 126.068414239000049, -1.88350436099995, 0.0 ], [ 126.068652186, -1.883471049999969, 0.0 ], [ 126.068842542000084, -1.883452013999943, 0.0 ], [ 126.069170908000046, -1.883380629999976, 0.0 ], [ 126.069618247000108, -1.883247379999943, 0.0 ], [ 126.06999896100001, -1.883171236999942, 0.0 ], [ 126.070451058000117, -1.883095093999941, 0.0 ], [ 126.070945987000073, -1.883023710999964, 0.0 ], [ 126.071340977000091, -1.882971362999967, 0.0 ], [ 126.07150278000006, -1.88299991599996, 0.0 ], [ 126.071769280000012, -1.883076058999961, 0.0 ], [ 126.072035780000078, -1.883152200999973, 0.0 ], [ 126.072340350000104, -1.883247379999943, 0.0 ], [ 126.07252594800002, -1.883309245999953, 0.0 ], [ 126.072821001000079, -1.883428218999939, 0.0 ], [ 126.073211233000052, -1.883604298999956, 0.0 ], [ 126.073553876000119, -1.883685200999935, 0.0 ], [ 126.074072597000054, -1.88375182599998, 0.0 ], [ 126.074534213000106, -1.883789896999929, 0.0 ], [ 126.07499107000001, -1.88372327299993, 0.0 ], [ 126.075390819000063, -1.883680441999957, 0.0 ], [ 126.075828640000054, -1.883590022999954, 0.0 ], [ 126.076085622000051, -1.883528155999954, 0.0 ], [ 126.076342604000047, -1.883480566999935, 0.0 ], [ 126.076452059000076, -1.883466289999944, 0.0 ], [ 126.076623380000115, -1.883390146999943, 0.0 ], [ 126.076713799000117, -1.883228343999974, 0.0 ], [ 126.076780425000038, -1.883028469999942, 0.0 ], [ 126.077051683000036, -1.883066540999948, 0.0 ], [ 126.077123067000116, -1.883204549999959, 0.0 ], [ 126.07715637900003, -1.883318763999966, 0.0 ], [ 126.077508539000064, -1.883271173999958, 0.0 ], [ 126.077822628000035, -1.883166477999964, 0.0 ], [ 126.078331078000019, -1.882994149999945, 0.0 ], [ 126.078695818000028, -1.882920075999948, 0.0 ], [ 126.079126363000114, -1.882919309999977, 0.0 ], [ 126.079498530000023, -1.882918647999929, 0.0 ], [ 126.079929023000091, -1.882888511999965, 0.0 ], [ 126.080381254000031, -1.88277022699998, 0.0 ], [ 126.080702080000037, -1.882622804999926, 0.0 ], [ 126.081015596000043, -1.882468053999958, 0.0 ], [ 126.081343796000056, -1.882364673999973, 0.0 ], [ 126.081635484000117, -1.882246674999976, 0.0 ], [ 126.081948999000019, -1.882091922999962, 0.0 ], [ 126.082262308000054, -1.881819691999965, 0.0 ], [ 126.082575798000107, -1.881650255999944, 0.0 ], [ 126.082998618000033, -1.881407199999956, 0.0 ], [ 126.083406856000011, -1.88117151199998, 0.0 ], [ 126.083785776000013, -1.880862451999974, 0.0 ], [ 126.08440548100009, -1.88053827799996, 0.0 ], [ 126.085207388000072, -1.880081614999938, 0.0 ], [ 126.085790812000027, -1.879874985999948, 0.0 ], [ 126.086651379000045, -1.879579753999963, 0.0 ], [ 126.087358779000056, -1.879328849999979, 0.0 ], [ 126.08860583, -1.878878737999969, 0.0 ], [ 126.089065289000018, -1.878723726999965, 0.0 ], [ 126.089284169000052, -1.87870130999994, 0.0 ], [ 126.089612534000025, -1.878693382999927, 0.0 ], [ 126.089868003000106, -1.87872964099995, 0.0 ], [ 126.089999510000098, -1.87881751599997, 0.0 ], [ 126.090109163000079, -1.878927457999964, 0.0 ], [ 126.090124016000118, -1.879074281999976, 0.0 ], [ 126.090197234000016, -1.879213657999969, 0.0 ], [ 126.090270245000056, -1.879235555999969, 0.0 ], [ 126.090357839000035, -1.879250084999967, 0.0 ], [ 126.090423527000098, -1.879257309999957, 0.0 ], [ 126.090445419000048, -1.879257270999972, 0.0 ], [ 126.090540297000075, -1.879264444999933, 0.0 ], [ 126.090693565000038, -1.879278855999928, 0.0 ], [ 126.090897902000052, -1.879285834999962, 0.0 ], [ 126.090971584000044, -1.879285703999926, 0.0 ] ], [ [ 126.218311377000077, -1.907547690999934, 0.0 ], [ 126.213392012000099, -1.907543794999981, 0.0 ], [ 126.213390289000017, -1.909739968999929, 0.0 ], [ 126.218309661000035, -1.909743872999968, 0.0 ], [ 126.218311377000077, -1.907547690999934, 0.0 ] ], [ [ 126.10441030800007, -1.925402663999932, 0.0 ], [ 126.103469404000066, -1.925401054999952, 0.0 ], [ 126.103467763000026, -1.926371664999976, 0.0 ], [ 126.104408669, -1.926373275999936, 0.0 ], [ 126.10441030800007, -1.925402663999932, 0.0 ] ], [ [ 126.473356594000052, -1.834450299999958, 0.0 ], [ 126.473389145000056, -1.834438835999947, 0.0 ], [ 126.474034803000109, -1.834393768999973, 0.0 ], [ 126.474557032, -1.834305139999969, 0.0 ], [ 126.474912314000107, -1.834180333999939, 0.0 ], [ 126.475296659000037, -1.834077372999957, 0.0 ], [ 126.475680948000104, -1.833945209999968, 0.0 ], [ 126.476029057000119, -1.833864221999931, 0.0 ], [ 126.476362642000026, -1.833775960999958, 0.0 ], [ 126.476725163000083, -1.833643840999969, 0.0 ], [ 126.477007860000072, -1.833504575999939, 0.0 ], [ 126.47732687700011, -1.833387140999946, 0.0 ], [ 126.477653163000014, -1.83327699299997, 0.0 ], [ 126.478211384000019, -1.833042280999962, 0.0 ], [ 126.478327275000083, -1.832939844999942, 0.0 ], [ 126.478718846000106, -1.832822268999962, 0.0 ], [ 126.479023435000045, -1.832748666999976, 0.0 ], [ 126.479429517000085, -1.832631062999951, 0.0 ], [ 126.479784683000048, -1.832447851999973, 0.0 ], [ 126.480118124000114, -1.832286585999952, 0.0 ], [ 126.480277519000083, -1.832169463999946, 0.0 ], [ 126.480422431000079, -1.83206697199995, 0.0 ], [ 126.480436533000102, -1.831855226999949, 0.0 ], [ 126.48021144400002, -1.831768059999945, 0.0 ], [ 126.480191737000041, -1.831698490999941, 0.0 ], [ 126.48018102900005, -1.831602122999925, 0.0 ], [ 126.480202445000032, -1.831512892999967, 0.0 ], [ 126.480238136000025, -1.831373694999968, 0.0 ], [ 126.480316659000096, -1.831230926999979, 0.0 ], [ 126.480445150000037, -1.831109573999925, 0.0 ], [ 126.480570072000091, -1.831006066999976, 0.0 ], [ 126.480759239, -1.830898991999959, 0.0 ], [ 126.480905575000065, -1.830816899999945, 0.0 ], [ 126.481073328000093, -1.830713393999929, 0.0 ], [ 126.481226802000037, -1.830588471999931, 0.0 ], [ 126.481394555000065, -1.830417150999949, 0.0 ], [ 126.481587291000096, -1.830167306999954, 0.0 ], [ 126.481819288000111, -1.829874633999964, 0.0 ], [ 126.482008455000027, -1.829610513999967, 0.0 ], [ 126.482097685000099, -1.829410638999946, 0.0 ], [ 126.482197622000058, -1.829117965999956, 0.0 ], [ 126.482251161000022, -1.828811014999928, 0.0 ], [ 126.48229756, -1.828518340999949, 0.0 ], [ 126.482376082000087, -1.828100745999961, 0.0 ], [ 126.482443897000053, -1.827743826999949, 0.0 ], [ 126.48252241900002, -1.827351214999965, 0.0 ], [ 126.482575957000108, -1.826951465999969, 0.0 ], [ 126.482611649000091, -1.826423225999974, 0.0 ], [ 126.482686602000058, -1.825837877999959, 0.0 ], [ 126.482807955000112, -1.82537031499993, 0.0 ], [ 126.482915031000061, -1.82507764099995, 0.0 ], [ 126.482947152000065, -1.824795674999962, 0.0 ], [ 126.482989984000028, -1.824599368999941, 0.0 ], [ 126.48300782900003, -1.824388785999929, 0.0 ], [ 126.483064936000119, -1.824188911999954, 0.0 ], [ 126.483204135000051, -1.823846268999944, 0.0 ], [ 126.483257672000036, -1.823671378999961, 0.0 ], [ 126.483329057000105, -1.823382274999972, 0.0 ], [ 126.483411148000073, -1.823203814999943, 0.0 ], [ 126.483503947000031, -1.822978955999929, 0.0 ], [ 126.483607454000094, -1.822746958999971, 0.0 ], [ 126.483689545000061, -1.822582775999933, 0.0 ], [ 126.483803759000011, -1.822464992999926, 0.0 ], [ 126.483881924000116, -1.822386826999946, 0.0 ], [ 126.484122247000073, -1.822311214999957, 0.0 ], [ 126.484269137000069, -1.822294501999977, 0.0 ], [ 126.484356234000074, -1.822310758999947, 0.0 ], [ 126.484492389000025, -1.822370722999949, 0.0 ], [ 126.484650267, -1.822408743999972, 0.0 ], [ 126.484731985000053, -1.822457862999954, 0.0 ], [ 126.484835480000015, -1.822512415999938, 0.0 ], [ 126.484944385000063, -1.82255053199998, 0.0 ], [ 126.485026029000096, -1.822561323999935, 0.0 ], [ 126.48516751000011, -1.822561047999955, 0.0 ], [ 126.485238166000045, -1.822517106999953, 0.0 ], [ 126.485243481000111, -1.822451390999959, 0.0 ], [ 126.485172646000024, -1.822402249999925, 0.0 ], [ 126.485063699000079, -1.822342232999972, 0.0 ], [ 126.484878359000049, -1.822172854999963, 0.0 ], [ 126.484856214000047, -1.821975782999971, 0.0 ], [ 126.484877622000113, -1.821789575999958, 0.0 ], [ 126.484980548000067, -1.821548456999949, 0.0 ], [ 126.485225038000067, -1.821350864999943, 0.0 ], [ 126.485513071000014, -1.821158663999938, 0.0 ], [ 126.485735932000011, -1.821032294999952, 0.0 ], [ 126.485942426000065, -1.820884055999954, 0.0 ], [ 126.486089011000104, -1.820708556999932, 0.0 ], [ 126.486202936000041, -1.82052764499997, 0.0 ], [ 126.486327828000071, -1.820390516999964, 0.0 ], [ 126.486436427000058, -1.820269845999974, 0.0 ], [ 126.486524673000076, -1.820238292999932, 0.0 ], [ 126.48656750300006, -1.820200221999926, 0.0 ], [ 126.486581780000051, -1.82012883699997, 0.0 ], [ 126.486581780000051, -1.820062212999972, 0.0 ], [ 126.486619851000114, -1.820024140999976, 0.0 ], [ 126.486657923000053, -1.819962275999956, 0.0 ], [ 126.486657923000053, -1.819881373999976, 0.0 ], [ 126.48674358300002, -1.819814748999931, 0.0 ], [ 126.486710270000117, -1.819786195999939, 0.0 ], [ 126.486634127000116, -1.819781435999971, 0.0 ], [ 126.486543709000102, -1.819824266999944, 0.0 ], [ 126.486491360000059, -1.819881373999976, 0.0 ], [ 126.48641403900001, -1.819946838999954, 0.0 ], [ 126.486305282000103, -1.819985378999945, 0.0 ], [ 126.486223817000109, -1.820067668999968, 0.0 ], [ 126.486131458000045, -1.820144504999973, 0.0 ], [ 126.486000914000101, -1.82017213599994, 0.0 ], [ 126.485837668000045, -1.82017245399993, 0.0 ], [ 126.485717912000041, -1.820150784999953, 0.0 ], [ 126.485053571000094, -1.819905683999934, 0.0 ], [ 126.484743182000102, -1.819791303999978, 0.0 ], [ 126.484530730000074, -1.819671256999925, 0.0 ], [ 126.484410816000036, -1.819567456999948, 0.0 ], [ 126.484367073000044, -1.819458033999979, 0.0 ], [ 126.484339676000104, -1.819359528999939, 0.0 ], [ 126.484301438000102, -1.819282946999977, 0.0 ], [ 126.477709668000102, -1.811711001999925, 0.0 ], [ 126.477157537000039, -1.811715643999946, 0.0 ], [ 126.477205828000024, -1.811683113999948, 0.0 ], [ 126.477295386000037, -1.811601695999968, 0.0 ], [ 126.477355034000084, -1.811517326999933, 0.0 ], [ 126.477360923000106, -1.811469170999942, 0.0 ], [ 126.478954779000105, -1.806354623999937, 0.0 ], [ 126.478966657000115, -1.806310467999936, 0.0 ], [ 126.47894257300004, -1.806226260999949, 0.0 ], [ 126.478894619000016, -1.806170183999939, 0.0 ], [ 126.478830732000119, -1.806122161999951, 0.0 ], [ 126.478714966000098, -1.806050167999956, 0.0 ], [ 126.47866302500006, -1.805994098999975, 0.0 ], [ 126.478519386000016, -1.805942218999974, 0.0 ], [ 126.478375670000105, -1.805850217999932, 0.0 ], [ 126.478271827000071, -1.805758139999966, 0.0 ], [ 126.478191960000117, -1.805694100999972, 0.0 ], [ 126.478080074000104, -1.805565928999954, 0.0 ], [ 126.478060077, -1.805533870999966, 0.0 ], [ 126.477921216000027, -1.805525609999961, 0.0 ], [ 126.477840314000105, -1.805516090999959, 0.0 ], [ 126.477730859000076, -1.805487537999966, 0.0 ], [ 126.477692788000013, -1.805411394999965, 0.0 ], [ 126.47765947500011, -1.80532573499994, 0.0 ], [ 126.477645198000118, -1.805254350999974, 0.0 ], [ 126.477688029000092, -1.805235314999948, 0.0 ], [ 126.477778448000095, -1.805225797999981, 0.0 ], [ 126.477830796000035, -1.805197243999942, 0.0 ], [ 126.477859350000017, -1.805154413999958, 0.0 ], [ 126.477807002000077, -1.805106823999949, 0.0 ], [ 126.477707065000118, -1.805073511999979, 0.0 ], [ 126.477616645000012, -1.805063993999966, 0.0 ], [ 126.477554779000116, -1.80502592199997, 0.0 ], [ 126.47752622500002, -1.80496405699995, 0.0 ], [ 126.477488153000081, -1.804906949999975, 0.0 ], [ 126.477407252000035, -1.80490219099994, 0.0 ], [ 126.477307315000076, -1.804916467999931, 0.0 ], [ 126.477245449000065, -1.804930743999932, 0.0 ], [ 126.477231172000074, -1.804983091999929, 0.0 ], [ 126.477202619000082, -1.805002127999956, 0.0 ], [ 126.477159788000108, -1.805002127999956, 0.0 ], [ 126.477107440000054, -1.805011645999969, 0.0 ], [ 126.477055092000114, -1.805035440999973, 0.0 ], [ 126.477055092000114, -1.805106823999949, 0.0 ], [ 126.477097922000098, -1.805182966999951, 0.0 ], [ 126.477174065000099, -1.805273386999943, 0.0 ], [ 126.477193100000022, -1.805344770999966, 0.0 ], [ 126.477178824000021, -1.805406636999976, 0.0 ], [ 126.477116958000011, -1.805473260999975, 0.0 ], [ 126.477040815, -1.805506573999935, 0.0 ], [ 126.476917083000103, -1.80553036799995, 0.0 ], [ 126.476798110000118, -1.805539886999952, 0.0 ], [ 126.476650583000037, -1.805535126999928, 0.0 ], [ 126.476507816000094, -1.805539886999952, 0.0 ], [ 126.476360289000013, -1.805539886999952, 0.0 ], [ 126.476236557000107, -1.805554162999954, 0.0 ], [ 126.476203245000079, -1.805611269999929, 0.0 ], [ 126.476112826000076, -1.805639823999968, 0.0 ], [ 126.475993853000091, -1.805611269999929, 0.0 ], [ 126.475884397000073, -1.805639823999968, 0.0 ], [ 126.47579397700008, -1.805692171999965, 0.0 ], [ 126.475660727000104, -1.805730242999971, 0.0 ], [ 126.475503683000056, -1.805701689999978, 0.0 ], [ 126.475360916000113, -1.805692171999965, 0.0 ], [ 126.475251460000095, -1.805635064999933, 0.0 ], [ 126.475153573000057, -1.805635759999973, 0.0 ], [ 126.475006008000037, -1.805615983999928, 0.0 ], [ 126.47487442900001, -1.805616236999924, 0.0 ], [ 126.474754736000023, -1.805576345999953, 0.0 ], [ 126.474631055000032, -1.805536462999953, 0.0 ], [ 126.474499362000074, -1.805476535999958, 0.0 ], [ 126.474419518000104, -1.805424531999961, 0.0 ], [ 126.47429975700004, -1.805348531999925, 0.0 ], [ 126.474164175000055, -1.80534076899994, 0.0 ], [ 126.473944877, -1.805341190999968, 0.0 ], [ 126.473857204000069, -1.805365432999963, 0.0 ], [ 126.473701824000045, -1.805429924999942, 0.0 ], [ 126.473602257000039, -1.805490297999938, 0.0 ], [ 126.473446854000031, -1.805542754999976, 0.0 ], [ 126.47332722200008, -1.805534960999978, 0.0 ], [ 126.47323145200005, -1.805495023999924, 0.0 ], [ 126.473135621000097, -1.805422990999944, 0.0 ], [ 126.473055815000066, -1.805391046999944, 0.0 ], [ 126.472995711000067, -1.805391161999978, 0.0 ], [ 126.472933865000073, -1.805406636999976, 0.0 ], [ 126.472829169000079, -1.805425671999956, 0.0 ], [ 126.472705437000059, -1.805420913999967, 0.0 ], [ 126.4726055000001, -1.805378082999937, 0.0 ], [ 126.472548392000022, -1.805244832999961, 0.0 ], [ 126.472515081000097, -1.805140136999967, 0.0 ], [ 126.472500804000106, -1.805049716999974, 0.0 ], [ 126.472486527000115, -1.80496405699995, 0.0 ], [ 126.47247225000001, -1.804873636999957, 0.0 ], [ 126.472443697000017, -1.804792734999978, 0.0 ], [ 126.472353277000025, -1.804787976999933, 0.0 ], [ 126.472291411000015, -1.804802253999981, 0.0 ], [ 126.472217405000038, -1.804818927999975, 0.0 ], [ 126.472141662000013, -1.804827097999976, 0.0 ], [ 126.471998152000083, -1.804843422999966, 0.0 ], [ 126.471798790000094, -1.804843805999951, 0.0 ], [ 126.471551581000085, -1.80484428099993, 0.0 ], [ 126.471256449000066, -1.804804727999965, 0.0 ], [ 126.470969253000021, -1.804745097999955, 0.0 ], [ 126.470861521000074, -1.804705183999943, 0.0 ], [ 126.470650098000078, -1.804653432999942, 0.0 ], [ 126.470442662000096, -1.804601673999969, 0.0 ], [ 126.470291017000022, -1.80453375899998, 0.0 ], [ 126.470083604000024, -1.804494036999927, 0.0 ], [ 126.469924114000037, -1.804494342999931, 0.0 ], [ 126.469716815000083, -1.804514801999971, 0.0 ], [ 126.469561419000115, -1.80457126999994, 0.0 ], [ 126.469405969000036, -1.804599653999958, 0.0 ], [ 126.469258456000034, -1.804607960999931, 0.0 ], [ 126.46909099100003, -1.804608282999936, 0.0 ], [ 126.468879598000058, -1.804572579999956, 0.0 ], [ 126.468532479000032, -1.804452882999954, 0.0 ], [ 126.468293084000038, -1.80436908799993, 0.0 ], [ 126.468097579000073, -1.804301256999963, 0.0 ], [ 126.467918046000023, -1.804245431999959, 0.0 ], [ 126.46771866000006, -1.804233778999958, 0.0 ], [ 126.467559177000112, -1.804238096999939, 0.0 ], [ 126.46745554600011, -1.804258355999934, 0.0 ], [ 126.467324005000023, -1.804278669999974, 0.0 ], [ 126.467324104000113, -1.804330826999944, 0.0 ], [ 126.467368093000118, -1.80439894899996, 0.0 ], [ 126.46744801300008, -1.804491073999941, 0.0 ], [ 126.467464137000093, -1.804583322999974, 0.0 ], [ 126.467440366000119, -1.804663610999967, 0.0 ], [ 126.467372871000066, -1.804816200999937, 0.0 ], [ 126.467341080000097, -1.804872431999968, 0.0 ], [ 126.467241535000085, -1.804944841999941, 0.0 ], [ 126.467102179000108, -1.805049424999936, 0.0 ], [ 126.466970698000068, -1.805101834999959, 0.0 ], [ 126.466803164000112, -1.805066046999968, 0.0 ], [ 126.466551815000116, -1.804986286999963, 0.0 ], [ 126.466308523000066, -1.804950644999963, 0.0 ], [ 126.466117043000054, -1.804902866999953, 0.0 ], [ 126.465957529000093, -1.80489113699997, 0.0 ], [ 126.465805937000027, -1.804851306999979, 0.0 ], [ 126.465614464000055, -1.804807540999946, 0.0 ], [ 126.46551472200008, -1.804775634999942, 0.0 ], [ 126.465374901000018, -1.804635477999966, 0.0 ], [ 126.465334899000027, -1.804567348999967, 0.0 ], [ 126.465187317000073, -1.804539546999933, 0.0 ], [ 126.465027803000112, -1.804527816999951, 0.0 ], [ 126.464844381000034, -1.804524155999957, 0.0 ], [ 126.464680865000105, -1.804504408999946, 0.0 ], [ 126.464473527000109, -1.804504806999944, 0.0 ], [ 126.464003143000014, -1.804565891999971, 0.0 ], [ 126.463763982000046, -1.804606471999932, 0.0 ], [ 126.463564747000078, -1.804675059999965, 0.0 ], [ 126.463245948, -1.804771962999951, 0.0 ], [ 126.462815496000076, -1.80486506799997, 0.0 ], [ 126.462269580000111, -1.805046661999938, 0.0 ], [ 126.462022559000047, -1.805147439999928, 0.0 ], [ 126.461747519000028, -1.805192100999932, 0.0 ], [ 126.461584094000045, -1.805220498999972, 0.0 ], [ 126.461360912000032, -1.80527709699993, 0.0 ], [ 126.461065860000076, -1.805281674999947, 0.0 ], [ 126.460846453000045, -1.805225925999935, 0.0 ], [ 126.460615160000089, -1.805210319999958, 0.0 ], [ 126.460439742000062, -1.805222692999962, 0.0 ], [ 126.460280372000057, -1.80528719299997, 0.0 ], [ 126.460105067000086, -1.805359747999944, 0.0 ], [ 126.459949624000046, -1.805392142999949, 0.0 ], [ 126.459766216000048, -1.805396506999955, 0.0 ], [ 126.459614752000107, -1.805424881999954, 0.0 ], [ 126.459419480000065, -1.805481426999961, 0.0 ], [ 126.459276074000059, -1.805553920999955, 0.0 ], [ 126.45918051600006, -1.805626322999956, 0.0 ], [ 126.458899416, -1.805722319999973, 0.0 ], [ 126.458594785000059, -1.805815628999937, 0.0 ], [ 126.458339678000016, -1.805858913999941, 0.0 ], [ 126.458049143000039, -1.805909399999962, 0.0 ], [ 126.457857779000051, -1.80592403299994, 0.0 ], [ 126.457538930000055, -1.805995970999959, 0.0 ], [ 126.457347701000117, -1.806081929999948, 0.0 ], [ 126.457163574000106, -1.806175008999958, 0.0 ], [ 126.457021871000052, -1.806210943999929, 0.0 ], [ 126.456851759000074, -1.806218402999946, 0.0 ], [ 126.456632014000093, -1.806218823999927, 0.0 ], [ 126.456426608000015, -1.806304810999961, 0.0 ], [ 126.456199936000075, -1.80639083799997, 0.0 ], [ 126.456044082000062, -1.806441065999934, 0.0 ], [ 126.45582443100011, -1.806491415999972, 0.0 ], [ 126.455647379000084, -1.806577347999962, 0.0 ], [ 126.455477416, -1.806663266999976, 0.0 ], [ 126.455272050000076, -1.806770651999955, 0.0 ], [ 126.454790297000045, -1.806914229999961, 0.0 ], [ 126.454294003000086, -1.806865250999977, 0.0 ], [ 126.454102436000085, -1.806772891999969, 0.0 ], [ 126.45386123600008, -1.806673494999927, 0.0 ], [ 126.453724761000103, -1.806679248999956, 0.0 ], [ 126.453615021000019, -1.806691544999978, 0.0 ], [ 126.453538879, -1.806720098999961, 0.0 ], [ 126.453300933000037, -1.806781964999971, 0.0 ], [ 126.453029674000049, -1.806791482999927, 0.0 ], [ 126.452639443000066, -1.806810517999963, 0.0 ], [ 126.452353907000088, -1.806815276999941, 0.0 ], [ 126.452163550000023, -1.806934249999927, 0.0 ], [ 126.452082648000101, -1.807043705999945, 0.0 ], [ 126.452001747000054, -1.807086535999929, 0.0 ], [ 126.451925604000053, -1.807105570999965, 0.0 ], [ 126.451775969000096, -1.807116334999932, 0.0 ], [ 126.451727949000087, -1.807111341999928, 0.0 ], [ 126.451524648000031, -1.80713981599996, 0.0 ], [ 126.451349312000048, -1.807196321999925, 0.0 ], [ 126.451170056000024, -1.807288945999971, 0.0 ], [ 126.451058593000084, -1.807385451999949, 0.0 ], [ 126.450951147000069, -1.807497998999963, 0.0 ], [ 126.450895438000089, -1.807558288999928, 0.0 ], [ 126.450759899000104, -1.807574596999928, 0.0 ], [ 126.450504588000058, -1.807510890999936, 0.0 ], [ 126.450380904000099, -1.807471004999968, 0.0 ], [ 126.450229355000033, -1.80745524699995, 0.0 ], [ 126.450077836000105, -1.807455535999964, 0.0 ], [ 126.449918381000089, -1.807475902999954, 0.0 ], [ 126.449655231000065, -1.807484429999931, 0.0 ], [ 126.449427953000054, -1.807484864999935, 0.0 ], [ 126.44928041300011, -1.807481134999932, 0.0 ], [ 126.449093, -1.807477481999967, 0.0 ], [ 126.44882992700002, -1.807526130999975, 0.0 ], [ 126.448650549000035, -1.807554559999971, 0.0 ], [ 126.448355675000016, -1.807655428999965, 0.0 ], [ 126.44833974800008, -1.807667495999965, 0.0 ], [ 126.448228186000051, -1.807711843999925, 0.0 ], [ 126.447889587000077, -1.807885016999933, 0.0 ], [ 126.447710285000085, -1.80795356699997, 0.0 ], [ 126.447546879000015, -1.80799400199993, 0.0 ], [ 126.447347648000118, -1.808066602999929, 0.0 ], [ 126.447216103000073, -1.808086915999979, 0.0 ], [ 126.447108437000111, -1.808083108999938, 0.0 ], [ 126.446948791000068, -1.808003169999949, 0.0 ], [ 126.446832999000094, -1.807919134999963, 0.0 ], [ 126.446725106000031, -1.807794962999935, 0.0 ], [ 126.446568871000068, -1.807410087999926, 0.0 ], [ 126.44652072000008, -1.807249691999971, 0.0 ], [ 126.446492513000067, -1.807093268999949, 0.0 ], [ 126.446500185000104, -1.806932765999932, 0.0 ], [ 126.44654782900011, -1.806824344999939, 0.0 ], [ 126.446631420000017, -1.806747952999956, 0.0 ], [ 126.446766815000046, -1.80665541299993, 0.0 ], [ 126.446874262000051, -1.806542865999972, 0.0 ], [ 126.447005640000043, -1.806434284999966, 0.0 ], [ 126.447097137000014, -1.806321767999975, 0.0 ], [ 126.447172723000108, -1.806229341999938, 0.0 ], [ 126.447284202000105, -1.80614086099996, 0.0 ], [ 126.447464682000032, -1.805992063999952, 0.0 ], [ 126.447613230000115, -1.805825941999956, 0.0 ], [ 126.44774063300008, -1.805724055999974, 0.0 ], [ 126.447963622000088, -1.805563140999936, 0.0 ], [ 126.448181375000104, -1.805445033999945, 0.0 ], [ 126.448383198000101, -1.805337655999949, 0.0 ], [ 126.448616860000016, -1.805198119999943, 0.0 ], [ 126.448818613000071, -1.805053294999936, 0.0 ], [ 126.449084072000119, -1.804860201999929, 0.0 ], [ 126.449259323000092, -1.804758223999954, 0.0 ], [ 126.449482382000042, -1.804634756999974, 0.0 ], [ 126.449647051000056, -1.804559547999929, 0.0 ], [ 126.449827749000065, -1.804527104999977, 0.0 ], [ 126.450088255000082, -1.804526607999946, 0.0 ], [ 126.450545500000089, -1.804541782999934, 0.0 ], [ 126.450784709000118, -1.804525276999925, 0.0 ], [ 126.451007939000078, -1.804492752999977, 0.0 ], [ 126.451257741000063, -1.804454827999962, 0.0 ], [ 126.451470419000088, -1.804465120999964, 0.0 ], [ 126.451762823000081, -1.804464561999964, 0.0 ], [ 126.451943592000021, -1.804469565999966, 0.0 ], [ 126.45221996600003, -1.804426240999931, 0.0 ], [ 126.452474952000102, -1.80431876199998, 0.0 ], [ 126.452714, -1.804216662999977, 0.0 ], [ 126.452926435000109, -1.804098565999936, 0.0 ], [ 126.453096389000052, -1.804007297999931, 0.0 ], [ 126.453223791000028, -1.803905411999949, 0.0 ], [ 126.453329938000024, -1.803808916999969, 0.0 ], [ 126.453409503000103, -1.803712471999972, 0.0 ], [ 126.453483710000114, -1.803594638999925, 0.0 ], [ 126.45349950800005, -1.803514364999955, 0.0 ], [ 126.453456825000103, -1.803434202999938, 0.0 ], [ 126.453414254000108, -1.803412885999933, 0.0 ], [ 126.453249455000105, -1.803418550999936, 0.0 ], [ 126.453153678000035, -1.803375936999942, 0.0 ], [ 126.453132221000033, -1.803274335999959, 0.0 ], [ 126.453142631000105, -1.803156624999929, 0.0 ], [ 126.45321152300005, -1.803038802999936, 0.0 ], [ 126.45333890500001, -1.802926217999925, 0.0 ], [ 126.453466368000022, -1.802856429999963, 0.0 ], [ 126.453646924000054, -1.802749092999932, 0.0 ], [ 126.453928402000088, -1.802593416999969, 0.0 ], [ 126.454103682000095, -1.802507488999936, 0.0 ], [ 126.454278902000055, -1.80238946399993, 0.0 ], [ 126.454438263000043, -1.802319614999931, 0.0 ], [ 126.454730444, -1.802201365999963, 0.0 ], [ 126.454911050000078, -1.802120776999971, 0.0 ], [ 126.455065176000062, -1.802093734999971, 0.0 ], [ 126.45524592400011, -1.802088039999944, 0.0 ], [ 126.455431927000063, -1.802050236999946, 0.0 ], [ 126.455660412000043, -1.80198560599996, 0.0 ], [ 126.455835671000045, -1.801888978999955, 0.0 ], [ 126.45609050600001, -1.801701256999934, 0.0 ], [ 126.456244459000118, -1.801583271999959, 0.0 ], [ 126.456382514000097, -1.801492064999934, 0.0 ], [ 126.45650463000004, -1.801406238999959, 0.0 ], [ 126.456504448000032, -1.801309946999936, 0.0 ], [ 126.456499010000016, -1.80124576299994, 0.0 ], [ 126.456466971000054, -1.801170929999955, 0.0 ], [ 126.456466779000039, -1.801069287999951, 0.0 ], [ 126.456530455, -1.80100497199993, 0.0 ], [ 126.456530354000051, -1.800951476999956, 0.0 ], [ 126.456466436000028, -1.80088740399998, 0.0 ], [ 126.456322833000058, -1.800855580999951, 0.0 ], [ 126.456147230000056, -1.800770322999938, 0.0 ], [ 126.45610461800004, -1.800727607999931, 0.0 ], [ 126.456088538000017, -1.800658093999971, 0.0 ], [ 126.456168152000032, -1.800588396999956, 0.0 ], [ 126.456359402000089, -1.800513137999928, 0.0 ], [ 126.456492261000108, -1.80048613699995, 0.0 ], [ 126.456625050000071, -1.800421687999972, 0.0 ], [ 126.456678174000103, -1.800400188999959, 0.0 ], [ 126.45688538200011, -1.800330248999956, 0.0 ], [ 126.457002242000044, -1.800276529999962, 0.0 ], [ 126.457113735, -1.800196072999938, 0.0 ], [ 126.457177451, -1.800153154999975, 0.0 ], [ 126.457320872000082, -1.800088685999924, 0.0 ], [ 126.457384608000098, -1.800056466999933, 0.0 ], [ 126.457432395000069, -1.800024278999956, 0.0 ], [ 126.457411049000029, -1.799981522999929, 0.0 ], [ 126.457352538, -1.799965585999928, 0.0 ], [ 126.457272793000016, -1.799965737999969, 0.0 ], [ 126.45715584200002, -1.799971310999979, 0.0 ], [ 126.45704420800007, -1.799976873999981, 0.0 ], [ 126.456937920000087, -1.799998474999938, 0.0 ], [ 126.456799876000105, -1.800095030999955, 0.0 ], [ 126.456699026000024, -1.800180816999955, 0.0 ], [ 126.456598155000052, -1.800255902999936, 0.0 ], [ 126.456502531000069, -1.800293532999945, 0.0 ], [ 126.456359008000049, -1.800304505999975, 0.0 ], [ 126.456199567000112, -1.800331557999925, 0.0 ], [ 126.456109258000083, -1.800369177999926, 0.0 ], [ 126.456056215000103, -1.800433473999931, 0.0 ], [ 126.455971264000027, -1.800492480999935, 0.0 ], [ 126.455864936000012, -1.800492683999948, 0.0 ], [ 126.455806466000013, -1.800498144999949, 0.0 ], [ 126.455716117000065, -1.800514366999948, 0.0 ], [ 126.455636442000014, -1.800551965999944, 0.0 ], [ 126.45557804200007, -1.800594873999955, 0.0 ], [ 126.455487744000038, -1.800637842999947, 0.0 ], [ 126.455349598000112, -1.800680902999943, 0.0 ], [ 126.455179533000091, -1.800713324999947, 0.0 ], [ 126.45499351, -1.800740427999926, 0.0 ], [ 126.454855354000074, -1.800778138999931, 0.0 ], [ 126.454563143000087, -1.800880338999946, 0.0 ], [ 126.454472845000055, -1.800923307999938, 0.0 ], [ 126.454334638000091, -1.80093427099996, 0.0 ], [ 126.454260198000043, -1.800929062999955, 0.0 ], [ 126.454079390000061, -1.800902660999952, 0.0 ], [ 126.453946459, -1.800892214999976, 0.0 ], [ 126.453776384000093, -1.800919287999932, 0.0 ], [ 126.453691362000086, -1.800940847999925, 0.0 ], [ 126.453643595000017, -1.800983735999978, 0.0 ], [ 126.453595838000069, -1.801031973999955, 0.0 ], [ 126.453548101000024, -1.801090909999971, 0.0 ], [ 126.453362107000089, -1.80113406199996, 0.0 ], [ 126.453186716000118, -1.80116114499998, 0.0 ], [ 126.45299534500009, -1.801172208999958, 0.0 ], [ 126.452798708000046, -1.801210030999925, 0.0 ], [ 126.452612664000071, -1.801226434999933, 0.0 ], [ 126.452070489000107, -1.801280965999979, 0.0 ], [ 126.451841984000112, -1.801334897999936, 0.0 ], [ 126.451565580000079, -1.801362172999973, 0.0 ], [ 126.451395525000066, -1.801399943999968, 0.0 ], [ 126.451129774000037, -1.80143789899995, 0.0 ], [ 126.450922554000044, -1.801502488999972, 0.0 ], [ 126.450864174000117, -1.801556096999946, 0.0 ], [ 126.450853652000092, -1.801614961999974, 0.0 ], [ 126.45079532200009, -1.801695317999929, 0.0 ], [ 126.450651859000118, -1.801738387999933, 0.0 ], [ 126.450518958000089, -1.801743990999967, 0.0 ], [ 126.450386047000052, -1.801744244999952, 0.0 ], [ 126.450332923000019, -1.801765743999965, 0.0 ], [ 126.450322412000105, -1.801829959999964, 0.0 ], [ 126.450311910000096, -1.801899524999953, 0.0 ], [ 126.450226947000033, -1.801953182999966, 0.0 ], [ 126.450120649000041, -1.801969433999943, 0.0 ], [ 126.449876093000057, -1.80196990099995, 0.0 ], [ 126.449695304000102, -1.80195419699993, 0.0 ], [ 126.449445350000019, -1.801911876999952, 0.0 ], [ 126.449041301000079, -1.801912646999938, 0.0 ], [ 126.448780875000011, -1.80195594099996, 0.0 ], [ 126.448446060000038, -1.80202077499996, 0.0 ], [ 126.44839292600011, -1.802036924999925, 0.0 ], [ 126.448249482000051, -1.802090693999958, 0.0 ], [ 126.448159204000035, -1.802144362999968, 0.0 ], [ 126.447925381000118, -1.802198304999933, 0.0 ], [ 126.447696783000083, -1.802204089999975, 0.0 ], [ 126.447542626000086, -1.802215082999965, 0.0 ], [ 126.447313918000077, -1.802162022999937, 0.0 ], [ 126.447202182000069, -1.802114089999975, 0.0 ], [ 126.446888279000063, -1.801991646999966, 0.0 ], [ 126.446707479000111, -1.801970592999965, 0.0 ], [ 126.446516087000077, -1.80197095699998, 0.0 ], [ 126.446393990000047, -1.802067482999973, 0.0 ], [ 126.446309087000031, -1.802153238999949, 0.0 ], [ 126.446202970000058, -1.802265783999928, 0.0 ], [ 126.446006472000022, -1.802378499999975, 0.0 ], [ 126.445889621000106, -1.802437568999949, 0.0 ], [ 126.445597316000089, -1.802491621999934, 0.0 ], [ 126.445432455000059, -1.802465187999928, 0.0 ], [ 126.445352587000116, -1.802401144999976, 0.0 ], [ 126.445283352000047, -1.802337080999962, 0.0 ], [ 126.445213956000089, -1.802187423999953, 0.0 ], [ 126.445197826000026, -1.802091160999964, 0.0 ], [ 126.445128460000092, -1.801957551999976, 0.0 ], [ 126.445038020000084, -1.801925626999946, 0.0 ], [ 126.444926374000033, -1.801925838999978, 0.0 ], [ 126.444788146000064, -1.801926102999971, 0.0 ], [ 126.444634029000099, -1.801958493999962, 0.0 ], [ 126.444522413000072, -1.801974755999936, 0.0 ], [ 126.444421410000018, -1.801980297999933, 0.0 ], [ 126.444341613, -1.801953700999945, 0.0 ], [ 126.444182068000032, -1.801927256999932, 0.0 ], [ 126.443916144000013, -1.80187426699996, 0.0 ], [ 126.443799101000081, -1.80183169299994, 0.0 ], [ 126.443469118000053, -1.801639733999934, 0.0 ], [ 126.443357170000013, -1.80147945799996, 0.0 ], [ 126.443277312000077, -1.801420763999943, 0.0 ], [ 126.443181585000048, -1.801404896999941, 0.0 ], [ 126.443053980000059, -1.801399789999948, 0.0 ], [ 126.442894305000095, -1.801303799999971, 0.0 ], [ 126.442862255000023, -1.801223616999948, 0.0 ], [ 126.442808919000072, -1.801132773999939, 0.0 ], [ 126.4427557140001, -1.801111476999949, 0.0 ], [ 126.442707896000115, -1.801127616999963, 0.0 ], [ 126.442670842000098, -1.801213280999946, 0.0 ], [ 126.44266038, -1.801304244999926, 0.0 ], [ 126.442617938000012, -1.801352472999952, 0.0 ], [ 126.442469218000042, -1.801427650999926, 0.0 ], [ 126.442325793, -1.801492119999978, 0.0 ], [ 126.442235504000109, -1.801540437999961, 0.0 ], [ 126.442113466000023, -1.801669061999974, 0.0 ], [ 126.442001860000119, -1.801690672999939, 0.0 ], [ 126.441911349000065, -1.801621299999965, 0.0 ], [ 126.441815481000049, -1.801530537999952, 0.0 ], [ 126.441756879000081, -1.801466453999979, 0.0 ], [ 126.441629153, -1.801397150999946, 0.0 ], [ 126.441527979000057, -1.801311748999979, 0.0 ], [ 126.44145870400007, -1.801226286999963, 0.0 ], [ 126.441378836000013, -1.801162242999965, 0.0 ], [ 126.44128838600011, -1.801124966999964, 0.0 ], [ 126.441096972000082, -1.801114631999951, 0.0 ], [ 126.440905689000033, -1.801173841999969, 0.0 ], [ 126.440820685000062, -1.801206101999981, 0.0 ], [ 126.440714366000066, -1.801211652999939, 0.0 ], [ 126.440565424000056, -1.801169138999967, 0.0 ], [ 126.440427125000042, -1.80113195499996, 0.0 ], [ 126.440288896000084, -1.801132217999964, 0.0 ], [ 126.440161411000076, -1.801191305999964, 0.0 ], [ 126.440002076000042, -1.801277203999973, 0.0 ], [ 126.439879978000022, -1.801373729999966, 0.0 ], [ 126.43978977800009, -1.801470194999979, 0.0 ], [ 126.439720785000077, -1.80153452199994, 0.0 ], [ 126.439603882000029, -1.801566842999932, 0.0 ], [ 126.43951357200001, -1.801604461999943, 0.0 ], [ 126.439417925000043, -1.801631391999933, 0.0 ], [ 126.439285183000038, -1.801722588999951, 0.0 ], [ 126.439194944000064, -1.801797655999962, 0.0 ], [ 126.439035589000014, -1.801872853999953, 0.0 ], [ 126.43895602300006, -1.801969299999939, 0.0 ], [ 126.438887169000054, -1.802108521999969, 0.0 ], [ 126.438813009000114, -1.802253103999931, 0.0 ], [ 126.438776236000081, -1.802488558999926, 0.0 ], [ 126.438765814000021, -1.802600921999954, 0.0 ], [ 126.438771362000011, -1.80272395399993, 0.0 ], [ 126.43875584400007, -1.802954018999969, 0.0 ], [ 126.43866566500003, -1.803061183999944, 0.0 ], [ 126.438649906000023, -1.803162857999951, 0.0 ], [ 126.438639846000115, -1.803467807999937, 0.0 ], [ 126.438645394000105, -1.80359083999997, 0.0 ], [ 126.438709464000112, -1.803735158999928, 0.0 ], [ 126.438752348000094, -1.803922315999955, 0.0 ], [ 126.438720710000098, -1.804061467999929, 0.0 ], [ 126.438635837000106, -1.804163272999972, 0.0 ], [ 126.438540281000087, -1.804238349999935, 0.0 ], [ 126.438439529000107, -1.804377633999934, 0.0 ], [ 126.438312103000044, -1.804468820999944, 0.0 ], [ 126.438104920000114, -1.804554809999956, 0.0 ], [ 126.437908350000043, -1.804630078999935, 0.0 ], [ 126.437786141000061, -1.804667759999973, 0.0 ], [ 126.437127657000019, -1.805075588999955, 0.0 ], [ 126.436485213000083, -1.805531534999943, 0.0 ], [ 126.435906184000032, -1.805784071999938, 0.0 ], [ 126.435295205000102, -1.80600992199993, 0.0 ], [ 126.434790476000103, -1.806192772999964, 0.0 ], [ 126.434381385000052, -1.80634334299998, 0.0 ], [ 126.434281979000048, -1.80638186799996, 0.0 ], [ 126.434134375000099, -1.806417240999963, 0.0 ], [ 126.433853598000042, -1.806540972999926, 0.0 ], [ 126.433449089000078, -1.806693257999939, 0.0 ], [ 126.433244456000011, -1.806802713999957, 0.0 ], [ 126.433025546000067, -1.807007346999967, 0.0 ], [ 126.432873260000065, -1.80717390999996, 0.0 ], [ 126.432668626, -1.807449926999936, 0.0 ], [ 126.43256868900005, -1.807668836999937, 0.0 ], [ 126.4324544750001, -1.807902024999976, 0.0 ], [ 126.432340260000046, -1.808144729999981, 0.0 ], [ 126.432187975000033, -1.808406469999966, 0.0 ], [ 126.432045207000101, -1.808568273999924, 0.0 ], [ 126.431821539000111, -1.808820496999942, 0.0 ], [ 126.431650217000083, -1.808972781999955, 0.0 ], [ 126.431518, -1.809118662999936, 0.0 ], [ 126.431435960000044, -1.809146845999976, 0.0 ], [ 126.43098946900011, -1.809201192999979, 0.0 ], [ 126.430745018000039, -1.80926050599993, 0.0 ], [ 126.430442175000053, -1.809368076999931, 0.0 ], [ 126.430330738000066, -1.809480632999964, 0.0 ], [ 126.430283100000111, -1.80959306799997, 0.0 ], [ 126.430192860000034, -1.809668135999971, 0.0 ], [ 126.430033483000102, -1.809732635999978, 0.0 ], [ 126.429911262000019, -1.809764966999978, 0.0 ], [ 126.429656218000105, -1.809845697999947, 0.0 ], [ 126.429549896000026, -1.809851250999941, 0.0 ], [ 126.429406228000062, -1.80978732799997, 0.0 ], [ 126.429331725000111, -1.809750020999957, 0.0 ], [ 126.429204138000046, -1.809755613999926, 0.0 ], [ 126.429135123000037, -1.809809242999961, 0.0 ], [ 126.429076801000065, -1.809894948999954, 0.0 ], [ 126.429023847000053, -1.810007394999957, 0.0 ], [ 126.428960309000104, -1.810146607999968, 0.0 ], [ 126.428859566000028, -1.810291242999938, 0.0 ], [ 126.428769416000023, -1.810414457999968, 0.0 ], [ 126.428625948000104, -1.810457528999962, 0.0 ], [ 126.428461215000084, -1.810500640999976, 0.0 ], [ 126.428301808000015, -1.810549091999974, 0.0 ], [ 126.428179728000032, -1.810656318999975, 0.0 ], [ 126.428020411000034, -1.810752917999935, 0.0 ], [ 126.427887597000108, -1.810806667999941, 0.0 ], [ 126.427807979000022, -1.810876365999945, 0.0 ], [ 126.427749658000039, -1.810962072999928, 0.0 ], [ 126.427739256000109, -1.811085135999974, 0.0 ], [ 126.427718141000014, -1.811165422999977, 0.0 ], [ 126.427643859000113, -1.811245809999946, 0.0 ], [ 126.42750047200002, -1.811331678999977, 0.0 ], [ 126.427314532000082, -1.811406928999929, 0.0 ], [ 126.427070251000032, -1.811557186999948, 0.0 ], [ 126.42685761700011, -1.811573641999928, 0.0 ], [ 126.426745969000081, -1.81157385399996, 0.0 ], [ 126.426565174000075, -1.81155814899995, 0.0 ], [ 126.426426953000032, -1.811563761999935, 0.0 ], [ 126.426283505000015, -1.811617532999946, 0.0 ], [ 126.42597533300011, -1.811719764999964, 0.0 ], [ 126.425805383000011, -1.81181638399994, 0.0 ], [ 126.425741745000096, -1.81190210099993, 0.0 ], [ 126.425577132000058, -1.812009408999927, 0.0 ], [ 126.425375312000028, -1.81212213799995, 0.0 ], [ 126.42518933100007, -1.812175989999957, 0.0 ], [ 126.425056446000099, -1.812192291999963, 0.0 ], [ 126.424455448000117, -1.812075741999934, 0.0 ], [ 126.424189547000083, -1.812038799999925, 0.0 ], [ 126.423918359000027, -1.812017917999981, 0.0 ], [ 126.423737584000037, -1.812012911999943, 0.0 ], [ 126.423391944000059, -1.811981470999967, 0.0 ], [ 126.423269783000023, -1.812045900999976, 0.0 ], [ 126.423147591000088, -1.812094280999929, 0.0 ], [ 126.422935037000116, -1.812153532999957, 0.0 ], [ 126.42282870400004, -1.812153735999971, 0.0 ], [ 126.422615878000101, -1.812068544999931, 0.0 ], [ 126.422328731000107, -1.812042341999927, 0.0 ], [ 126.422190508000085, -1.812047954999969, 0.0 ], [ 126.421993844000099, -1.812075077999964, 0.0 ], [ 126.421887561000062, -1.812102028999959, 0.0 ], [ 126.421507617000088, -1.812223748999941, 0.0 ], [ 126.421318653000071, -1.81226215099997, 0.0 ], [ 126.42108246500004, -1.812319664999961, 0.0 ], [ 126.420704590000014, -1.812425000999951, 0.0 ], [ 126.420250976000034, -1.812463906999938, 0.0 ], [ 126.41989186100011, -1.812493121999978, 0.0 ], [ 126.419504355000072, -1.812503369999945, 0.0 ], [ 126.419126282000093, -1.812504088999958, 0.0 ], [ 126.418795433000014, -1.812485696999943, 0.0 ], [ 126.418549686000119, -1.812486163999949, 0.0 ], [ 126.418237812000029, -1.812505777999945, 0.0 ], [ 126.417954329000054, -1.812544359999947, 0.0 ], [ 126.417718051000065, -1.812554319999947, 0.0 ], [ 126.417330526000114, -1.812555055999951, 0.0 ], [ 126.416990225000063, -1.812536681999973, 0.0 ], [ 126.416574094000111, -1.812404321999963, 0.0 ], [ 126.416176992000032, -1.812338500999942, 0.0 ], [ 126.414787767, -1.812445757999967, 0.0 ], [ 126.414239560000055, -1.812446798999929, 0.0 ], [ 126.413492970000107, -1.812505280999972, 0.0 ], [ 126.412670711000032, -1.812535373999935, 0.0 ], [ 126.412009257000022, -1.812631736999947, 0.0 ], [ 126.411612296000044, -1.812642000999972, 0.0 ], [ 126.411347786000078, -1.812718589999974, 0.0 ], [ 126.410960437000085, -1.812814432999971, 0.0 ], [ 126.410648685000069, -1.812900620999926, 0.0 ], [ 126.410251830000107, -1.812967949999972, 0.0 ], [ 126.409892729000035, -1.813006673999951, 0.0 ], [ 126.409486350000066, -1.813035977999959, 0.0 ], [ 126.409127285000068, -1.813093722999952, 0.0 ], [ 126.408900474, -1.813113174999955, 0.0 ], [ 126.408361751000029, -1.813133218999951, 0.0 ], [ 126.407936379000034, -1.81311500299995, 0.0 ], [ 126.407501448000062, -1.813039740999955, 0.0 ], [ 126.406981396000106, -1.812936107999974, 0.0 ], [ 126.406451767000021, -1.812765915999933, 0.0 ], [ 126.40606389900006, -1.812585944999967, 0.0 ], [ 126.405723630000011, -1.812586588999977, 0.0 ], [ 126.405364562000045, -1.812644334999959, 0.0 ], [ 126.40490568700011, -1.812682072999962, 0.0 ], [ 126.404678965000016, -1.812749077999968, 0.0 ], [ 126.404575206000118, -1.812863404999973, 0.0 ], [ 126.404405391000068, -1.813034921999929, 0.0 ], [ 126.40411248700002, -1.813092541999936, 0.0 ], [ 126.40382894600009, -1.813102589999971, 0.0 ], [ 126.403450921000058, -1.813131838999936, 0.0 ], [ 126.402968871000098, -1.813132750999955, 0.0 ], [ 126.402496414000098, -1.813209732999951, 0.0 ], [ 126.401995637000027, -1.813305788999969, 0.0 ], [ 126.401598725000099, -1.813344583999935, 0.0 ], [ 126.401267870000083, -1.813326188999952, 0.0 ], [ 126.400984239000081, -1.81328868199995, 0.0 ], [ 126.400804740000012, -1.813336575999926, 0.0 ], [ 126.400738825000076, -1.813469852999958, 0.0 ], [ 126.400729870000077, -1.813736174999974, 0.0 ], [ 126.400682913000082, -1.813897949999955, 0.0 ], [ 126.400484776000098, -1.814088542999968, 0.0 ], [ 126.400021806000041, -1.814184527999942, 0.0 ], [ 126.399435923000055, -1.814261723999948, 0.0 ], [ 126.399067366000054, -1.814300464999974, 0.0 ], [ 126.398708012000043, -1.814206035999973, 0.0 ], [ 126.398452540000108, -1.814063854999972, 0.0 ], [ 126.398197140000093, -1.813959717999978, 0.0 ], [ 126.397866266000051, -1.813931810999975, 0.0 ], [ 126.397488185000043, -1.813932525999974, 0.0 ], [ 126.397100776000116, -1.813999834999947, 0.0 ], [ 126.396826969000017, -1.814162038999939, 0.0 ], [ 126.396392743000092, -1.814467209999975, 0.0 ], [ 126.396015035000119, -1.814667653999948, 0.0 ], [ 126.395962442000041, -1.81470828099998, 0.0 ], [ 126.39581337300001, -1.814764238999942, 0.0 ], [ 126.395627775000094, -1.814826104999952, 0.0 ], [ 126.395485008000037, -1.814821345999974, 0.0 ], [ 126.395228026000041, -1.814840381999943, 0.0 ], [ 126.395085258000108, -1.814845140999978, 0.0 ], [ 126.394890142, -1.814807068999926, 0.0 ], [ 126.394761652000057, -1.814788033999946, 0.0 ], [ 126.394642679000071, -1.814730926999971, 0.0 ], [ 126.394623643000045, -1.814688095999941, 0.0 ], [ 126.394471357000043, -1.814626230999977, 0.0 ], [ 126.39431907200003, -1.814635748999933, 0.0 ], [ 126.394162027000107, -1.814707131999967, 0.0 ], [ 126.394009742000094, -1.814764238999942, 0.0 ], [ 126.393933599000093, -1.814840381999943, 0.0 ], [ 126.393862215000013, -1.814973631999976, 0.0 ], [ 126.393786072000012, -1.815035497999929, 0.0 ], [ 126.393638546000034, -1.815068810999946, 0.0 ], [ 126.393519573000049, -1.815064051999968, 0.0 ], [ 126.393491019000066, -1.815106881999952, 0.0 ], [ 126.393519573000049, -1.815159229999949, 0.0 ], [ 126.393671859000051, -1.815206818999968, 0.0 ], [ 126.393776555000045, -1.815240131999929, 0.0 ], [ 126.393847939000011, -1.815259167999955, 0.0 ], [ 126.393852697000057, -1.815311514999962, 0.0 ], [ 126.393819385000029, -1.815473318999977, 0.0 ], [ 126.393752760000098, -1.815554220999957, 0.0 ], [ 126.393652823000025, -1.815611327999932, 0.0 ], [ 126.393448189000082, -1.815668434999964, 0.0 ], [ 126.393319698000028, -1.81570650599997, 0.0 ], [ 126.393186449000041, -1.815744577999965, 0.0 ], [ 126.393010369000081, -1.815811201999963, 0.0 ], [ 126.392843806000087, -1.815858790999926, 0.0 ], [ 126.392691520000085, -1.815892103999943, 0.0 ], [ 126.3925725470001, -1.815977764999957, 0.0 ], [ 126.392520199000046, -1.816058665999947, 0.0 ], [ 126.392363154, -1.816053906999969, 0.0 ], [ 126.392244181000024, -1.816025353999976, 0.0 ], [ 126.392134727000098, -1.815973004999933, 0.0 ], [ 126.392049066000027, -1.815906380999934, 0.0 ], [ 126.391982441000096, -1.815806443999975, 0.0 ], [ 126.391863468000111, -1.815825478999955, 0.0 ], [ 126.391682629000115, -1.815887344999965, 0.0 ], [ 126.391463718000068, -1.815934933999927, 0.0 ], [ 126.391339987000038, -1.81598728199998, 0.0 ], [ 126.391211496000096, -1.816015835999963, 0.0 ], [ 126.391078246, -1.816091977999974, 0.0 ], [ 126.390968791000091, -1.816101496999977, 0.0 ], [ 126.390868853000029, -1.816082460999951, 0.0 ], [ 126.390745121, -1.81606818399996, 0.0 ], [ 126.390597595000031, -1.816087219999929, 0.0 ], [ 126.39045958600002, -1.816144326999961, 0.0 ], [ 126.390335854000114, -1.816144326999961, 0.0 ], [ 126.390231158, -1.81613004999997, 0.0 ], [ 126.390197845000102, -1.816111013999944, 0.0 ], [ 126.390135979000092, -1.816106254999966, 0.0 ], [ 126.390083631000039, -1.816106254999966, 0.0 ], [ 126.390050318000021, -1.816139567999926, 0.0 ], [ 126.390069354000047, -1.816234746999953, 0.0 ], [ 126.390126461000023, -1.81630612999993, 0.0 ], [ 126.390126461000023, -1.816382272999931, 0.0 ], [ 126.39009790800003, -1.816463174999967, 0.0 ], [ 126.39003604200002, -1.816567870999961, 0.0 ], [ 126.389993211000046, -1.816667807999977, 0.0 ], [ 126.389917069000035, -1.816715396999939, 0.0 ], [ 126.389812372000051, -1.816753467999945, 0.0 ], [ 126.389755265000076, -1.816805816999931, 0.0 ], [ 126.389664846000073, -1.81685340699994, 0.0 ], [ 126.389536355000018, -1.816886717999978, 0.0 ], [ 126.389398346, -1.816924789999973, 0.0 ], [ 126.389284132000057, -1.816953343999955, 0.0 ], [ 126.389079498000115, -1.816929548999951, 0.0 ], [ 126.388893901000074, -1.816900994999969, 0.0 ], [ 126.388732098000105, -1.816848646999972, 0.0 ], [ 126.388603606000061, -1.816824852999957, 0.0 ], [ 126.388536981000016, -1.816762986999947, 0.0 ], [ 126.388494151000032, -1.816629736999971, 0.0 ], [ 126.38836566100008, -1.816582147999952, 0.0 ], [ 126.388237169000035, -1.816534557999944, 0.0 ], [ 126.388108678000094, -1.816477450999969, 0.0 ], [ 126.388027776000058, -1.816510763999929, 0.0 ], [ 126.387889768000036, -1.816529799999955, 0.0 ], [ 126.387813625000035, -1.816486968999925, 0.0 ], [ 126.387680375000059, -1.816387031999966, 0.0 ], [ 126.387545443000022, -1.81635797499996, 0.0 ], [ 126.386773704, -1.816197359999933, 0.0 ], [ 126.386130709000099, -1.816065418999926, 0.0 ], [ 126.385449924000113, -1.815943059999938, 0.0 ], [ 126.385374307, -1.815943201999971, 0.0 ], [ 126.38458975900005, -1.815935170999978, 0.0 ], [ 126.38432509800009, -1.815935669999931, 0.0 ], [ 126.38393759500002, -1.815955422999934, 0.0 ], [ 126.383540603000029, -1.815956170999925, 0.0 ], [ 126.383351454000035, -1.815899460999958, 0.0 ], [ 126.38322831000005, -1.815757026999961, 0.0 ], [ 126.383254578000106, -1.815720781999971, 0.0 ], [ 126.383306926000046, -1.815649398999938, 0.0 ], [ 126.383335480000028, -1.815601808999929, 0.0 ], [ 126.383325962000072, -1.815530425999953, 0.0 ], [ 126.383245060000036, -1.815459041999929, 0.0 ], [ 126.383192712000096, -1.81537814099994, 0.0 ], [ 126.383178435000104, -1.815282961999969, 0.0 ], [ 126.383097534000058, -1.815225854999937, 0.0 ], [ 126.382983320000108, -1.81517350699994, 0.0 ], [ 126.382840552000062, -1.815125917999978, 0.0 ], [ 126.382735855000078, -1.815097363999939, 0.0 ], [ 126.382621641000014, -1.815054533999955, 0.0 ], [ 126.382555017000072, -1.815040256999964, 0.0 ], [ 126.382493151000062, -1.815083087999938, 0.0 ], [ 126.38245507900001, -1.815192541999977, 0.0 ], [ 126.382397972000035, -1.815282961999969, 0.0 ], [ 126.382407490000105, -1.815435247999972, 0.0 ], [ 126.382535981000046, -1.815525666999974, 0.0 ], [ 126.38264067700004, -1.815592291999963, 0.0 ], [ 126.382726338000111, -1.815625603999933, 0.0 ], [ 126.38274612400005, -1.81569135899997, 0.0 ], [ 126.382699094000031, -1.815815090999934, 0.0 ], [ 126.382538690000047, -1.815967570999931, 0.0 ], [ 126.382368798000016, -1.816101045999972, 0.0 ], [ 126.382189596000103, -1.81631062799994, 0.0 ], [ 126.3818970210001, -1.816548955999963, 0.0 ], [ 126.381670451000105, -1.816701560999945, 0.0 ], [ 126.381406090000041, -1.816863747999946, 0.0 ], [ 126.381160616000102, -1.817016387999956, 0.0 ], [ 126.38089646800006, -1.817292707999968, 0.0 ], [ 126.380755199000077, -1.817568795999932, 0.0 ], [ 126.380632515000116, -1.817673648999971, 0.0 ], [ 126.380396369000096, -1.81775969399996, 0.0 ], [ 126.380235840000068, -1.817845596999973, 0.0 ], [ 126.380122715000084, -1.818007498999975, 0.0 ], [ 126.380104005000021, -1.818112156999973, 0.0 ], [ 126.380085437000048, -1.818292902999929, 0.0 ], [ 126.379991322000024, -1.818511834999924, 0.0 ], [ 126.37969010900008, -1.819187691999957, 0.0 ], [ 126.379351069000109, -1.819854109999937, 0.0 ], [ 126.379219216000024, -1.820111158999964, 0.0 ], [ 126.379021038000019, -1.820282732999942, 0.0 ], [ 126.378813248000029, -1.82036872499998, 0.0 ], [ 126.37852973400004, -1.820397792999927, 0.0 ], [ 126.378312545000085, -1.820512336999968, 0.0 ], [ 126.378029279000089, -1.820674559999929, 0.0 ], [ 126.377793238000095, -1.820817672999965, 0.0 ], [ 126.377311368000051, -1.820923203999939, 0.0 ], [ 126.37705642200001, -1.821066351999946, 0.0 ], [ 126.376763508000067, -1.821123971999953, 0.0 ], [ 126.37656827, -1.821124339999926, 0.0 ], [ 126.376487391000069, -1.821117399999935, 0.0 ], [ 126.376358900000014, -1.821050774999946, 0.0 ], [ 126.376197097000045, -1.821074569999951, 0.0 ], [ 126.376044811000043, -1.821079328999929, 0.0 ], [ 126.375921080000012, -1.821055534999971, 0.0 ], [ 126.375740240000027, -1.821141194999939, 0.0 ], [ 126.375635544000033, -1.82115547199993, 0.0 ], [ 126.37546898100004, -1.82115547199993, 0.0 ], [ 126.375316697000017, -1.821193542999936, 0.0 ], [ 126.375192964, -1.821207819999927, 0.0 ], [ 126.374883634000071, -1.821260167999981, 0.0 ], [ 126.374626652000075, -1.821369622999953, 0.0 ], [ 126.374502921000044, -1.82140293599997, 0.0 ], [ 126.374245938000058, -1.821474318999947, 0.0 ], [ 126.374069858000098, -1.821521908999955, 0.0 ], [ 126.373755769000013, -1.821598051999956, 0.0 ], [ 126.373665351000113, -1.821650398999964, 0.0 ], [ 126.373603484000114, -1.821750336999969, 0.0 ], [ 126.373538919000111, -1.821896254999956, 0.0 ], [ 126.373474993000059, -1.82199899099993, 0.0 ], [ 126.373296534000019, -1.822022784999945, 0.0 ], [ 126.373082382, -1.82210011799998, 0.0 ], [ 126.372856333000072, -1.822088220999944, 0.0 ], [ 126.372660028000041, -1.822016835999932, 0.0 ], [ 126.372541055000056, -1.821987092999962, 0.0 ], [ 126.372326903000044, -1.822004938999953, 0.0 ], [ 126.372106803000065, -1.82206442599994, 0.0 ], [ 126.372023522000063, -1.822106065999947, 0.0 ], [ 126.371837192000044, -1.822162704999926, 0.0 ], [ 126.371659496, -1.822163039999964, 0.0 ], [ 126.370900790000064, -1.822457056999951, 0.0 ], [ 126.370496994000064, -1.822490327999958, 0.0 ], [ 126.369980057000021, -1.822491301999946, 0.0 ], [ 126.369592323, -1.822475777999955, 0.0 ], [ 126.369123819000038, -1.822460405999948, 0.0 ], [ 126.368752270000073, -1.822461105999935, 0.0 ], [ 126.368603047000079, -1.822462984999959, 0.0 ], [ 126.368454331000066, -1.822498677999931, 0.0 ], [ 126.368228282000018, -1.822570060999965, 0.0 ], [ 126.368031977000101, -1.822665238999946, 0.0 ], [ 126.367847568000116, -1.822718777999967, 0.0 ], [ 126.367651262000095, -1.822724725999933, 0.0 ], [ 126.367454957000064, -1.822665238999946, 0.0 ], [ 126.367365727000106, -1.82251652399998, 0.0 ], [ 126.36722295900006, -1.82251652399998, 0.0 ], [ 126.367092089000039, -1.822558163999929, 0.0 ], [ 126.366955270000062, -1.822558163999929, 0.0 ], [ 126.366794656000025, -1.822593855999969, 0.0 ], [ 126.366598351000107, -1.822617650999973, 0.0 ], [ 126.366426349000108, -1.82262803499998, 0.0 ], [ 126.366167879000045, -1.822628520999956, 0.0 ], [ 126.365505762000112, -1.822743551999963, 0.0 ], [ 126.364439936000053, -1.822940617999961, 0.0 ], [ 126.364084842000011, -1.823103835999973, 0.0 ], [ 126.3633420110001, -1.823251527999957, 0.0 ], [ 126.362889688000109, -1.823252378999939, 0.0 ], [ 126.362211293000087, -1.823302419999948, 0.0 ], [ 126.362106537000045, -1.823305390999963, 0.0 ], [ 126.362102684000092, -1.822804129999952, 0.0 ], [ 126.351925358000017, -1.823068064999973, 0.0 ], [ 126.336429722000048, -1.832249489999924, 0.0 ], [ 126.335648460000016, -1.838285970999948, 0.0 ], [ 126.383067002000075, -1.838156223999931, 0.0 ], [ 126.383355407000067, -1.838204024999925, 0.0 ], [ 126.383549104000053, -1.838122381999938, 0.0 ], [ 126.383726555000067, -1.837992005999979, 0.0 ], [ 126.383871820000081, -1.837926709999977, 0.0 ], [ 126.384275736000063, -1.837958448999927, 0.0 ], [ 126.384760454000116, -1.838006287999974, 0.0 ], [ 126.385617115000059, -1.838264725999977, 0.0 ], [ 126.386150203000057, -1.838263707999943, 0.0 ], [ 126.386537718000113, -1.838165439999955, 0.0 ], [ 126.386973574000081, -1.83800206199993, 0.0 ], [ 126.38718330100005, -1.837855369999943, 0.0 ], [ 126.38763528000004, -1.83767570599997, 0.0 ], [ 126.388248615000066, -1.837398206999978, 0.0 ], [ 126.388926719000096, -1.837201856999968, 0.0 ], [ 126.389572607000105, -1.83705433199998, 0.0 ], [ 126.390558037000119, -1.837068702999943, 0.0 ], [ 126.391091152000058, -1.837083938999967, 0.0 ], [ 126.391705435000063, -1.837310327999944, 0.0 ], [ 126.392238734000102, -1.837423089999959, 0.0 ], [ 126.392545692000112, -1.837438756999973, 0.0 ], [ 126.392900865000115, -1.837324295999963, 0.0 ], [ 126.393094376000022, -1.837145126999928, 0.0 ], [ 126.393320195000115, -1.836965895999924, 0.0 ], [ 126.393885248000061, -1.836786015999962, 0.0 ], [ 126.394498670000075, -1.836557279999965, 0.0 ], [ 126.394853720000015, -1.836377800999969, 0.0 ], [ 126.394966737000118, -1.83634507599993, 0.0 ], [ 126.395192770000108, -1.836279625999964, 0.0 ], [ 126.395483234000039, -1.836116525999955, 0.0 ], [ 126.395919023000033, -1.835920638999937, 0.0 ], [ 126.396451674000105, -1.83569205799995, 0.0 ], [ 126.39708143200005, -1.835560817999976, 0.0 ], [ 126.39743645100009, -1.835365085999968, 0.0 ], [ 126.397581160000072, -1.835007211999937, 0.0 ], [ 126.397709900000109, -1.834746894999967, 0.0 ], [ 126.398113288000104, -1.83450230699998, 0.0 ], [ 126.398791230000029, -1.83422468599997, 0.0 ], [ 126.399130186000093, -1.83407774799997, 0.0 ], [ 126.39937227900009, -1.833963503999939, 0.0 ], [ 126.399501081000039, -1.833735695999962, 0.0 ], [ 126.399629913000012, -1.833524142999977, 0.0 ], [ 126.399855422000087, -1.833182369999975, 0.0 ], [ 126.400161978000028, -1.832986730999949, 0.0 ], [ 126.400387978000026, -1.832905026999924, 0.0 ], [ 126.400533117, -1.832774714999971, 0.0 ], [ 126.400613242000077, -1.832433219999928, 0.0 ], [ 126.400677520000045, -1.832254298999942, 0.0 ], [ 126.400887029000046, -1.831993828999941, 0.0 ], [ 126.401129122000043, -1.831879585999957, 0.0 ], [ 126.401694169000052, -1.831699707999974, 0.0 ], [ 126.402097554000079, -1.831455120999976, 0.0 ], [ 126.403082108000035, -1.83101437199997, 0.0 ], [ 126.403711677000047, -1.830785607999928, 0.0 ], [ 126.404260322000027, -1.830475726999964, 0.0 ], [ 126.40455075300008, -1.830296374999932, 0.0 ], [ 126.404954259000078, -1.830116805999978, 0.0 ], [ 126.405261119000102, -1.830083710999929, 0.0 ], [ 126.405519733000119, -1.83016448799998, 0.0 ], [ 126.405842655000015, -1.830082598999979, 0.0 ], [ 126.405971516000022, -1.829887300999928, 0.0 ], [ 126.406035794000104, -1.829708380999932, 0.0 ], [ 126.406310223000105, -1.829610330999969, 0.0 ], [ 126.40655249800011, -1.829593612999929, 0.0 ], [ 126.407101756000088, -1.829608816999951, 0.0 ], [ 126.407828489000053, -1.829509901999927, 0.0 ], [ 126.408248086000071, -1.829297793999956, 0.0 ], [ 126.408909620000031, -1.828890172999934, 0.0 ], [ 126.409329278000087, -1.828710573999956, 0.0 ], [ 126.4098620420001, -1.828547011999945, 0.0 ], [ 126.410330160000058, -1.828367319999927, 0.0 ], [ 126.410895293000067, -1.828236205999929, 0.0 ], [ 126.411589531000118, -1.828039826999941, 0.0 ], [ 126.411863958000026, -1.827941776999978, 0.0 ], [ 126.412138293000112, -1.827794963999963, 0.0 ], [ 126.412574226000061, -1.82768035099997, 0.0 ], [ 126.41283253000006, -1.827598585999965, 0.0 ], [ 126.412994097000023, -1.827614530999938, 0.0 ], [ 126.413075019000075, -1.827695646999928, 0.0 ], [ 126.413382521000017, -1.828003886999966, 0.0 ], [ 126.413916143000051, -1.828295439999977, 0.0 ], [ 126.414449581000099, -1.82848946699994, 0.0 ], [ 126.41520889200001, -1.828536774999975, 0.0 ], [ 126.415531840000085, -1.828471139999976, 0.0 ], [ 126.416016232000061, -1.828356432999954, 0.0 ], [ 126.416258535000111, -1.828355967999926, 0.0 ], [ 126.416613914000095, -1.828355286999965, 0.0 ], [ 126.4169855990001, -1.828435844999944, 0.0 ], [ 126.417232283000089, -1.828549340999928, 0.0 ], [ 126.417457339000066, -1.828638052999963, 0.0 ], [ 126.417682214000024, -1.828630764999957, 0.0 ], [ 126.417832113000031, -1.828616762999957, 0.0 ], [ 126.417995589000043, -1.828575306999937, 0.0 ], [ 126.418145501000026, -1.828568161999954, 0.0 ], [ 126.418247866000115, -1.828643394999972, 0.0 ], [ 126.418302579000056, -1.828746146999947, 0.0 ], [ 126.418316351000044, -1.82882154999993, 0.0 ], [ 126.418411979000098, -1.828937938999957, 0.0 ], [ 126.418637087000093, -1.829054078999945, 0.0 ], [ 126.418875773000082, -1.829142763999926, 0.0 ], [ 126.419196236000062, -1.829231291999974, 0.0 ], [ 126.419468852000023, -1.829244483999958, 0.0 ], [ 126.419605148000073, -1.829244221999943, 0.0 ], [ 126.419782448000092, -1.829305595999926, 0.0 ], [ 126.419864343000086, -1.829367153999954, 0.0 ], [ 126.420000664000099, -1.829380605999972, 0.0 ], [ 126.420123290000106, -1.829359798999974, 0.0 ], [ 126.42024587800006, -1.829318420999925, 0.0 ], [ 126.420450282000047, -1.829297456999939, 0.0 ], [ 126.420627543000023, -1.829338259999929, 0.0 ], [ 126.420852664000108, -1.829461255999945, 0.0 ], [ 126.420961818000023, -1.829522760999964, 0.0 ], [ 126.421050526000045, -1.829584304999969, 0.0 ], [ 126.421159706000026, -1.829659524999954, 0.0 ], [ 126.42121421100012, -1.829652562999968, 0.0 ], [ 126.421248180000021, -1.829597639999974, 0.0 ], [ 126.421288874000084, -1.829494704999945, 0.0 ], [ 126.421363680000013, -1.829412274999925, 0.0 ], [ 126.42145219400004, -1.829370961999928, 0.0 ], [ 126.421731546000046, -1.829342996999969, 0.0 ], [ 126.42203139500009, -1.829342420999978, 0.0 ], [ 126.422385840000061, -1.829382882999937, 0.0 ], [ 126.422610869000096, -1.82945787899996, 0.0 ], [ 126.422767687000032, -1.829498720999936, 0.0 ], [ 126.422924478000027, -1.829525847999946, 0.0 ], [ 126.423217537000028, -1.829539, 0.0 ], [ 126.423537687000021, -1.829462955999929, 0.0 ], [ 126.423830564000014, -1.829380106999963, 0.0 ], [ 126.424014549000049, -1.829372895999938, 0.0 ], [ 126.424150948000033, -1.829427490999933, 0.0 ], [ 126.424307765000094, -1.829468332999966, 0.0 ], [ 126.424396291000107, -1.829433876999929, 0.0 ], [ 126.424396174000094, -1.82937216299996, 0.0 ], [ 126.424457441000072, -1.829337758999941, 0.0 ], [ 126.424648293000018, -1.829357963999939, 0.0 ], [ 126.424805227000093, -1.829460518999952, 0.0 ], [ 126.424975829000118, -1.829583619999937, 0.0 ], [ 126.425146393000091, -1.82968614899994, 0.0 ], [ 126.42537827600006, -1.829781702999981, 0.0 ], [ 126.425555615, -1.829863646999968, 0.0 ], [ 126.425712510000039, -1.82994563099993, 0.0 ], [ 126.425849039000013, -1.830068796999967, 0.0 ], [ 126.425951455000018, -1.830171456999949, 0.0 ], [ 126.426040268000065, -1.830287856999973, 0.0 ], [ 126.426122227000064, -1.830383698999981, 0.0 ], [ 126.42621778900002, -1.830465799999956, 0.0 ], [ 126.426388379000059, -1.830582042999936, 0.0 ], [ 126.426524830000062, -1.83066406599994, 0.0 ], [ 126.426736177000066, -1.830711658999974, 0.0 ], [ 126.426892981000037, -1.830745642999943, 0.0 ], [ 126.427145269000107, -1.830820585999959, 0.0 ], [ 126.42740437100008, -1.830895514999952, 0.0 ], [ 126.427602050000019, -1.830922562999945, 0.0 ], [ 126.427888294000013, -1.83093572599995, 0.0 ], [ 126.428140503, -1.830969525999933, 0.0 ], [ 126.428406225000117, -1.830941585999938, 0.0 ], [ 126.428678761000015, -1.830913631999977, 0.0 ], [ 126.428971793000073, -1.830913067999973, 0.0 ], [ 126.429223963000027, -1.830926295999973, 0.0 ], [ 126.429517021000038, -1.830939445999945, 0.0 ], [ 126.429741893000028, -1.830932154999971, 0.0 ], [ 126.429953109000053, -1.830911176999962, 0.0 ], [ 126.43017115400005, -1.830897042999936, 0.0 ], [ 126.430450608000115, -1.830923932999951, 0.0 ], [ 126.430627921000109, -1.830992161999973, 0.0 ], [ 126.430846173000077, -1.83108773999993, 0.0 ], [ 126.431043995000095, -1.831190214999936, 0.0 ], [ 126.431303162000063, -1.831299428999955, 0.0 ], [ 126.431514522000043, -1.831353877999959, 0.0 ], [ 126.431739485000094, -1.831394586999977, 0.0 ], [ 126.431903050000074, -1.831401128999971, 0.0 ], [ 126.432046368000101, -1.831510565999963, 0.0 ], [ 126.432237505000103, -1.831681623999941, 0.0 ], [ 126.432435471000076, -1.83185952599996, 0.0 ], [ 126.432762863000107, -1.832009749999941, 0.0 ], [ 126.43296073700003, -1.832139652999956, 0.0 ], [ 126.433335923000072, -1.832337783999947, 0.0 ], [ 126.433697375000065, -1.832481084999927, 0.0 ], [ 126.433983709000017, -1.832542244999956, 0.0 ], [ 126.434270017000017, -1.832589691999942, 0.0 ], [ 126.434556338000107, -1.832643995999945, 0.0 ], [ 126.43465187400011, -1.832712381999954, 0.0 ], [ 126.434829199000092, -1.832787466999946, 0.0 ], [ 126.434958665000067, -1.832780359999958, 0.0 ], [ 126.435244841000099, -1.832759235999958, 0.0 ], [ 126.435503720000042, -1.832717592999927, 0.0 ], [ 126.435762716000113, -1.832737663999978, 0.0 ], [ 126.436158163000073, -1.832839755999942, 0.0 ], [ 126.436430919000031, -1.832928369999934, 0.0 ], [ 126.436792214000093, -1.832989384999962, 0.0 ], [ 126.437576226000033, -1.833159295999963, 0.0 ], [ 126.438626074000013, -1.833362976999979, 0.0 ], [ 126.439266834000023, -1.833457735999957, 0.0 ], [ 126.439832645000024, -1.833559495999964, 0.0 ], [ 126.440125858000101, -1.833654926999941, 0.0 ], [ 126.440289488000076, -1.833695751999926, 0.0 ], [ 126.440446434000023, -1.83380516099993, 0.0 ], [ 126.440589777000014, -1.833928309999976, 0.0 ], [ 126.440726240000117, -1.834017186999972, 0.0 ], [ 126.440917299000034, -1.834147099999939, 0.0 ], [ 126.441121961000022, -1.834263272999976, 0.0 ], [ 126.441299272000037, -1.834331499999962, 0.0 ], [ 126.441463020000015, -1.834434037999927, 0.0 ], [ 126.441544992000104, -1.834536733999926, 0.0 ], [ 126.441586077000011, -1.834639509999931, 0.0 ], [ 126.441674956000043, -1.834790191999957, 0.0 ], [ 126.441784226000095, -1.834913406999931, 0.0 ], [ 126.441927648000046, -1.835077696999974, 0.0 ], [ 126.442064216000063, -1.835221429999933, 0.0 ], [ 126.442180353000026, -1.835372058999951, 0.0 ], [ 126.442391909000094, -1.835529359999953, 0.0 ], [ 126.442678333000117, -1.83563851599996, 0.0 ], [ 126.442964823000011, -1.835781957999927, 0.0 ], [ 126.443128466000076, -1.835829639999929, 0.0 ], [ 126.443339758000093, -1.835849800999938, 0.0 ], [ 126.443530686000031, -1.835911143999965, 0.0 ], [ 126.443830791000096, -1.836047700999927, 0.0 ], [ 126.444233195000038, -1.83622520199998, 0.0 ], [ 126.444265968000082, -1.83623816599993, 0.0 ], [ 126.444050612000069, -1.842956491999928, 0.0 ], [ 126.473098945000061, -1.842988313999967, 0.0 ], [ 126.473356594000052, -1.834450299999958, 0.0 ] ], [ [ 126.477206229000103, -1.836443598999949, 0.0 ], [ 126.477092581000079, -1.836483055999963, 0.0 ], [ 126.477043829000081, -1.836476611999956, 0.0 ], [ 126.476956080000036, -1.83646697599994, 0.0 ], [ 126.476891120000118, -1.836480180999956, 0.0 ], [ 126.476842445000102, -1.836512970999934, 0.0 ], [ 126.476758153000105, -1.836611219999952, 0.0 ], [ 126.476680222000027, -1.836637528999972, 0.0 ], [ 126.476602239000044, -1.836637681999946, 0.0 ], [ 126.476533960000097, -1.83661492899995, 0.0 ], [ 126.476384380000013, -1.836556371999961, 0.0 ], [ 126.476254327000106, -1.836514122999972, 0.0 ], [ 126.476169840000011, -1.836511018999943, 0.0 ], [ 126.476056116000109, -1.836511241999972, 0.0 ], [ 126.475939148000066, -1.836514740999974, 0.0 ], [ 126.475805973000092, -1.836537887999953, 0.0 ], [ 126.47573778900005, -1.836564176999957, 0.0 ], [ 126.47568587, -1.836600242999964, 0.0 ], [ 126.475640443000088, -1.836633026999948, 0.0 ], [ 126.475559281000073, -1.836669149999977, 0.0 ], [ 126.475455368000098, -1.83670204799995, 0.0 ], [ 126.475442396000062, -1.836715151999954, 0.0 ], [ 126.475400206000018, -1.836741389999929, 0.0 ], [ 126.475332060000028, -1.836787295999954, 0.0 ], [ 126.475302892000059, -1.836826586999962, 0.0 ], [ 126.475273756000092, -1.836882224999954, 0.0 ], [ 126.475205617000029, -1.836931400999958, 0.0 ], [ 126.475147237000101, -1.836987096999962, 0.0 ], [ 126.475134360000084, -1.837049241999978, 0.0 ], [ 126.475137660000087, -1.837075390999928, 0.0 ], [ 126.475170191000075, -1.837094943999944, 0.0 ], [ 126.475228665000031, -1.83708829099993, 0.0 ], [ 126.47533261, -1.837071739999942, 0.0 ], [ 126.475420334000091, -1.837068298999952, 0.0 ], [ 126.475498317000074, -1.837068145999979, 0.0 ], [ 126.475566558000082, -1.837071281999954, 0.0 ], [ 126.47571606200006, -1.837090604999958, 0.0 ], [ 126.47578090200011, -1.837015279999946, 0.0 ], [ 126.475836083000104, -1.836985746999972, 0.0 ], [ 126.475868512000034, -1.83695298899994, 0.0 ], [ 126.475910664000025, -1.836907133999944, 0.0 ], [ 126.475939863, -1.836884189999978, 0.0 ], [ 126.476037335000115, -1.836880729999962, 0.0 ], [ 126.476151040000104, -1.836870697999927, 0.0 ], [ 126.476264689000118, -1.83683124199996, 0.0 ], [ 126.476339365000058, -1.836801669999943, 0.0 ], [ 126.476391284000101, -1.836765603999936, 0.0 ], [ 126.476452963000042, -1.836736057999929, 0.0 ], [ 126.476563419000058, -1.836726032999934, 0.0 ], [ 126.476647913000079, -1.836732406999943, 0.0 ], [ 126.476729188000036, -1.83675513399993, 0.0 ], [ 126.476813720000109, -1.83678112399997, 0.0 ], [ 126.476878788000022, -1.83682349999998, 0.0 ], [ 126.476947142000085, -1.836885485999971, 0.0 ], [ 126.47702851300005, -1.836957254999959, 0.0 ], [ 126.477093606000039, -1.837012707999975, 0.0 ], [ 126.477191103000109, -1.837022324999964, 0.0 ], [ 126.477275565000014, -1.837012350999942, 0.0 ], [ 126.477415233000102, -1.83698592199994, 0.0 ], [ 126.477483404000054, -1.836953093999966, 0.0 ], [ 126.477528830000097, -1.836920309999925, 0.0 ], [ 126.477571014000091, -1.836890801999971, 0.0 ], [ 126.477655457000083, -1.836871019999933, 0.0 ], [ 126.477749578000044, -1.83681525399993, 0.0 ], [ 126.477798215, -1.836762846999932, 0.0 ], [ 126.47782410800005, -1.836710484999969, 0.0 ], [ 126.477866222000102, -1.836645012999952, 0.0 ], [ 126.477931030000036, -1.836553340999956, 0.0 ], [ 126.477973125000062, -1.83647806099998, 0.0 ], [ 126.477992519000054, -1.836425710999947, 0.0 ], [ 126.477998973000012, -1.83640281199996, 0.0 ], [ 126.478015087000017, -1.836334121999926, 0.0 ], [ 126.478034418000107, -1.83624907799998, 0.0 ], [ 126.478047314000037, -1.836196740999981, 0.0 ], [ 126.478089465000039, -1.836150885999928, 0.0 ], [ 126.478160861000106, -1.836104972999976, 0.0 ], [ 126.47821929700001, -1.836078702999941, 0.0 ], [ 126.478313443000047, -1.836036014999934, 0.0 ], [ 126.478394510000044, -1.835950849999961, 0.0 ], [ 126.478443091000031, -1.835869017999926, 0.0 ], [ 126.478481924000107, -1.835787205999964, 0.0 ], [ 126.478514264000069, -1.835708674999978, 0.0 ], [ 126.478520630000048, -1.83564000399997, 0.0 ], [ 126.47850741100001, -1.835525597999947, 0.0 ], [ 126.47844558700001, -1.835479946999953, 0.0 ], [ 126.478426047000085, -1.835457098999939, 0.0 ], [ 126.478435706000027, -1.835411306999958, 0.0 ], [ 126.47846490500001, -1.835388363999925, 0.0 ], [ 126.478513613000018, -1.835371920999933, 0.0 ], [ 126.478526572000078, -1.835352278999949, 0.0 ], [ 126.47850698100001, -1.835303274999944, 0.0 ], [ 126.478467952000074, -1.835283734999962, 0.0 ], [ 126.478396481000118, -1.835290413999928, 0.0 ], [ 126.478312, -1.835290578999945, 0.0 ], [ 126.478224271000045, -1.835290750999945, 0.0 ], [ 126.478123550000078, -1.835294217999945, 0.0 ], [ 126.47806185200011, -1.835313955999936, 0.0 ], [ 126.477983990000098, -1.835376227999973, 0.0 ], [ 126.477938658000085, -1.835458053999957, 0.0 ], [ 126.47790959200006, -1.835549655999955, 0.0 ], [ 126.477896759000032, -1.835634686999924, 0.0 ], [ 126.477896930000043, -1.835722961999977, 0.0 ], [ 126.477867813000103, -1.835788408999974, 0.0 ], [ 126.477815889000112, -1.835821204999945, 0.0 ], [ 126.477757541000074, -1.835893247999934, 0.0 ], [ 126.477686203000076, -1.835968584999932, 0.0 ], [ 126.477666821000071, -1.836027473999934, 0.0 ], [ 126.477666967000118, -1.836102670999935, 0.0 ], [ 126.477647655000055, -1.836197523999942, 0.0 ], [ 126.477540676000103, -1.836325242999976, 0.0 ], [ 126.477456252000025, -1.836354833999962, 0.0 ], [ 126.477371809000033, -1.836374615999944, 0.0 ], [ 126.477284148000081, -1.836410751999949, 0.0 ], [ 126.477206229000103, -1.836443598999949, 0.0 ] ], [ [ 126.345160823000015, -1.823443691999955, 0.0 ], [ 126.345265519, -1.823367549999944, 0.0 ], [ 126.345346421000045, -1.823305682999944, 0.0 ], [ 126.345436840000048, -1.823234299999967, 0.0 ], [ 126.345532019000075, -1.823267611999938, 0.0 ], [ 126.345665269000051, -1.823291406999942, 0.0 ], [ 126.345793760000106, -1.823286647999964, 0.0 ], [ 126.345841349000011, -1.823286647999964, 0.0 ], [ 126.345974599000101, -1.823348513999974, 0.0 ], [ 126.346150679000061, -1.823396102999936, 0.0 ], [ 126.346364830000084, -1.823367549999944, 0.0 ], [ 126.346479044000034, -1.823367549999944, 0.0 ], [ 126.346702713000013, -1.823315201999947, 0.0 ], [ 126.346769339000048, -1.823277129999951, 0.0 ], [ 126.346793133000119, -1.823191469999927, 0.0 ], [ 126.346764580000013, -1.823077255999976, 0.0 ], [ 126.346740785000065, -1.823020148999944, 0.0 ], [ 126.346655124000108, -1.822996352999951, 0.0 ], [ 126.346578982000096, -1.822986835999927, 0.0 ], [ 126.34649808000006, -1.822948764999978, 0.0 ], [ 126.346421937000059, -1.822901175999959, 0.0 ], [ 126.346360071000049, -1.82283930899996, 0.0 ], [ 126.346279170000116, -1.822767925999926, 0.0 ], [ 126.346131643000035, -1.822682264999969, 0.0 ], [ 126.346055500000034, -1.822667988999967, 0.0 ], [ 126.345946045000119, -1.822639434999928, 0.0 ], [ 126.345846107000057, -1.822606121999968, 0.0 ], [ 126.345736653000017, -1.822658469999965, 0.0 ], [ 126.345641474000104, -1.822706059999973, 0.0 ], [ 126.345532019000075, -1.82275840799997, 0.0 ], [ 126.345455876000074, -1.822772684999961, 0.0 ], [ 126.34535118000008, -1.822772684999961, 0.0 ], [ 126.345232207000095, -1.82277744299995, 0.0 ], [ 126.345122751000076, -1.822748889999957, 0.0 ], [ 126.344994260000021, -1.822744130999979, 0.0 ], [ 126.344870528000115, -1.822687023999947, 0.0 ], [ 126.344780109000112, -1.822653711999976, 0.0 ], [ 126.344694448000041, -1.82257280999994, 0.0 ], [ 126.344589752000047, -1.822453836999955, 0.0 ], [ 126.344523127000116, -1.822391969999956, 0.0 ], [ 126.34439463700005, -1.822315827999944, 0.0 ], [ 126.344289940000067, -1.82227299699997, 0.0 ], [ 126.344223315000022, -1.822225408999941, 0.0 ], [ 126.344109101000072, -1.822201613999937, 0.0 ], [ 126.343942538000078, -1.822168301999966, 0.0 ], [ 126.343809289000092, -1.822158782999963, 0.0 ], [ 126.343723628000021, -1.822144506999962, 0.0 ], [ 126.34364748500002, -1.822120711999958, 0.0 ], [ 126.343518995000068, -1.822120711999958, 0.0 ], [ 126.343380986000057, -1.822139746999937, 0.0 ], [ 126.343233459000089, -1.822173059999955, 0.0 ], [ 126.343128763000095, -1.82223016699993, 0.0 ], [ 126.343038344000092, -1.822287273999962, 0.0 ], [ 126.342928888000074, -1.822377693999954, 0.0 ], [ 126.342847987000027, -1.822434800999929, 0.0 ], [ 126.342871781000099, -1.822501425999974, 0.0 ], [ 126.343147799, -1.822687023999947, 0.0 ], [ 126.343419057000119, -1.822901175999959, 0.0 ], [ 126.343714111000054, -1.823010629999942, 0.0 ], [ 126.343952057000024, -1.823082014999954, 0.0 ], [ 126.344223315000022, -1.823191469999927, 0.0 ], [ 126.344437467000034, -1.823224781999954, 0.0 ], [ 126.344499333000044, -1.823305682999944, 0.0 ], [ 126.344642100000101, -1.823396102999936, 0.0 ], [ 126.344813421000026, -1.823477004999972, 0.0 ], [ 126.344999020000046, -1.823481762999961, 0.0 ], [ 126.345160823000015, -1.823443691999955, 0.0 ] ], [ [ 126.349664382000014, -1.822959424999965, 0.0 ], [ 126.34961441400003, -1.822971321999944, 0.0 ], [ 126.349547789000098, -1.822968941999932, 0.0 ], [ 126.349483543000019, -1.822987977999958, 0.0 ], [ 126.349414539, -1.823021289999929, 0.0 ], [ 126.349288428000023, -1.82307125899996, 0.0 ], [ 126.349217043000067, -1.823102191999965, 0.0 ], [ 126.349219423000022, -1.823149780999927, 0.0 ], [ 126.349240838000014, -1.823206887999959, 0.0 ], [ 126.349290807000102, -1.823240200999976, 0.0 ], [ 126.349355052000078, -1.823233061999929, 0.0 ], [ 126.349414539, -1.823209267999971, 0.0 ], [ 126.349466888000052, -1.823190231999945, 0.0 ], [ 126.34950019900009, -1.823161678999952, 0.0 ], [ 126.349526373000117, -1.823130744999958, 0.0 ], [ 126.34956920400009, -1.82309743299993, 0.0 ], [ 126.349602516000118, -1.823076017999938, 0.0 ], [ 126.349659623000093, -1.823066499999925, 0.0 ], [ 126.349683418000041, -1.823040325999955, 0.0 ], [ 126.349683418000041, -1.822995115999959, 0.0 ], [ 126.349664382000014, -1.822959424999965, 0.0 ] ], [ [ 126.350685171, -1.823083155999939, 0.0 ], [ 126.350725622000027, -1.823095052999975, 0.0 ], [ 126.350758935000044, -1.823066499999925, 0.0 ], [ 126.35077797100007, -1.823018910999963, 0.0 ], [ 126.35077797100007, -1.822966562999966, 0.0 ], [ 126.350728001000107, -1.822968941999932, 0.0 ], [ 126.35069230900001, -1.822992735999946, 0.0 ], [ 126.350675654000042, -1.823030807999942, 0.0 ], [ 126.350685171, -1.823083155999939, 0.0 ] ], [ [ 126.456715420000023, -1.80083977299995, 0.0 ], [ 126.456787313000063, -1.800862072999962, 0.0 ], [ 126.456869065000092, -1.800856930999942, 0.0 ], [ 126.456948301000011, -1.800831848999962, 0.0 ], [ 126.457039935000012, -1.800811728999975, 0.0 ], [ 126.457134018000033, -1.800776645999974, 0.0 ], [ 126.457225643000015, -1.800751540999954, 0.0 ], [ 126.457384139000055, -1.800713841999936, 0.0 ], [ 126.457507944000099, -1.800673715999949, 0.0 ], [ 126.457611924000048, -1.800631135999936, 0.0 ], [ 126.4577406840001, -1.80059100099993, 0.0 ], [ 126.457844701000113, -1.800568363999957, 0.0 ], [ 126.457909076000078, -1.800545803999967, 0.0 ], [ 126.457963537000069, -1.800520768999945, 0.0 ], [ 126.458013013000027, -1.800480784999934, 0.0 ], [ 126.458037733000083, -1.80045082099997, 0.0 ], [ 126.458040150000102, -1.800418406999938, 0.0 ], [ 126.458020263000094, -1.800383541999963, 0.0 ], [ 126.457965886000011, -1.800355760999935, 0.0 ], [ 126.457866004000039, -1.800332312999956, 0.0 ], [ 126.457754420000015, -1.800332526999966, 0.0 ], [ 126.457548892000091, -1.800344737999978, 0.0 ], [ 126.457431480000082, -1.800368599999956, 0.0 ], [ 126.45720846800009, -1.800451758999941, 0.0 ], [ 126.457096351000018, -1.800509959999943, 0.0 ], [ 126.457041881, -1.800530008999942, 0.0 ], [ 126.456972518000043, -1.800535126999932, 0.0 ], [ 126.456922980000058, -1.800542700999927, 0.0 ], [ 126.456871006000029, -1.800572716999966, 0.0 ], [ 126.456836390000035, -1.800610178999932, 0.0 ], [ 126.456819094000025, -1.800635142999965, 0.0 ], [ 126.456801835000078, -1.800680050999972, 0.0 ], [ 126.456762241000092, -1.800705057999949, 0.0 ], [ 126.456697898000016, -1.800745068999959, 0.0 ], [ 126.456685595000067, -1.800789967999947, 0.0 ], [ 126.456715420000023, -1.80083977299995, 0.0 ] ], [ [ 126.267294984000046, -1.814403564999964, 0.0 ], [ 126.267423475000101, -1.814413082999977, 0.0 ], [ 126.267471064000119, -1.81438690899995, 0.0 ], [ 126.267471064000119, -1.814327421999963, 0.0 ], [ 126.267432992000067, -1.814267935999965, 0.0 ], [ 126.267356850000056, -1.814220345999956, 0.0 ], [ 126.267297364000115, -1.814187033999929, 0.0 ], [ 126.267242636000105, -1.814151341999946, 0.0 ], [ 126.267294984000046, -1.814144202999955, 0.0 ], [ 126.267356850000056, -1.814118029999975, 0.0 ], [ 126.267363988000056, -1.81405140499993, 0.0 ], [ 126.267309261000037, -1.813989538999977, 0.0 ], [ 126.267228359000114, -1.81396336499995, 0.0 ], [ 126.267195047000087, -1.813899118999927, 0.0 ], [ 126.267142698000043, -1.813844391999965, 0.0 ], [ 126.267085591000068, -1.813770628999976, 0.0 ], [ 126.26705227900004, -1.813756351999928, 0.0 ], [ 126.26698327500003, -1.813699243999963, 0.0 ], [ 126.266816712000036, -1.813623101999951, 0.0 ], [ 126.266733431000034, -1.813577891999955, 0.0 ], [ 126.266648308000072, -1.813532964999979, 0.0 ], [ 126.266619217000084, -1.813537440999937, 0.0 ], [ 126.266559731000029, -1.813570752999965, 0.0 ], [ 126.266550212000084, -1.81363499899993, 0.0 ], [ 126.266597802000092, -1.813701623999975, 0.0 ], [ 126.266643012000031, -1.813796801999956, 0.0 ], [ 126.266631115000109, -1.813861047999978, 0.0 ], [ 126.266647771000066, -1.813941948999968, 0.0 ], [ 126.266669186000058, -1.814058542999931, 0.0 ], [ 126.266733431000034, -1.814110891999974, 0.0 ], [ 126.26686668100001, -1.814203689999943, 0.0 ], [ 126.26693806500009, -1.814284591999979, 0.0 ], [ 126.267154596000069, -1.814367872999981, 0.0 ], [ 126.267294984000046, -1.814403564999964, 0.0 ] ], [ [ 126.227711738000039, -1.876387254999941, 0.0 ], [ 126.227677474000075, -1.876370122999958, 0.0 ], [ 126.227654631000064, -1.876381544999958, 0.0 ], [ 126.227631788000053, -1.876400579999938, 0.0 ], [ 126.227647016000105, -1.876432940999962, 0.0 ], [ 126.227660342000036, -1.876472915999955, 0.0 ], [ 126.227675570000088, -1.876524311999958, 0.0 ], [ 126.227713642000026, -1.876516696999943, 0.0 ], [ 126.227755520000073, -1.876503372999935, 0.0 ], [ 126.227780266000082, -1.876491951999981, 0.0 ], [ 126.227780266000082, -1.876465300999939, 0.0 ], [ 126.227747906000104, -1.876417712999967, 0.0 ], [ 126.227711738000039, -1.876387254999941, 0.0 ] ] ] ] } },
{ "type": "Feature", "properties": { "OBJECTID_1": 967, "Luas": 5.79, "Zona": "Lainnya", "Sub_Zona": "Pelabuhan", "KKP": "Kepulauan Sula", "Area": 1, "Notes": null, "Id_Zona": 12 }, "geometry": { "type": "MultiPolygon", "coordinates": [ [ [ [ 126.04143663100001, -2.360487687999978, 0.0 ], [ 126.041330913000024, -2.360368007999966, 0.0 ], [ 126.041121584000052, -2.360272853999959, 0.0 ], [ 126.040845758000046, -2.360196969999947, 0.0 ], [ 126.04067451200001, -2.360130416999937, 0.0 ], [ 126.040113166000083, -2.359892616999957, 0.0 ], [ 126.039837258000034, -2.359778486999971, 0.0 ], [ 126.039627824000036, -2.359635525999977, 0.0 ], [ 126.039484660000085, -2.359368120999932, 0.0 ], [ 126.039408241000046, -2.359196183999927, 0.0 ], [ 126.039322068000047, -2.358909529999949, 0.0 ], [ 126.039302434000092, -2.358622730999969, 0.0 ], [ 126.039294840000025, -2.35838765799997, 0.0 ], [ 126.041848292000054, -2.358246101999953, 0.0 ], [ 126.042231718000039, -2.360037132999935, 0.0 ], [ 126.04143663100001, -2.360487687999978, 0.0 ] ] ] ] } },
{ "type": "Feature", "properties": { "OBJECTID_1": 968, "Luas": 276.83, "Zona": "Inti", "Sub_Zona": "Inti", "KKP": "Kepulauan Sula", "Area": 1, "Notes": null, "Id_Zona": 1 }, "geometry": { "type": "MultiPolygon", "coordinates": [ [ [ [ 126.063423257000068, -2.466972658999964, 0.0 ], [ 126.061610767000047, -2.46567149699996, 0.0 ], [ 126.061531274000117, -2.46561442899997, 0.0 ], [ 126.061023089000059, -2.465249609999944, 0.0 ], [ 126.061051821000092, -2.465220576999968, 0.0 ], [ 126.061478721000071, -2.464837140999975, 0.0 ], [ 126.061990713000114, -2.464252723999948, 0.0 ], [ 126.062227621000034, -2.463927094999974, 0.0 ], [ 126.062426791, -2.463725848999957, 0.0 ], [ 126.062730239000075, -2.463400065999963, 0.0 ], [ 126.062831590000087, -2.463272040999925, 0.0 ], [ 126.065815036000117, -2.465024060999951, 0.0 ], [ 126.063423835000094, -2.466972332999944, 0.0 ], [ 126.063423257000068, -2.466972658999964, 0.0 ] ] ], [ [ [ 126.060275421000028, -2.472234556999922, 0.0 ], [ 126.060256770000024, -2.486814898999967, 0.0 ], [ 126.040579525000226, -2.48681500399988, 0.0 ], [ 126.041210026000044, -2.480703616999961, 0.0 ], [ 126.0418952670002, -2.475348632999896, 0.0 ], [ 126.041975710000202, -2.474719968999977, 0.0 ], [ 126.042012304000195, -2.474416878999932, 0.0 ], [ 126.049782257000174, -2.476129822999894, 0.0 ], [ 126.050016101000097, -2.476832106999893, 0.0 ], [ 126.050719090000143, -2.477997230999961, 0.0 ], [ 126.0549060620001, -2.476286670999912, 0.0 ], [ 126.060275421000028, -2.472234556999922, 0.0 ] ] ] ] } },
{ "type": "Feature", "properties": { "OBJECTID_1": 964, "Luas": 134.6, "Zona": "Pemanfaatan Terbatas", "Sub_Zona": "Pariwisata", "KKP": "Kepulauan Sula", "Area": 1, "Notes": "Merged", "Id_Zona": 3 }, "geometry": { "type": "MultiPolygon", "coordinates": [ [ [ [ 126.0549060620001, -2.476286670999912, 0.0 ], [ 126.050719090000143, -2.477997230999961, 0.0 ], [ 126.050016101000097, -2.476832106999893, 0.0 ], [ 126.049782257000174, -2.476129822999894, 0.0 ], [ 126.050183812000228, -2.475812463999944, 0.0 ], [ 126.051360606000117, -2.475399748999962, 0.0 ], [ 126.052627432000122, -2.474795114999949, 0.0 ], [ 126.054709105000143, -2.47349849699998, 0.0 ], [ 126.056131398000161, -2.472480539999935, 0.0 ], [ 126.056850238000038, -2.471830153999974, 0.0 ], [ 126.057175731000143, -2.471477031999939, 0.0 ], [ 126.057710575000101, -2.470731685999908, 0.0 ], [ 126.059235341000203, -2.468236127999944, 0.0 ], [ 126.059375608000096, -2.468006770999978, 0.0 ], [ 126.059463032000053, -2.467816273999915, 0.0 ], [ 126.059467803000189, -2.467819112999905, 0.0 ], [ 126.05949599500002, -2.467838837999921, 0.0 ], [ 126.059904630000233, -2.468124737999972, 0.0 ], [ 126.061949504000154, -2.469555421999928, 0.0 ], [ 126.060529997000117, -2.472042433999945, 0.0 ], [ 126.060275421000028, -2.472234556999922, 0.0 ], [ 126.0549060620001, -2.476286670999912, 0.0 ] ] ], [ [ [ 126.069739962000085, -2.45232922699995, 0.0 ], [ 126.070068870000114, -2.451708610999958, 0.0 ], [ 126.070374438000044, -2.451270483999963, 0.0 ], [ 126.070530501, -2.450925923999932, 0.0 ], [ 126.070658126000012, -2.450617282999929, 0.0 ], [ 126.07083534800006, -2.450172281999926, 0.0 ], [ 126.070976775000076, -2.449662826999941, 0.0 ], [ 126.07126031700011, -2.448945087999959, 0.0 ], [ 126.071714326000119, -2.44794729299997, 0.0 ], [ 126.072131791000061, -2.44655518899998, 0.0 ], [ 126.072230672000046, -2.446146223999961, 0.0 ], [ 126.072329681000042, -2.445794624999962, 0.0 ], [ 126.072478860000047, -2.445557643999962, 0.0 ], [ 126.072805318000064, -2.445144919999962, 0.0 ], [ 126.072991564000063, -2.444483543999979, 0.0 ], [ 126.073082248000105, -2.444098213999951, 0.0 ], [ 126.073095126000112, -2.44404349499996, 0.0 ], [ 126.073122991000105, -2.443756597999936, 0.0 ], [ 126.073236081000118, -2.443326086999946, 0.0 ], [ 126.07327345200008, -2.443039167999927, 0.0 ], [ 126.073284236000063, -2.442733148999935, 0.0 ], [ 126.073252427000057, -2.442665974999954, 0.0 ], [ 126.073252427000057, -2.442462530999933, 0.0 ], [ 126.073252427000057, -2.442362592999928, 0.0 ], [ 126.073309534000032, -2.442234102999976, 0.0 ], [ 126.073320242000023, -2.442077058999928, 0.0 ], [ 126.07337021, -2.441930720999949, 0.0 ], [ 126.073388056000113, -2.441755830999966, 0.0 ], [ 126.073398763000114, -2.441613062999977, 0.0 ], [ 126.073452302000078, -2.441530971999953, 0.0 ], [ 126.073516547000054, -2.441445310999939, 0.0 ], [ 126.073559378000027, -2.441406049999955, 0.0 ], [ 126.073616485000116, -2.441384634999963, 0.0 ], [ 126.073687868000093, -2.441366788999972, 0.0 ], [ 126.073719991000075, -2.44131681999994, 0.0 ], [ 126.073716158000025, -2.441250224999976, 0.0 ], [ 126.073639502000105, -2.440982687999963, 0.0 ], [ 126.073562717000073, -2.440657786999964, 0.0 ], [ 126.073538438000014, -2.440469352999969, 0.0 ], [ 126.073412564000023, -2.440391923999925, 0.0 ], [ 126.07338401100003, -2.440263432999927, 0.0 ], [ 126.073319766000054, -2.439942205999955, 0.0 ], [ 126.073341181000046, -2.439685223999959, 0.0 ], [ 126.073355457000048, -2.439578147999953, 0.0 ], [ 126.073348319000047, -2.439442518999954, 0.0 ], [ 126.073312627000064, -2.439321165999957, 0.0 ], [ 126.073255520000089, -2.439042768999968, 0.0 ], [ 126.073248381000099, -2.438957108999944, 0.0 ], [ 126.073241243000098, -2.438850032999937, 0.0 ], [ 126.073284074000071, -2.438714403999938, 0.0 ], [ 126.073305489000063, -2.43858591299994, 0.0 ], [ 126.073312627000064, -2.438428868999949, 0.0 ], [ 126.073255520000089, -2.438307515999952, 0.0 ], [ 126.073217449000026, -2.438188542999967, 0.0 ], [ 126.073224587000027, -2.438081466999961, 0.0 ], [ 126.07326027900001, -2.437945837999962, 0.0 ], [ 126.073317386000099, -2.437767378999979, 0.0 ], [ 126.073288833000106, -2.437631748999934, 0.0 ], [ 126.073310248000098, -2.437467565999953, 0.0 ], [ 126.07333166300009, -2.437331936999954, 0.0 ], [ 126.073338801000091, -2.437217722999947, 0.0 ], [ 126.073345940000081, -2.437074955999947, 0.0 ], [ 126.0733245240001, -2.436939325999958, 0.0 ], [ 126.07333166300009, -2.436782280999978, 0.0 ], [ 126.07333166300009, -2.43662523699993, 0.0 ], [ 126.07333166300009, -2.43647533099994, 0.0 ], [ 126.073353078000082, -2.436296870999968, 0.0 ], [ 126.073360217000072, -2.43613268799993, 0.0 ], [ 126.073381631000075, -2.435618724999927, 0.0 ], [ 126.073403047000056, -2.435468818999937, 0.0 ], [ 126.073360217000072, -2.435290359999954, 0.0 ], [ 126.073353078000082, -2.435119037999925, 0.0 ], [ 126.073395908000066, -2.434833502999936, 0.0 ], [ 126.073403047000056, -2.434662181999954, 0.0 ], [ 126.073381631000075, -2.434455167999943, 0.0 ], [ 126.073353078000082, -2.434305261999953, 0.0 ], [ 126.073388770000065, -2.434148217999962, 0.0 ], [ 126.073388770000065, -2.43394834399993, 0.0 ], [ 126.073381631000075, -2.43379843799994, 0.0 ], [ 126.073381631000075, -2.433627115999968, 0.0 ], [ 126.073417324000047, -2.433412964999945, 0.0 ], [ 126.073424462000048, -2.433270196999956, 0.0 ], [ 126.073424462000048, -2.433134567999957, 0.0 ], [ 126.073438739000039, -2.432856170999969, 0.0 ], [ 126.073467293000022, -2.432749094999963, 0.0 ], [ 126.073438739000039, -2.432606327999963, 0.0 ], [ 126.073474431000022, -2.432463559999974, 0.0 ], [ 126.073474431000022, -2.432363621999968, 0.0 ], [ 126.073467293000022, -2.432178024999928, 0.0 ], [ 126.073481569000023, -2.431956734999972, 0.0 ], [ 126.073467293000022, -2.431821104999926, 0.0 ], [ 126.073488707000024, -2.431649783999944, 0.0 ], [ 126.073531537, -2.431499877999954, 0.0 ], [ 126.073538676000112, -2.43127858899993, 0.0 ], [ 126.073574368000095, -2.431128681999951, 0.0 ], [ 126.073581506000096, -2.431050159999927, 0.0 ], [ 126.073607152000022, -2.430914921999943, 0.0 ], [ 126.073700736000092, -2.430264552999972, 0.0 ], [ 126.073737612000059, -2.429757729999949, 0.0 ], [ 126.073698745000115, -2.429384935999963, 0.0 ], [ 126.073641322000071, -2.429212967999945, 0.0 ], [ 126.073545789000036, -2.429002842999978, 0.0 ], [ 126.073488214, -2.428763945999947, 0.0 ], [ 126.073468619000096, -2.428505841999936, 0.0 ], [ 126.073468035000019, -2.428247691999957, 0.0 ], [ 126.07342923300007, -2.427903581999942, 0.0 ], [ 126.073418669000034, -2.427435111999955, 0.0 ], [ 126.073417978000066, -2.427129157999957, 0.0 ], [ 126.073407499000041, -2.426698932999955, 0.0 ], [ 126.073330480000095, -2.426268857999958, 0.0 ], [ 126.073224751000112, -2.425752800999931, 0.0 ], [ 126.073175863000074, -2.425150562999931, 0.0 ], [ 126.073041487000069, -2.424577201999966, 0.0 ], [ 126.07299285900001, -2.424089697999932, 0.0 ], [ 126.07291525800008, -2.423401474999935, 0.0 ], [ 126.072905106, -2.423114664999957, 0.0 ], [ 126.072818564000045, -2.422675049999953, 0.0 ], [ 126.072732236000093, -2.422331047999933, 0.0 ], [ 126.072588442000097, -2.421795952999958, 0.0 ], [ 126.072531020000042, -2.42162398499994, 0.0 ], [ 126.072444823000069, -2.421337348999941, 0.0 ], [ 126.072234664, -2.420878893999941, 0.0 ], [ 126.072119303000022, -2.420305490999965, 0.0 ], [ 126.072042138000029, -2.419808486999955, 0.0 ], [ 126.07185094700003, -2.419330865999939, 0.0 ], [ 126.071698124000022, -2.41900613699994, 0.0 ], [ 126.071612273000028, -2.418872476999979, 0.0 ], [ 126.071431127000096, -2.418633861999979, 0.0 ], [ 126.071278586000062, -2.418433425999979, 0.0 ], [ 126.071173700000031, -2.418290247999948, 0.0 ], [ 126.071021071000018, -2.418051567999953, 0.0 ], [ 126.070915993000085, -2.417822337999951, 0.0 ], [ 126.070724718000065, -2.417306473999929, 0.0 ], [ 126.070699022000099, -2.417211694999935, 0.0 ], [ 126.071750976000089, -2.416912041999979, 0.0 ], [ 126.075036398000066, -2.426034976999972, 0.0 ], [ 126.075754922000101, -2.440021568999953, 0.0 ], [ 126.072120327000107, -2.453361693999966, 0.0 ], [ 126.069739962000085, -2.45232922699995, 0.0 ] ] ], [ [ [ 126.039256236000028, -2.357578593999961, 0.0 ], [ 126.039252414000089, -2.357475471999976, 0.0 ], [ 126.039374366000061, -2.356729412999925, 0.0 ], [ 126.03950601300005, -2.356069385999945, 0.0 ], [ 126.039619124000069, -2.355629311999962, 0.0 ], [ 126.039713308000046, -2.355227526999954, 0.0 ], [ 126.039911554000014, -2.354596037999954, 0.0 ], [ 126.039949244000013, -2.354442972999948, 0.0 ], [ 126.039996253000027, -2.354203833999975, 0.0 ], [ 126.040005324000049, -2.35400302499994, 0.0 ], [ 126.039991342, -2.353892469999948, 0.0 ], [ 126.040898138000102, -2.353807845999938, 0.0 ], [ 126.041681401000119, -2.357466535999947, 0.0 ], [ 126.039256236000028, -2.357578593999961, 0.0 ] ] ], [ [ [ 125.965660728000103, -2.188801800999954, 0.0 ], [ 125.965550408000013, -2.18853016199995, 0.0 ], [ 125.965474048000033, -2.18836775699998, 0.0 ], [ 125.965388221000012, -2.188224496999965, 0.0 ], [ 125.965321384000049, -2.18807163699995, 0.0 ], [ 125.965206873000056, -2.187842374999946, 0.0 ], [ 125.965073369000038, -2.18762271199995, 0.0 ], [ 125.964920724000081, -2.187336153999979, 0.0 ], [ 125.964796540000066, -2.187020851999932, 0.0 ], [ 125.964681784000049, -2.186667282999963, 0.0 ], [ 125.96440506700003, -2.186122792999925, 0.0 ], [ 125.964242879000039, -2.18581712799994, 0.0 ], [ 125.964128387000073, -2.185597428999927, 0.0 ], [ 125.964023344000111, -2.185349021999968, 0.0 ], [ 125.963842016000058, -2.184976460999962, 0.0 ], [ 125.96361937100005, -2.184560340999951, 0.0 ], [ 125.963595069, -2.18451491899998, 0.0 ], [ 125.964400905000048, -2.184159005999959, 0.0 ], [ 125.966507065000087, -2.188430099999948, 0.0 ], [ 125.965660728000103, -2.188801800999954, 0.0 ] ] ], [ [ [ 125.962639278000097, -2.112755614999969, 0.0 ], [ 125.962694904000045, -2.112622253999973, 0.0 ], [ 125.963007159000085, -2.11188537299995, 0.0 ], [ 125.963092249000056, -2.111646155999949, 0.0 ], [ 125.963347804000023, -2.111081501999934, 0.0 ], [ 125.96357484400005, -2.110516901999972, 0.0 ], [ 125.963818071000105, -2.109888616999967, 0.0 ], [ 125.964246288000027, -2.110002898999937, 0.0 ], [ 125.963090625000063, -2.112926435999952, 0.0 ], [ 125.962639278000097, -2.112755614999969, 0.0 ] ] ] ] } },
{ "type": "Feature", "properties": { "OBJECTID_1": 971, "Luas": 8.27, "Zona": "Pemanfaatan Terbatas", "Sub_Zona": "Perikanan Tradisional", "KKP": "Kepulauan Sula", "Area": 1, "Notes": "Merged", "Id_Zona": 9 }, "geometry": { "type": "MultiPolygon", "coordinates": [ [ [ [ 126.032778184000108, -2.333708309999963, 0.0 ], [ 126.03268915600006, -2.333385391999968, 0.0 ], [ 126.032641138000031, -2.333156018999944, 0.0 ], [ 126.032611863000056, -2.332802307999941, 0.0 ], [ 126.032582650000109, -2.332477280999967, 0.0 ], [ 126.032448797000029, -2.332114236999928, 0.0 ], [ 126.032076814000106, -2.331522229999962, 0.0 ], [ 126.031952732000036, -2.331283462999977, 0.0 ], [ 126.031742671000075, -2.330844089999971, 0.0 ], [ 126.031456301000048, -2.330280580999954, 0.0 ], [ 126.031217663, -2.329812584999956, 0.0 ], [ 126.03106488100002, -2.329487824999944, 0.0 ], [ 126.03088407700011, -2.329189188999976, 0.0 ], [ 126.031745092000051, -2.328811756999926, 0.0 ], [ 126.033656683000117, -2.333391635999931, 0.0 ], [ 126.032778184000108, -2.333708309999963, 0.0 ] ] ], [ [ [ 126.02306997900007, -2.31479415299998, 0.0 ], [ 126.02286747800008, -2.314350465999951, 0.0 ], [ 126.022699696000018, -2.31411524799995, 0.0 ], [ 126.022343120000073, -2.313615349999964, 0.0 ], [ 126.022152467000069, -2.313357594999957, 0.0 ], [ 126.02187614200011, -2.313042655999936, 0.0 ], [ 126.021599860000038, -2.312746838999942, 0.0 ], [ 126.021485431000087, -2.31257497699994, 0.0 ], [ 126.02146631800008, -2.312527210999974, 0.0 ], [ 126.021444098000075, -2.312479791999976, 0.0 ], [ 126.021362105000094, -2.312304807999965, 0.0 ], [ 126.022280807000016, -2.311893415999975, 0.0 ], [ 126.023943842000108, -2.314402163999944, 0.0 ], [ 126.02306997900007, -2.31479415299998, 0.0 ] ] ] ] } },
{ "type": "Feature", "properties": { "OBJECTID_1": 969, "Luas": 1324.63, "Zona": "Lainnya", "Sub_Zona": "Rehabilitasi", "KKP": "Kepulauan Sula", "Area": 1, "Notes": "Merged", "Id_Zona": 14 }, "geometry": { "type": "MultiPolygon", "coordinates": [ [ [ [ 126.067621731000031, -2.400196759999972, 0.0 ], [ 126.064553538000041, -2.393182388999946, 0.0 ], [ 126.059689889000083, -2.39421047999997, 0.0 ], [ 126.059655873000111, -2.39413607399996, 0.0 ], [ 126.059560118000036, -2.393820766999966, 0.0 ], [ 126.059531154000069, -2.393620045999967, 0.0 ], [ 126.059521395000047, -2.39350533399994, 0.0 ], [ 126.059472870000036, -2.393056064999939, 0.0 ], [ 126.059462728000085, -2.392769250999947, 0.0 ], [ 126.059442888000035, -2.392396407999968, 0.0 ], [ 126.059365890000095, -2.391966323999952, 0.0 ], [ 126.05916534000005, -2.391546078999966, 0.0 ], [ 126.058888470000056, -2.391001710999944, 0.0 ], [ 126.058602393000115, -2.39059121899993, 0.0 ], [ 126.058201931000099, -2.390037563999954, 0.0 ], [ 126.057963591000089, -2.38972257699993, 0.0 ], [ 126.057782246000102, -2.389388338999936, 0.0 ], [ 126.057524620000095, -2.388949098999944, 0.0 ], [ 126.057371876000047, -2.38865304199993, 0.0 ], [ 126.057247585000027, -2.388328237999929, 0.0 ], [ 126.05718024500004, -2.388218946999928, 0.0 ], [ 126.056894609000096, -2.387755351999942, 0.0 ], [ 126.056827681000073, -2.38767422799998, 0.0 ], [ 126.056789412000057, -2.38763419299994, 0.0 ], [ 126.056738849000112, -2.387625270999933, 0.0 ], [ 126.056691259000104, -2.387601475999929, 0.0 ], [ 126.056631773000049, -2.387524142999951, 0.0 ], [ 126.056610952000028, -2.387449784999944, 0.0 ], [ 126.056548492000047, -2.38736352899997, 0.0 ], [ 126.056545518, -2.387277273999928, 0.0 ], [ 126.056491979000043, -2.387196967999955, 0.0 ], [ 126.056429519000062, -2.387125582999943, 0.0 ], [ 126.056370032000018, -2.387083942999936, 0.0 ], [ 126.056286751000016, -2.387024455999949, 0.0 ], [ 126.056215368000039, -2.386938200999964, 0.0 ], [ 126.056209419000083, -2.386872765999954, 0.0 ], [ 126.056164803000115, -2.386837072999924, 0.0 ], [ 126.056081522000113, -2.386807329999954, 0.0 ], [ 126.05603988200005, -2.386789484999952, 0.0 ], [ 126.056019062000018, -2.38677163899996, 0.0 ], [ 126.05597742100008, -2.386744868999926, 0.0 ], [ 126.055950652000092, -2.386721074999969, 0.0 ], [ 126.055922652000049, -2.386677104999933, 0.0 ], [ 126.055570101000058, -2.386295442999938, 0.0 ], [ 126.055255592000094, -2.385923254999966, 0.0 ], [ 126.054893366000101, -2.38546512399995, 0.0 ], [ 126.054654885000105, -2.385083205999933, 0.0 ], [ 126.054368344000068, -2.384462362999955, 0.0 ], [ 126.054148768000118, -2.384032594999951, 0.0 ], [ 126.053833754000038, -2.383430937999947, 0.0 ], [ 126.05313702400008, -2.38215127899997, 0.0 ], [ 126.052984366000032, -2.381893464999962, 0.0 ], [ 126.052583509000101, -2.381158139999968, 0.0 ], [ 126.05220152000004, -2.380355841999972, 0.0 ], [ 126.05191504700008, -2.37976367899995, 0.0 ], [ 126.05165730300007, -2.379267063999976, 0.0 ], [ 126.051409023000019, -2.378751306999959, 0.0 ], [ 126.051027139000098, -2.377996811999935, 0.0 ], [ 126.050425958000119, -2.376936842999953, 0.0 ], [ 126.050301714000057, -2.376631158999942, 0.0 ], [ 126.050148994000097, -2.376344656999947, 0.0 ], [ 126.049738681, -2.375628469999981, 0.0 ], [ 126.049185219000037, -2.37465444399993, 0.0 ], [ 126.049022785000034, -2.374272351999934, 0.0 ], [ 126.048831520000022, -2.373746902999926, 0.0 ], [ 126.048506738000015, -2.373020960999952, 0.0 ], [ 126.0481819150001, -2.372275897999941, 0.0 ], [ 126.04810528500002, -2.372008350999977, 0.0 ], [ 126.047999908000065, -2.371635691999927, 0.0 ], [ 126.047846751000066, -2.371148403999939, 0.0 ], [ 126.047741582000072, -2.370871357999931, 0.0 ], [ 126.047674228000119, -2.370498614999974, 0.0 ], [ 126.047568954000099, -2.370173762999968, 0.0 ], [ 126.047473250000053, -2.36987757299994, 0.0 ], [ 126.047329663000028, -2.369418945999939, 0.0 ], [ 126.047272065000016, -2.369160916999931, 0.0 ], [ 126.047233289000019, -2.36881679399994, 0.0 ], [ 126.047146589000022, -2.368291111999952, 0.0 ], [ 126.047028092000119, -2.368018096999947, 0.0 ], [ 126.046991386000059, -2.367860276999977, 0.0 ], [ 126.0468914490001, -2.367631848999963, 0.0 ], [ 126.046791512000027, -2.367446250999933, 0.0 ], [ 126.046748682000043, -2.367346313999974, 0.0 ], [ 126.046698713000069, -2.367232099999967, 0.0 ], [ 126.046591637, -2.367039363999936, 0.0 ], [ 126.046448870000063, -2.366903733999948, 0.0 ], [ 126.046277549000024, -2.366668167999933, 0.0 ], [ 126.046170473000075, -2.366496845999961, 0.0 ], [ 126.046063397000012, -2.366346940999961, 0.0 ], [ 126.045899214000087, -2.366197033999924, 0.0 ], [ 126.045785, -2.366054265999935, 0.0 ], [ 126.045620817000099, -2.365904360999934, 0.0 ], [ 126.045592263000117, -2.365790145999938, 0.0 ], [ 126.045592263000117, -2.365740177999953, 0.0 ], [ 126.045478050000042, -2.365618824999956, 0.0 ], [ 126.045392389000085, -2.365533164999931, 0.0 ], [ 126.045285313000022, -2.365447503999974, 0.0 ], [ 126.045178237000073, -2.365297597999927, 0.0 ], [ 126.045148544000085, -2.365203129999941, 0.0 ], [ 126.045105474000025, -2.365121252999927, 0.0 ], [ 126.044781368000031, -2.364701268999966, 0.0 ], [ 126.044352473000117, -2.364176339999972, 0.0 ], [ 126.043952427000022, -2.363804329999937, 0.0 ], [ 126.043695091000018, -2.363489372999936, 0.0 ], [ 126.043485240000109, -2.363155186999961, 0.0 ], [ 126.043351664000056, -2.362926008999978, 0.0 ], [ 126.043055972000047, -2.362458151999931, 0.0 ], [ 126.042855648000113, -2.362133505999964, 0.0 ], [ 126.042398154000011, -2.361570393999955, 0.0 ], [ 126.04200769900001, -2.361236604999931, 0.0 ], [ 126.041750363000119, -2.360921643999973, 0.0 ], [ 126.041550082000072, -2.360616121999954, 0.0 ], [ 126.04143663100001, -2.360487687999978, 0.0 ], [ 126.042231718000039, -2.360037132999935, 0.0 ], [ 126.041848292000054, -2.358246101999953, 0.0 ], [ 126.039294840000025, -2.35838765799997, 0.0 ], [ 126.039292918000115, -2.35832815699996, 0.0 ], [ 126.039292243000091, -2.358307227999944, 0.0 ], [ 126.039272609000022, -2.358020428999964, 0.0 ], [ 126.039256236000028, -2.357578593999961, 0.0 ], [ 126.041681401000119, -2.357466535999947, 0.0 ], [ 126.040898138000102, -2.353807845999938, 0.0 ], [ 126.039991342, -2.353892469999948, 0.0 ], [ 126.039976310000043, -2.353773614999966, 0.0 ], [ 126.039965829000039, -2.353324251999936, 0.0 ], [ 126.039898669000081, -2.353037556999936, 0.0 ], [ 126.039707565000072, -2.35257902799998, 0.0 ], [ 126.039640322000082, -2.352254086999949, 0.0 ], [ 126.039544293000063, -2.351804910999931, 0.0 ], [ 126.039476700000023, -2.351317426999969, 0.0 ], [ 126.039341697000054, -2.350428510999961, 0.0 ], [ 126.039274372000023, -2.350065323999956, 0.0 ], [ 126.03917828200008, -2.349587463999967, 0.0 ], [ 126.039091409000093, -2.348975723999956, 0.0 ], [ 126.039033673000063, -2.348650761999977, 0.0 ], [ 126.038814201000037, -2.348259222999957, 0.0 ], [ 126.038566707000086, -2.348097220999932, 0.0 ], [ 126.038528873000018, -2.348086499999965, 0.0 ], [ 126.038475335000044, -2.348015115999942, 0.0 ], [ 126.03844261800009, -2.347946706999949, 0.0 ], [ 126.038415849000103, -2.347845578999966, 0.0 ], [ 126.038427746000025, -2.347753374999968, 0.0 ], [ 126.038413239000079, -2.347713480999971, 0.0 ], [ 126.054533548000109, -2.340675497999939, 0.0 ], [ 126.079258623000101, -2.39414598299993, 0.0 ], [ 126.067621731000031, -2.400196759999972, 0.0 ] ] ], [ [ [ 125.989309009000067, -2.238968435999936, 0.0 ], [ 125.98920449000002, -2.238759224999967, 0.0 ], [ 125.989118614000063, -2.238596847999929, 0.0 ], [ 125.989004048000083, -2.238348475999942, 0.0 ], [ 125.988822422000112, -2.237842068999953, 0.0 ], [ 125.988659867000024, -2.237364308999929, 0.0 ], [ 125.988592865000101, -2.237134958999945, 0.0 ], [ 125.988506738000069, -2.236848279999947, 0.0 ], [ 125.988373064000029, -2.236552135999943, 0.0 ], [ 125.988220305000027, -2.236217783999962, 0.0 ], [ 125.988115322000112, -2.236007637999933, 0.0 ], [ 125.988000698000064, -2.235730577999959, 0.0 ], [ 125.987876744000118, -2.235539592999942, 0.0 ], [ 125.987676188000023, -2.235071471999959, 0.0 ], [ 125.987504128000069, -2.234593729999972, 0.0 ], [ 125.98699857500003, -2.233715070999949, 0.0 ], [ 125.986865001000069, -2.233466734999979, 0.0 ], [ 125.98666473500009, -2.233142039999962, 0.0 ], [ 125.986550228000056, -2.232922350999957, 0.0 ], [ 125.986340497000015, -2.23261679899997, 0.0 ], [ 125.986159415000088, -2.232378121999943, 0.0 ], [ 125.985902313000111, -2.232149161999928, 0.0 ], [ 125.98564517200009, -2.231901079999943, 0.0 ], [ 125.985454643000025, -2.231691105999971, 0.0 ], [ 125.985159346000046, -2.231376165999961, 0.0 ], [ 125.984959488000072, -2.231252268999981, 0.0 ], [ 125.984740656000099, -2.23114753599998, 0.0 ], [ 125.984588150000036, -2.23093748499997, 0.0 ], [ 125.984502313, -2.230794231999937, 0.0 ], [ 125.984340282000062, -2.23057463799995, 0.0 ], [ 125.984244729000011, -2.230326223999953, 0.0 ], [ 125.98419668300005, -2.230068148999976, 0.0 ], [ 125.984129530000018, -2.229762305999941, 0.0 ], [ 125.984043328000098, -2.229437376999954, 0.0 ], [ 125.984014389000095, -2.229227072999947, 0.0 ], [ 125.983975770000029, -2.228930731999981, 0.0 ], [ 125.98391816100002, -2.228643992999935, 0.0 ], [ 125.98372719200006, -2.228214094999942, 0.0 ], [ 125.983555443000114, -2.227889339999933, 0.0 ], [ 125.98305034200007, -2.22723059599997, 0.0 ], [ 125.982831127000054, -2.226934622999977, 0.0 ], [ 125.982593541000028, -2.226654092999979, 0.0 ], [ 125.983626688000072, -2.225981863999948, 0.0 ], [ 125.987677033000068, -2.232372611999949, 0.0 ], [ 125.99036133200002, -2.238657373999956, 0.0 ], [ 125.989309009000067, -2.238968435999936, 0.0 ] ] ] ] } },
{ "type": "Feature", "properties": { "OBJECTID_1": 951, "Luas": 4276.16, "Zona": "Inti", "Sub_Zona": "Inti", "KKP": "Kepulauan Sula", "Area": 3, "Notes": "Merged", "Id_Zona": 2 }, "geometry": { "type": "MultiPolygon", "coordinates": [ [ [ [ 126.248771613000031, -1.795428039999933, 0.0 ], [ 126.249201603000074, -1.816680871999949, 0.0 ], [ 126.249118707000207, -1.816666131999966, 0.0 ], [ 126.248972808000076, -1.816680161999898, 0.0 ], [ 126.248781389000214, -1.816740158999892, 0.0 ], [ 126.248690244000159, -1.81677244399998, 0.0 ], [ 126.248512506000225, -1.816832416999887, 0.0 ], [ 126.248284574000195, -1.816874125999959, 0.0 ], [ 126.247878829000115, -1.816934511999875, 0.0 ], [ 126.247573367000086, -1.816971772999977, 0.0 ], [ 126.247372762000055, -1.816995078999923, 0.0 ], [ 126.247217767000166, -1.817022890999908, 0.0 ], [ 126.247039922000226, -1.81702321299997, 0.0 ], [ 126.246866645000182, -1.817028114999914, 0.0 ], [ 126.246720729000231, -1.817032967999978, 0.0 ], [ 126.246547387000078, -1.817001161999883, 0.0 ], [ 126.246328361000224, -1.816923552999867, 0.0 ], [ 126.246086567000134, -1.816864338999949, 0.0 ], [ 126.245908664000012, -1.816832540999883, 0.0 ], [ 126.245762666000019, -1.816791507999881, 0.0 ], [ 126.245575611000163, -1.8167413729999, 0.0 ], [ 126.245406812000056, -1.816700380999976, 0.0 ], [ 126.245306472000152, -1.816691385999945, 0.0 ], [ 126.245270024000206, -1.816709805999949, 0.0 ], [ 126.245219944000155, -1.816755781999916, 0.0 ], [ 126.245156143000031, -1.81677883999987, 0.0 ], [ 126.245124280000027, -1.816811016999964, 0.0 ], [ 126.244960115000026, -1.816811313999892, 0.0 ], [ 126.244763996000074, -1.816793314999927, 0.0 ], [ 126.244531396000184, -1.816775380999957, 0.0 ], [ 126.24426685100002, -1.816743739999936, 0.0 ], [ 126.244093532000193, -1.81672569899996, 0.0 ], [ 126.243961296000066, -1.816730526999891, 0.0 ], [ 126.243765251000127, -1.816753823999875, 0.0 ], [ 126.243633032000048, -1.816767828999957, 0.0 ], [ 126.243528197000046, -1.816795549999938, 0.0 ], [ 126.243446213000198, -1.816850759999966, 0.0 ], [ 126.243409855000209, -1.816919654999936, 0.0 ], [ 126.243323319000069, -1.816979461999892, 0.0 ], [ 126.243213916000059, -1.817002602999935, 0.0 ], [ 126.243090808000147, -1.817012001999899, 0.0 ], [ 126.242967701000225, -1.817021401999966, 0.0 ], [ 126.242726119000054, -1.817081489999964, 0.0 ], [ 126.242534642000123, -1.817109367999876, 0.0 ], [ 126.242311318000134, -1.81717859999992, 0.0 ], [ 126.242165475000093, -1.817224748999934, 0.0 ], [ 126.242015047000223, -1.81725714099997, 0.0 ], [ 126.241782487000023, -1.81726214999992, 0.0 ], [ 126.241559064000057, -1.817276318999916, 0.0 ], [ 126.241321977000098, -1.817299689999913, 0.0 ], [ 126.241112292000025, -1.817345954999894, 0.0 ], [ 126.240820589, -1.817429075999939, 0.0 ], [ 126.240383018000102, -1.817544580999936, 0.0 ], [ 126.24005941900009, -1.817641525999932, 0.0 ], [ 126.239826941000047, -1.817692419999901, 0.0 ], [ 126.239671944000065, -1.817720231999886, 0.0 ], [ 126.239444026000228, -1.817771117999939, 0.0 ], [ 126.23927543100001, -1.817844838999974, 0.0 ], [ 126.239074922000214, -1.817923206999978, 0.0 ], [ 126.238901677000058, -1.817946462999942, 0.0 ], [ 126.238751183000204, -1.81794214699994, 0.0 ], [ 126.238596170000051, -1.817960780999897, 0.0 ], [ 126.238463982000098, -1.817993139999885, 0.0 ], [ 126.238299939000171, -1.818062264999924, 0.0 ], [ 126.238049130000036, -1.818062717999965, 0.0 ], [ 126.237780022000038, -1.818031083999927, 0.0 ], [ 126.237118682000187, -1.817968037999947, 0.0 ], [ 126.236740187, -1.817968720999943, 0.0 ], [ 126.236553162000178, -1.817936937999889, 0.0 ], [ 126.236361553000165, -1.817891397999915, 0.0 ], [ 126.236092453000083, -1.817864352999891, 0.0 ], [ 126.235855332000142, -1.817869368999879, 0.0 ], [ 126.235467749000122, -1.817888422999943, 0.0 ], [ 126.235230636000097, -1.817898027999945, 0.0 ], [ 126.234861228000113, -1.817880339999931, 0.0 ], [ 126.234537455, -1.817880923999951, 0.0 ], [ 126.234236482000142, -1.817881466999893, 0.0 ], [ 126.233953734000011, -1.817872799999975, 0.0 ], [ 126.233757597000022, -1.817845621999879, 0.0 ], [ 126.233483879000119, -1.817786463999937, 0.0 ], [ 126.232932087000108, -1.817782869999917, 0.0 ], [ 126.232658459000049, -1.817774185999895, 0.0 ], [ 126.232380254000191, -1.81775633299992, 0.0 ], [ 126.232083841000076, -1.81775686799989, 0.0 ], [ 126.231705345000023, -1.817757549999953, 0.0 ], [ 126.231413532000147, -1.817781018999938, 0.0 ], [ 126.231126289000031, -1.817809067999974, 0.0 ], [ 126.230930273000013, -1.817850718999921, 0.0 ], [ 126.230675000000133, -1.817906241999935, 0.0 ], [ 126.230474400000048, -1.817934134999916, 0.0 ], [ 126.230328489000158, -1.817943574999902, 0.0 ], [ 126.22994089600013, -1.817958039999951, 0.0 ], [ 126.229776737000179, -1.817962923999971, 0.0 ], [ 126.229571552000152, -1.817977058999929, 0.0 ], [ 126.229411944000049, -1.817977346999953, 0.0 ], [ 126.229174797000042, -1.817968596999947, 0.0 ], [ 126.228955849000045, -1.817936870999972, 0.0 ], [ 126.228622758000142, -1.817827343999966, 0.0 ], [ 126.228371979000144, -1.817846149999923, 0.0 ], [ 126.228157722000219, -1.817887832999929, 0.0 ], [ 126.228011868000067, -1.817929392999872, 0.0 ], [ 126.227884264000181, -1.81797550899995, 0.0 ], [ 126.227724770000123, -1.818040036999889, 0.0 ], [ 126.227533372000039, -1.818113799999935, 0.0 ], [ 126.227364668000178, -1.818127868999966, 0.0 ], [ 126.227191388000051, -1.81813276999992, 0.0 ], [ 126.226899647000096, -1.818197535999957, 0.0 ], [ 126.226708191000057, -1.818239177999942, 0.0 ], [ 126.226357111000198, -1.81827192999998, 0.0 ], [ 126.226010534000011, -1.818272553999918, 0.0 ], [ 126.225768833000188, -1.818268400999955, 0.0 ], [ 126.225476946000072, -1.818250570999965, 0.0 ], [ 126.225089351000065, -1.818265033999921, 0.0 ], [ 126.224715420000166, -1.818270295999923, 0.0 ], [ 126.224245626000197, -1.818220665999888, 0.0 ], [ 126.224054055000011, -1.818198066999912, 0.0 ], [ 126.223743821000085, -1.818120617999966, 0.0 ], [ 126.22339260900003, -1.818079951999891, 0.0 ], [ 126.222959329000105, -1.818048609999892, 0.0 ], [ 126.222662815000035, -1.817994078999902, 0.0 ], [ 126.222480340000175, -1.81795769799993, 0.0 ], [ 126.222197491000088, -1.817893964999882, 0.0 ], [ 126.222014976000196, -1.817834640999934, 0.0 ], [ 126.221964780000121, -1.817816375999939, 0.0 ], [ 126.221808525000029, -1.817810261999966, 0.0 ], [ 126.221734167000136, -1.81787272199989, 0.0 ], [ 126.221552628000154, -1.817854721999936, 0.0 ], [ 126.22155570800021, -1.817771594999954, 0.0 ], [ 126.22155273400017, -1.817640724999876, 0.0 ], [ 126.221548428000119, -1.81762565299988, 0.0 ], [ 126.220157974000017, -1.81751591799997, 0.0 ], [ 126.218846247000101, -1.816878984999903, 0.0 ], [ 126.211555236000208, -1.815559038999936, 0.0 ], [ 126.210914612000124, -1.815536016999886, 0.0 ], [ 126.20949608, -1.81562044899988, 0.0 ], [ 126.207010091000029, -1.814983791999964, 0.0 ], [ 126.206651368000166, -1.81463048199987, 0.0 ], [ 126.206774784000231, -1.814377514999876, 0.0 ], [ 126.206767358000207, -1.814356473999908, 0.0 ], [ 126.206629349000195, -1.814313643999924, 0.0 ], [ 126.206467545000123, -1.814285089999885, 0.0 ], [ 126.206258152000146, -1.814227982999967, 0.0 ], [ 126.206029725000121, -1.814170875999935, 0.0 ], [ 126.205801296000118, -1.814094732999934, 0.0 ], [ 126.205658529000175, -1.813937688999943, 0.0 ], [ 126.20553955600019, -1.813804439999899, 0.0 ], [ 126.205368235000151, -1.813614082999948, 0.0 ], [ 126.20527305600001, -1.813485590999903, 0.0 ], [ 126.205154083000025, -1.813276198999972, 0.0 ], [ 126.205087458000094, -1.813043010999877, 0.0 ], [ 126.205030351000232, -1.812700369999959, 0.0 ], [ 126.204968485000109, -1.812429110999972, 0.0 ], [ 126.204997039000091, -1.81214357499988, 0.0 ], [ 126.205073181000216, -1.811872316999938, 0.0 ], [ 126.20516835900014, -1.811629611999876, 0.0 ], [ 126.205173119000165, -1.811529674999974, 0.0 ], [ 126.205201672000157, -1.81138214799995, 0.0 ], [ 126.205154083000025, -1.811220344999867, 0.0 ], [ 126.205082699000172, -1.811053781999874, 0.0 ], [ 126.205020833000162, -1.810834871999873, 0.0 ], [ 126.205001798000126, -1.810634997999955, 0.0 ], [ 126.205001798000126, -1.81046367599987, 0.0 ], [ 126.205001798000126, -1.810306631999936, 0.0 ], [ 126.204944691000037, -1.810078203999979, 0.0 ], [ 126.204835235000019, -1.809925917999976, 0.0 ], [ 126.204725780000217, -1.809735560999968, 0.0 ], [ 126.204592530000014, -1.809507132999954, 0.0 ], [ 126.204478316000063, -1.809297740999966, 0.0 ], [ 126.20439265500022, -1.809221597999965, 0.0 ], [ 126.204259406000119, -1.808902748999969, 0.0 ], [ 126.204188022000039, -1.808588660999931, 0.0 ], [ 126.204154709000022, -1.80835071499996, 0.0 ], [ 126.204154709000022, -1.80813180499996, 0.0 ], [ 126.204188022000039, -1.807998554999926, 0.0 ], [ 126.204330789000096, -1.807893858999876, 0.0 ], [ 126.204606807000232, -1.807784402999971, 0.0 ], [ 126.204730539000138, -1.80770825999997, 0.0 ], [ 126.204792405000035, -1.807608322999897, 0.0 ], [ 126.204830476000097, -1.807451278999963, 0.0 ], [ 126.204882825000141, -1.807375135999962, 0.0 ], [ 126.205030351000232, -1.807365617999892, 0.0 ], [ 126.205173119000165, -1.807251403999942, 0.0 ], [ 126.205234985000061, -1.807184778999954, 0.0 ], [ 126.20527305600001, -1.807032492999952, 0.0 ], [ 126.205215949000149, -1.806884966999974, 0.0 ], [ 126.205254021000087, -1.806746957999962, 0.0 ], [ 126.205287333000229, -1.806632743999899, 0.0 ], [ 126.20527305600001, -1.806461422999917, 0.0 ], [ 126.205268297000202, -1.806366243999889, 0.0 ], [ 126.205263538000054, -1.806285342999956, 0.0 ], [ 126.205163601000095, -1.806290100999888, 0.0 ], [ 126.205116012000076, -1.806271065999908, 0.0 ], [ 126.20504462800011, -1.80618540599994, 0.0 ], [ 126.204963726000187, -1.806156851999958, 0.0 ], [ 126.204916137000055, -1.806199681999942, 0.0 ], [ 126.204892342000107, -1.806287721999979, 0.0 ], [ 126.204823338000097, -1.806401935999929, 0.0 ], [ 126.204782888000068, -1.806473319999952, 0.0 ], [ 126.204828096000142, -1.806675573999883, 0.0 ], [ 126.204847132000054, -1.806754095999906, 0.0 ], [ 126.204742436000174, -1.806680332999917, 0.0 ], [ 126.204616325000075, -1.806506632999969, 0.0 ], [ 126.204537802000232, -1.806387659999871, 0.0 ], [ 126.204490213000099, -1.806409073999873, 0.0 ], [ 126.204449762000081, -1.806573256999968, 0.0 ], [ 126.204430726000055, -1.806756475999919, 0.0 ], [ 126.204418829000133, -1.806854033999912, 0.0 ], [ 126.204416450000167, -1.806889725999952, 0.0 ], [ 126.204323651000209, -1.806842135999887, 0.0 ], [ 126.204252268000232, -1.806706506999888, 0.0 ], [ 126.204149950000101, -1.806625605999955, 0.0 ], [ 126.204099982000116, -1.806666055999926, 0.0 ], [ 126.204095223000081, -1.806763613999976, 0.0 ], [ 126.204111879000038, -1.806894483999884, 0.0 ], [ 126.204038116000106, -1.806996801999901, 0.0 ], [ 126.203969112000095, -1.806984903999933, 0.0 ], [ 126.203881072000058, -1.80695634999995, 0.0 ], [ 126.203871553000113, -1.806896863999896, 0.0 ], [ 126.20385251800019, -1.806770752999967, 0.0 ], [ 126.203785893000145, -1.806711265999922, 0.0 ], [ 126.203735925000046, -1.806713645999935, 0.0 ], [ 126.203659782000045, -1.806701748999956, 0.0 ], [ 126.203607433000116, -1.806813582999951, 0.0 ], [ 126.203607433000116, -1.80694683299987, 0.0 ], [ 126.203635987000098, -1.807051528999921, 0.0 ], [ 126.203600295000228, -1.807115773999897, 0.0 ], [ 126.203600295000228, -1.80722284999996, 0.0 ], [ 126.203635987000098, -1.807325166999931, 0.0 ], [ 126.203669299000012, -1.807456036999895, 0.0 ], [ 126.20361457200022, -1.80759166699994, 0.0 ], [ 126.203547947000175, -1.80767970699992, 0.0 ], [ 126.203393282000206, -1.807734434999929, 0.0 ], [ 126.203238617000125, -1.807767746999957, 0.0 ], [ 126.203053019000208, -1.807810576999941, 0.0 ], [ 126.20270296700005, -1.807853962999957, 0.0 ], [ 126.202618173000133, -1.807853406999925, 0.0 ], [ 126.202513476000036, -1.80785816599996, 0.0 ], [ 126.202427816000068, -1.807839129999877, 0.0 ], [ 126.202323119000084, -1.807758228999944, 0.0 ], [ 126.20228980700017, -1.807705879999958, 0.0 ], [ 126.202204146000099, -1.807624978999911, 0.0 ], [ 126.20214703900001, -1.807601184999896, 0.0 ], [ 126.202175593000106, -1.807501246999891, 0.0 ], [ 126.202170834000185, -1.807387032999884, 0.0 ], [ 126.20214703900001, -1.807325166999931, 0.0 ], [ 126.20213183400017, -1.807230907999951, 0.0 ], [ 126.202056620000121, -1.807215711999902, 0.0 ], [ 126.201951923000024, -1.807206193999946, 0.0 ], [ 126.201794879000204, -1.807234746999882, 0.0 ], [ 126.201647353000112, -1.807263300999921, 0.0 ], [ 126.201542656000015, -1.807282336999947, 0.0 ], [ 126.201404647000118, -1.80724902399993, 0.0 ], [ 126.201309469000194, -1.807244265999884, 0.0 ], [ 126.201190496000208, -1.80724902399993, 0.0 ], [ 126.201114353000207, -1.807325166999931, 0.0 ], [ 126.201023934000091, -1.807396550999954, 0.0 ], [ 126.200900201000081, -1.807448898999951, 0.0 ], [ 126.200790747000042, -1.807525041999952, 0.0 ], [ 126.200724121000121, -1.807563112999958, 0.0 ], [ 126.200618502000111, -1.807628226999952, 0.0 ], [ 126.200481669000055, -1.807614702999956, 0.0 ], [ 126.200353891000191, -1.80756445399993, 0.0 ], [ 126.200258117000089, -1.807560034999881, 0.0 ], [ 126.200075519000052, -1.807454817999883, 0.0 ], [ 126.19989737700007, -1.807289938999929, 0.0 ], [ 126.199783072000173, -1.807120357999906, 0.0 ], [ 126.199709873000188, -1.806987413999934, 0.0 ], [ 126.19966860500017, -1.806859001999896, 0.0 ], [ 126.199641035000013, -1.80673974299998, 0.0 ], [ 126.19965451500002, -1.806624999999883, 0.0 ], [ 126.199658914000111, -1.806533216999924, 0.0 ], [ 126.199635896000018, -1.806409361999897, 0.0 ], [ 126.19955363300005, -1.80630855499993, 0.0 ], [ 126.199416582000026, -1.806171135999932, 0.0 ], [ 126.199306910000018, -1.806042844999922, 0.0 ], [ 126.199124264000147, -1.805910094999888, 0.0 ], [ 126.199032865000163, -1.805800125999951, 0.0 ], [ 126.199009895000017, -1.805703802999972, 0.0 ], [ 126.19899594900005, -1.805552398999964, 0.0 ], [ 126.198995724000156, -1.805423913999903, 0.0 ], [ 126.198990931000026, -1.805290848999903, 0.0 ], [ 126.198890371000061, -1.805157952999934, 0.0 ], [ 126.198766977000105, -1.805006742999922, 0.0 ], [ 126.19860713300011, -1.80487395199998, 0.0 ], [ 126.198474812000086, -1.804832886999918, 0.0 ], [ 126.1983881660002, -1.804833040999938, 0.0 ], [ 126.198356364000233, -1.804901927999879, 0.0 ], [ 126.198356573000183, -1.805021235999959, 0.0 ], [ 126.19837963100008, -1.805168034999951, 0.0 ], [ 126.198388880000039, -1.805241438999872, 0.0 ], [ 126.19834787800005, -1.805264454999929, 0.0 ], [ 126.198147119000055, -1.805205156999932, 0.0 ], [ 126.198110564000103, -1.805163922999952, 0.0 ], [ 126.19808307400001, -1.805090551999911, 0.0 ], [ 126.198082905000206, -1.804994187999966, 0.0 ], [ 126.198082785000224, -1.804925356999945, 0.0 ], [ 126.198059919000116, -1.804888686999959, 0.0 ], [ 126.197950439000124, -1.804870525999945, 0.0 ], [ 126.197827311000196, -1.80487074399997, 0.0 ], [ 126.197649410000167, -1.8048435259999, 0.0 ], [ 126.197471461000077, -1.804788775999953, 0.0 ], [ 126.197366485000089, -1.804738485999962, 0.0 ], [ 126.197188472000221, -1.804647025999941, 0.0 ], [ 126.197097121000184, -1.804564588999938, 0.0 ], [ 126.197028572000136, -1.804482112999949, 0.0 ], [ 126.19697836000023, -1.804454668999881, 0.0 ], [ 126.196878089000052, -1.804486967999935, 0.0 ], [ 126.196818990000224, -1.804592613999944, 0.0 ], [ 126.196768971000211, -1.804675300999975, 0.0 ], [ 126.196668732000035, -1.804725953999878, 0.0 ], [ 126.1965957660002, -1.804726083999981, 0.0 ], [ 126.196512476000066, -1.804726795999954, 0.0 ], [ 126.196426815000109, -1.804755349999937, 0.0 ], [ 126.196393502000205, -1.804802937999966, 0.0 ], [ 126.19633639600022, -1.804831491999892, 0.0 ], [ 126.196260253000219, -1.804807696999887, 0.0 ], [ 126.19621266300021, -1.804745830999934, 0.0 ], [ 126.196188869000025, -1.804664929999888, 0.0 ], [ 126.196136520000209, -1.80457926999992, 0.0 ], [ 126.196074655000189, -1.804503126999919, 0.0 ], [ 126.195993753000039, -1.804488849999871, 0.0 ], [ 126.195860503000176, -1.804531679999968, 0.0 ], [ 126.195793879, -1.804607822999969, 0.0 ], [ 126.195760566000217, -1.80472203699992, 0.0 ], [ 126.195789119000096, -1.804860044999941, 0.0 ], [ 126.195846226000185, -1.804926669999873, 0.0 ], [ 126.195827190000045, -1.805002812999874, 0.0 ], [ 126.195779602000016, -1.80506467899994, 0.0 ], [ 126.195732012000121, -1.805155097999943, 0.0 ], [ 126.195751048000147, -1.805221723999978, 0.0 ], [ 126.195751048000147, -1.805340696999963, 0.0 ], [ 126.19570821700006, -1.805426356999931, 0.0 ], [ 126.195636834000084, -1.805578642999933, 0.0 ], [ 126.19558448600003, -1.805664302999901, 0.0 ], [ 126.19548930700023, -1.805773757999873, 0.0 ], [ 126.195379852000087, -1.805864177999979, 0.0 ], [ 126.195218049000118, -1.805959356999949, 0.0 ], [ 126.195075281000072, -1.806064052999943, 0.0 ], [ 126.19493251300014, -1.806149712999911, 0.0 ], [ 126.194789746000197, -1.806259168999929, 0.0 ], [ 126.194666014000063, -1.806335310999884, 0.0 ], [ 126.194561317000193, -1.806354346999967, 0.0 ], [ 126.19438523700012, -1.806378141999971, 0.0 ], [ 126.194175844000142, -1.806354346999967, 0.0 ], [ 126.193980729000145, -1.80632103399995, 0.0 ], [ 126.193742783000175, -1.806278203999966, 0.0 ], [ 126.193580980000092, -1.806230614999947, 0.0 ], [ 126.193409658000178, -1.806211579999967, 0.0 ], [ 126.193095570000082, -1.806144953999876, 0.0 ], [ 126.192999201000021, -1.806123776999868, 0.0 ], [ 126.192789808000043, -1.806233231999897, 0.0 ], [ 126.19260421100023, -1.806361722999952, 0.0 ], [ 126.192351988000041, -1.806537802999969, 0.0 ], [ 126.192156872000055, -1.806680570999958, 0.0 ], [ 126.191895131000024, -1.806799544999933, 0.0 ], [ 126.191766641000072, -1.80688044599998, 0.0 ], [ 126.191576284, -1.807013695999899, 0.0 ], [ 126.1913764090001, -1.807027971999901, 0.0 ], [ 126.191219365000052, -1.806970864999926, 0.0 ], [ 126.191138462000026, -1.806889962999946, 0.0 ], [ 126.191143222000051, -1.806718641999908, 0.0 ], [ 126.191038525000181, -1.806761472999881, 0.0 ], [ 126.190895758000011, -1.806851891999941, 0.0 ], [ 126.190748231000157, -1.806970864999926, 0.0 ], [ 126.19065781200004, -1.806999418999965, 0.0 ], [ 126.190572151000197, -1.806989900999952, 0.0 ], [ 126.19048173200008, -1.806956588999981, 0.0 ], [ 126.190347320000114, -1.806903042999977, 0.0 ], [ 126.190142072000185, -1.806885050999938, 0.0 ], [ 126.190037095000093, -1.806834759999902, 0.0 ], [ 126.189964121000116, -1.806830299999888, 0.0 ], [ 126.189877539, -1.806867163999925, 0.0 ], [ 126.189818406000086, -1.806954454999868, 0.0 ], [ 126.18976385000019, -1.80705091699997, 0.0 ], [ 126.189709254000036, -1.807124433999888, 0.0 ], [ 126.189599845000203, -1.807147570999973, 0.0 ], [ 126.189467611000055, -1.807156982999913, 0.0 ], [ 126.189353658000186, -1.807189305999941, 0.0 ], [ 126.189253722000217, -1.80741433399993, 0.0 ], [ 126.189226448000113, -1.807464858999936, 0.0 ], [ 126.189181101000145, -1.807611780999935, 0.0 ], [ 126.189126625000085, -1.807754129999978, 0.0 ], [ 126.188993250000181, -1.807980746999874, 0.0 ], [ 126.188890095000033, -1.808103296999889, 0.0 ], [ 126.188768560000085, -1.808146340999883, 0.0 ], [ 126.188586177000161, -1.808165018999944, 0.0 ], [ 126.188434208000103, -1.808189760999937, 0.0 ], [ 126.188221412000075, -1.808202373999904, 0.0 ], [ 126.188099759000011, -1.808178115999965, 0.0 ], [ 126.18795380600011, -1.808166136999944, 0.0 ], [ 126.187765310000032, -1.808166470999879, 0.0 ], [ 126.187552578, -1.808215793999977, 0.0 ], [ 126.187339996000105, -1.808350774999951, 0.0 ], [ 126.18720632100019, -1.808406076999916, 0.0 ], [ 126.187121933000185, -1.808450889999961, 0.0 ], [ 126.187060067000175, -1.80846992599993, 0.0 ], [ 126.186969647000183, -1.80846992599993, 0.0 ], [ 126.186879227000077, -1.808455648999939, 0.0 ], [ 126.186845916000152, -1.808403300999942, 0.0 ], [ 126.186788808000188, -1.808336675999954, 0.0 ], [ 126.186717424000108, -1.808241497999973, 0.0 ], [ 126.186646040000142, -1.808174871999881, 0.0 ], [ 126.186522308, -1.808174871999881, 0.0 ], [ 126.186431889000232, -1.808184390999941, 0.0 ], [ 126.186370023000109, -1.808355711999923, 0.0 ], [ 126.186251050000124, -1.808436613999959, 0.0 ], [ 126.186122559000069, -1.808431854999981, 0.0 ], [ 126.186046417000171, -1.808341434999875, 0.0 ], [ 126.18602262100012, -1.80822246199989, 0.0 ], [ 126.186065452000207, -1.808132041999954, 0.0 ], [ 126.186132077000138, -1.808013068999969, 0.0 ], [ 126.18620822000014, -1.807932167999979, 0.0 ], [ 126.186203461000218, -1.807889337999882, 0.0 ], [ 126.18617770100002, -1.80782664599991, 0.0 ], [ 126.185916185000224, -1.807796515999939, 0.0 ], [ 126.185812817000169, -1.807796697999947, 0.0 ], [ 126.185618101000045, -1.807717502999935, 0.0 ], [ 126.185484277000228, -1.807687146999911, 0.0 ], [ 126.185295856000153, -1.807730308999965, 0.0 ], [ 126.185113600000136, -1.807822406999946, 0.0 ], [ 126.184955614000046, -1.807883870999945, 0.0 ], [ 126.184736758000213, -1.807908730999884, 0.0 ], [ 126.184511789000226, -1.807915246999869, 0.0 ], [ 126.184268569000096, -1.807915675999936, 0.0 ], [ 126.184099562000142, -1.807932523999966, 0.0 ], [ 126.183947677000219, -1.808006212999942, 0.0 ], [ 126.183741056000144, -1.808073880999871, 0.0 ], [ 126.183625590000133, -1.808110794999891, 0.0 ], [ 126.183461438000222, -1.808123321999972, 0.0 ], [ 126.183321522000028, -1.808086858999957, 0.0 ], [ 126.183096371000147, -1.807989360999898, 0.0 ], [ 126.182956359000059, -1.807897831999981, 0.0 ], [ 126.182719133000205, -1.807849302999955, 0.0 ], [ 126.182402914000022, -1.807831505999957, 0.0 ], [ 126.182153516000199, -1.807776879999892, 0.0 ], [ 126.182049976000144, -1.807679167999879, 0.0 ], [ 126.181970780000029, -1.807593648999898, 0.0 ], [ 126.181885535000106, -1.807526496999969, 0.0 ], [ 126.18177607500013, -1.807520570999941, 0.0 ], [ 126.181630185000131, -1.807545302999927, 0.0 ], [ 126.181447769000101, -1.807545623999943, 0.0 ], [ 126.181271337000112, -1.807490869999924, 0.0 ], [ 126.18120431300008, -1.807411447999925, 0.0 ], [ 126.181161589000112, -1.807319746999895, 0.0 ], [ 126.181088537000051, -1.80727092799998, 0.0 ], [ 126.18097299700014, -1.807265012999892, 0.0 ], [ 126.18082709600003, -1.807283625999958, 0.0 ], [ 126.180699447000052, -1.807308324999951, 0.0 ], [ 126.180610240000078, -1.807357527999898, 0.0 ], [ 126.180513872, -1.807503864999944, 0.0 ], [ 126.180424642000162, -1.807639493999886, 0.0 ], [ 126.180331844000079, -1.807639493999886, 0.0 ], [ 126.180242614, -1.807553832999929, 0.0 ], [ 126.180231906000017, -1.807361096999955, 0.0 ], [ 126.180164091000165, -1.807275435999884, 0.0 ], [ 126.180114122000191, -1.807200482999974, 0.0 ], [ 126.180078827000216, -1.807076917999893, 0.0 ], [ 126.179975383000169, -1.807034270999907, 0.0 ], [ 126.179792914000132, -1.807004000999882, 0.0 ], [ 126.179665233000151, -1.807010343999877, 0.0 ], [ 126.179507224000076, -1.807059569999979, 0.0 ], [ 126.179428294000104, -1.807127011999967, 0.0 ], [ 126.179398083000024, -1.807237197999939, 0.0 ], [ 126.17945907, -1.807341103999875, 0.0 ], [ 126.179550480000103, -1.807457193999937, 0.0 ], [ 126.17958105300022, -1.80755503499995, 0.0 ], [ 126.179581245000122, -1.807665166999868, 0.0 ], [ 126.179532846000029, -1.80780597699993, 0.0 ], [ 126.17947834500012, -1.807934560999968, 0.0 ], [ 126.179430020000041, -1.808118199999967, 0.0 ], [ 126.179412024000044, -1.808258955999975, 0.0 ], [ 126.179296973000191, -1.808534489999943, 0.0 ], [ 126.179127442000095, -1.808950843999924, 0.0 ], [ 126.179024329000185, -1.80909786899997, 0.0 ], [ 126.178860431000089, -1.809257237999873, 0.0 ], [ 126.178660018000187, -1.809398316999932, 0.0 ], [ 126.178459626000063, -1.809551631999909, 0.0 ], [ 126.178277412000057, -1.809668203999877, 0.0 ], [ 126.178004010000222, -1.809797173999925, 0.0 ], [ 126.177797399000042, -1.809870959999955, 0.0 ], [ 126.177542143000096, -1.809944832999975, 0.0 ], [ 126.177262533000089, -1.810000391999949, 0.0 ], [ 126.176915983000185, -1.810025476999954, 0.0 ], [ 126.176636309000173, -1.810044325999911, 0.0 ], [ 126.176399188000119, -1.810056980999889, 0.0 ], [ 126.176131653000084, -1.810063571999933, 0.0 ], [ 126.175876365000136, -1.810119087999965, 0.0 ], [ 126.175602815000047, -1.810162399999911, 0.0 ], [ 126.175438649000171, -1.810168807999901, 0.0 ], [ 126.175134630000116, -1.81017546299995, 0.0 ], [ 126.174781850000045, -1.810114899999974, 0.0 ], [ 126.174526476000096, -1.810121467999977, 0.0 ], [ 126.174240710000049, -1.810134208999898, 0.0 ], [ 126.173918343000082, -1.810079710999901, 0.0 ], [ 126.173754092000081, -1.810037170999976, 0.0 ], [ 126.173644514000102, -1.809963941999911, 0.0 ], [ 126.173553135000134, -1.809866206999914, 0.0 ], [ 126.173413121000067, -1.809774676999893, 0.0 ], [ 126.173303713000109, -1.809799342999895, 0.0 ], [ 126.173212579000165, -1.809842332999892, 0.0 ], [ 126.173121487000117, -1.809909796999875, 0.0 ], [ 126.172987746000103, -1.809928387999946, 0.0 ], [ 126.172732297000039, -1.809892126999955, 0.0 ], [ 126.172495026000206, -1.809819122999954, 0.0 ], [ 126.172233412000082, -1.809733924999932, 0.0 ], [ 126.17203868300021, -1.809648608999964, 0.0 ], [ 126.171825660000081, -1.809532732999969, 0.0 ], [ 126.171631060000095, -1.809520837999969, 0.0 ], [ 126.171164969000074, -1.809520218999978, 0.0 ], [ 126.170918696000172, -1.809502373999919, 0.0 ], [ 126.170761651000021, -1.809505942999976, 0.0 ], [ 126.170643868000184, -1.809509511999977, 0.0 ], [ 126.170501100000138, -1.809523788999911, 0.0 ], [ 126.170247687000028, -1.809541634999903, 0.0 ], [ 126.170015690000128, -1.809538065999959, 0.0 ], [ 126.169701602000032, -1.80947382099987, 0.0 ], [ 126.169351820000202, -1.809420281999962, 0.0 ], [ 126.169123392000188, -1.80935603699993, 0.0 ], [ 126.168798596000101, -1.809338190999938, 0.0 ], [ 126.168498784, -1.809306067999955, 0.0 ], [ 126.168159710000168, -1.809291791999897, 0.0 ], [ 126.1678063600001, -1.809277514999962, 0.0 ], [ 126.167477995000013, -1.80924539199998, 0.0 ], [ 126.167253136000113, -1.809223976999874, 0.0 ], [ 126.166939047000142, -1.809195422999949, 0.0 ], [ 126.166810556000087, -1.809198991999949, 0.0 ], [ 126.166607112000179, -1.809174007999957, 0.0 ], [ 126.166485760000228, -1.809166869999956, 0.0 ], [ 126.166325146000077, -1.809159731999898, 0.0 ], [ 126.166182378000144, -1.809152592999965, 0.0 ], [ 126.165786198000092, -1.809156161999965, 0.0 ], [ 126.165572047000182, -1.809156161999965, 0.0 ], [ 126.165347188000169, -1.809166869999956, 0.0 ], [ 126.165018822000206, -1.809181145999901, 0.0 ], [ 126.164679749000129, -1.809170438999899, 0.0 ], [ 126.164383506000036, -1.809166869999956, 0.0 ], [ 126.164255015000094, -1.809181145999901, 0.0 ], [ 126.164105109000161, -1.80917757799989, 0.0 ], [ 126.163783882000075, -1.809149023999908, 0.0 ], [ 126.163584007000054, -1.809113331999868, 0.0 ], [ 126.163401978000138, -1.809077639999941, 0.0 ], [ 126.163209242000221, -1.809016963999909, 0.0 ], [ 126.162980813000217, -1.8090276719999, 0.0 ], [ 126.162759523000204, -1.809041947999958, 0.0 ], [ 126.162473989000205, -1.809006255999918, 0.0 ], [ 126.162167038000121, -1.808974132999936, 0.0 ], [ 126.161985009000091, -1.808888472999968, 0.0 ], [ 126.161767289000181, -1.808809950999944, 0.0 ], [ 126.161642367000127, -1.808777827999961, 0.0 ], [ 126.161235479000197, -1.808538691999956, 0.0 ], [ 126.161103419000142, -1.808424477999893, 0.0 ], [ 126.160921390000112, -1.808246018999967, 0.0 ], [ 126.160900997000113, -1.808102034999877, 0.0 ], [ 126.160964220000096, -1.807960482999874, 0.0 ], [ 126.160974928000087, -1.807910514999946, 0.0 ], [ 126.160986807000086, -1.807722332999901, 0.0 ], [ 126.160895374, -1.807594002999963, 0.0 ], [ 126.160749015000079, -1.807349516999977, 0.0 ], [ 126.160712203000116, -1.807159905999924, 0.0 ], [ 126.160797067000203, -1.807006792999971, 0.0 ], [ 126.160894114000143, -1.80686589599992, 0.0 ], [ 126.160906116000092, -1.80677409599997, 0.0 ], [ 126.16082085000005, -1.806694703999881, 0.0 ], [ 126.160747871000012, -1.806688712999915, 0.0 ], [ 126.16056547300002, -1.806701269999962, 0.0 ], [ 126.160486551000076, -1.806774830999927, 0.0 ], [ 126.160352978000105, -1.806891317999884, 0.0 ], [ 126.160213165000187, -1.806916036999894, 0.0 ], [ 126.160176671000045, -1.806909982999912, 0.0 ], [ 126.160054846000094, -1.806787824999958, 0.0 ], [ 126.159896569000125, -1.806684085999962, 0.0 ], [ 126.159574061000058, -1.806550041999913, 0.0 ], [ 126.159391366000136, -1.806391278999911, 0.0 ], [ 126.158947128000136, -1.80619014399997, 0.0 ], [ 126.15874038600009, -1.806190504999904, 0.0 ], [ 126.158624980000127, -1.806264129999875, 0.0 ], [ 126.158643560000087, -1.806459892999897, 0.0 ], [ 126.158735056000182, -1.806624933999956, 0.0 ], [ 126.158729102000052, -1.8066983679999, 0.0 ], [ 126.158364664000146, -1.806931511999949, 0.0 ], [ 126.158164214000067, -1.807054233999963, 0.0 ], [ 126.157902872000022, -1.807128114999955, 0.0 ], [ 126.157647494000116, -1.80713468099998, 0.0 ], [ 126.157471165000175, -1.807141107999939, 0.0 ], [ 126.157288734000076, -1.807135308999932, 0.0 ], [ 126.157002551000119, -1.806909421999876, 0.0 ], [ 126.156941702000154, -1.806885053999906, 0.0 ], [ 126.156880885000191, -1.806879041999935, 0.0 ], [ 126.156777545000182, -1.806897577999962, 0.0 ], [ 126.156759472000203, -1.806995506999897, 0.0 ], [ 126.156753613000092, -1.80712400799996, 0.0 ], [ 126.156735604000119, -1.807258648999891, 0.0 ], [ 126.156595960000118, -1.807381264999947, 0.0 ], [ 126.156441036000047, -1.807449783999914, 0.0 ], [ 126.156337866000058, -1.807566217999977, 0.0 ], [ 126.156338045000211, -1.807670233999943, 0.0 ], [ 126.156319994000228, -1.807780399999899, 0.0 ], [ 126.156071050000037, -1.807805500999962, 0.0 ], [ 126.155861657000059, -1.807838813999979, 0.0 ], [ 126.155671300000222, -1.807848330999946, 0.0 ], [ 126.155490461000227, -1.807810259999883, 0.0 ], [ 126.155357211000023, -1.807715080999913, 0.0 ], [ 126.155185890000212, -1.80762466199991, 0.0 ], [ 126.155136207000055, -1.807607529999927, 0.0 ], [ 126.155066917000227, -1.807562795999957, 0.0 ], [ 126.154962221000233, -1.807524724999894, 0.0 ], [ 126.154867042000092, -1.80748189399992, 0.0 ], [ 126.154743310000185, -1.807462857999951, 0.0 ], [ 126.154652891000183, -1.807462857999951, 0.0 ], [ 126.154548194000199, -1.807534241999974, 0.0 ], [ 126.154462534000118, -1.807672250999929, 0.0 ], [ 126.154381632000081, -1.807824536999931, 0.0 ], [ 126.15430548900008, -1.807991098999935, 0.0 ], [ 126.154253141000027, -1.808119589999933, 0.0 ], [ 126.154138927000076, -1.80820525099989, 0.0 ], [ 126.153981882000039, -1.808276633999924, 0.0 ], [ 126.15383911500021, -1.808338499999934, 0.0 ], [ 126.153720142000225, -1.808409883999957, 0.0 ], [ 126.153648758000145, -1.808500303999892, 0.0 ], [ 126.1535821330001, -1.808585963999974, 0.0 ], [ 126.153453642000045, -1.808590722999895, 0.0 ], [ 126.153325151000104, -1.808614517999899, 0.0 ], [ 126.153191901000127, -1.808590722999895, 0.0 ], [ 126.153082446000212, -1.808557410999924, 0.0 ], [ 126.152996785000141, -1.808486026999958, 0.0 ], [ 126.152911125000173, -1.80841940199997, 0.0 ], [ 126.152854018000085, -1.808352776999925, 0.0 ], [ 126.152882572000181, -1.808300428999871, 0.0 ], [ 126.152892089000034, -1.808224286999973, 0.0 ], [ 126.152863536000041, -1.808171937999873, 0.0 ], [ 126.152830223000024, -1.808114830999955, 0.0 ], [ 126.152811188000101, -1.808043446999932, 0.0 ], [ 126.152825465000205, -1.807981580999979, 0.0 ], [ 126.152868295000189, -1.807953027999929, 0.0 ], [ 126.152930161000086, -1.807924473999947, 0.0 ], [ 126.152968232000148, -1.807876884999928, 0.0 ], [ 126.152958714000079, -1.807815018999918, 0.0 ], [ 126.152925402000164, -1.807724598999926, 0.0 ], [ 126.152844500000015, -1.807677009999964, 0.0 ], [ 126.15278739300004, -1.807657973999937, 0.0 ], [ 126.152749322000204, -1.807619902999875, 0.0 ], [ 126.15268269600017, -1.807596107999927, 0.0 ], [ 126.152611313000193, -1.807600866999906, 0.0 ], [ 126.152530411000043, -1.80762466199991, 0.0 ], [ 126.152416197000093, -1.807700804999911, 0.0 ], [ 126.15232577800009, -1.807757911999943, 0.0 ], [ 126.152244876000168, -1.80786260799988, 0.0 ], [ 126.152173492000088, -1.808014893999939, 0.0 ], [ 126.152121143000159, -1.80813862499997, 0.0 ], [ 126.152049760000182, -1.808210008999936, 0.0 ], [ 126.15197361800017, -1.808281392999902, 0.0 ], [ 126.151897475000169, -1.808300428999871, 0.0 ], [ 126.151749948000088, -1.808319463999908, 0.0 ], [ 126.151578627000049, -1.808357534999971, 0.0 ], [ 126.151431100000195, -1.808462231999954, 0.0 ], [ 126.151297850000105, -1.808533615999977, 0.0 ], [ 126.151202672000068, -1.808605, 0.0 ], [ 126.151040869000099, -1.808704936999959, 0.0 ], [ 126.150988520000169, -1.80880011499994, 0.0 ], [ 126.150964726000097, -1.808871499999952, 0.0 ], [ 126.15087906600013, -1.808919087999925, 0.0 ], [ 126.15075533300012, -1.808942883999919, 0.0 ], [ 126.150560217000134, -1.808961918999898, 0.0 ], [ 126.150498352000113, -1.808947641999964, 0.0 ], [ 126.150460280000175, -1.808842945999913, 0.0 ], [ 126.150412691000042, -1.808752526999967, 0.0 ], [ 126.150305616000082, -1.80865734799994, 0.0 ], [ 126.150186642000222, -1.808585963999974, 0.0 ], [ 126.150067669000123, -1.808478887999968, 0.0 ], [ 126.149827757000139, -1.808402483999885, 0.0 ], [ 126.149544046000187, -1.808435611999869, 0.0 ], [ 126.149041541000088, -1.808534387999941, 0.0 ], [ 126.148676894000232, -1.808649239999966, 0.0 ], [ 126.148377080000046, -1.808747661999917, 0.0 ], [ 126.147955792000062, -1.808927877999906, 0.0 ], [ 126.147575141000061, -1.809165130999929, 0.0 ], [ 126.147243135000167, -1.809402298999885, 0.0 ], [ 126.147073226000202, -1.809606550999945, 0.0 ], [ 126.146846493000226, -1.809770110999978, 0.0 ], [ 126.146538712000051, -1.809950128999958, 0.0 ], [ 126.146360596000022, -1.810097287999952, 0.0 ], [ 126.146036487000174, -1.810212068999931, 0.0 ], [ 126.145615113000076, -1.810343336999949, 0.0 ], [ 126.145181257000104, -1.810372818999895, 0.0 ], [ 126.144983792000176, -1.810458757999925, 0.0 ], [ 126.144874337000033, -1.810515864999957, 0.0 ], [ 126.144707775000143, -1.810592007999958, 0.0 ], [ 126.14436989100011, -1.810611043999927, 0.0 ], [ 126.143984418000059, -1.810701463999919, 0.0 ], [ 126.143755990000159, -1.810739534999868, 0.0 ], [ 126.143494249000128, -1.810801400999935, 0.0 ], [ 126.143245253000146, -1.810823720999906, 0.0 ], [ 126.143151607000163, -1.810844230999919, 0.0 ], [ 126.143023116000109, -1.810839472999874, 0.0 ], [ 126.142913661000193, -1.810820436999904, 0.0 ], [ 126.14285179500007, -1.810751432999893, 0.0 ], [ 126.142813723000131, -1.810668150999959, 0.0 ], [ 126.142732822000085, -1.810625320999918, 0.0 ], [ 126.142630505000056, -1.810613423999939, 0.0 ], [ 126.142530568000211, -1.810601526999903, 0.0 ], [ 126.14245442500021, -1.810625320999918, 0.0 ], [ 126.142402077000156, -1.810644356999944, 0.0 ], [ 126.142314037000119, -1.810718119999876, 0.0 ], [ 126.142259309000224, -1.810732396999924, 0.0 ], [ 126.142166510000152, -1.810734775999947, 0.0 ], [ 126.142049916000019, -1.810732396999924, 0.0 ], [ 126.141957117000061, -1.810696703999895, 0.0 ], [ 126.14188811300005, -1.810620561999883, 0.0 ], [ 126.14183338600003, -1.810596766999879, 0.0 ], [ 126.141685859000063, -1.810563454999965, 0.0 ], [ 126.141521676000025, -1.810563454999965, 0.0 ], [ 126.141440774000102, -1.810596766999879, 0.0 ], [ 126.141374150000047, -1.810644356999944, 0.0 ], [ 126.141300386000012, -1.81068956699994, 0.0 ], [ 126.141183793000096, -1.810772846999896, 0.0 ], [ 126.141045784000084, -1.810779985999943, 0.0 ], [ 126.140893499000072, -1.81077760699992, 0.0 ], [ 126.140776905000166, -1.810746673999972, 0.0 ], [ 126.140698383000085, -1.810727637999889, 0.0 ], [ 126.140553236000073, -1.810725257999934, 0.0 ], [ 126.140439021000134, -1.810656253999923, 0.0 ], [ 126.140429504000053, -1.810587249999969, 0.0 ], [ 126.140389053000035, -1.810539659999961, 0.0 ], [ 126.140291495000156, -1.810534900999926, 0.0 ], [ 126.140258183000014, -1.810551557999872, 0.0 ], [ 126.140232008000112, -1.810582490999934, 0.0 ], [ 126.140174431000219, -1.810662178999962, 0.0 ], [ 126.140136830000074, -1.810675289999892, 0.0 ], [ 126.140072584000222, -1.81066577099989, 0.0 ], [ 126.140044031000116, -1.810613423999939, 0.0 ], [ 126.14003213400008, -1.810542039999973, 0.0 ], [ 126.140020237000044, -1.810473034999973, 0.0 ], [ 126.140035254000168, -1.810426480999922, 0.0 ], [ 126.14001536000012, -1.810377535999976, 0.0 ], [ 126.13995908600009, -1.810333471999968, 0.0 ], [ 126.139872710000077, -1.810327887999961, 0.0 ], [ 126.139853674000051, -1.810377856999878, 0.0 ], [ 126.139832259000173, -1.810404030999905, 0.0 ], [ 126.139796413000226, -1.810450805999892, 0.0 ], [ 126.139708527000039, -1.810461137999937, 0.0 ], [ 126.139675214000022, -1.81048969099993, 0.0 ], [ 126.139675214000022, -1.810527762999868, 0.0 ], [ 126.139701388000049, -1.810553936999895, 0.0 ], [ 126.139703768000118, -1.810575351999887, 0.0 ], [ 126.139687111000057, -1.810613423999939, 0.0 ], [ 126.139677594000091, -1.81064673599991, 0.0 ], [ 126.139644281000074, -1.81066577099989, 0.0 ], [ 126.139627625000116, -1.810687186999928, 0.0 ], [ 126.139551483000218, -1.810699083999907, 0.0 ], [ 126.139495157000169, -1.810722889999909, 0.0 ], [ 126.139472960000035, -1.810789503999956, 0.0 ], [ 126.139451545000043, -1.810813297999971, 0.0 ], [ 126.139406335000103, -1.810784744999978, 0.0 ], [ 126.139282604000073, -1.810730016999969, 0.0 ], [ 126.139225497000211, -1.810722877999922, 0.0 ], [ 126.139182666000124, -1.810760949999974, 0.0 ], [ 126.139049417000024, -1.810844230999919, 0.0 ], [ 126.138949479000075, -1.810939409999889, 0.0 ], [ 126.138804332000063, -1.810982239999873, 0.0 ], [ 126.138640149000139, -1.811022690999948, 0.0 ], [ 126.138195190000147, -1.811094073999925, 0.0 ], [ 126.138038145000223, -1.811084556999901, 0.0 ], [ 126.137866824000184, -1.811046485999952, 0.0 ], [ 126.137705021000215, -1.810991757999886, 0.0 ], [ 126.137545597000098, -1.810929891999933, 0.0 ], [ 126.137450418000185, -1.810877543999936, 0.0 ], [ 126.137381414000174, -1.810789503999956, 0.0 ], [ 126.137248164000084, -1.810727637999889, 0.0 ], [ 126.137105396000038, -1.810708601999977, 0.0 ], [ 126.136936455000182, -1.810760949999974, 0.0 ], [ 126.136836518000223, -1.810818056999892, 0.0 ], [ 126.136624745000177, -1.810925132999955, 0.0 ], [ 126.136555741000166, -1.81095606599996, 0.0 ], [ 126.136443906000181, -1.810944167999935, 0.0 ], [ 126.136365385000204, -1.810903717999963, 0.0 ], [ 126.136298759000169, -1.810801400999935, 0.0 ], [ 126.136265446000039, -1.810710980999943, 0.0 ], [ 126.136194063000062, -1.810618182999974, 0.0 ], [ 126.136103643000183, -1.810570592999966, 0.0 ], [ 126.135982291000118, -1.810549177999974, 0.0 ], [ 126.135884733000012, -1.810553936999895, 0.0 ], [ 126.135787175000132, -1.810601526999903, 0.0 ], [ 126.135680099000183, -1.810675289999892, 0.0 ], [ 126.135611095000172, -1.810741913999891, 0.0 ], [ 126.135549229000162, -1.8107966419999, 0.0 ], [ 126.135418359000028, -1.810834713999952, 0.0 ], [ 126.135275591000095, -1.810868025999923, 0.0 ], [ 126.135117234000063, -1.81090142499994, 0.0 ], [ 126.13504174500008, -1.810892882999951, 0.0 ], [ 126.135020989000168, -1.810860886999876, 0.0 ], [ 126.135001953000028, -1.810803779999958, 0.0 ], [ 126.134982917000229, -1.810732396999924, 0.0 ], [ 126.134902016000183, -1.81068242799995, 0.0 ], [ 126.134790181000085, -1.81064673599991, 0.0 ], [ 126.134640275000038, -1.810641976999875, 0.0 ], [ 126.134507025000062, -1.810675289999892, 0.0 ], [ 126.13431904700019, -1.810730016999969, 0.0 ], [ 126.134190557000011, -1.810815677999869, 0.0 ], [ 126.134073963000105, -1.810951306999925, 0.0 ], [ 126.133990682000103, -1.81106314099992, 0.0 ], [ 126.133895504000179, -1.811139283999921, 0.0 ], [ 126.133700388000079, -1.811255877999884, 0.0 ], [ 126.133586174000015, -1.811329640999872, 0.0 ], [ 126.133381570000097, -1.811447860999976, 0.0 ], [ 126.133106802000157, -1.811474674999943, 0.0 ], [ 126.132798763000096, -1.811507844999937, 0.0 ], [ 126.132547407000175, -1.811500123999963, 0.0 ], [ 126.132214988000101, -1.811500702999979, 0.0 ], [ 126.13178537400006, -1.811558558999877, 0.0 ], [ 126.131453067000166, -1.811624403999929, 0.0 ], [ 126.131201837000162, -1.811690107999937, 0.0 ], [ 126.13078028800021, -1.811723474999951, 0.0 ], [ 126.130488421000109, -1.811732140999936, 0.0 ], [ 126.130264670000201, -1.811725907999971, 0.0 ], [ 126.130120579000049, -1.811821476999967, 0.0 ], [ 126.129949449000151, -1.812092295999889, 0.0 ], [ 126.129883587000108, -1.812059130999899, 0.0 ], [ 126.129776013000196, -1.812004960999957, 0.0 ], [ 126.129917104000015, -1.811791786999891, 0.0 ], [ 126.129901351000058, -1.811756840999976, 0.0 ], [ 126.129899662000184, -1.811666595999952, 0.0 ], [ 126.129758565000088, -1.81164366899992, 0.0 ], [ 126.129231515000015, -1.811620109999922, 0.0 ], [ 126.128882865000151, -1.811612557999922, 0.0 ], [ 126.128552880000143, -1.811609743999952, 0.0 ], [ 126.128242361000048, -1.811602604999962, 0.0 ], [ 126.127974671000175, -1.811588327999971, 0.0 ], [ 126.127779555000188, -1.811584758999913, 0.0 ], [ 126.127591578000192, -1.811560964999899, 0.0 ], [ 126.127417878000188, -1.811556204999874, 0.0 ], [ 126.127253695000149, -1.811549067999977, 0.0 ], [ 126.12705857900005, -1.811537169999895, 0.0 ], [ 126.126775423000026, -1.811534790999872, 0.0 ], [ 126.126435160000028, -1.811541928999929, 0.0 ], [ 126.126132968000093, -1.811513374999947, 0.0 ], [ 126.125833156000112, -1.811420575999932, 0.0 ], [ 126.125590452000097, -1.811381314999949, 0.0 ], [ 126.125312054000233, -1.811367037999958, 0.0 ], [ 126.125169089000224, -1.81139057799993, 0.0 ], [ 126.124860991000105, -1.811391112999956, 0.0 ], [ 126.124504260000094, -1.811399890999894, 0.0 ], [ 126.124244837000106, -1.811416657999871, 0.0 ], [ 126.123961049000059, -1.81140899199994, 0.0 ], [ 126.123360830000024, -1.811271340999951, 0.0 ], [ 126.123133726000106, -1.811222784999927, 0.0 ], [ 126.122606715000074, -1.811223699999971, 0.0 ], [ 126.121657928000218, -1.811127444999897, 0.0 ], [ 126.121233572000051, -1.811068481999939, 0.0 ], [ 126.120729126000015, -1.811001857999941, 0.0 ], [ 126.12002480600006, -1.81083529499989, 0.0 ], [ 126.119287173000203, -1.810735357999874, 0.0 ], [ 126.118763691000026, -1.810683009999934, 0.0 ], [ 126.118302075000088, -1.810587831999953, 0.0 ], [ 126.118011781000064, -1.810506929999917, 0.0 ], [ 126.117692934000047, -1.810435545999951, 0.0 ], [ 126.117345532000058, -1.810378438999919, 0.0 ], [ 126.116979095000033, -1.81034988499988, 0.0 ], [ 126.11659362200021, -1.81034036799997, 0.0 ], [ 126.115941650000082, -1.810264224999912, 0.0 ], [ 126.115403892000018, -1.810192840999946, 0.0 ], [ 126.115156428000091, -1.810164287999896, 0.0 ], [ 126.114737643000012, -1.810107179999875, 0.0 ], [ 126.11430458000018, -1.810064349999891, 0.0 ], [ 126.113895313000171, -1.810021519999907, 0.0 ], [ 126.113467010000136, -1.809983448999958, 0.0 ], [ 126.113186234000182, -1.810012001999894, 0.0 ], [ 126.112696066000126, -1.810031037999977, 0.0 ], [ 126.112353423000059, -1.809992965999925, 0.0 ], [ 126.111996504000103, -1.809945376999906, 0.0 ], [ 126.111425433000022, -1.809850198999925, 0.0 ], [ 126.11103520100005, -1.809821644999886, 0.0 ], [ 126.110673524000163, -1.809769296999889, 0.0 ], [ 126.110230944000136, -1.80972170799987, 0.0 ], [ 126.10971698000003, -1.80973122599994, 0.0 ], [ 126.109336266000128, -1.809702671999901, 0.0 ], [ 126.109017418, -1.809702671999901, 0.0 ], [ 126.108774714000219, -1.80972170799987, 0.0 ], [ 126.108565321000015, -1.809707430999936, 0.0 ], [ 126.10819133300015, -1.809706693999942, 0.0 ], [ 126.106909811000037, -1.809554194999976, 0.0 ], [ 126.103962338000088, -1.809224070999903, 0.0 ], [ 126.103584871000066, -1.809169910999969, 0.0 ], [ 126.103220814000224, -1.80913421899993, 0.0 ], [ 126.102763957000207, -1.809112802999948, 0.0 ], [ 126.102385622000043, -1.8090985259999, 0.0 ], [ 126.102000150000094, -1.809073541999965, 0.0 ], [ 126.101593262000051, -1.809048557999972, 0.0 ], [ 126.101247050000211, -1.809080680999955, 0.0 ], [ 126.100904409000123, -1.809094957999889, 0.0 ], [ 126.100369030000024, -1.80902714299998, 0.0 ], [ 126.099783682000066, -1.808959328999947, 0.0 ], [ 126.099248303000081, -1.808952189999957, 0.0 ], [ 126.098637971000016, -1.808934343999908, 0.0 ], [ 126.097906287000228, -1.808870098999932, 0.0 ], [ 126.097128204000228, -1.808788007999965, 0.0 ], [ 126.096628517000227, -1.808748745999935, 0.0 ], [ 126.09610384500013, -1.808738038999934, 0.0 ], [ 126.09551135900017, -1.808705915999951, 0.0 ], [ 126.094929582000077, -1.808691638999903, 0.0 ], [ 126.094651185000203, -1.808705915999951, 0.0 ], [ 126.0943692190001, -1.808738038999934, 0.0 ], [ 126.094219312000064, -1.808738038999934, 0.0 ], [ 126.094037283000034, -1.808780868999918, 0.0 ], [ 126.09334057, -1.808740414999932, 0.0 ], [ 126.09301937500004, -1.808701398999915, 0.0 ], [ 126.091484760000185, -1.808484524999926, 0.0 ], [ 126.089797883000074, -1.808255348999978, 0.0 ], [ 126.087808106000011, -1.807910655999933, 0.0 ], [ 126.086322855000162, -1.807579598999894, 0.0 ], [ 126.085008107000135, -1.807343552999896, 0.0 ], [ 126.084821275000081, -1.80723112599992, 0.0 ], [ 126.084483390000059, -1.807121670999948, 0.0 ], [ 126.084069365000232, -1.80699317899996, 0.0 ], [ 126.083622026000057, -1.806893241999887, 0.0 ], [ 126.083188964000101, -1.806793304999871, 0.0 ], [ 126.082774938000171, -1.806726680999873, 0.0 ], [ 126.082460849000199, -1.806688608999934, 0.0 ], [ 126.081775564000054, -1.806712402999949, 0.0 ], [ 126.081214011000043, -1.806655295999917, 0.0 ], [ 126.080628664000187, -1.806569635999949, 0.0 ], [ 126.080224155000224, -1.806512528999917, 0.0 ], [ 126.079681638000011, -1.806464938999966, 0.0 ], [ 126.07872033600006, -1.8063364489999, 0.0 ], [ 126.078030293000097, -1.806217474999926, 0.0 ], [ 126.077359285000171, -1.806060430999878, 0.0 ], [ 126.076764419000142, -1.805884350999975, 0.0 ], [ 126.076588339000068, -1.80587959199994, 0.0 ], [ 126.07639798300022, -1.805855797999925, 0.0 ], [ 126.076245697000218, -1.805870074999973, 0.0 ], [ 126.076131483000154, -1.805889109999953, 0.0 ], [ 126.076042500000199, -1.805929151999976, 0.0 ], [ 126.075350503000209, -1.805872312999952, 0.0 ], [ 126.074672872000178, -1.805786440999952, 0.0 ], [ 126.073966288000179, -1.805628094999918, 0.0 ], [ 126.073057827000071, -1.805426577999924, 0.0 ], [ 126.072278975000131, -1.805152317999898, 0.0 ], [ 126.071658757000137, -1.804921300999979, 0.0 ], [ 126.071211684000104, -1.80479152099997, 0.0 ], [ 126.070678246000057, -1.80473440999998, 0.0 ], [ 126.070484790000023, -1.804725889999872, 0.0 ], [ 126.070043953000095, -1.804706478999947, 0.0 ], [ 126.06964027000015, -1.804663650999885, 0.0 ], [ 126.069222026000034, -1.80453382099995, 0.0 ], [ 126.068861295000147, -1.804316865999965, 0.0 ], [ 126.068284295000126, -1.804071267999973, 0.0 ], [ 126.067000976000145, -1.80382686899992, 0.0 ], [ 126.066525195000054, -1.803769657999965, 0.0 ], [ 126.066020584000171, -1.803712495999946, 0.0 ], [ 126.065458411000122, -1.803713449999975, 0.0 ], [ 126.065112482000018, -1.803728540999941, 0.0 ], [ 126.064507089000017, -1.803744071999915, 0.0 ], [ 126.064088990000187, -1.803701266999894, 0.0 ], [ 126.063512183000171, -1.803571702999932, 0.0 ], [ 126.062892179000073, -1.803471221999871, 0.0 ], [ 126.062012614000196, -1.803313160999949, 0.0 ], [ 126.061171918000127, -1.803232995999906, 0.0 ], [ 126.060482671000159, -1.803209685999946, 0.0 ], [ 126.060117716000036, -1.803161350999915, 0.0 ], [ 126.059720123000147, -1.802990687999909, 0.0 ], [ 126.059379206000017, -1.80277097499993, 0.0 ], [ 126.059078776000092, -1.802518556999928, 0.0 ], [ 126.058753925000133, -1.8022090689999, 0.0 ], [ 126.05840498200007, -1.802038322999977, 0.0 ], [ 126.057893954000065, -1.80191680299987, 0.0 ], [ 126.057285721000085, -1.801852559999872, 0.0 ], [ 126.056572189000121, -1.801853765999908, 0.0 ], [ 126.055202357000098, -1.802141640999935, 0.0 ], [ 126.054878078000115, -1.802174824999895, 0.0 ], [ 126.054205222000064, -1.802257549999922, 0.0 ], [ 126.053767466000068, -1.80231540199992, 0.0 ], [ 126.053337860000056, -1.802397715999973, 0.0 ], [ 126.052924375000089, -1.802422890999935, 0.0 ], [ 126.052559540000175, -1.802447983999969, 0.0 ], [ 126.05212168800017, -1.802448722999941, 0.0 ], [ 126.051659457000028, -1.802416866999977, 0.0 ], [ 126.05135862100019, -1.802378737999902, 0.0 ], [ 126.051250648000064, -1.802391302999979, 0.0 ], [ 126.051030548000085, -1.802391302999979, 0.0 ], [ 126.050837218000083, -1.80238535399991, 0.0 ], [ 126.05073311600006, -1.802391302999979, 0.0 ], [ 126.050590348000128, -1.802373455999941, 0.0 ], [ 126.050434856000038, -1.802334732999896, 0.0 ], [ 126.050248301000011, -1.802302072999964, 0.0 ], [ 126.049992509000162, -1.802197970999885, 0.0 ], [ 126.049778358000026, -1.802096843999948, 0.0 ], [ 126.049614769000186, -1.802013562999889, 0.0 ], [ 126.049412050000115, -1.801951360999908, 0.0 ], [ 126.049153127000181, -1.801915238999925, 0.0 ], [ 126.048780101000034, -1.801891389999923, 0.0 ], [ 126.04834224800004, -1.801892127999963, 0.0 ], [ 126.047839528000054, -1.801892974999873, 0.0 ], [ 126.047377363000123, -1.801901912999881, 0.0 ], [ 126.046923239000193, -1.801870041999905, 0.0 ], [ 126.046615024000175, -1.801813447999962, 0.0 ], [ 126.045787967000024, -1.801814839999963, 0.0 ], [ 126.045414926000035, -1.801782831999901, 0.0 ], [ 126.044955217000052, -1.801764265999964, 0.0 ], [ 126.044557810000128, -1.801707821999912, 0.0 ], [ 126.043884595000122, -1.80157841099998, 0.0 ], [ 126.043162715000108, -1.801440921999927, 0.0 ], [ 126.042513932000134, -1.801376740999956, 0.0 ], [ 126.042003006000186, -1.801320486999941, 0.0 ], [ 126.041654181000126, -1.801223164999953, 0.0 ], [ 126.041394697000214, -1.801215441999943, 0.0 ], [ 126.040981194000096, -1.801232454999933, 0.0 ], [ 126.040656951000074, -1.80129011299988, 0.0 ], [ 126.040267786000072, -1.801315243999966, 0.0 ], [ 126.039854201000026, -1.801283301999945, 0.0 ], [ 126.039067560000035, -1.801211191999926, 0.0 ], [ 126.037364742000022, -1.80118957399992, 0.0 ], [ 126.036359224000194, -1.801150464999978, 0.0 ], [ 126.035166832000073, -1.800883215999875, 0.0 ], [ 126.034339550000027, -1.800754057999939, 0.0 ], [ 126.033974533000105, -1.800673078999921, 0.0 ], [ 126.033406750000154, -1.800559802999942, 0.0 ], [ 126.032968661000041, -1.800421832999916, 0.0 ], [ 126.032481787000052, -1.800202352999975, 0.0 ], [ 126.032116702000167, -1.80008057799995, 0.0 ], [ 126.031901788000141, -1.800019762999966, 0.0 ], [ 126.031686749000187, -1.799958911999965, 0.0 ], [ 126.030762379000066, -1.799960458999919, 0.0 ], [ 126.029570360000093, -1.799921656999913, 0.0 ], [ 126.028240440000104, -1.799850449999894, 0.0 ], [ 126.026902465000148, -1.799811889999887, 0.0 ], [ 126.025686129000178, -1.799781285999927, 0.0 ], [ 126.024348083000177, -1.799701928999923, 0.0 ], [ 126.02389474000006, -1.799651572999949, 0.0 ], [ 126.024084875000085, -1.795007590999944, 0.0 ], [ 126.248771613000031, -1.795428039999933, 0.0 ] ], [ [ 126.139295691000029, -1.810478983999928, 0.0 ], [ 126.139355440000031, -1.810532842999919, 0.0 ], [ 126.139407525000024, -1.810512296999889, 0.0 ], [ 126.139502704000165, -1.810462327999971, 0.0 ], [ 126.139545534000149, -1.81039570299987, 0.0 ], [ 126.139569328000107, -1.810305283999924, 0.0 ], [ 126.139559811000026, -1.810200586999883, 0.0 ], [ 126.139497944000141, -1.810126823999894, 0.0 ], [ 126.139419423000049, -1.810122064999973, 0.0 ], [ 126.139340900000093, -1.810129202999917, 0.0 ], [ 126.139283793000232, -1.810191069999973, 0.0 ], [ 126.139212410000141, -1.810276729999885, 0.0 ], [ 126.139179097000124, -1.810319559999868, 0.0 ], [ 126.139198133000036, -1.810371907999922, 0.0 ], [ 126.139243342000213, -1.810431394999966, 0.0 ], [ 126.139295691000029, -1.810478983999928, 0.0 ] ], [ [ 126.190538839000055, -1.806609186999935, 0.0 ], [ 126.190553115000171, -1.806723401999932, 0.0 ], [ 126.190576910000118, -1.806780508999964, 0.0 ], [ 126.190610222000032, -1.806828097999926, 0.0 ], [ 126.190662571000189, -1.806832855999971, 0.0 ], [ 126.190705401000173, -1.806842374999917, 0.0 ], [ 126.190862445000221, -1.806732918999955, 0.0 ], [ 126.190952865000213, -1.806661535999979, 0.0 ], [ 126.19098617800023, -1.806599668999922, 0.0 ], [ 126.191062320000128, -1.806537802999969, 0.0 ], [ 126.191067079000049, -1.806480695999937, 0.0 ], [ 126.191000454000118, -1.806452142999888, 0.0 ], [ 126.190910035000229, -1.806433106999918, 0.0 ], [ 126.190838651000035, -1.806485454999972, 0.0 ], [ 126.19073871400019, -1.806494972999872, 0.0 ], [ 126.1906054640001, -1.806528285999889, 0.0 ], [ 126.190538839000055, -1.806547321999972, 0.0 ], [ 126.190538839000055, -1.806609186999935, 0.0 ] ] ], [ [ [ 126.353204099000095, -1.814831000999959, 0.0 ], [ 126.353162831000077, -1.814825997999947, 0.0 ], [ 126.35308430900011, -1.814825997999947, 0.0 ], [ 126.353001028000108, -1.814825997999947, 0.0 ], [ 126.352962956000056, -1.814845033999973, 0.0 ], [ 126.352912988000071, -1.814847413999928, 0.0 ], [ 126.352867778000018, -1.814845033999973, 0.0 ], [ 126.352815430000078, -1.814845033999973, 0.0 ], [ 126.352767841000059, -1.814859310999964, 0.0 ], [ 126.352715492000016, -1.814885484999934, 0.0 ], [ 126.352691698000058, -1.81493069499993, 0.0 ], [ 126.352708355000118, -1.814971144999959, 0.0 ], [ 126.352703595000094, -1.815016354999955, 0.0 ], [ 126.352658385000041, -1.81504728799996, 0.0 ], [ 126.352608416000066, -1.815068703999941, 0.0 ], [ 126.352525136000054, -1.815087739999967, 0.0 ], [ 126.352456132000043, -1.815090117999944, 0.0 ], [ 126.352391886000078, -1.815085359999955, 0.0 ], [ 126.352327640000112, -1.815082979999943, 0.0 ], [ 126.352294328000085, -1.815078220999965, 0.0 ], [ 126.35224435900011, -1.815075841999942, 0.0 ], [ 126.352201529000013, -1.815123430999961, 0.0 ], [ 126.352144422000038, -1.815123430999961, 0.0 ], [ 126.352063520000115, -1.815118671999926, 0.0 ], [ 126.351994411000078, -1.815054246999978, 0.0 ], [ 126.351920138000082, -1.815037145999952, 0.0 ], [ 126.351720218000082, -1.815014533999943, 0.0 ], [ 126.351486053000031, -1.815003477999937, 0.0 ], [ 126.351257621000059, -1.815003904999969, 0.0 ], [ 126.350909282000089, -1.815016046999972, 0.0 ], [ 126.350703810000027, -1.815079640999954, 0.0 ], [ 126.350572493000072, -1.815097124999966, 0.0 ], [ 126.350384036000037, -1.815097476999938, 0.0 ], [ 126.350121433000027, -1.815149684999938, 0.0 ], [ 126.349927467000043, -1.815259227999945, 0.0 ], [ 126.349899124000103, -1.81537420899997, 0.0 ], [ 126.34999639900002, -1.815477462999979, 0.0 ], [ 126.350082188000101, -1.815546259999962, 0.0 ], [ 126.350093695000055, -1.815592208999931, 0.0 ], [ 126.350059567000017, -1.815666975999932, 0.0 ], [ 126.349968321000119, -1.815736102999949, 0.0 ], [ 126.34988270100007, -1.815759248999939, 0.0 ], [ 126.349779917000092, -1.815765186999954, 0.0 ], [ 126.349517177000052, -1.815742691999958, 0.0 ], [ 126.349203113000044, -1.815760516999944, 0.0 ], [ 126.348900440000079, -1.815761081999938, 0.0 ], [ 126.348631893000061, -1.815686878999941, 0.0 ], [ 126.34809465100011, -1.815458024999941, 0.0 ], [ 126.347700265000071, -1.815274874999943, 0.0 ], [ 126.347677411000063, -1.815269170999954, 0.0 ], [ 126.347425860000044, -1.815120232999959, 0.0 ], [ 126.347128537000117, -1.814925408999954, 0.0 ], [ 126.346836797000037, -1.814661617999946, 0.0 ], [ 126.346670866000068, -1.814489533999961, 0.0 ], [ 126.346493354000017, -1.81423127599993, 0.0 ], [ 126.346327296000027, -1.813990234999949, 0.0 ], [ 126.346166917000119, -1.813731944999972, 0.0 ], [ 126.346109470000101, -1.813548165999975, 0.0 ], [ 126.346086173000117, -1.813301112999966, 0.0 ], [ 126.346063002000051, -1.813123016999953, 0.0 ], [ 126.346062812000014, -1.813019581999924, 0.0 ], [ 126.346159748000105, -1.812938950999978, 0.0 ], [ 126.346296671000118, -1.812863992999951, 0.0 ], [ 126.346416482000109, -1.812800558999925, 0.0 ], [ 126.34651335500007, -1.812685449999947, 0.0 ], [ 126.346655967000061, -1.81259898899998, 0.0 ], [ 126.346821402000046, -1.812500990999979, 0.0 ], [ 126.34695251800008, -1.81237432599994, 0.0 ], [ 126.346923848000074, -1.81231116899994, 0.0 ], [ 126.346815141000093, -1.812202188999947, 0.0 ], [ 126.346603714000025, -1.812133625999934, 0.0 ], [ 126.346312409, -1.812105434999978, 0.0 ], [ 126.346101203000103, -1.81215754599998, 0.0 ], [ 126.345736079000062, -1.812359349999952, 0.0 ], [ 126.345616205000056, -1.812388305999946, 0.0 ], [ 126.345290961000046, -1.812538317999952, 0.0 ], [ 126.345233969000105, -1.812601634999965, 0.0 ], [ 126.345097152000108, -1.812734056999943, 0.0 ], [ 126.344943139000065, -1.81283203299995, 0.0 ], [ 126.344743417000018, -1.812918600999978, 0.0 ], [ 126.344623521000017, -1.812936063999928, 0.0 ], [ 126.344417931000066, -1.812936445999981, 0.0 ], [ 126.344269322000059, -1.812867764999964, 0.0 ], [ 126.344103444000098, -1.812724412999955, 0.0 ], [ 126.343960303000017, -1.812523553999938, 0.0 ], [ 126.343834285000071, -1.812316915999929, 0.0 ], [ 126.343719709000084, -1.81212174999996, 0.0 ], [ 126.343490821000046, -1.811875078999947, 0.0 ], [ 126.343336375000035, -1.811737450999942, 0.0 ], [ 126.343204994000075, -1.811720455999932, 0.0 ], [ 126.34309078800004, -1.811726414999953, 0.0 ], [ 126.342896651000046, -1.811744014999931, 0.0 ], [ 126.342668354000011, -1.81181914299998, 0.0 ], [ 126.342440152000108, -1.81194598899998, 0.0 ], [ 126.342343204000031, -1.812020872999938, 0.0 ], [ 126.342114802000083, -1.812038535999932, 0.0 ], [ 126.341897778000089, -1.812033192999934, 0.0 ], [ 126.341697656000065, -1.811901396999929, 0.0 ], [ 126.341628873000104, -1.811763608999968, 0.0 ], [ 126.341520145000118, -1.81164313599993, 0.0 ], [ 126.341417286000024, -1.811608847999935, 0.0 ], [ 126.341285947000074, -1.811614838999958, 0.0 ], [ 126.341177567000045, -1.811683996999932, 0.0 ], [ 126.341029243000094, -1.811770469999942, 0.0 ], [ 126.340875029000017, -1.811759262999942, 0.0 ], [ 126.340772085000026, -1.811679003999927, 0.0 ], [ 126.340617671000018, -1.811558614999967, 0.0 ], [ 126.340577674000087, -1.811547195999935, 0.0 ], [ 126.340389068000036, -1.811467095999944, 0.0 ], [ 126.34005206300003, -1.811433242999954, 0.0 ], [ 126.33976080900004, -1.811433783999973, 0.0 ], [ 126.339361133000011, -1.811480496999934, 0.0 ], [ 126.339019262000079, -1.811567471999979, 0.0 ], [ 126.338867309000079, -1.811751640999944, 0.0 ], [ 126.33867461400007, -1.811864373999924, 0.0 ], [ 126.338492016000032, -1.811946440999975, 0.0 ], [ 126.338167336000083, -1.812059418999979, 0.0 ], [ 126.338106476, -1.812090178999938, 0.0 ], [ 126.337761323000109, -1.812111251999966, 0.0 ], [ 126.337477254000078, -1.812224154999967, 0.0 ], [ 126.337294655000051, -1.812306220999972, 0.0 ], [ 126.337010436000014, -1.812337395999975, 0.0 ], [ 126.336726049000049, -1.81227662799995, 0.0 ], [ 126.336441511000089, -1.812134132999972, 0.0 ], [ 126.336157105000098, -1.812063147999936, 0.0 ], [ 126.335862677000023, -1.81206369399996, 0.0 ], [ 126.33569000600005, -1.812023150999948, 0.0 ], [ 126.335273483000037, -1.811880898999959, 0.0 ], [ 126.334928048000052, -1.811748731999955, 0.0 ], [ 126.334481179000022, -1.811667831999955, 0.0 ], [ 126.334166370000048, -1.811627551999948, 0.0 ], [ 126.333821085000068, -1.811577111999952, 0.0 ], [ 126.333506294000017, -1.811547046999976, 0.0 ], [ 126.333120472000019, -1.811537545999954, 0.0 ], [ 126.332704173000025, -1.811517884999944, 0.0 ], [ 126.33240980000005, -1.811549077999928, 0.0 ], [ 126.332034242000077, -1.811600853999948, 0.0 ], [ 126.331770439000024, -1.811693286999969, 0.0 ], [ 126.331537113000081, -1.811795878999931, 0.0 ], [ 126.331476253000119, -1.811826639999936, 0.0 ], [ 126.331253079000021, -1.811929212999928, 0.0 ], [ 126.331070479000118, -1.812011279999979, 0.0 ], [ 126.330816791000075, -1.812083261999931, 0.0 ], [ 126.330583278000063, -1.812083693999966, 0.0 ], [ 126.330410681000103, -1.812084013999936, 0.0 ], [ 126.33030430000008, -1.812029191999954, 0.0 ], [ 126.330101645000013, -1.812029566999968, 0.0 ], [ 126.329866625000022, -1.812062628999968, 0.0 ], [ 126.329720818000055, -1.812119995999979, 0.0 ], [ 126.329574951000041, -1.812144735999937, 0.0 ], [ 126.329485455000054, -1.81196545399996, 0.0 ], [ 126.329477110000084, -1.811834961999978, 0.0 ], [ 126.329444357000057, -1.811655574999975, 0.0 ], [ 126.329444283000043, -1.811614790999954, 0.0 ], [ 126.329362893000052, -1.811435493999966, 0.0 ], [ 126.32921654900008, -1.811199218999946, 0.0 ], [ 126.329054172000042, -1.811060854999937, 0.0 ], [ 126.328867729000081, -1.811061199999926, 0.0 ], [ 126.32864896600006, -1.811118701999931, 0.0 ], [ 126.32859226700009, -1.811143276999928, 0.0 ], [ 126.328487065000104, -1.811241352999957, 0.0 ], [ 126.328446832000054, -1.81140456199995, 0.0 ], [ 126.328446937000081, -1.811461658999974, 0.0 ], [ 126.328487781000035, -1.81163287399994, 0.0 ], [ 126.328504038000119, -1.811657314999934, 0.0 ], [ 126.32851233800011, -1.811763336999945, 0.0 ], [ 126.328488183000104, -1.811853105999944, 0.0 ], [ 126.328399164000075, -1.811934837999956, 0.0 ], [ 126.328204645000028, -1.811951510999961, 0.0 ], [ 126.328058613000053, -1.811886526999956, 0.0 ], [ 126.327790959000026, -1.811805454999956, 0.0 ], [ 126.327563941000108, -1.811781404999977, 0.0 ], [ 126.327353179000056, -1.811781794999945, 0.0 ], [ 126.32711821800001, -1.811847482999951, 0.0 ], [ 126.326972485000056, -1.811945633999926, 0.0 ], [ 126.32685919100004, -1.812051880999945, 0.0 ], [ 126.326851353000052, -1.812198716999944, 0.0 ], [ 126.326940805000049, -1.812353529999939, 0.0 ], [ 126.326997668000104, -1.812418677999972, 0.0 ], [ 126.327078909000079, -1.812516408999954, 0.0 ], [ 126.327298299000063, -1.81280148899998, 0.0 ], [ 126.327671647000102, -1.813053656999955, 0.0 ], [ 126.327907205000088, -1.813314236999929, 0.0 ], [ 126.328037322000114, -1.813542383999959, 0.0 ], [ 126.328078151000113, -1.813705442999947, 0.0 ], [ 126.328135178000025, -1.813860315999932, 0.0 ], [ 126.328257130000111, -1.814055850999978, 0.0 ], [ 126.328306006000048, -1.814186268999947, 0.0 ], [ 126.328314321000107, -1.814300447999926, 0.0 ], [ 126.328282239000032, -1.814488111999935, 0.0 ], [ 126.327821424000035, -1.815165974999957, 0.0 ], [ 126.327643550000062, -1.815419163999934, 0.0 ], [ 126.327391032000037, -1.815858055999968, 0.0 ], [ 126.327221205000114, -1.816078602999937, 0.0 ], [ 126.326790096000082, -1.816379162999965, 0.0 ], [ 126.326553291000096, -1.816544775999944, 0.0 ], [ 126.326346761000082, -1.816643039999974, 0.0 ], [ 126.326140209000073, -1.816729068999962, 0.0 ], [ 126.325939724000023, -1.816808968999965, 0.0 ], [ 126.32567847700011, -1.81690733399995, 0.0 ], [ 126.325477959000068, -1.816968881999969, 0.0 ], [ 126.325289590000011, -1.81702428899996, 0.0 ], [ 126.325095163000015, -1.81709194299998, 0.0 ], [ 126.324815709000063, -1.817208694999977, 0.0 ], [ 126.324706454000079, -1.817306777999931, 0.0 ], [ 126.324445240000045, -1.817423496999936, 0.0 ], [ 126.324196129000029, -1.817509603999952, 0.0 ], [ 126.323953120000056, -1.817607935999945, 0.0 ], [ 126.323643133000019, -1.817651333999947, 0.0 ], [ 126.323454674000118, -1.817657800999939, 0.0 ], [ 126.3229502370001, -1.81775661699993, 0.0 ], [ 126.322555156000021, -1.817812406999963, 0.0 ], [ 126.322251126000083, -1.817788499999949, 0.0 ], [ 126.321922765000068, -1.817758520999973, 0.0 ], [ 126.321260210000105, -1.817833158999974, 0.0 ], [ 126.320931939000047, -1.817852119999941, 0.0 ], [ 126.320542837000062, -1.817852840999933, 0.0 ], [ 126.320208407000109, -1.817828989999953, 0.0 ], [ 126.319807089000051, -1.817799144999981, 0.0 ], [ 126.319478783000022, -1.817799752999974, 0.0 ], [ 126.319199160000039, -1.817824740999924, 0.0 ], [ 126.318889194, -1.81788037299998, 0.0 ], [ 126.31852691600011, -1.817886299999941, 0.0 ], [ 126.318308157000047, -1.817947880999952, 0.0 ], [ 126.317803852000111, -1.81812010799996, 0.0 ], [ 126.317524418000062, -1.818249094999942, 0.0 ], [ 126.317366569000114, -1.818371738999929, 0.0 ], [ 126.317293690000042, -1.81841469799997, 0.0 ], [ 126.317129660000091, -1.818482294999967, 0.0 ], [ 126.316995782000049, -1.818415248999941, 0.0 ], [ 126.316837496000062, -1.818299306999961, 0.0 ], [ 126.31663671900003, -1.818220149999945, 0.0 ], [ 126.316502897000078, -1.818183690999945, 0.0 ], [ 126.31639344000007, -1.818171658999972, 0.0 ], [ 126.31620496700009, -1.81817200699993, 0.0 ], [ 126.316150261000075, -1.81817822599993, 0.0 ], [ 126.316028520000032, -1.818098921999933, 0.0 ], [ 126.315937145000021, -1.818001208999931, 0.0 ], [ 126.315821071000073, -1.817695541999967, 0.0 ], [ 126.315735429000028, -1.817408171999944, 0.0 ], [ 126.315637885000115, -1.81726152899995, 0.0 ], [ 126.315558759000055, -1.817212734999941, 0.0 ], [ 126.315431084000011, -1.817212970999947, 0.0 ], [ 126.315291350000052, -1.81726828799998, 0.0 ], [ 126.315182239000023, -1.817445900999928, 0.0 ], [ 126.315085342000089, -1.817654078999965, 0.0 ], [ 126.315006473000039, -1.817745989999935, 0.0 ], [ 126.314927470000043, -1.817764488999956, 0.0 ], [ 126.314811965000104, -1.817770819999964, 0.0 ], [ 126.314562494000029, -1.817661162999968, 0.0 ], [ 126.314446755000063, -1.817539024999974, 0.0 ], [ 126.314227203000087, -1.817166254999961, 0.0 ], [ 126.314062446000094, -1.816836205999948, 0.0 ], [ 126.31404387200007, -1.81665271199995, 0.0 ], [ 126.314043560000073, -1.816481417999967, 0.0 ], [ 126.314049271000044, -1.81627952599996, 0.0 ], [ 126.314054983000119, -1.816077632999963, 0.0 ], [ 126.314006200000108, -1.815998193999974, 0.0 ], [ 126.31389049400002, -1.815894406999973, 0.0 ], [ 126.313762708000013, -1.815833466999948, 0.0 ], [ 126.313525530000106, -1.815797198999974, 0.0 ], [ 126.313349195000114, -1.815785288999962, 0.0 ], [ 126.313197190000096, -1.815779451999958, 0.0 ], [ 126.313045151000097, -1.815755261999925, 0.0 ], [ 126.312984231000087, -1.815688079999973, 0.0 ], [ 126.312917152000068, -1.815578086999949, 0.0 ], [ 126.312850052000044, -1.815455856999961, 0.0 ], [ 126.312752620000083, -1.815370389999941, 0.0 ], [ 126.312699445000021, -1.815370487999928, 0.0 ], [ 126.312717442, -1.808590378999952, 0.0 ], [ 126.353206956, -1.808657137999944, 0.0 ], [ 126.353204099000095, -1.814831000999959, 0.0 ] ] ], [ [ [ 126.444265968000082, -1.83623816599993, 0.0 ], [ 126.444526447000044, -1.836341201999971, 0.0 ], [ 126.444901553000022, -1.836498184999925, 0.0 ], [ 126.445031201, -1.836587073999965, 0.0 ], [ 126.445297168000025, -1.836689411999942, 0.0 ], [ 126.445488043000069, -1.836723326999959, 0.0 ], [ 126.445733408000024, -1.836743420999937, 0.0 ], [ 126.445999362000066, -1.836838902999943, 0.0 ], [ 126.446401686000058, -1.836975260999964, 0.0 ], [ 126.446967666000091, -1.837166155999967, 0.0 ], [ 126.447138215000109, -1.837261822999949, 0.0 ], [ 126.447322446000044, -1.837384889999953, 0.0 ], [ 126.447506572000066, -1.837453101999927, 0.0 ], [ 126.447670267000035, -1.837528209999959, 0.0 ], [ 126.447799889000066, -1.837603384999966, 0.0 ], [ 126.447936405000064, -1.837719687999936, 0.0 ], [ 126.448134146000029, -1.837781015999951, 0.0 ], [ 126.448406888000022, -1.837862769999958, 0.0 ], [ 126.448741119000033, -1.838026686999967, 0.0 ], [ 126.448857125000018, -1.838108744999943, 0.0 ], [ 126.449068667, -1.838259185999959, 0.0 ], [ 126.449205103000054, -1.838334346999943, 0.0 ], [ 126.449450547000083, -1.838395581999976, 0.0 ], [ 126.449695885000096, -1.838401961999978, 0.0 ], [ 126.449941368000054, -1.838483767999946, 0.0 ], [ 126.450098288000049, -1.838579459999949, 0.0 ], [ 126.450275546000057, -1.838620255999956, 0.0 ], [ 126.450466367000104, -1.838626741999974, 0.0 ], [ 126.450711719000083, -1.838639977999946, 0.0 ], [ 126.451039003000119, -1.838735337999935, 0.0 ], [ 126.451379916000064, -1.838830671999972, 0.0 ], [ 126.452081988000032, -1.838918443999944, 0.0 ], [ 126.452341007000086, -1.838952224999957, 0.0 ], [ 126.452743238000039, -1.839040580999949, 0.0 ], [ 126.453090886000041, -1.839094758999977, 0.0 ], [ 126.453452071000015, -1.839100911999935, 0.0 ], [ 126.453758699000105, -1.839086600999963, 0.0 ], [ 126.454085798000051, -1.839085962999945, 0.0 ], [ 126.45449467100002, -1.839085165999961, 0.0 ], [ 126.454801339000028, -1.839091424999935, 0.0 ], [ 126.455108033000101, -1.839111397999943, 0.0 ], [ 126.455489687000068, -1.83913122499996, 0.0 ], [ 126.455830467000055, -1.839157987999954, 0.0 ], [ 126.456144002000087, -1.839191660999973, 0.0 ], [ 126.456484781000086, -1.839218423999966, 0.0 ], [ 126.456825508000065, -1.839217758999951, 0.0 ], [ 126.457254757000101, -1.839182636999965, 0.0 ], [ 126.457540835000032, -1.839113509999947, 0.0 ], [ 126.457881469000085, -1.839064846999975, 0.0 ], [ 126.458263016000046, -1.839029817999972, 0.0 ], [ 126.458610570000019, -1.839035996999939, 0.0 ], [ 126.458910396000078, -1.83902855499997, 0.0 ], [ 126.45916916200008, -1.838932052999951, 0.0 ], [ 126.459400723000044, -1.838863031999949, 0.0 ], [ 126.459673145000011, -1.838780217999954, 0.0 ], [ 126.459993189000102, -1.838656168999933, 0.0 ], [ 126.460272399000019, -1.838559627999928, 0.0 ], [ 126.460449431000029, -1.838483856999972, 0.0 ], [ 126.460817321000036, -1.838435140999934, 0.0 ], [ 126.461096755000085, -1.83845516599996, 0.0 ], [ 126.461430692000022, -1.838468226999964, 0.0 ], [ 126.461866793000013, -1.838453661999949, 0.0 ], [ 126.462207399000022, -1.838391284999943, 0.0 ], [ 126.462520773000051, -1.838342674999978, 0.0 ], [ 126.462956662000011, -1.83821839999996, 0.0 ], [ 126.463242698000045, -1.838128701999949, 0.0 ], [ 126.463726262000023, -1.83799062099996, 0.0 ], [ 126.464141706000078, -1.837866385999973, 0.0 ], [ 126.464448172000061, -1.837769790999971, 0.0 ], [ 126.464754744000061, -1.837728050999942, 0.0 ], [ 126.465088587000082, -1.837693114999979, 0.0 ], [ 126.465470197000059, -1.837692368999967, 0.0 ], [ 126.465749524000103, -1.837657538999963, 0.0 ], [ 126.465981189000104, -1.837643371999945, 0.0 ], [ 126.4663488650001, -1.83748494699995, 0.0 ], [ 126.466941154000097, -1.83718894499998, 0.0 ], [ 126.467962659000023, -1.83684410799998, 0.0 ], [ 126.46872536, -1.83657520099996, 0.0 ], [ 126.469297230000052, -1.836292952999941, 0.0 ], [ 126.469916850000118, -1.83605907499998, 0.0 ], [ 126.470496647000118, -1.835722109999949, 0.0 ], [ 126.470989419000034, -1.835407216999954, 0.0 ], [ 126.471373626000059, -1.835231248999946, 0.0 ], [ 126.471750421000024, -1.834974988999932, 0.0 ], [ 126.472025639000094, -1.834718926999926, 0.0 ], [ 126.472257520000085, -1.834565158999965, 0.0 ], [ 126.47246773400002, -1.834462538999958, 0.0 ], [ 126.47262734200001, -1.834454925999978, 0.0 ], [ 126.472728990000064, -1.834491230999959, 0.0 ], [ 126.472866944000089, -1.834542065999926, 0.0 ], [ 126.473033821000058, -1.834541739999963, 0.0 ], [ 126.473222381000028, -1.834497566999971, 0.0 ], [ 126.473356594000052, -1.834450299999958, 0.0 ], [ 126.473098945000061, -1.842988313999967, 0.0 ], [ 126.444050612000069, -1.842956491999928, 0.0 ], [ 126.444265968000082, -1.83623816599993, 0.0 ] ] ] ] } },
{ "type": "Feature", "properties": { "OBJECTID_1": 953, "Luas": 986.27, "Zona": "Pemanfaatan Terbatas", "Sub_Zona": "Pariwisata", "KKP": "Kepulauan Sula", "Area": 3, "Notes": "Merged", "Id_Zona": 5 }, "geometry": { "type": "MultiPolygon", "coordinates": [ [ [ [ 126.318796629000076, -1.843927378999979, 0.0 ], [ 126.319009645000051, -1.843819709999934, 0.0 ], [ 126.319184586000119, -1.843712111999935, 0.0 ], [ 126.319367127000078, -1.84359683699995, 0.0 ], [ 126.31954965500006, -1.843473900999925, 0.0 ], [ 126.319816059000118, -1.843412103999981, 0.0 ], [ 126.320112978000111, -1.843380897999964, 0.0 ], [ 126.320202324000093, -1.843311770999946, 0.0 ], [ 126.320287766000092, -1.84319093299996, 0.0 ], [ 126.320367466000107, -1.843052864999947, 0.0 ], [ 126.320487036000031, -1.842857256999935, 0.0 ], [ 126.320635183000036, -1.84267308799997, 0.0 ], [ 126.320823361000066, -1.842517577999956, 0.0 ], [ 126.321034468000107, -1.842407996999953, 0.0 ], [ 126.321422459000019, -1.842211884999926, 0.0 ], [ 126.321821595000074, -1.841866340999957, 0.0 ], [ 126.322129428000039, -1.84156119499994, 0.0 ], [ 126.322613867000086, -1.841020108999942, 0.0 ], [ 126.322949871000105, -1.840508033999924, 0.0 ], [ 126.323120777000099, -1.840277850999939, 0.0 ], [ 126.323194627000021, -1.840065089999939, 0.0 ], [ 126.323234285000012, -1.839892618999954, 0.0 ], [ 126.323262499000066, -1.83970867599993, 0.0 ], [ 126.323302221000063, -1.839570683999966, 0.0 ], [ 126.323399064000114, -1.839438331999929, 0.0 ], [ 126.323501576000012, -1.839282981999929, 0.0 ], [ 126.3235469870001, -1.83913348699997, 0.0 ], [ 126.323546732000068, -1.838995569999952, 0.0 ], [ 126.323483793000037, -1.838932475999968, 0.0 ], [ 126.32344936700008, -1.838846341999954, 0.0 ], [ 126.323466298000085, -1.838737124999966, 0.0 ], [ 126.3235459550001, -1.838576071999967, 0.0 ], [ 126.323648467000112, -1.838420722999956, 0.0 ], [ 126.323750829000119, -1.838184921999925, 0.0 ], [ 126.323876057, -1.837960571999929, 0.0 ], [ 126.323955767000029, -1.837828251999952, 0.0 ], [ 126.323978388000114, -1.837707531999968, 0.0 ], [ 126.323983929000065, -1.837615575999962, 0.0 ], [ 126.32395529900009, -1.837575403999949, 0.0 ], [ 126.323892414000056, -1.837541042999931, 0.0 ], [ 126.323812406000116, -1.837512459999971, 0.0 ], [ 126.323720870000102, -1.837426432999962, 0.0 ], [ 126.323692166000114, -1.837346034999939, 0.0 ], [ 126.323668917000077, -1.837127708999958, 0.0 ], [ 126.323662919000071, -1.83697256399995, 0.0 ], [ 126.323771025000042, -1.836753991999956, 0.0 ], [ 126.323930626000106, -1.836587042999952, 0.0 ], [ 126.324073030000022, -1.836385646999929, 0.0 ], [ 126.324107020000042, -1.836236172999975, 0.0 ], [ 126.324106754000013, -1.836092508999968, 0.0 ], [ 126.324083708000103, -1.835983367999972, 0.0 ], [ 126.324140489000115, -1.835805117999939, 0.0 ], [ 126.324243064000029, -1.835684248999939, 0.0 ], [ 126.324436814000023, -1.835454023999944, 0.0 ], [ 126.324522204000118, -1.835304452999935, 0.0 ], [ 126.324573454000074, -1.835223905999953, 0.0 ], [ 126.324601935000032, -1.835183626999935, 0.0 ], [ 126.324727259000042, -1.835010994999948, 0.0 ], [ 126.324841235, -1.834878610999965, 0.0 ], [ 126.325000900000077, -1.834746141999972, 0.0 ], [ 126.325080631000105, -1.834625314999926, 0.0 ], [ 126.325097711000012, -1.834596549999958, 0.0 ], [ 126.325137284000107, -1.834378107999953, 0.0 ], [ 126.325187962000086, -1.833987246999925, 0.0 ], [ 126.325210561000063, -1.833855033999953, 0.0 ], [ 126.325318646000028, -1.83362496999996, 0.0 ], [ 126.325409566000076, -1.833377698999925, 0.0 ], [ 126.325614483000095, -1.833009535999963, 0.0 ], [ 126.32580801000006, -1.832658634999973, 0.0 ], [ 126.32590472600009, -1.83245732499995, 0.0 ], [ 126.326052788000084, -1.832227186999944, 0.0 ], [ 126.326183865000075, -1.832077530999925, 0.0 ], [ 126.326314921000062, -1.831916382999964, 0.0 ], [ 126.326543033, -1.831737813999951, 0.0 ], [ 126.326851120000015, -1.831570587999977, 0.0 ], [ 126.327016495000066, -1.831438108999976, 0.0 ], [ 126.327181849000112, -1.83129413599994, 0.0 ], [ 126.32739286900005, -1.831138584999962, 0.0 ], [ 126.327506915000072, -1.831043552999972, 0.0 ], [ 126.327620959000114, -1.830948522999961, 0.0 ], [ 126.327843402000099, -1.830792950999978, 0.0 ], [ 126.328100004000021, -1.830579849999936, 0.0 ], [ 126.328367965000098, -1.830332247999934, 0.0 ], [ 126.328618824000046, -1.830101917999968, 0.0 ], [ 126.328829781000081, -1.82991188799997, 0.0 ], [ 126.329052138000065, -1.829710343999977, 0.0 ], [ 126.329895285000021, -1.828582449999942, 0.0 ], [ 126.330248507000078, -1.828116321999971, 0.0 ], [ 126.330641557000035, -1.827569668999956, 0.0 ], [ 126.331012092000037, -1.827201199999934, 0.0 ], [ 126.331553574000054, -1.826625536999927, 0.0 ], [ 126.331918492000113, -1.826308797999957, 0.0 ], [ 126.332511584000031, -1.825847969999927, 0.0 ], [ 126.333007590000079, -1.825387323999962, 0.0 ], [ 126.333458066000048, -1.825012959999981, 0.0 ], [ 126.333634766000046, -1.824828741999966, 0.0 ], [ 126.333754495000107, -1.824719334999941, 0.0 ], [ 126.333805798000071, -1.824667520999981, 0.0 ], [ 126.333942787000069, -1.824627039999939, 0.0 ], [ 126.334051273000114, -1.824615344999927, 0.0 ], [ 126.33419966200006, -1.824563348999959, 0.0 ], [ 126.334296600000016, -1.824482716999967, 0.0 ], [ 126.334324911000067, -1.824350494999976, 0.0 ], [ 126.334284712000112, -1.824229893999927, 0.0 ], [ 126.334199006000063, -1.824207067999964, 0.0 ], [ 126.33402193500001, -1.824190158999954, 0.0 ], [ 126.333850426000026, -1.824092787999973, 0.0 ], [ 126.333833145000085, -1.824012368999945, 0.0 ], [ 126.333833008000056, -1.82393766499996, 0.0 ], [ 126.333844218000081, -1.823822713999959, 0.0 ], [ 126.333895405000021, -1.823707688999946, 0.0 ], [ 126.333992226000078, -1.823563845999956, 0.0 ], [ 126.334060588000057, -1.823471773999927, 0.0 ], [ 126.334186038000098, -1.82336810299995, 0.0 ], [ 126.334311477000028, -1.823258685999974, 0.0 ], [ 126.334556539000118, -1.822982396999976, 0.0 ], [ 126.334659177000049, -1.82289600799993, 0.0 ], [ 126.334813161000056, -1.822780790999957, 0.0 ], [ 126.334967144000075, -1.822665573999927, 0.0 ], [ 126.335086915000034, -1.822579152999936, 0.0 ], [ 126.335240803000033, -1.822412217999954, 0.0 ], [ 126.335280727000054, -1.822383410999976, 0.0 ], [ 126.335366073000046, -1.822210856999959, 0.0 ], [ 126.335593516000017, -1.82167026299993, 0.0 ], [ 126.335781193000116, -1.821244673999956, 0.0 ], [ 126.33598035600005, -1.820853540999963, 0.0 ], [ 126.336219601000039, -1.820519798999953, 0.0 ], [ 126.336424697000098, -1.820249331999946, 0.0 ], [ 126.336703961000012, -1.819938501999957, 0.0 ], [ 126.336983171000043, -1.819598938999945, 0.0 ], [ 126.337342367000019, -1.819276466999952, 0.0 ], [ 126.337633210000035, -1.81905181299993, 0.0 ], [ 126.337906953000015, -1.818844429999956, 0.0 ], [ 126.338095138000085, -1.818694670999946, 0.0 ], [ 126.338146452000046, -1.818648603999975, 0.0 ], [ 126.338488820000066, -1.818492810999942, 0.0 ], [ 126.338677174000054, -1.818434995999951, 0.0 ], [ 126.338945512, -1.818394269999942, 0.0 ], [ 126.339179659000024, -1.818393833999949, 0.0 ], [ 126.339379603000111, -1.818427940999925, 0.0 ], [ 126.339579601000082, -1.818490778999944, 0.0 ], [ 126.339642495000021, -1.818530886999952, 0.0 ], [ 126.339688340000066, -1.818616998999971, 0.0 ], [ 126.339677024000025, -1.818674483999928, 0.0 ], [ 126.339574334000076, -1.818732139999952, 0.0 ], [ 126.339477376000104, -1.818801278999956, 0.0 ], [ 126.33944894800004, -1.81887028899996, 0.0 ], [ 126.339449096000067, -1.818950738999945, 0.0 ], [ 126.339494963000107, -1.819048343999953, 0.0 ], [ 126.339626483000075, -1.819140041999958, 0.0 ], [ 126.339815101000113, -1.819225887999949, 0.0 ], [ 126.340077919, -1.819288608999955, 0.0 ], [ 126.340323540000099, -1.819316882999942, 0.0 ], [ 126.340523485000062, -1.819350988999929, 0.0 ], [ 126.340826246, -1.819396395999945, 0.0 ], [ 126.341168910000079, -1.819401502999938, 0.0 ], [ 126.341454444000078, -1.819395223999948, 0.0 ], [ 126.341688547000103, -1.819371801999978, 0.0 ], [ 126.341882569000063, -1.819290989999956, 0.0 ], [ 126.341922461000081, -1.819244943999934, 0.0 ], [ 126.342133340000032, -1.819014691999939, 0.0 ], [ 126.342218738000042, -1.818870871999934, 0.0 ], [ 126.342349813000055, -1.818721219999929, 0.0 ], [ 126.3425038580001, -1.818640481999978, 0.0 ], [ 126.342652299000065, -1.818617218999975, 0.0 ], [ 126.342783649000012, -1.818616973999951, 0.0 ], [ 126.343035139000108, -1.818731433999972, 0.0 ], [ 126.3432351780001, -1.818817257999967, 0.0 ], [ 126.343349502000024, -1.818874508999954, 0.0 ], [ 126.343412554000111, -1.819000812999946, 0.0 ], [ 126.343418413000109, -1.819081251999933, 0.0 ], [ 126.343367238000042, -1.819202022999946, 0.0 ], [ 126.343310415000019, -1.819357282999931, 0.0 ], [ 126.343265025000051, -1.819518267999968, 0.0 ], [ 126.34325960000001, -1.819673431999945, 0.0 ], [ 126.3432770820001, -1.819863031999944, 0.0 ], [ 126.343334371000083, -1.819960614999957, 0.0 ], [ 126.343483044000095, -1.820063772999958, 0.0 ], [ 126.343665973000043, -1.820161120999956, 0.0 ], [ 126.34399165100001, -1.820246708999946, 0.0 ], [ 126.344214396000098, -1.820257785999956, 0.0 ], [ 126.344379874000083, -1.820182773999932, 0.0 ], [ 126.344516818000102, -1.82011930699997, 0.0 ], [ 126.344619444000045, -1.820027171999925, 0.0 ], [ 126.344847677000075, -1.819917563999979, 0.0 ], [ 126.34504744100002, -1.819853979999948, 0.0 ], [ 126.345229976000041, -1.819738709999967, 0.0 ], [ 126.345378268000104, -1.81963499799997, 0.0 ], [ 126.34544104500003, -1.81961189499998, 0.0 ], [ 126.345612244000108, -1.819542617999957, 0.0 ], [ 126.345869084000014, -1.819461687999933, 0.0 ], [ 126.346051683000042, -1.819380896999974, 0.0 ], [ 126.346142951000047, -1.819323261999955, 0.0 ], [ 126.346234070000037, -1.819185177999941, 0.0 ], [ 126.346285245000104, -1.819064406999928, 0.0 ], [ 126.346387839000045, -1.818955033999941, 0.0 ], [ 126.346513287000107, -1.818851363999954, 0.0 ], [ 126.347038250000082, -1.818614779999962, 0.0 ], [ 126.34744901800002, -1.818389901999979, 0.0 ], [ 126.347665606000078, -1.818159640999966, 0.0 ], [ 126.347853809000071, -1.818021375999933, 0.0 ], [ 126.3480761510001, -1.817814089999956, 0.0 ], [ 126.348338425000065, -1.817583742999943, 0.0 ], [ 126.348703410000098, -1.817307233999941, 0.0 ], [ 126.349131182000065, -1.817013367999948, 0.0 ], [ 126.349541980000026, -1.816805730999931, 0.0 ], [ 126.349935508000044, -1.816523421999932, 0.0 ], [ 126.350437520000014, -1.816229417999978, 0.0 ], [ 126.350785403000032, -1.815970180999955, 0.0 ], [ 126.350979412000015, -1.815883622999934, 0.0 ], [ 126.35116778400004, -1.815837299999941, 0.0 ], [ 126.351310512000055, -1.815814047999936, 0.0 ], [ 126.35156163900001, -1.815733128999966, 0.0 ], [ 126.351669943000047, -1.815623745999972, 0.0 ], [ 126.35170555600007, -1.815530481999929, 0.0 ], [ 126.351761329000055, -1.815475590999938, 0.0 ], [ 126.351849369000092, -1.815442278999967, 0.0 ], [ 126.351975480000078, -1.815399447999937, 0.0 ], [ 126.352063520000115, -1.815335202999961, 0.0 ], [ 126.352144422000038, -1.815289993999954, 0.0 ], [ 126.352218185000083, -1.81530902999998, 0.0 ], [ 126.35229670800004, -1.815356617999953, 0.0 ], [ 126.352391886000078, -1.815373273999967, 0.0 ], [ 126.35246564900001, -1.815339961999939, 0.0 ], [ 126.352534653000021, -1.815249542999936, 0.0 ], [ 126.352579863000074, -1.815209091999975, 0.0 ], [ 126.352658385000041, -1.815192434999972, 0.0 ], [ 126.352741666000043, -1.81520433299994, 0.0 ], [ 126.352820189000113, -1.815218609999931, 0.0 ], [ 126.352929644000028, -1.815211470999941, 0.0 ], [ 126.352986751000117, -1.815178157999981, 0.0 ], [ 126.353020063000031, -1.81510915399997, 0.0 ], [ 126.35307479100004, -1.815037770999936, 0.0 ], [ 126.353131898000015, -1.81499256099994, 0.0 ], [ 126.35320566200005, -1.81495924799998, 0.0 ], [ 126.353246112000079, -1.814923556999929, 0.0 ], [ 126.353272286000106, -1.814847413999928, 0.0 ], [ 126.353241353000044, -1.814835516999949, 0.0 ], [ 126.353218643000105, -1.814832763999959, 0.0 ], [ 126.355161515000077, -1.814817059999939, 0.0 ], [ 126.355158333000077, -1.815499551999949, 0.0 ], [ 126.346500816000116, -1.820627797999975, 0.0 ], [ 126.339990061000094, -1.820283377999942, 0.0 ], [ 126.322696286000109, -1.846022824999977, 0.0 ], [ 126.318606963000093, -1.843971126999975, 0.0 ], [ 126.318796629000076, -1.843927378999979, 0.0 ] ], [ [ 126.336335951000024, -1.822812025999951, 0.0 ], [ 126.336243219000039, -1.822829169999977, 0.0 ], [ 126.336184298000035, -1.822888678999959, 0.0 ], [ 126.336150660000044, -1.822939654999971, 0.0 ], [ 126.335982344000058, -1.82312664899996, 0.0 ], [ 126.33599936600001, -1.823211472999958, 0.0 ], [ 126.336058491000017, -1.823262274999934, 0.0 ], [ 126.33617666300006, -1.823321452999949, 0.0 ], [ 126.336269441000013, -1.823329765999972, 0.0 ], [ 126.336387503000083, -1.823329544999979, 0.0 ], [ 126.336522384000091, -1.823303836999969, 0.0 ], [ 126.336564486000043, -1.823269815999936, 0.0 ], [ 126.336555834000023, -1.823151035999956, 0.0 ], [ 126.336555615000066, -1.823032238999929, 0.0 ], [ 126.336513169000114, -1.822879579999949, 0.0 ], [ 126.336335951000024, -1.822812025999951, 0.0 ] ], [ [ 126.354147928000089, -1.815104394999935, 0.0 ], [ 126.354081303000044, -1.815111533999925, 0.0 ], [ 126.354012299000033, -1.815140086999975, 0.0 ], [ 126.353948054000057, -1.815137707999952, 0.0 ], [ 126.353886188000047, -1.815123430999961, 0.0 ], [ 126.353802906000055, -1.815094877999968, 0.0 ], [ 126.353750558000115, -1.815066323999929, 0.0 ], [ 126.353700589000027, -1.815037770999936, 0.0 ], [ 126.353693451000026, -1.814997319999975, 0.0 ], [ 126.353726764000044, -1.814971144999959, 0.0 ], [ 126.35372914300001, -1.81493069499993, 0.0 ], [ 126.353681554000104, -1.814909279999938, 0.0 ], [ 126.353567339000051, -1.814909279999938, 0.0 ], [ 126.353493576000119, -1.814916417999939, 0.0 ], [ 126.353424572000108, -1.814940212999943, 0.0 ], [ 126.353355568000097, -1.814947350999944, 0.0 ], [ 126.353312738000113, -1.814983042999927, 0.0 ], [ 126.353288942000063, -1.815044908999937, 0.0 ], [ 126.353272286000106, -1.815123430999961, 0.0 ], [ 126.353288942000063, -1.81520433299994, 0.0 ], [ 126.353310358000044, -1.815289993999954, 0.0 ], [ 126.353346049000038, -1.815363756999943, 0.0 ], [ 126.353434089000075, -1.815456555999958, 0.0 ], [ 126.3535149920001, -1.815520800999934, 0.0 ], [ 126.353617308000025, -1.815613599999949, 0.0 ], [ 126.353769594000028, -1.815665947999946, 0.0 ], [ 126.353933776000076, -1.815675465999959, 0.0 ], [ 126.354088442000034, -1.815661189999958, 0.0 ], [ 126.35416934400007, -1.815646912999966, 0.0 ], [ 126.354271660000109, -1.815608840999971, 0.0 ], [ 126.354288316000066, -1.815570769999965, 0.0 ], [ 126.35428355800002, -1.815499385999942, 0.0 ], [ 126.354233589000046, -1.815461313999947, 0.0 ], [ 126.354195518000097, -1.815428001999976, 0.0 ], [ 126.354166964000115, -1.815378033999934, 0.0 ], [ 126.354188379000107, -1.815304269999956, 0.0 ], [ 126.354207415000019, -1.815247162999981, 0.0 ], [ 126.354226451000045, -1.815161502999956, 0.0 ], [ 126.354197897000063, -1.815130569999951, 0.0 ], [ 126.354147928000089, -1.815104394999935, 0.0 ] ] ], [ [ [ 126.361597455000037, -1.823319829999946, 0.0 ], [ 126.360951428000021, -1.823402319999957, 0.0 ], [ 126.360418664, -1.823582126999952, 0.0 ], [ 126.360317824000049, -1.823643717999971, 0.0 ], [ 126.360136985000054, -1.823657994999962, 0.0 ], [ 126.359913316000075, -1.823672270999964, 0.0 ], [ 126.359718200000088, -1.823724618999961, 0.0 ], [ 126.359451701000012, -1.823772208999969, 0.0 ], [ 126.359275620000062, -1.823772208999969, 0.0 ], [ 126.359056710000118, -1.823772208999969, 0.0 ], [ 126.358790210000052, -1.823796002999927, 0.0 ], [ 126.35853798800008, -1.823881663999941, 0.0 ], [ 126.358342872000094, -1.823953047999964, 0.0 ], [ 126.358204862000093, -1.824000635999937, 0.0 ], [ 126.358004988000062, -1.824062501999947, 0.0 ], [ 126.357828908000101, -1.82413388599997, 0.0 ], [ 126.357671864000054, -1.824157680999974, 0.0 ], [ 126.357486265000034, -1.824176716999943, 0.0 ], [ 126.357215007000036, -1.824152921999939, 0.0 ], [ 126.356991338000057, -1.824081537999973, 0.0 ], [ 126.356815258000097, -1.824086297999941, 0.0 ], [ 126.356567793000067, -1.824072020999949, 0.0 ], [ 126.356405990000098, -1.824038707999932, 0.0 ], [ 126.356287017000113, -1.824019671999963, 0.0 ], [ 126.356049072000019, -1.824029190999966, 0.0 ], [ 126.35569691, -1.823967324999956, 0.0 ], [ 126.35534951000011, -1.823919734999947, 0.0 ], [ 126.355021144000034, -1.823881663999941, 0.0 ], [ 126.354711814000098, -1.82388642199993, 0.0 ], [ 126.354345377000072, -1.823881663999941, 0.0 ], [ 126.35413122600005, -1.823843591999946, 0.0 ], [ 126.353821896000113, -1.823715101999937, 0.0 ], [ 126.353612503000022, -1.823619922999967, 0.0 ], [ 126.353384075, -1.823539021999977, 0.0 ], [ 126.353227030000085, -1.823510467999938, 0.0 ], [ 126.353117575000056, -1.823519985999951, 0.0 ], [ 126.353008120000027, -1.82350570899996, 0.0 ], [ 126.352984325000079, -1.823448601999928, 0.0 ], [ 126.352946254000017, -1.823362940999971, 0.0 ], [ 126.352889147000042, -1.823310592999974, 0.0 ], [ 126.352808245000119, -1.823291557999937, 0.0 ], [ 126.352741620000074, -1.823291557999937, 0.0 ], [ 126.35261313, -1.823343904999945, 0.0 ], [ 126.35257505800007, -1.823396252999942, 0.0 ], [ 126.352560781000079, -1.82344384299995, 0.0 ], [ 126.352560781000079, -1.823486672999934, 0.0 ], [ 126.352598853000018, -1.823534261999953, 0.0 ], [ 126.352679754000064, -1.823596127999963, 0.0 ], [ 126.352770174000057, -1.823657994999962, 0.0 ], [ 126.352846317000058, -1.823691305999944, 0.0 ], [ 126.352917700000035, -1.823753172999943, 0.0 ], [ 126.352998602000071, -1.823800761999962, 0.0 ], [ 126.353017638000097, -1.823853110999949, 0.0 ], [ 126.352999792000105, -1.823917355999924, 0.0 ], [ 126.353006930000106, -1.823995877999948, 0.0 ], [ 126.353042623000078, -1.82405298499998, 0.0 ], [ 126.353074745000072, -1.824163628999941, 0.0 ], [ 126.353078314000072, -1.824238582999953, 0.0 ], [ 126.353017638000097, -1.824338520999959, 0.0 ], [ 126.352917700000035, -1.824456303999966, 0.0 ], [ 126.352842747000068, -1.824531256999933, 0.0 ], [ 126.352785640000093, -1.824588363999965, 0.0 ], [ 126.352735671000119, -1.824627624999948, 0.0 ], [ 126.352692841000021, -1.824695438999925, 0.0 ], [ 126.352628596000045, -1.824723992999964, 0.0 ], [ 126.352542935000088, -1.824731130999965, 0.0 ], [ 126.352471551, -1.824681161999933, 0.0 ], [ 126.352421583000023, -1.824688300999981, 0.0 ], [ 126.352332353000065, -1.824720423999963, 0.0 ], [ 126.352235985000107, -1.824773961999938, 0.0 ], [ 126.352078941000059, -1.824916728999938, 0.0 ], [ 126.351968295, -1.825013097999943, 0.0 ], [ 126.35190048100003, -1.825105896999958, 0.0 ], [ 126.351811251000072, -1.825220110999965, 0.0 ], [ 126.351750575000096, -1.82528078699994, 0.0 ], [ 126.351682760000017, -1.825309340999979, 0.0 ], [ 126.351575684000068, -1.825302201999932, 0.0 ], [ 126.351461471000107, -1.825316477999934, 0.0 ], [ 126.351365102000045, -1.825373584999966, 0.0 ], [ 126.351286580000078, -1.825409277999938, 0.0 ], [ 126.351150951000022, -1.825409277999938, 0.0 ], [ 126.350993906000099, -1.825398569999948, 0.0 ], [ 126.350840431000051, -1.825398569999948, 0.0 ], [ 126.350761909000084, -1.825352170999963, 0.0 ], [ 126.350719078000111, -1.825241524999967, 0.0 ], [ 126.350647695000021, -1.825191556999926, 0.0 ], [ 126.350515635000079, -1.825145157999941, 0.0 ], [ 126.350351452000041, -1.825145157999941, 0.0 ], [ 126.350087332000044, -1.825155864999942, 0.0 ], [ 126.349837488000048, -1.825177280999981, 0.0 ], [ 126.34974468900009, -1.825198694999926, 0.0 ], [ 126.349648321000018, -1.825230817999966, 0.0 ], [ 126.349612629000035, -1.825284355999941, 0.0 ], [ 126.349573368000051, -1.825370016999955, 0.0 ], [ 126.349573368000051, -1.825469953999971, 0.0 ], [ 126.349594783000043, -1.825555614999928, 0.0 ], [ 126.349648321000018, -1.825637705999952, 0.0 ], [ 126.349769673000083, -1.825691243999927, 0.0 ], [ 126.349851765000039, -1.825709089999975, 0.0 ], [ 126.349976686000105, -1.825730504999967, 0.0 ], [ 126.350073055000053, -1.825748350999959, 0.0 ], [ 126.350130162000028, -1.82576262799995, 0.0 ], [ 126.350172992000012, -1.825823303999925, 0.0 ], [ 126.350172992000012, -1.825926810999931, 0.0 ], [ 126.350172992000012, -1.826051731999939, 0.0 ], [ 126.350169423000011, -1.82620163799993, 0.0 ], [ 126.350148008000019, -1.826326559999927, 0.0 ], [ 126.350148008000019, -1.826419357999953, 0.0 ], [ 126.350183699000013, -1.826512157999957, 0.0 ], [ 126.350233668000101, -1.82654784999994, 0.0 ], [ 126.350397851000025, -1.826569264999932, 0.0 ], [ 126.350515635000079, -1.826554987999941, 0.0 ], [ 126.35064055600003, -1.826562126999931, 0.0 ], [ 126.350744062000103, -1.826608525999973, 0.0 ], [ 126.350918954, -1.82668704799994, 0.0 ], [ 126.351043875000073, -1.826762000999963, 0.0 ], [ 126.351175935000015, -1.826847660999931, 0.0 ], [ 126.351254457000095, -1.826954736999937, 0.0 ], [ 126.351290149000079, -1.827015413999959, 0.0 ], [ 126.351261595000096, -1.827108212999974, 0.0 ], [ 126.351218765000112, -1.827208149999933, 0.0 ], [ 126.351179504000015, -1.827308086999949, 0.0 ], [ 126.351150951000022, -1.827390178999963, 0.0 ], [ 126.351140244000021, -1.827493685999968, 0.0 ], [ 126.351083136000057, -1.827575776999936, 0.0 ], [ 126.350976061000097, -1.82766500699995, 0.0 ], [ 126.350879692000035, -1.827747097999975, 0.0 ], [ 126.350858277000043, -1.827832758999932, 0.0 ], [ 126.350861846000043, -1.827929126999948, 0.0 ], [ 126.350918954, -1.827979095999979, 0.0 ], [ 126.35100461400009, -1.827996940999981, 0.0 ], [ 126.351108121000038, -1.828018356999962, 0.0 ], [ 126.351240181000094, -1.828075463999937, 0.0 ], [ 126.351372241000036, -1.82810044799993, 0.0 ], [ 126.351525715000093, -1.828114723999931, 0.0 ], [ 126.351657775000035, -1.82813970899997, 0.0 ], [ 126.351775559000089, -1.828189677999944, 0.0 ], [ 126.35190405000003, -1.828228938999928, 0.0 ], [ 126.351982572000111, -1.828250353999977, 0.0 ], [ 126.352021834000084, -1.828278906999969, 0.0 ], [ 126.35210806900011, -1.828441775999977, 0.0 ], [ 126.352722307000022, -1.828635682999959, 0.0 ], [ 126.353061765, -1.828748829999938, 0.0 ], [ 126.353207369000074, -1.828862341999979, 0.0 ], [ 126.353320844000109, -1.829073445999938, 0.0 ], [ 126.353337361000058, -1.829268476999971, 0.0 ], [ 126.35348302400007, -1.829414498999938, 0.0 ], [ 126.353709219000052, -1.829430327999944, 0.0 ], [ 126.353935414000034, -1.829446157999939, 0.0 ], [ 126.354177733000029, -1.829445700999941, 0.0 ], [ 126.354371528000115, -1.829412825999952, 0.0 ], [ 126.35461384700011, -1.829412369999943, 0.0 ], [ 126.354791729000112, -1.829509565999956, 0.0 ], [ 126.35503438100011, -1.829687914999965, 0.0 ], [ 126.35527697200007, -1.829833753999935, 0.0 ], [ 126.355616491000092, -1.829979410999954, 0.0 ], [ 126.356165928000109, -1.830075905999934, 0.0 ], [ 126.356666751000034, -1.83009121799995, 0.0 ], [ 126.356892915000117, -1.830090790999975, 0.0 ], [ 126.357280412000023, -1.829976274999979, 0.0 ], [ 126.357587168, -1.829878165999958, 0.0 ], [ 126.357958480000093, -1.829747425999926, 0.0 ], [ 126.358394381000039, -1.829600307999954, 0.0 ], [ 126.358650390000093, -1.829564688999938, 0.0 ], [ 126.359000910000077, -1.829518546999964, 0.0 ], [ 126.359224579000056, -1.82944716399993, 0.0 ], [ 126.359443490000103, -1.829409092999924, 0.0 ], [ 126.359681436000074, -1.829380538999942, 0.0 ], [ 126.359890829000051, -1.829351985999949, 0.0 ], [ 126.360190641000031, -1.829304395999941, 0.0 ], [ 126.36047617600002, -1.829247288999966, 0.0 ], [ 126.360666533000085, -1.829199699999947, 0.0 ], [ 126.360852131000115, -1.829123556999946, 0.0 ], [ 126.360952068000074, -1.829042655999956, 0.0 ], [ 126.361175738000043, -1.829009342999939, 0.0 ], [ 126.361461273000032, -1.829009342999939, 0.0 ], [ 126.361808674000031, -1.828952235999964, 0.0 ], [ 126.362570102000063, -1.828771396999969, 0.0 ], [ 126.3630126810001, -1.828719048999972, 0.0 ], [ 126.363569475000077, -1.828790432999938, 0.0 ], [ 126.364230966000036, -1.828833262999979, 0.0 ], [ 126.364540296000087, -1.828904646999945, 0.0 ], [ 126.364921009000113, -1.829037895999932, 0.0 ], [ 126.365430214000071, -1.829042655999956, 0.0 ], [ 126.365877553000018, -1.829042655999956, 0.0 ], [ 126.366196400000035, -1.82892844099996, 0.0 ], [ 126.366539043000103, -1.828842779999945, 0.0 ], [ 126.366796025000099, -1.828809468999964, 0.0 ], [ 126.367257640000048, -1.828752360999943, 0.0 ], [ 126.368023826000012, -1.828595316999952, 0.0 ], [ 126.36835695100001, -1.828547726999943, 0.0 ], [ 126.368761459000098, -1.828414476999967, 0.0 ], [ 126.369146932000035, -1.828262192999944, 0.0 ], [ 126.369522887000016, -1.82809562999995, 0.0 ], [ 126.369851252000103, -1.828038522999975, 0.0 ], [ 126.370093957000108, -1.828052799999966, 0.0 ], [ 126.370251002000032, -1.828090870999972, 0.0 ], [ 126.370389011000043, -1.828133700999956, 0.0 ], [ 126.370617438000068, -1.828119423999965, 0.0 ], [ 126.370845867000071, -1.828071835999936, 0.0 ], [ 126.371064777000015, -1.827938585999959, 0.0 ], [ 126.371502598, -1.82775298699994, 0.0 ], [ 126.371902348000049, -1.827510282999924, 0.0 ], [ 126.372311615000058, -1.827319925999973, 0.0 ], [ 126.372801784000103, -1.827143845999956, 0.0 ], [ 126.373453756000117, -1.826967764999949, 0.0 ], [ 126.373853506000046, -1.826905899999929, 0.0 ], [ 126.37396772000011, -1.826901140999951, 0.0 ], [ 126.374281809000081, -1.826896380999926, 0.0 ], [ 126.374524513000097, -1.826863069999945, 0.0 ], [ 126.374733906000074, -1.826872586999968, 0.0 ], [ 126.374905228000102, -1.826905899999929, 0.0 ], [ 126.375162209000109, -1.826986800999975, 0.0 ], [ 126.375371602000087, -1.826996318999932, 0.0 ], [ 126.375771351000026, -1.826991559999954, 0.0 ], [ 126.376118752000025, -1.826891622999938, 0.0 ], [ 126.376299592, -1.826863069999945, 0.0 ], [ 126.376489948000085, -1.826872586999968, 0.0 ], [ 126.376613681000094, -1.826901140999951, 0.0 ], [ 126.376708859000018, -1.826791684999932, 0.0 ], [ 126.376813555000012, -1.826658434999956, 0.0 ], [ 126.376956322000069, -1.826639399999976, 0.0 ], [ 126.377075296000044, -1.826634640999941, 0.0 ], [ 126.37720854500003, -1.826653676999968, 0.0 ], [ 126.377541671000017, -1.826658434999956, 0.0 ], [ 126.377803411000059, -1.826715542999978, 0.0 ], [ 126.377946178000116, -1.826715542999978, 0.0 ], [ 126.378112741000109, -1.82670126599993, 0.0 ], [ 126.378279303000113, -1.826706024999964, 0.0 ], [ 126.378412553000089, -1.82674409599997, 0.0 ], [ 126.378550573000098, -1.826816160999954, 0.0 ], [ 126.378659819000063, -1.826925673999938, 0.0 ], [ 126.378708806000077, -1.82720597499997, 0.0 ], [ 126.378563897000049, -1.827462260999937, 0.0 ], [ 126.378394871000069, -1.827779548999956, 0.0 ], [ 126.378237916000103, -1.828072431999942, 0.0 ], [ 126.378020359000061, -1.828353237999977, 0.0 ], [ 126.377717969000059, -1.828622013999961, 0.0 ], [ 126.377306333000092, -1.828781277999951, 0.0 ], [ 126.377040291000071, -1.829049985999973, 0.0 ], [ 126.3767739970001, -1.829184591999933, 0.0 ], [ 126.376543982000044, -1.829282556999942, 0.0 ], [ 126.376362406000112, -1.829368238999962, 0.0 ], [ 126.376011257000073, -1.829478623999933, 0.0 ], [ 126.375902558, -1.82966169599996, 0.0 ], [ 126.375902969000094, -1.829881134999937, 0.0 ], [ 126.37594006900008, -1.830283369999961, 0.0 ], [ 126.376074049000067, -1.830661039999939, 0.0 ], [ 126.376135336000061, -1.831038846999945, 0.0 ], [ 126.376244674000077, -1.831197123999971, 0.0 ], [ 126.376499195000065, -1.831245404999947, 0.0 ], [ 126.376838365000026, -1.831208187999948, 0.0 ], [ 126.377734309000061, -1.830877329999964, 0.0 ], [ 126.37821852400009, -1.830656971999929, 0.0 ], [ 126.378666416000101, -1.830448873999956, 0.0 ], [ 126.379150585000048, -1.830204133999928, 0.0 ], [ 126.379428948000054, -1.830045122999934, 0.0 ], [ 126.379913482, -1.829995438999958, 0.0 ], [ 126.380531380000093, -1.829994265999972, 0.0 ], [ 126.380931195000016, -1.829993506999926, 0.0 ], [ 126.38130689400009, -1.830053748999944, 0.0 ], [ 126.381692614000031, -1.830193639999948, 0.0 ], [ 126.382161084000018, -1.830192749999981, 0.0 ], [ 126.382387090000066, -1.830111047999935, 0.0 ], [ 126.382693866000068, -1.830029191999927, 0.0 ], [ 126.383097750000047, -1.830044678999968, 0.0 ], [ 126.383356674000083, -1.830288006999979, 0.0 ], [ 126.383518642000013, -1.830515263999928, 0.0 ], [ 126.383551530000091, -1.830824039999925, 0.0 ], [ 126.383455185000116, -1.831133061999935, 0.0 ], [ 126.383262221000109, -1.831604812999956, 0.0 ], [ 126.383053041000039, -1.832044086999929, 0.0 ], [ 126.382908295000107, -1.832385709999926, 0.0 ], [ 126.38269926800001, -1.832906256999934, 0.0 ], [ 126.382683602000043, -1.83316636099994, 0.0 ], [ 126.382603442000118, -1.833491606999928, 0.0 ], [ 126.382426296000062, -1.833784527999967, 0.0 ], [ 126.3821847480001, -1.834191353999927, 0.0 ], [ 126.382169021000095, -1.834418949999929, 0.0 ], [ 126.382282528000019, -1.834646298999928, 0.0 ], [ 126.382476379000082, -1.834645929999965, 0.0 ], [ 126.382638379000014, -1.834889441999962, 0.0 ], [ 126.382687514000054, -1.835246950999931, 0.0 ], [ 126.382591446000106, -1.835702263999963, 0.0 ], [ 126.382382114000052, -1.836060265999947, 0.0 ], [ 126.382237491000069, -1.836466907999977, 0.0 ], [ 126.382222071000115, -1.836857048999946, 0.0 ], [ 126.382303332000106, -1.837116968999965, 0.0 ], [ 126.382529828000088, -1.837295338999979, 0.0 ], [ 126.38277253900003, -1.837506185999928, 0.0 ], [ 126.382853616000034, -1.837668577999978, 0.0 ], [ 126.382870229000105, -1.837912366999944, 0.0 ], [ 126.383064539000088, -1.838155815999926, 0.0 ], [ 126.383067002000075, -1.838156223999931, 0.0 ], [ 126.335648460000016, -1.838285970999948, 0.0 ], [ 126.336429722000048, -1.832249489999924, 0.0 ], [ 126.351925358000017, -1.823068064999973, 0.0 ], [ 126.362102684000092, -1.822804129999952, 0.0 ], [ 126.362106537000045, -1.823305390999963, 0.0 ], [ 126.361597455000037, -1.823319829999946, 0.0 ] ], [ [ 126.352179473000092, -1.823240200999976, 0.0 ], [ 126.35214854000003, -1.823261615999968, 0.0 ], [ 126.352100951000011, -1.823266374999946, 0.0 ], [ 126.352055741000072, -1.823249718999932, 0.0 ], [ 126.351996254000028, -1.823242579999942, 0.0 ], [ 126.351932008000063, -1.823225923999928, 0.0 ], [ 126.351901075000114, -1.823230682999963, 0.0 ], [ 126.351872522, -1.823254477999967, 0.0 ], [ 126.351872522, -1.823280651999937, 0.0 ], [ 126.351882040000078, -1.823316342999931, 0.0 ], [ 126.35191059400006, -1.823354414999926, 0.0 ], [ 126.351953424000044, -1.82336393199995, 0.0 ], [ 126.351989115000038, -1.823390105999977, 0.0 ], [ 126.35202718700009, -1.82341390199997, 0.0 ], [ 126.352065258000039, -1.823428177999972, 0.0 ], [ 126.352146160000075, -1.823440074999951, 0.0 ], [ 126.352205647000119, -1.823430557999927, 0.0 ], [ 126.352250857000058, -1.823382967999976, 0.0 ], [ 126.352284169000086, -1.823342517999947, 0.0 ], [ 126.352284169000086, -1.82330206599994, 0.0 ], [ 126.352274651000016, -1.823259235999956, 0.0 ], [ 126.352234200000112, -1.823244958999965, 0.0 ], [ 126.352179473000092, -1.823240200999976, 0.0 ] ], [ [ 126.338665294000066, -1.834179028999927, 0.0 ], [ 126.338729197000021, -1.834178908999945, 0.0 ], [ 126.338780223000072, -1.834127372999944, 0.0 ], [ 126.338792885000089, -1.834063048999951, 0.0 ], [ 126.338722377000067, -1.833947440999964, 0.0 ], [ 126.338619989000108, -1.833870472999934, 0.0 ], [ 126.338408943000104, -1.833780848999936, 0.0 ], [ 126.338319420000062, -1.83374886699994, 0.0 ], [ 126.338159555000061, -1.833691296999973, 0.0 ], [ 126.337999608000018, -1.833588716999941, 0.0 ], [ 126.33780768500003, -1.83347333699993, 0.0 ], [ 126.337743591000049, -1.833370575999936, 0.0 ], [ 126.337634742000091, -1.833255039999926, 0.0 ], [ 126.337583524000024, -1.833203695999941, 0.0 ], [ 126.337500391000049, -1.833171701999959, 0.0 ], [ 126.337410903000091, -1.833159009999974, 0.0 ], [ 126.337321475000067, -1.833178467999971, 0.0 ], [ 126.337200298000084, -1.83330729599993, 0.0 ], [ 126.337174904000108, -1.83339736399995, 0.0 ], [ 126.337187875000041, -1.833500219999962, 0.0 ], [ 126.337290310000071, -1.833602908999978, 0.0 ], [ 126.337482174000115, -1.833686138999951, 0.0 ], [ 126.337648369000021, -1.83371154699995, 0.0 ], [ 126.337827440000069, -1.833788370999969, 0.0 ], [ 126.338032096, -1.833878006999953, 0.0 ], [ 126.338185665000083, -1.833987028999957, 0.0 ], [ 126.338326371000107, -1.834051064999926, 0.0 ], [ 126.338518246000035, -1.834140724999941, 0.0 ], [ 126.338665294000066, -1.834179028999927, 0.0 ] ] ], [ [ [ 126.484301438000102, -1.819282946999977, 0.0 ], [ 126.484219815000074, -1.819283105999943, 0.0 ], [ 126.48410552100006, -1.819272377999937, 0.0 ], [ 126.483953263000103, -1.819327427999951, 0.0 ], [ 126.483806257000083, -1.819283909999967, 0.0 ], [ 126.483599479000077, -1.819284312999969, 0.0 ], [ 126.48345268300011, -1.819350302999965, 0.0 ], [ 126.483311392000019, -1.819449135999946, 0.0 ], [ 126.483159155000067, -1.819515137999929, 0.0 ], [ 126.482919884000012, -1.819597734999945, 0.0 ], [ 126.482539196000062, -1.819713458999956, 0.0 ], [ 126.482419598000092, -1.819773921999968, 0.0 ], [ 126.482251141, -1.819894708999925, 0.0 ], [ 126.482115333000024, -1.82001543299998, 0.0 ], [ 126.48195225500001, -1.820103357999926, 0.0 ], [ 126.481509117000087, -1.820211142999938, 0.0 ], [ 126.481118498000114, -1.820280107999963, 0.0 ], [ 126.480931306000116, -1.820388797999954, 0.0 ], [ 126.480791869000086, -1.820449249999967, 0.0 ], [ 126.48062445100004, -1.820473647999961, 0.0 ], [ 126.480492872000013, -1.820473903999925, 0.0 ], [ 126.480381191000106, -1.820454060999964, 0.0 ], [ 126.480245632000106, -1.820458335999945, 0.0 ], [ 126.480134059000079, -1.82049466199993, 0.0 ], [ 126.480010554000046, -1.820547058999978, 0.0 ], [ 126.479847116000087, -1.820567436999966, 0.0 ], [ 126.47963978700011, -1.820571851999944, 0.0 ], [ 126.47946433300001, -1.820564168999965, 0.0 ], [ 126.479360610000072, -1.820536285999935, 0.0 ], [ 126.479141227000014, -1.82049257999995, 0.0 ], [ 126.478790226000115, -1.820429068999943, 0.0 ], [ 126.478650657000117, -1.820421315999965, 0.0 ], [ 126.478514991000111, -1.820369421999942, 0.0 ], [ 126.478439141000081, -1.820321423999928, 0.0 ], [ 126.478343400000085, -1.820297537999977, 0.0 ], [ 126.478271676000077, -1.820321749999948, 0.0 ], [ 126.478223945000082, -1.820382023999969, 0.0 ], [ 126.478172303000065, -1.820482425999955, 0.0 ], [ 126.478092673000106, -1.820542761999945, 0.0 ], [ 126.477981084000021, -1.820571063999978, 0.0 ], [ 126.477881426000067, -1.82058329399996, 0.0 ], [ 126.477777788000026, -1.820599542999958, 0.0 ], [ 126.477395066000099, -1.820628370999941, 0.0 ], [ 126.476936431000013, -1.820577104999927, 0.0 ], [ 126.476764864000074, -1.820517256999949, 0.0 ], [ 126.476693009000087, -1.820473263999929, 0.0 ], [ 126.476597215000083, -1.820421291999935, 0.0 ], [ 126.476493538000113, -1.820417481999925, 0.0 ], [ 126.476357979000113, -1.820421756999963, 0.0 ], [ 126.476206663000085, -1.820526364999978, 0.0 ], [ 126.476151065000067, -1.820642823999947, 0.0 ], [ 126.476139257000114, -1.820723088999955, 0.0 ], [ 126.476111631000094, -1.820871589999967, 0.0 ], [ 126.476079964000064, -1.820992013999955, 0.0 ], [ 126.476006447000032, -1.821176485999956, 0.0 ], [ 126.475905632000035, -1.821278321999955, 0.0 ], [ 126.475799459000086, -1.821358769999961, 0.0 ], [ 126.475687918000062, -1.821412480999925, 0.0 ], [ 126.475602887000036, -1.821428694999952, 0.0 ], [ 126.475475295000024, -1.821428942999944, 0.0 ], [ 126.475198793000118, -1.821402731999967, 0.0 ], [ 126.474996690000012, -1.821360328999958, 0.0 ], [ 126.474783933000026, -1.821307247999925, 0.0 ], [ 126.474528614000064, -1.821238200999971, 0.0 ], [ 126.474321174000011, -1.821185108999941, 0.0 ], [ 126.474092478000102, -1.821137406999981, 0.0 ], [ 126.473863793000078, -1.821095055999933, 0.0 ], [ 126.473672332000092, -1.821057980999967, 0.0 ], [ 126.473470156000076, -1.820978130999947, 0.0 ], [ 126.473055244000079, -1.82085589899998, 0.0 ], [ 126.472741538000037, -1.820835108999972, 0.0 ], [ 126.472417239000038, -1.820835738999961, 0.0 ], [ 126.472162084000047, -1.820852281999976, 0.0 ], [ 126.471779419000086, -1.820911868999929, 0.0 ], [ 126.47146594700007, -1.821014116999947, 0.0 ], [ 126.471295905000034, -1.821057242999927, 0.0 ], [ 126.47113644500007, -1.821073599999977, 0.0 ], [ 126.470982280000044, -1.821079248999979, 0.0 ], [ 126.470727104000048, -1.821085092999965, 0.0 ], [ 126.470328407000011, -1.821101914999929, 0.0 ], [ 126.469935056000054, -1.821134774999962, 0.0 ], [ 126.469663992000051, -1.821172746999935, 0.0 ], [ 126.469079354000087, -1.821259471999952, 0.0 ], [ 126.468717880000099, -1.821281570999929, 0.0 ], [ 126.468446775000075, -1.821298144999957, 0.0 ], [ 126.468282049000095, -1.82134125999994, 0.0 ], [ 126.468202878000056, -1.821364661999951, 0.0 ], [ 126.468151862000013, -1.821369725999944, 0.0 ], [ 126.468098325000028, -1.821351879999952, 0.0 ], [ 126.468048356000054, -1.821341172999951, 0.0 ], [ 126.467969834000087, -1.821312618999968, 0.0 ], [ 126.467873465000025, -1.821294772999977, 0.0 ], [ 126.467762821000065, -1.821291204999966, 0.0 ], [ 126.467641468000011, -1.821294772999977, 0.0 ], [ 126.467527254000061, -1.821319757999959, 0.0 ], [ 126.467423748000101, -1.821362587999943, 0.0 ], [ 126.467284549000055, -1.821433971999966, 0.0 ], [ 126.467170335000105, -1.821473232999949, 0.0 ], [ 126.467048982000051, -1.821483939999951, 0.0 ], [ 126.466881231000116, -1.821516062999933, 0.0 ], [ 126.466709909000087, -1.821498216999942, 0.0 ], [ 126.466599265000013, -1.821491078999941, 0.0 ], [ 126.466435082000089, -1.821498216999942, 0.0 ], [ 126.466349421000018, -1.821508924999932, 0.0 ], [ 126.466270899000051, -1.821512494999979, 0.0 ], [ 126.466235543000039, -1.821505710999929, 0.0 ], [ 126.466038672000082, -1.821420499999931, 0.0 ], [ 126.465852516000041, -1.821378064999976, 0.0 ], [ 126.465485367000042, -1.821212940999942, 0.0 ], [ 126.465224678000027, -1.821117153999978, 0.0 ], [ 126.464932102000034, -1.821026778999965, 0.0 ], [ 126.464469124000061, -1.820792295999979, 0.0 ], [ 126.464204742000106, -1.820621175999975, 0.0 ], [ 126.463949146000118, -1.820407688999978, 0.0 ], [ 126.463856926000062, -1.820372203999966, 0.0 ], [ 126.463771850000057, -1.82036523599993, 0.0 ], [ 126.463601697000058, -1.82035129999997, 0.0 ], [ 126.463467138000055, -1.820415754999942, 0.0 ], [ 126.463410579000083, -1.820494323999981, 0.0 ], [ 126.463340007000056, -1.820658512999955, 0.0 ], [ 126.463276510000014, -1.820815554999967, 0.0 ], [ 126.463212931000044, -1.820929800999977, 0.0 ], [ 126.463149297000086, -1.821015516999978, 0.0 ], [ 126.463135298000111, -1.821108268999978, 0.0 ], [ 126.463156809000111, -1.821236615999965, 0.0 ], [ 126.463234919000115, -1.821307791999971, 0.0 ], [ 126.463362609000114, -1.821357473999967, 0.0 ], [ 126.463497346000054, -1.82138574399994, 0.0 ], [ 126.46366755300005, -1.821428210999954, 0.0 ], [ 126.46387298500008, -1.821356485999956, 0.0 ], [ 126.46395791100008, -1.821284994999928, 0.0 ], [ 126.464127968000071, -1.821249001999945, 0.0 ], [ 126.464340693000054, -1.821284253999977, 0.0 ], [ 126.46456058800004, -1.821362287999932, 0.0 ], [ 126.464723638, -1.821369104999974, 0.0 ], [ 126.464900852000028, -1.821368760999974, 0.0 ], [ 126.465092434000098, -1.821468247999974, 0.0 ], [ 126.465213021000068, -1.821510810999939, 0.0 ], [ 126.465347935000068, -1.821631804999924, 0.0 ], [ 126.465582199000096, -1.821809668999947, 0.0 ], [ 126.465752638000026, -1.821973389999926, 0.0 ], [ 126.465837960000044, -1.822108745999969, 0.0 ], [ 126.465980072000093, -1.822286787999928, 0.0 ], [ 126.466143463000094, -1.822471920999931, 0.0 ], [ 126.4662925, -1.822564356999976, 0.0 ], [ 126.466434298000081, -1.822578346999933, 0.0 ], [ 126.466568912000071, -1.822542422999959, 0.0 ], [ 126.466710628000101, -1.822513617999959, 0.0 ], [ 126.466944523000052, -1.822498898999925, 0.0 ], [ 126.467171315000087, -1.822477060999972, 0.0 ], [ 126.467398217000095, -1.82251228399997, 0.0 ], [ 126.467540219000057, -1.822633264999979, 0.0 ], [ 126.467561622000062, -1.822704549999969, 0.0 ], [ 126.467554711000048, -1.822797287999947, 0.0 ], [ 126.467526507000116, -1.822875801999942, 0.0 ], [ 126.467491283000072, -1.822989992999965, 0.0 ], [ 126.467477406000057, -1.823146938999969, 0.0 ], [ 126.467470386000059, -1.82318261599994, 0.0 ], [ 126.46742796400008, -1.823239759999979, 0.0 ], [ 126.467272126000012, -1.823297122999975, 0.0 ], [ 126.46716604400001, -1.823425716999964, 0.0 ], [ 126.467123676000028, -1.823511391999943, 0.0 ], [ 126.467010519000041, -1.823647131999962, 0.0 ], [ 126.466890178000085, -1.823732957999937, 0.0 ], [ 126.466542976000028, -1.823804957999926, 0.0 ], [ 126.466280700000084, -1.823805466999943, 0.0 ], [ 126.466082234000055, -1.823812983999971, 0.0 ], [ 126.465841237000063, -1.823820584999964, 0.0 ], [ 126.465642758000058, -1.823820969999929, 0.0 ], [ 126.465316643000051, -1.823800203999951, 0.0 ], [ 126.464990488000012, -1.823758039999973, 0.0 ], [ 126.464692727000056, -1.823737219999941, 0.0 ], [ 126.463522896000086, -1.823625363999952, 0.0 ], [ 126.463104643000065, -1.823611908999965, 0.0 ], [ 126.462835400000017, -1.823676624999962, 0.0 ], [ 126.462644022000063, -1.823684128999957, 0.0 ], [ 126.462388847000057, -1.82369175599996, 0.0 ], [ 126.462069861000032, -1.823692373999961, 0.0 ], [ 126.461708344000044, -1.823693073999948, 0.0 ], [ 126.461531143000116, -1.823700549999955, 0.0 ], [ 126.461396528000023, -1.823736474999976, 0.0 ], [ 126.461332894000066, -1.82382218999993, 0.0 ], [ 126.461304758000097, -1.823936368999966, 0.0 ], [ 126.461304949, -1.824036225999976, 0.0 ], [ 126.461390204000054, -1.824135918999957, 0.0 ], [ 126.461468355000079, -1.824228492999964, 0.0 ], [ 126.461518153000043, -1.824321121999958, 0.0 ], [ 126.461518440000077, -1.824470908999956, 0.0 ], [ 126.461518672000011, -1.824592163999966, 0.0 ], [ 126.461455175000083, -1.824749206999968, 0.0 ], [ 126.461427107000077, -1.824899048999953, 0.0 ], [ 126.46143440100002, -1.825006024999936, 0.0 ], [ 126.461484226000039, -1.825112919999981, 0.0 ], [ 126.461534023000013, -1.825205548999975, 0.0 ], [ 126.46165472000007, -1.825305172999947, 0.0 ], [ 126.46173275000001, -1.825333551999961, 0.0 ], [ 126.461810833000072, -1.825390462999962, 0.0 ], [ 126.461867692000055, -1.82546881199994, 0.0 ], [ 126.461874890000104, -1.825525859999971, 0.0 ], [ 126.461860836000028, -1.825590081999962, 0.0 ], [ 126.461782916000061, -1.825618763999955, 0.0 ], [ 126.461733310000113, -1.82562599299996, 0.0 ], [ 126.461641076000092, -1.825583374999951, 0.0 ], [ 126.461541685000043, -1.825505107999959, 0.0 ], [ 126.461463711000079, -1.825505258999954, 0.0 ], [ 126.461421220000034, -1.82552673999993, 0.0 ], [ 126.461371764000091, -1.825612427999943, 0.0 ], [ 126.461272620000045, -1.825662548999958, 0.0 ], [ 126.461138018000042, -1.825705606999975, 0.0 ], [ 126.460897102000104, -1.825756002999981, 0.0 ], [ 126.460493147000079, -1.825806714999942, 0.0 ], [ 126.459961652000061, -1.82588620599995, 0.0 ], [ 126.459479805000115, -1.825979864999965, 0.0 ], [ 126.45911843600004, -1.826059025999939, 0.0 ], [ 126.458764087000077, -1.826102508999952, 0.0 ], [ 126.458586995000019, -1.826167046999956, 0.0 ], [ 126.458452311000087, -1.826167307999981, 0.0 ], [ 126.458362047000037, -1.826226920999943, 0.0 ], [ 126.458262109000088, -1.826250714999958, 0.0 ], [ 126.45809078800005, -1.826250714999958, 0.0 ], [ 126.457900431000098, -1.826236437999967, 0.0 ], [ 126.457667244000049, -1.826217401999941, 0.0 ], [ 126.457472128000063, -1.826217401999941, 0.0 ], [ 126.457167557000048, -1.826217401999941, 0.0 ], [ 126.456991476000098, -1.826198366999961, 0.0 ], [ 126.456853468000077, -1.826160294999966, 0.0 ], [ 126.456705942000099, -1.826079393999976, 0.0 ], [ 126.456634558000019, -1.825984214999949, 0.0 ], [ 126.456577451000044, -1.825850964999972, 0.0 ], [ 126.456520343000079, -1.825784340999974, 0.0 ], [ 126.456434683000111, -1.825727232999952, 0.0 ], [ 126.456301433000021, -1.825674884999955, 0.0 ], [ 126.456087282000112, -1.825651090999941, 0.0 ], [ 126.455711326000028, -1.825608260999957, 0.0 ], [ 126.455425792000028, -1.825613018999945, 0.0 ], [ 126.45514977400012, -1.825632054999971, 0.0 ], [ 126.454868997000062, -1.825693920999925, 0.0 ], [ 126.454654846000039, -1.82579385799994, 0.0 ], [ 126.454440694000027, -1.825889036999968, 0.0 ], [ 126.454126606000045, -1.825860482999929, 0.0 ], [ 126.453936249000094, -1.825808134999932, 0.0 ], [ 126.453655473000026, -1.825746268999978, 0.0 ], [ 126.453412767000032, -1.825679643999933, 0.0 ], [ 126.453155786000025, -1.825689161999946, 0.0 ], [ 126.452927357000021, -1.825660608999954, 0.0 ], [ 126.452641822000032, -1.825603501999979, 0.0 ], [ 126.452446706000046, -1.825489287999972, 0.0 ], [ 126.452227796000102, -1.825427421999962, 0.0 ], [ 126.451994608000064, -1.825465492999967, 0.0 ], [ 126.45171383200011, -1.825536875999944, 0.0 ], [ 126.451480645000061, -1.825598741999954, 0.0 ], [ 126.451199868000117, -1.825632054999971, 0.0 ], [ 126.451009512000041, -1.825579705999928, 0.0 ], [ 126.451061860000095, -1.825460733999932, 0.0 ], [ 126.451256975000092, -1.825408385999935, 0.0 ], [ 126.451552029000027, -1.825356037999939, 0.0 ], [ 126.451680520000082, -1.825256099999933, 0.0 ], [ 126.451780457000041, -1.825108572999966, 0.0 ], [ 126.45201364400009, -1.82498960099997, 0.0 ], [ 126.45243718800009, -1.82477068999998, 0.0 ], [ 126.452765554000052, -1.824737377999952, 0.0 ], [ 126.453155786000025, -1.824718341999926, 0.0 ], [ 126.453555535000078, -1.824699305999957, 0.0 ], [ 126.454231302000039, -1.824627921999934, 0.0 ], [ 126.454726230000119, -1.824594609999963, 0.0 ], [ 126.455211640000016, -1.824518466999962, 0.0 ], [ 126.455678015000103, -1.824532743999953, 0.0 ], [ 126.45580174600002, -1.824480395999956, 0.0 ], [ 126.456020656000078, -1.824513708999973, 0.0 ], [ 126.456258603000038, -1.824518466999962, 0.0 ], [ 126.456506066000088, -1.824608885999965, 0.0 ], [ 126.456853468000077, -1.824713582999948, 0.0 ], [ 126.457510199000012, -1.824808761999975, 0.0 ], [ 126.458019404000083, -1.82477068999998, 0.0 ], [ 126.458352528000091, -1.824732618999974, 0.0 ], [ 126.458538127000111, -1.824699305999957, 0.0 ], [ 126.458651593000013, -1.824660861999973, 0.0 ], [ 126.458775494000065, -1.824654539999926, 0.0 ], [ 126.459058902000038, -1.824582663999934, 0.0 ], [ 126.459306716000015, -1.824432396999953, 0.0 ], [ 126.45977386800007, -1.824067722999928, 0.0 ], [ 126.460078037000017, -1.82373189499998, 0.0 ], [ 126.460481336000043, -1.823338813999953, 0.0 ], [ 126.460891956000069, -1.82306697599995, 0.0 ], [ 126.461359134000077, -1.822716567999976, 0.0 ], [ 126.461946436000062, -1.822166211999956, 0.0 ], [ 126.462406416000022, -1.821758756999941, 0.0 ], [ 126.46261182100011, -1.821672765999949, 0.0 ], [ 126.462717958000098, -1.821572702999958, 0.0 ], [ 126.462809919000051, -1.821472666999966, 0.0 ], [ 126.462830912000072, -1.821329971999944, 0.0 ], [ 126.462887280000018, -1.821151544999964, 0.0 ], [ 126.462971920000086, -1.820930267999927, 0.0 ], [ 126.463084860000095, -1.820680403999972, 0.0 ], [ 126.463190766000025, -1.820459085999971, 0.0 ], [ 126.463310958000079, -1.820294800999932, 0.0 ], [ 126.46337453700005, -1.820180554999979, 0.0 ], [ 126.463395462000108, -1.820002195999962, 0.0 ], [ 126.463402182000095, -1.819809599999928, 0.0 ], [ 126.463451475000056, -1.819638319999967, 0.0 ], [ 126.463578633000111, -1.819409827999948, 0.0 ], [ 126.463748445000078, -1.819245446999957, 0.0 ], [ 126.463911196000026, -1.819095345999926, 0.0 ], [ 126.46408812300001, -1.818945216999964, 0.0 ], [ 126.464236656000026, -1.81877374499993, 0.0 ], [ 126.464477394000028, -1.818630624999969, 0.0 ], [ 126.464668417000098, -1.818437672999949, 0.0 ], [ 126.464831085000014, -1.818244775999972, 0.0 ], [ 126.464972488000058, -1.818051919999959, 0.0 ], [ 126.465135157000077, -1.817859022999926, 0.0 ], [ 126.465305037, -1.81773030599993, 0.0 ], [ 126.46552457700011, -1.817622890999928, 0.0 ], [ 126.465659041000094, -1.817508507999946, 0.0 ], [ 126.46579341000006, -1.817344196999954, 0.0 ], [ 126.465920609000023, -1.817137102999936, 0.0 ], [ 126.46605489600006, -1.816929995999942, 0.0 ], [ 126.466238911000119, -1.816779853999947, 0.0 ], [ 126.466430152000044, -1.816701024999929, 0.0 ], [ 126.466670930000078, -1.816579303999958, 0.0 ], [ 126.466869231000032, -1.816486195999971, 0.0 ], [ 126.467067587000088, -1.816421617999936, 0.0 ], [ 126.467463727000109, -1.81599289199994, 0.0 ], [ 126.46769706300006, -1.815685736999967, 0.0 ], [ 126.468121488000065, -1.815221292999979, 0.0 ], [ 126.468588172000068, -1.814614114999927, 0.0 ], [ 126.468757847, -1.814378408999971, 0.0 ], [ 126.468877998000039, -1.814192727999966, 0.0 ], [ 126.468884774000117, -1.814028662999931, 0.0 ], [ 126.468884556000035, -1.813914540999974, 0.0 ], [ 126.468912815000067, -1.813864557999977, 0.0 ], [ 126.469019047000074, -1.813814423999929, 0.0 ], [ 126.469182041000067, -1.813792710999962, 0.0 ], [ 126.469359349000115, -1.81384229799994, 0.0 ], [ 126.469515472000012, -1.813934720999953, 0.0 ], [ 126.469636194000032, -1.814048609999929, 0.0 ], [ 126.469863230000101, -1.814155161999963, 0.0 ], [ 126.470054687000015, -1.814190454999959, 0.0 ], [ 126.47030281100001, -1.81420424099997, 0.0 ], [ 126.470522513000105, -1.814182418999962, 0.0 ], [ 126.470735072000025, -1.814132078999933, 0.0 ], [ 126.471025604000033, -1.814081589999944, 0.0 ], [ 126.471202816000073, -1.814081246999933, 0.0 ], [ 126.471351810000101, -1.814152285999967, 0.0 ], [ 126.471543416000031, -1.814266037999971, 0.0 ], [ 126.471692451000081, -1.81435847399996, 0.0 ], [ 126.471940657000118, -1.814415054999927, 0.0 ], [ 126.472139188000028, -1.81444320199995, 0.0 ], [ 126.472344781000061, -1.814457069999946, 0.0 ], [ 126.472493611000118, -1.814442516999975, 0.0 ], [ 126.472571584000093, -1.81444236599998, 0.0 ], [ 126.472621204, -1.814442269999972, 0.0 ], [ 126.472706292000112, -1.814456370999949, 0.0 ], [ 126.472855191, -1.814477480999926, 0.0 ], [ 126.473039437000011, -1.814448593999941, 0.0 ], [ 126.473344022000106, -1.814333882999961, 0.0 ], [ 126.473620145000041, -1.81416216599996, 0.0 ], [ 126.474491275000105, -1.813768186999937, 0.0 ], [ 126.474788677000106, -1.813603561999969, 0.0 ], [ 126.475008119000108, -1.813446219999946, 0.0 ], [ 126.475192241000059, -1.813353139999947, 0.0 ], [ 126.475411819000101, -1.813267123999935, 0.0 ], [ 126.475546404000056, -1.813216934999957, 0.0 ], [ 126.475737751000111, -1.813195167999936, 0.0 ], [ 126.475851166000098, -1.813194947999932, 0.0 ], [ 126.47592205, -1.81319481099996, 0.0 ], [ 126.476099220000037, -1.813173070999937, 0.0 ], [ 126.476233628000045, -1.813030158999936, 0.0 ], [ 126.476268403000063, -1.812680592999925, 0.0 ], [ 126.476268103000052, -1.812523676999945, 0.0 ], [ 126.476324538000085, -1.812380914999949, 0.0 ], [ 126.47640238800011, -1.81231657099994, 0.0 ], [ 126.476494524000032, -1.812309260999939, 0.0 ], [ 126.476621966000039, -1.812230555999975, 0.0 ], [ 126.476721109000096, -1.812180435999949, 0.0 ], [ 126.476813054000104, -1.812073268999939, 0.0 ], [ 126.476901230000067, -1.811906373999932, 0.0 ], [ 126.476969889000088, -1.811843050999926, 0.0 ], [ 126.477080391000072, -1.811767609999947, 0.0 ], [ 126.477157537000039, -1.811715643999946, 0.0 ], [ 126.477709668000102, -1.811711001999925, 0.0 ], [ 126.484301438000102, -1.819282946999977, 0.0 ] ] ], [ [ [ 126.233663064000098, -1.878608462999978, 0.0 ], [ 126.233695104000049, -1.878607059999979, 0.0 ], [ 126.233913897000093, -1.878555261999963, 0.0 ], [ 126.23409618200003, -1.87848884899995, 0.0 ], [ 126.234263807000048, -1.878385755999943, 0.0 ], [ 126.23442413600003, -1.878282676999959, 0.0 ], [ 126.234613731000081, -1.878223591999927, 0.0 ], [ 126.235036846000071, -1.878186095999979, 0.0 ], [ 126.235532870000043, -1.878119097999956, 0.0 ], [ 126.236262400000101, -1.878066347999948, 0.0 ], [ 126.236940856000047, -1.878013692999957, 0.0 ], [ 126.237524252000071, -1.87795798999997, 0.0 ], [ 126.237746877000063, -1.87798268399996, 0.0 ], [ 126.237953890000085, -1.878000528999962, 0.0 ], [ 126.238271548000057, -1.878050497999936, 0.0 ], [ 126.238474992000079, -1.878104035999968, 0.0 ], [ 126.238639174000014, -1.878182557999935, 0.0 ], [ 126.238756958000067, -1.878211111999974, 0.0 ], [ 126.238892587, -1.878261080999948, 0.0 ], [ 126.238969257, -1.878308489999938, 0.0 ], [ 126.238991734000024, -1.878354913999942, 0.0 ], [ 126.239035795000063, -1.87850900199993, 0.0 ], [ 126.239130890000069, -1.878640969999935, 0.0 ], [ 126.239298906000045, -1.878750777999926, 0.0 ], [ 126.239525374000095, -1.878904524999939, 0.0 ], [ 126.239715265000086, -1.879006949999962, 0.0 ], [ 126.240014437000013, -1.879021073999979, 0.0 ], [ 126.240291694, -1.879020555999944, 0.0 ], [ 126.240547034000087, -1.879005395999968, 0.0 ], [ 126.240751342000067, -1.879012355999976, 0.0 ], [ 126.241160201000071, -1.879158419999953, 0.0 ], [ 126.241423122000015, -1.879297415999929, 0.0 ], [ 126.24164944100005, -1.879370406999954, 0.0 ], [ 126.241926819000014, -1.879435960999956, 0.0 ], [ 126.242481439000017, -1.879493655999966, 0.0 ], [ 126.242787880000037, -1.879493082999943, 0.0 ], [ 126.243181671000116, -1.879382224999972, 0.0 ], [ 126.243436821000046, -1.879264285999966, 0.0 ], [ 126.243640898000081, -1.879146441999978, 0.0 ], [ 126.243896048000011, -1.879028502999972, 0.0 ], [ 126.24400542300009, -1.878991590999931, 0.0 ], [ 126.244151374000012, -1.879006000999937, 0.0 ], [ 126.244348670000022, -1.879167142999961, 0.0 ], [ 126.244443723000018, -1.879277085999945, 0.0 ], [ 126.244538737000084, -1.879365004999954, 0.0 ], [ 126.24480144000006, -1.879386536999959, 0.0 ], [ 126.245341114000098, -1.879253382999934, 0.0 ], [ 126.245508750000113, -1.879157630999941, 0.0 ], [ 126.245639918000052, -1.879069288999972, 0.0 ], [ 126.245807500000069, -1.878944171999933, 0.0 ], [ 126.245989755000096, -1.878863075999959, 0.0 ], [ 126.246376290000057, -1.878774255999929, 0.0 ], [ 126.24651484900005, -1.878737289999947, 0.0 ], [ 126.246704346000115, -1.878626814999961, 0.0 ], [ 126.246813613000086, -1.878531172999942, 0.0 ], [ 126.246871792000093, -1.878428284999927, 0.0 ], [ 126.246988232000035, -1.878266556999961, 0.0 ], [ 126.247046439000087, -1.878178351999964, 0.0 ], [ 126.247243137000055, -1.878016472999946, 0.0 ], [ 126.247468992000108, -1.877839857999959, 0.0 ], [ 126.247855377000064, -1.877670283999976, 0.0 ], [ 126.248103229000094, -1.877552357999946, 0.0 ], [ 126.248365742000033, -1.877471111999967, 0.0 ], [ 126.24865747900003, -1.877411835999965, 0.0 ], [ 126.248927356000081, -1.877367281999966, 0.0 ], [ 126.249233645000118, -1.877285953999944, 0.0 ], [ 126.249488725000106, -1.877131308999935, 0.0 ], [ 126.249999966000019, -1.876814716999945, 0.0 ], [ 126.250815076000094, -1.876291912999932, 0.0 ], [ 126.251368767000031, -1.875850396999965, 0.0 ], [ 126.251849674000027, -1.875504454999941, 0.0 ], [ 126.251976607000074, -1.875411037999925, 0.0 ], [ 126.253393891000087, -1.877496039999926, 0.0 ], [ 126.248944726000104, -1.880961136999929, 0.0 ], [ 126.245293091, -1.881586565999953, 0.0 ], [ 126.242313361000015, -1.881427016999965, 0.0 ], [ 126.23366666600009, -1.880555554999944, 0.0 ], [ 126.233663064000098, -1.878608462999978, 0.0 ] ], [ [ 126.246737432000032, -1.878749107999965, 0.0 ], [ 126.246703168000067, -1.878746252999974, 0.0 ], [ 126.246693650000111, -1.87878432399998, 0.0 ], [ 126.24669269900005, -1.878817635999951, 0.0 ], [ 126.246707927000102, -1.87885665999994, 0.0 ], [ 126.246730770000113, -1.878881405999948, 0.0 ], [ 126.246762179000029, -1.87887664699997, 0.0 ], [ 126.246775504000084, -1.878852852999955, 0.0 ], [ 126.246788829000025, -1.878811925999969, 0.0 ], [ 126.246786925000038, -1.878786226999978, 0.0 ], [ 126.246759323000106, -1.878759577999972, 0.0 ], [ 126.246737432000032, -1.878749107999965, 0.0 ] ], [ [ 126.247129409000081, -1.878540428999941, 0.0 ], [ 126.247081819000073, -1.878469045999964, 0.0 ], [ 126.247022334, -1.878473804999942, 0.0 ], [ 126.246979502000045, -1.878519014999938, 0.0 ], [ 126.246996159000105, -1.878607054999975, 0.0 ], [ 126.247038989000089, -1.878668919999939, 0.0 ], [ 126.247081819000073, -1.878685575999953, 0.0 ], [ 126.247124650000046, -1.87866416199995, 0.0 ], [ 126.247131788000047, -1.878597535999972, 0.0 ], [ 126.247129409000081, -1.878540428999941, 0.0 ] ] ], [ [ [ 126.218311377000077, -1.907547690999934, 0.0 ], [ 126.218309661000035, -1.909743872999968, 0.0 ], [ 126.213390289000017, -1.909739968999929, 0.0 ], [ 126.213392012000099, -1.907543794999981, 0.0 ], [ 126.218311377000077, -1.907547690999934, 0.0 ] ] ], [ [ [ 126.10441030800007, -1.925402663999932, 0.0 ], [ 126.104408669, -1.926373275999936, 0.0 ], [ 126.103467763000026, -1.926371664999976, 0.0 ], [ 126.103469404000066, -1.925401054999952, 0.0 ], [ 126.10441030800007, -1.925402663999932, 0.0 ] ] ] ] } }
]
}
