{
"type": "FeatureCollection",
"name": "zonasi_rao_dehegila",
"crs": { "type": "name", "properties": { "name": "urn:ogc:def:crs:OGC:1.3:CRS84" } },
"features": [
{ "type": "Feature", "properties": { "Id_Zona": 25, "Zona": "Perikanan Berkelanjutan", "Sub_Zona": "Penangkapan Ikan", "Luas": 12061.2118405, "KKP": "Pulau Rao - Tanjung Dehegila" }, "geometry": { "type": "MultiPolygon", "coordinates": [ [ [ [ 128.154762739100391, 2.136305144301233, 0.0 ], [ 128.156770135090454, 2.134348229915688, 0.0 ], [ 128.163670196417769, 2.12759837988159, 0.0 ], [ 128.166194978060958, 2.125126665196042, 0.0 ], [ 128.167780976436774, 2.123568299055358, 0.0 ], [ 128.168048673215822, 2.123309707298455, 0.0 ], [ 128.168354089392977, 2.123023926609415, 0.0 ], [ 128.168610890245759, 2.122796044362654, 0.0 ], [ 128.168770661484103, 2.122661427819139, 0.0 ], [ 128.169025497557072, 2.122458674829795, 0.0 ], [ 128.169292528564483, 2.122260703866636, 0.0 ], [ 128.169634461455871, 2.122023766810863, 0.0 ], [ 128.169933938711665, 2.121825946171016, 0.0 ], [ 128.172803590790835, 2.11999308782272, 0.0 ], [ 128.181864462214207, 2.114191323178718, 0.0 ], [ 128.184081361555712, 2.112776197261616, 0.0 ], [ 128.184365496572212, 2.112592119127213, 0.0 ], [ 128.184647371688897, 2.112404935945741, 0.0 ], [ 128.184900387524976, 2.11222927417171, 0.0 ], [ 128.185074116498413, 2.112101572751784, 0.0 ], [ 128.185293518427301, 2.111929928690127, 0.0 ], [ 128.185425394870634, 2.111822302339137, 0.0 ], [ 128.185686127623711, 2.111603025112356, 0.0 ], [ 128.185944542003199, 2.111380664525875, 0.0 ], [ 128.18825426463124, 2.109367096512767, 0.0 ], [ 128.188470109163603, 2.109178926813335, 0.0 ], [ 128.194779938389587, 2.103692009400163, 0.0 ], [ 128.199319324603579, 2.099744589442656, 0.0 ], [ 128.20176086089154, 2.097622332494024, 0.0 ], [ 128.203530304183914, 2.096089026007247, 0.0 ], [ 128.203797913154403, 2.095854572931265, 0.0 ], [ 128.204062732392771, 2.09561731942267, 0.0 ], [ 128.204193238924404, 2.095496780632369, 0.0 ], [ 128.204359813517499, 2.09533709965031, 0.0 ], [ 128.204484174747876, 2.095211664526343, 0.0 ], [ 128.204607428984417, 2.095081036233462, 0.0 ], [ 128.204839188736827, 2.094822017362563, 0.0 ], [ 128.205178084822563, 2.094424910374756, 0.0 ], [ 128.207111548291181, 2.092103254770115, 0.0 ], [ 128.216467208369636, 2.080900866461572, 0.0 ], [ 128.218541377454358, 2.078407908827304, 0.0 ], [ 128.218889105902662, 2.077994478199079, 0.0 ], [ 128.219050927854568, 2.077806893039182, 0.0 ], [ 128.219279021629262, 2.077552087501088, 0.0 ], [ 128.219468204480421, 2.077351869965443, 0.0 ], [ 128.21963753996431, 2.077182322327948, 0.0 ], [ 128.219835773543537, 2.076995559324474, 0.0 ], [ 128.220013450950205, 2.076838181293181, 0.0 ], [ 128.220232306879979, 2.076655509251204, 0.0 ], [ 128.220453453546128, 2.076480834367262, 0.0 ], [ 128.220688399608861, 2.076302976531088, 0.0 ], [ 128.221118642844743, 2.075988516853041, 0.0 ], [ 128.22226851826062, 2.07516285426658, 0.0 ], [ 128.224080226732752, 2.073855293378351, 0.0 ], [ 128.224387281724802, 2.073640229978037, 0.0 ], [ 128.224576736175408, 2.073511625254204, 0.0 ], [ 128.224813527861215, 2.07335695771622, 0.0 ], [ 128.225014035813473, 2.073232095410111, 0.0 ], [ 128.225245263577875, 2.073095396542972, 0.0 ], [ 128.225454788510206, 2.072977751258855, 0.0 ], [ 128.225749543260207, 2.072820275995638, 0.0 ], [ 128.226082784475096, 2.0726499538302, 0.0 ], [ 128.229457081338722, 2.070983294630208, 0.0 ], [ 128.230074659943142, 2.070681854657485, 0.0 ], [ 128.230435202430584, 2.070512917799912, 0.0 ], [ 128.23080131693095, 2.070351714583804, 0.0 ], [ 128.231164798011918, 2.070204781533756, 0.0 ], [ 128.231551261040039, 2.070061715143704, 0.0 ], [ 128.2318872441667, 2.069945000567206, 0.0 ], [ 128.232369465567416, 2.069783771116828, 0.0 ], [ 128.236500514899006, 2.068425522994105, 0.0 ], [ 128.237537759410316, 2.06808622223917, 0.0 ], [ 128.238165960207283, 2.067880726551163, 0.0 ], [ 128.23863723078793, 2.067723313334976, 0.0 ], [ 128.238949270385064, 2.067613597183661, 0.0 ], [ 128.239104044343748, 2.067555953998143, 0.0 ], [ 128.239356837016089, 2.067454089495872, 0.0 ], [ 128.239572402084946, 2.067355735102982, 0.0 ], [ 128.239837036005355, 2.067219784861657, 0.0 ], [ 128.240146923281799, 2.067046793252735, 0.0 ], [ 128.240606886995096, 2.066776606876333, 0.0 ], [ 128.240870405173354, 2.066618766703066, 0.0 ], [ 128.240894043911339, 2.052084887947802, 0.0 ], [ 128.258658183856454, 2.052141841023695, 0.0 ], [ 128.25876696764135, 2.051735992862344, 0.0 ], [ 128.260114586434923, 2.046786335448808, 0.0 ], [ 128.26017344675526, 2.046570147886795, 0.0 ], [ 128.260799065018404, 2.044243021926038, 0.0 ], [ 128.260906351185525, 2.043857390104286, 0.0 ], [ 128.26098406129438, 2.043594907360288, 0.0 ], [ 128.261037891669474, 2.043424004260935, 0.0 ], [ 128.261109056588651, 2.043212858837637, 0.0 ], [ 128.261157856833705, 2.043077697702765, 0.0 ], [ 128.261232319288411, 2.042885502466333, 0.0 ], [ 128.261299437941233, 2.042725408746567, 0.0 ], [ 128.261308314581328, 2.042705592093872, 0.0 ], [ 128.261357307113457, 2.042596220629625, 0.0 ], [ 128.261457054996271, 2.042390216801953, 0.0 ], [ 128.2615369713603, 2.042238170353434, 0.0 ], [ 128.261666879575358, 2.042011304856944, 0.0 ], [ 128.261740816982154, 2.041891548714005, 0.0 ], [ 128.261866187450408, 2.041701218768218, 0.0 ], [ 128.261983108806561, 2.04153565587594, 0.0 ], [ 128.262122053214938, 2.041350838726254, 0.0 ], [ 128.262294963495009, 2.041134711193834, 0.0 ], [ 128.262450860047892, 2.040949380734951, 0.0 ], [ 128.262814886036125, 2.040536336781253, 0.0 ], [ 128.2644225699689, 2.038758186728979, 0.0 ], [ 128.265375147513936, 2.037696166346217, 0.0 ], [ 128.266529860008603, 2.036402688035107, 0.0 ], [ 128.266868755527412, 2.036028043039383, 0.0 ], [ 128.267153571084691, 2.03572406581713, 0.0 ], [ 128.267319230286262, 2.03555522249007, 0.0 ], [ 128.26752470733831, 2.035356088075186, 0.0 ], [ 128.267775864457548, 2.035129345689957, 0.0 ], [ 128.267982128053518, 2.034956392888002, 0.0 ], [ 128.26819375494938, 2.034789810292082, 0.0 ], [ 128.268438236813267, 2.034608273462755, 0.0 ], [ 128.268700397915694, 2.034422920697464, 0.0 ], [ 128.269088752725196, 2.034158408230939, 0.0 ], [ 128.27016222675806, 2.033440942559221, 0.0 ], [ 128.271544622935693, 2.032517003801343, 0.0 ], [ 128.275173311523531, 2.030081193401795, 0.0 ], [ 128.277526965862165, 2.028501257954948, 0.0 ], [ 128.277423728289705, 2.028367975974986, 0.0 ], [ 128.276578292813952, 2.027286103445644, 0.0 ], [ 128.27443170632975, 2.024552014595736, 0.0 ], [ 128.268419685524805, 2.016894510120814, 0.0 ], [ 128.267864663953532, 2.016195539494839, 0.0 ], [ 128.267564063213484, 2.015831634527379, 0.0 ], [ 128.267253129561112, 2.01547368558647, 0.0 ], [ 128.266770766368012, 2.014938419022453, 0.0 ], [ 128.258389606590271, 2.005758000151275, 0.0 ], [ 128.256087350224988, 2.003226113449719, 0.0 ], [ 128.255722306767893, 2.002833162212708, 0.0 ], [ 128.255472991267169, 2.002577963248164, 0.0 ], [ 128.255344882207936, 2.002454287886111, 0.0 ], [ 128.25522796528341, 2.002347493760069, 0.0 ], [ 128.25512646805862, 2.002260022626063, 0.0 ], [ 128.254907412940383, 2.002083529688457, 0.0 ], [ 128.254633941662604, 2.001877279847993, 0.0 ], [ 128.254216550594009, 2.00157617291587, 0.0 ], [ 128.252783508683336, 2.000563652736536, 0.0 ], [ 128.251318718792817, 1.999524212404838, 0.0 ], [ 128.231264224818233, 1.985268949138668, 0.0 ], [ 128.228555796949621, 1.983352877068806, 0.0 ], [ 128.228197523682752, 1.983088007428615, 0.0 ], [ 128.22798317915499, 1.982920436675051, 0.0 ], [ 128.227858820328805, 1.982818667168982, 0.0 ], [ 128.227663952098823, 1.982650614318417, 0.0 ], [ 128.227512105662953, 1.982510984567469, 0.0 ], [ 128.22736588301882, 1.982368070902238, 0.0 ], [ 128.227266395390387, 1.982265527829155, 0.0 ], [ 128.227169190775356, 1.982160792079811, 0.0 ], [ 128.227020814368075, 1.981991630234424, 0.0 ], [ 128.226904873279608, 1.981851137113307, 0.0 ], [ 128.226747953470039, 1.981648920312658, 0.0 ], [ 128.226652438345326, 1.981519059943765, 0.0 ], [ 128.22648366633959, 1.981278010525844, 0.0 ], [ 128.226201130778207, 1.980848685144582, 0.0 ], [ 128.22478724048753, 1.978608218830572, 0.0 ], [ 128.22166425512134, 1.973686667625615, 0.0 ], [ 128.219297326647705, 1.969934768711367, 0.0 ], [ 128.218831299301741, 1.969189001239648, 0.0 ], [ 128.218639878073162, 1.96887400172127, 0.0 ], [ 128.218499700233906, 1.968636425225662, 0.0 ], [ 128.218362807748093, 1.968397034677773, 0.0 ], [ 128.218146726879212, 1.968004146142185, 0.0 ], [ 128.21772708338321, 1.967209559329483, 0.0 ], [ 128.216481384968205, 1.964818402774938, 0.0 ], [ 128.216228058011637, 1.964342576955286, 0.0 ], [ 128.216034225244897, 1.963992879099779, 0.0 ], [ 128.215841894177714, 1.963666076478734, 0.0 ], [ 128.215584820600014, 1.963252558417995, 0.0 ], [ 128.214135379181783, 1.961000847249013, 0.0 ], [ 128.213864606540341, 1.960596866677197, 0.0 ], [ 128.213675920832401, 1.960334268703429, 0.0 ], [ 128.213508751318585, 1.960122861533431, 0.0 ], [ 128.213415111015223, 1.960014032206736, 0.0 ], [ 128.213297325985764, 1.959883970541112, 0.0 ], [ 128.213176743654543, 1.959756224322705, 0.0 ], [ 128.212930203887481, 1.959505157529951, 0.0 ], [ 128.212553867044335, 1.95913386128178, 0.0 ], [ 128.212053654813957, 1.958646242760788, 0.0 ], [ 128.211575395000722, 1.958186767825516, 0.0 ], [ 128.211332168122993, 1.957962422743769, 0.0 ], [ 128.211208348746908, 1.957853123178838, 0.0 ], [ 128.211082306337488, 1.957746707439539, 0.0 ], [ 128.210977169525904, 1.957662586361048, 0.0 ], [ 128.210870746168979, 1.957582161008418, 0.0 ], [ 128.210729942175107, 1.957481592160961, 0.0 ], [ 128.210441779317762, 1.957289025472353, 0.0 ], [ 128.210000980328999, 1.95701131101061, 0.0 ], [ 128.208836698157938, 1.956299039880738, 0.0 ], [ 128.208408329496137, 1.956043456642737, 0.0 ], [ 128.208119727759453, 1.955879274250797, 0.0 ], [ 128.207973711580252, 1.955800671855805, 0.0 ], [ 128.207838282474967, 1.955731544187763, 0.0 ], [ 128.207626724154778, 1.955631540488922, 0.0 ], [ 128.207300864292478, 1.955490680779985, 0.0 ], [ 128.206971494567341, 1.955357098949223, 0.0 ], [ 128.206640459042518, 1.955226974697225, 0.0 ], [ 128.204489762739712, 1.954393183604868, 0.0 ], [ 128.201196115198485, 1.953109494454507, 0.0 ], [ 128.200764101619797, 1.952942945850476, 0.0 ], [ 128.200731457583487, 1.953038519122982, 0.0 ], [ 128.187060896594033, 1.99263369986118, 0.0 ], [ 128.186845115844989, 1.993258656911572, 0.0 ], [ 128.180636562354465, 2.011239903709067, 0.0 ], [ 128.166110578349361, 2.053307462624522, 0.0 ], [ 128.162907865710935, 2.062582077332034, 0.0 ], [ 128.154623865132265, 2.086570538810558, 0.0 ], [ 128.153377501803988, 2.091473628544647, 0.0 ], [ 128.142072796337743, 2.135942745213637, 0.0 ], [ 128.142074441854874, 2.13594113953804, 0.0 ], [ 128.142055386387824, 2.13601199200519, 0.0 ], [ 128.135131150988741, 2.163965376568037, 0.0 ], [ 128.150033907426263, 2.14256190176375, 0.0 ], [ 128.151476035639547, 2.140489108065831, 0.0 ], [ 128.152678331047355, 2.138754939233327, 0.0 ], [ 128.152870356652869, 2.138481146076634, 0.0 ], [ 128.15310347549007, 2.138156583997913, 0.0 ], [ 128.153305275341836, 2.137887466698427, 0.0 ], [ 128.153430999206392, 2.137726992681773, 0.0 ], [ 128.153602212962483, 2.137518176564887, 0.0 ], [ 128.153778820070983, 2.137314261009652, 0.0 ], [ 128.153941293194151, 2.137135620800583, 0.0 ], [ 128.154147355162166, 2.136918675057027, 0.0 ], [ 128.154398210263793, 2.136664524431882, 0.0 ], [ 128.154762739100391, 2.136305144301233, 0.0 ] ], [ [ 128.184151818502841, 2.101833546042534, 0.0 ], [ 128.166332233415886, 2.095834810999822, 0.0 ], [ 128.176273845549616, 2.067289085923273, 0.0 ], [ 128.1936503716922, 2.073408277488295, 0.0 ], [ 128.189228573984991, 2.086704187733227, 0.0 ], [ 128.189252839000119, 2.08665542600012, 0.0 ], [ 128.189331404000058, 2.08654776000012, 0.0 ], [ 128.189431375999987, 2.086447285000018, 0.0 ], [ 128.189502778000218, 2.086389877000135, 0.0 ], [ 128.189624144000163, 2.086325316000173, 0.0 ], [ 128.189731232000327, 2.086267927000133, 0.0 ], [ 128.189824005000105, 2.086289517000155, 0.0 ], [ 128.189831120000207, 2.086332603000125, 0.0 ], [ 128.189809653000083, 2.086440300000119, 0.0 ], [ 128.18973824400004, 2.086512068000179, 0.0 ], [ 128.189581122000135, 2.086713041000182, 0.0 ], [ 128.189545399000139, 2.086784827000084, 0.0 ], [ 128.189541603646006, 2.086811457532193, 0.0 ], [ 128.189538236000175, 2.086835087000161, 0.0 ], [ 128.189609583000077, 2.086885388000155, 0.0 ], [ 128.189702356000112, 2.086906977000068, 0.0 ], [ 128.189745179000141, 2.086906999000085, 0.0 ], [ 128.189830823000278, 2.086914224000062, 0.0 ], [ 128.190002087000266, 2.086971757000072, 0.0 ], [ 128.190116253000127, 2.087029260000118, 0.0 ], [ 128.190201863000055, 2.087101110000062, 0.0 ], [ 128.190316014000018, 2.087187335000214, 0.0 ], [ 128.190323122000081, 2.087244782000024, 0.0 ], [ 128.190323085000045, 2.087316587000054, 0.0 ], [ 128.190472964000037, 2.087323846000196, 0.0 ], [ 128.190687091000058, 2.087302415000083, 0.0 ], [ 128.19081557700008, 2.087273759000029, 0.0 ], [ 128.191044078000203, 2.087058462000075, 0.0 ], [ 128.191258324000017, 2.086807255000165, 0.0 ], [ 128.191308420000041, 2.086541603, 0.0 ], [ 128.191394162000051, 2.086354954000133, 0.0 ], [ 128.191465648000303, 2.086132395000112, 0.0 ], [ 128.191594206000076, 2.085960129000078, 0.0 ], [ 128.191694259000059, 2.085701683, 0.0 ], [ 128.191744341000231, 2.085464752000191, 0.0 ], [ 128.191930073000066, 2.085141725000028, 0.0 ], [ 128.192101509000025, 2.084861774000051, 0.0 ], [ 128.192387288000191, 2.084294661000131, 0.0 ], [ 128.192494437000022, 2.08411520400004, 0.0 ], [ 128.192615862000252, 2.083935753000059, 0.0 ], [ 128.192794402000118, 2.083720430000116, 0.0 ], [ 128.192937201000262, 2.083612796000085, 0.0 ], [ 128.193051473000168, 2.083462064000051, 0.0 ], [ 128.193187182000059, 2.083261080000125, 0.0 ], [ 128.193280044000147, 2.08311033800011, 0.0 ], [ 128.193331922342594, 2.082993064937846, 0.0 ], [ 128.193365789000012, 2.082916508000042, 0.0 ], [ 128.193415843999986, 2.082729840000034, 0.0 ], [ 128.193444488000068, 2.082543161000124, 0.0 ], [ 128.193458842000013, 2.082385198000106, 0.0 ], [ 128.193537370000143, 2.082349336000167, 0.0 ], [ 128.193573046000068, 2.082370895000125, 0.0 ], [ 128.193594428000068, 2.082428350000157, 0.0 ], [ 128.193630070000125, 2.08251453500008, 0.0 ], [ 128.193679987000081, 2.082600727000128, 0.0 ], [ 128.193729904000065, 2.082686919000142, 0.0 ], [ 128.193758398000114, 2.082794640999986, 0.0 ], [ 128.1938011740001, 2.082888010000155, 0.0 ], [ 128.193815319971463, 2.082918887407113, 0.0 ], [ 128.193843949000183, 2.082981378000066, 0.0 ], [ 128.193879596000215, 2.083060382000084, 0.0 ], [ 128.19392237100007, 2.083153751, 0.0 ], [ 128.193958017000199, 2.08323275500013, 0.0 ], [ 128.193979389000219, 2.083311752000085, 0.0 ], [ 128.193993601000074, 2.083433827000119, 0.0 ], [ 128.194072001000194, 2.083649283000182, 0.0 ], [ 128.194157542000085, 2.083857562000087, 0.0 ], [ 128.194207452000114, 2.08395811500016, 0.0 ], [ 128.194250213000032, 2.084080205000141, 0.0 ], [ 128.194292992000101, 2.084166393000145, 0.0 ], [ 128.194342916000181, 2.084238224000155, 0.0 ], [ 128.194392833000137, 2.084324416000189, 0.0 ], [ 128.194457024, 2.084410615000073, 0.0 ], [ 128.194464106000027, 2.084518327000147, 0.0 ], [ 128.194499749000101, 2.084604512000066, 0.0 ], [ 128.194549600000073, 2.08481995200014, 0.0 ], [ 128.194556642000038, 2.085006649000042, 0.0 ], [ 128.194549374000161, 2.085265144, 0.0 ], [ 128.194535022000053, 2.085415927000162, 0.0 ], [ 128.194534971000138, 2.085516454000024, 0.0 ], [ 128.19446344500011, 2.085817999000067, 0.0 ], [ 128.194392015000062, 2.085932851000114, 0.0 ], [ 128.194356267000074, 2.086054901000084, 0.0 ], [ 128.194299125000015, 2.086141038, 0.0 ], [ 128.194184838000041, 2.086320491000054, 0.0 ], [ 128.194149122000113, 2.086377917000201, 0.0 ], [ 128.194084815000224, 2.086521494000066, 0.0 ], [ 128.194041925000079, 2.086650721000182, 0.0 ], [ 128.193913400000127, 2.086758363000032, 0.0 ], [ 128.193806177000027, 2.087081430000187, 0.0 ], [ 128.193649033000014, 2.087325487000055, 0.0 ], [ 128.19358472899998, 2.087461884000036, 0.0 ], [ 128.193420444, 2.08771311600005, 0.0 ], [ 128.193377551000111, 2.087849524000151, 0.0 ], [ 128.193291812000069, 2.088028992000101, 0.0 ], [ 128.193241801000084, 2.088129493000127, 0.0 ], [ 128.193170289, 2.088402316000072, 0.0 ], [ 128.193163028000043, 2.088646450000019, 0.0 ], [ 128.193177269000103, 2.088711081000119, 0.0 ], [ 128.193084422000084, 2.088833102000024, 0.0 ], [ 128.1930558, 2.088976697000073, 0.0 ], [ 128.19305577800003, 2.089019781000135, 0.0 ], [ 128.193070012, 2.089098774000161, 0.0 ], [ 128.193141363000109, 2.089141894000134, 0.0 ], [ 128.193391123000168, 2.089228189000111, 0.0 ], [ 128.193414194132373, 2.089233557832611, 0.0 ], [ 128.193483896000288, 2.089249778000219, 0.0 ], [ 128.193555239000233, 2.089307259000082, 0.0 ], [ 128.193469515000032, 2.089458005000113, 0.0 ], [ 128.193398084000137, 2.089572857000176, 0.0 ], [ 128.193382221241791, 2.08958348376705, 0.0 ], [ 128.193376665000073, 2.089587206000029, 0.0 ], [ 128.193233883000147, 2.089658938000119, 0.0 ], [ 128.193148200000081, 2.08973069900008, 0.0 ], [ 128.193055375000057, 2.089809637000117, 0.0 ], [ 128.193033930000041, 2.08987425, 0.0 ], [ 128.193033868000015, 2.089996319000085, 0.0 ], [ 128.193033813000255, 2.090104026000188, 0.0 ], [ 128.193033780000036, 2.09016865000019, 0.0 ], [ 128.193090878000106, 2.09016868000004, 0.0 ], [ 128.193140780000022, 2.090283594000072, 0.0 ], [ 128.193135626311658, 2.090335175426008, 0.0 ], [ 128.193133606000259, 2.090355396000214, 0.0 ], [ 128.193083564000034, 2.090513341000216, 0.0 ], [ 128.193031844786077, 2.090531894081396, 0.0 ], [ 128.192883685000083, 2.090585043000092, 0.0 ], [ 128.192719432000104, 2.090771649999978, 0.0 ], [ 128.192569448000171, 2.090972626999979, 0.0 ], [ 128.19242660000009, 2.091173608000023, 0.0 ], [ 128.19236231, 2.091281282000064, 0.0 ], [ 128.192198072000082, 2.091439169000091, 0.0 ], [ 128.192094575885875, 2.091555279346282, 0.0 ], [ 128.192071142334584, 2.091581569003, 0.0 ], [ 128.19189099400009, 2.091783674000053, 0.0 ], [ 128.191848140000161, 2.09184109500014, 0.0 ], [ 128.191555414000049, 2.092034817000122, 0.0 ], [ 128.191455467000054, 2.092085029000063, 0.0 ], [ 128.191134209000296, 2.092242833000107, 0.0 ], [ 128.190930598258205, 2.092355360041512, 0.0 ], [ 128.190848638, 2.092400656000137, 0.0 ], [ 128.190634410000115, 2.09261596, 0.0 ], [ 128.190527321000189, 2.092673349000079, 0.0 ], [ 128.190255970000038, 2.092938887000188, 0.0 ], [ 128.190205928000182, 2.093096832000207, 0.0 ], [ 128.190134474000132, 2.093254766000096, 0.0 ], [ 128.19006301700017, 2.093419880000098, 0.0 ], [ 128.190005878000278, 2.093498836000033, 0.0 ], [ 128.189877315000075, 2.093678282000191, 0.0 ], [ 128.189834418000032, 2.093821869000018, 0.0 ], [ 128.189834359000059, 2.093936758000076, 0.0 ], [ 128.189898569000093, 2.093987055000018, 0.0 ], [ 128.189919872657214, 2.094040717621735, 0.0 ], [ 128.189927081000036, 2.094058875000091, 0.0 ], [ 128.189898488000125, 2.094145025000097, 0.0 ], [ 128.189662891000097, 2.094274152000075, 0.0 ], [ 128.189641479000073, 2.094274141000151, 0.0 ], [ 128.1895386704646, 2.094274087416375, 0.0 ], [ 128.189298836602774, 2.094352809544056, 0.0 ], [ 128.18926519204669, 2.094354744109732, 0.0 ], [ 128.189148946000159, 2.094395953000156, 0.0 ], [ 128.189034742000075, 2.094410255000081, 0.0 ], [ 128.18890626700022, 2.094417369000117, 0.0 ], [ 128.188677879000124, 2.094410069000032, 0.0 ], [ 128.18850659300017, 2.094395619000066, 0.0 ], [ 128.188435178494927, 2.094359648668664, 0.0 ], [ 128.18840669700009, 2.094345303000191, 0.0 ], [ 128.188292552000092, 2.094244717000032, 0.0 ], [ 128.1882426210002, 2.09418724700009, 0.0 ], [ 128.188128543000147, 2.093957412000125, 0.0 ], [ 128.188128583000292, 2.093878426000198, 0.0 ], [ 128.188178607000026, 2.093756383000181, 0.0 ], [ 128.188264332000131, 2.093605638, 0.0 ], [ 128.188277361393716, 2.09358599745873, 0.0 ], [ 128.188292903000018, 2.093562570000191, 0.0 ], [ 128.188421429000073, 2.093454929000097, 0.0 ], [ 128.188478582000243, 2.093347251, 0.0 ], [ 128.188335911000053, 2.093203567000062, 0.0 ], [ 128.188057676000085, 2.092973646000163, 0.0 ], [ 128.187950655, 2.092901785000123, 0.0 ], [ 128.18780082400005, 2.092801180000079, 0.0 ], [ 128.187622426000075, 2.092736463000118, 0.0 ], [ 128.187254597858328, 2.092708653806259, 0.0 ], [ 128.187202365445273, 2.092704704832126, 0.0 ], [ 128.184151818502841, 2.101833546042534, 0.0 ] ], [ [ 128.195066225000232, 2.075652139000192, 0.0 ], [ 128.195132814000317, 2.075700044000151, 0.0 ], [ 128.195094677000242, 2.07584363400016, 0.0 ], [ 128.195066051000026, 2.075996804000193, 0.0 ], [ 128.195037361000118, 2.076274436000068, 0.0 ], [ 128.195037298000074, 2.076398898000034, 0.0 ], [ 128.194999151000019, 2.076561636000026, 0.0 ], [ 128.194761017000019, 2.07701149300006, 0.0 ], [ 128.19473242900014, 2.077088071000166, 0.0 ], [ 128.194675225000054, 2.077298670000057, 0.0 ], [ 128.194637092000335, 2.077432686000121, 0.0 ], [ 128.194541838000077, 2.077614544000092, 0.0 ], [ 128.194522790000264, 2.077643256000196, 0.0 ], [ 128.194503646000129, 2.077863449000172, 0.0 ], [ 128.194436890999981, 2.078141061000068, 0.0 ], [ 128.194408168000223, 2.078485711000156, 0.0 ], [ 128.194398564000153, 2.07865803900002, 0.0 ], [ 128.194350852000071, 2.078916511999985, 0.0 ], [ 128.194341277000149, 2.079031396000103, 0.0 ], [ 128.194312656000164, 2.079174992000051, 0.0 ], [ 128.194209586726828, 2.079246701417526, 0.0 ], [ 128.194188900000171, 2.079261094000087, 0.0 ], [ 128.194174601061576, 2.079232285545813, 0.0 ], [ 128.194140048349482, 2.079218048071667, 0.0 ], [ 128.194103342000034, 2.079088718000036, 0.0 ], [ 128.194036815000089, 2.078916351000119, 0.0 ], [ 128.194027361000053, 2.078791884000208, 0.0 ], [ 128.194008407000069, 2.0786386900001, 0.0 ], [ 128.193941876000025, 2.078475898000149, 0.0 ], [ 128.193884841000227, 2.078351406000143, 0.0 ], [ 128.193837302999981, 2.078265216000107, 0.0 ], [ 128.193770748000219, 2.078150293000097, 0.0 ], [ 128.193704178000047, 2.07806409300008, 0.0 ], [ 128.19362810100003, 2.077958739000068, 0.0 ], [ 128.193571037000169, 2.077891692000105, 0.0 ], [ 128.19356156, 2.077815095000072, 0.0 ], [ 128.193552180000069, 2.077547018000166, 0.0 ], [ 128.193599844000119, 2.077384285000186, 0.0 ], [ 128.193647479000106, 2.07727899500013, 0.0 ], [ 128.193714165000046, 2.077135419000192, 0.0 ], [ 128.193761814, 2.077001407000075, 0.0 ], [ 128.193818965000077, 2.076896122000201, 0.0 ], [ 128.193942788000072, 2.07667598300014, 0.0 ], [ 128.193980902, 2.07658026300007, 0.0 ], [ 128.19405709900002, 2.076446266000088, 0.0 ], [ 128.194142834000104, 2.076273977000061, 0.0 ], [ 128.19418093200008, 2.076206979000097, 0.0 ], [ 128.194247599000022, 2.076101699000044, 0.0 ], [ 128.194399923000219, 2.075977314000174, 0.0 ], [ 128.194523668000187, 2.07591036000014, 0.0 ], [ 128.194647408000122, 2.07585298, 0.0 ], [ 128.194733098000114, 2.0757668570001, 0.0 ], [ 128.194837805, 2.075709467000157, 0.0 ], [ 128.194933007, 2.075632923000175, 0.0 ], [ 128.194999630000098, 2.075613809000044, 0.0 ], [ 128.195066225000232, 2.075652139000192, 0.0 ] ], [ [ 128.200368882494303, 2.058521198061691, 0.0 ], [ 128.200318056027186, 2.065128506661272, 0.0 ], [ 128.199804502086863, 2.065131285953631, 0.0 ], [ 128.196446978778766, 2.065149452346152, 0.0 ], [ 128.196432525575773, 2.060623182778961, 0.0 ], [ 128.19642569484003, 2.058484553874635, 0.0 ], [ 128.200368882494303, 2.058521198061691, 0.0 ] ], [ [ 128.213546850133042, 2.053307687561923, 0.0 ], [ 128.213600777000096, 2.053325184000124, 0.0 ], [ 128.213604364727502, 2.053328694318569, 0.0 ], [ 128.213608475591514, 2.053332716487167, 0.0 ], [ 128.213933643999979, 2.053650869000045, 0.0 ], [ 128.213966402000096, 2.053806570000029, 0.0 ], [ 128.213957190527566, 2.053873826246275, 0.0 ], [ 128.213933451000116, 2.054047157000148, 0.0 ], [ 128.213778603000037, 2.054169740000051, 0.0 ], [ 128.213551866877424, 2.054271211825677, 0.0 ], [ 128.213304756000156, 2.054381802, 0.0 ], [ 128.212712889000159, 2.054854758000047, 0.0 ], [ 128.212680499225002, 2.054914482036617, 0.0 ], [ 128.212465900000069, 2.055310185000206, 0.0 ], [ 128.212342003000231, 2.055538639000098, 0.0 ], [ 128.212082009, 2.056018104000038, 0.0 ], [ 128.212049418087418, 2.05609601495916, 0.0 ], [ 128.211858381000155, 2.056552703000147, 0.0 ], [ 128.211613838000034, 2.05691256300008, 0.0 ], [ 128.211595693196955, 2.056935189207079, 0.0 ], [ 128.211498732112091, 2.057056097736681, 0.0 ], [ 128.211272879000035, 2.057337732000192, 0.0 ], [ 128.210892524000087, 2.057674947000094, 0.0 ], [ 128.210463722000071, 2.05799339200011, 0.0 ], [ 128.210107475000058, 2.058019572999962, 0.0 ], [ 128.209907621000042, 2.058048195000063, 0.0 ], [ 128.209831491000159, 2.058048158000129, 0.0 ], [ 128.209518865000035, 2.05803806, 0.0 ], [ 128.209374760000031, 2.057877706000075, 0.0 ], [ 128.209079268000181, 2.057407419000139, 0.0 ], [ 128.208939307430086, 2.057043843794129, 0.0 ], [ 128.208898250000033, 2.056937189000174, 0.0 ], [ 128.208993975000084, 2.056265607000175, 0.0 ], [ 128.209081111000046, 2.055727649000096, 0.0 ], [ 128.209109518504619, 2.055650909726643, 0.0 ], [ 128.209220111, 2.055352158000166, 0.0 ], [ 128.209381641192977, 2.055027628551338, 0.0 ], [ 128.209440784000066, 2.054908805000031, 0.0 ], [ 128.20974118500007, 2.054484362000165, 0.0 ], [ 128.210135347000204, 2.054163755000171, 0.0 ], [ 128.210590474000014, 2.05386676600002, 0.0 ], [ 128.21102211000013, 2.053645249000056, 0.0 ], [ 128.211388075000173, 2.053433135000113, 0.0 ], [ 128.211800335253059, 2.053366601941057, 0.0 ], [ 128.212353120000074, 2.053277390000147, 0.0 ], [ 128.21272682377932, 2.053261232762829, 0.0 ], [ 128.213324079000103, 2.053235410000213, 0.0 ], [ 128.213546850133042, 2.053307687561923, 0.0 ] ], [ [ 128.22026503059098, 2.047362786426109, 0.0 ], [ 128.220221981567079, 2.052574976122288, 0.0 ], [ 128.219313273473603, 2.052568225079547, 0.0 ], [ 128.216930903226938, 2.052547406978721, 0.0 ], [ 128.21524512933135, 2.052532673864412, 0.0 ], [ 128.21524688519807, 2.048928590807014, 0.0 ], [ 128.215247403767052, 2.047862962594808, 0.0 ], [ 128.215240518161295, 2.047345959520568, 0.0 ], [ 128.22026503059098, 2.047362786426109, 0.0 ] ], [ [ 128.259028184734206, 2.045876327536428, 0.0 ], [ 128.252775581457854, 2.045850283306232, 0.0 ], [ 128.252797886548592, 2.03976989871218, 0.0 ], [ 128.259054782952234, 2.039748873223728, 0.0 ], [ 128.259028184734206, 2.045876327536428, 0.0 ] ], [ [ 128.224753832, 2.019617669000137, 0.0 ], [ 128.224710959000021, 2.019725357000019, 0.0 ], [ 128.224675254000061, 2.019768423000194, 0.0 ], [ 128.224610994000017, 2.019825837000183, 0.0 ], [ 128.224539593000117, 2.019890428000047, 0.0 ], [ 128.224403993000124, 2.019883182000186, 0.0 ], [ 128.224225586000301, 2.019847194000046, 0.0 ], [ 128.224090004000089, 2.019804045000153, 0.0 ], [ 128.223975832000036, 2.019760906000011, 0.0 ], [ 128.223911620000052, 2.019717792000172, 0.0 ], [ 128.223840270000096, 2.019674675000084, 0.0 ], [ 128.223740373000027, 2.019631543000086, 0.0 ], [ 128.223640464999988, 2.019609953000055, 0.0 ], [ 128.223590506000022, 2.019609930000124, 0.0 ], [ 128.223533410000073, 2.019609902000127, 0.0 ], [ 128.223333516999986, 2.019731875, 0.0 ], [ 128.22325500600013, 2.019739019000042, 0.0 ], [ 128.223162226000085, 2.01973897400018, 0.0 ], [ 128.22310512900026, 2.019738947000061, 0.0 ], [ 128.223040907000239, 2.019717374000169, 0.0 ], [ 128.222926743000215, 2.019659875000115, 0.0 ], [ 128.222905345000072, 2.019631142000111, 0.0 ], [ 128.222848266, 2.019595212000166, 0.0 ], [ 128.222762625000172, 2.019587990000114, 0.0 ], [ 128.222612749000035, 2.0195879180001, 0.0 ], [ 128.222527091000046, 2.019616599000107, 0.0 ], [ 128.222441444000168, 2.019623738000034, 0.0 ], [ 128.222341527000111, 2.01962369100011, 0.0 ], [ 128.222292203898377, 2.019623666812147, 0.0 ], [ 128.222270157000139, 2.019623656000026, 0.0 ], [ 128.222163119000101, 2.019587702000095, 0.0 ], [ 128.22209177000002, 2.019544584000093, 0.0 ], [ 128.222013290000035, 2.019487102000121, 0.0 ], [ 128.221984769000045, 2.019429643000048, 0.0 ], [ 128.221956252000155, 2.019365004000119, 0.0 ], [ 128.221934858000139, 2.019329091999975, 0.0 ], [ 128.22187779, 2.019271619000121, 0.0 ], [ 128.221820708000081, 2.019242870000148, 0.0 ], [ 128.221799307000055, 2.01922131800014, 0.0 ], [ 128.221720824000045, 2.019171016000026, 0.0 ], [ 128.221649485000057, 2.019106356000017, 0.0 ], [ 128.221639185655562, 2.019103390031454, 0.0 ], [ 128.221555325979779, 2.019120744433784, 0.0 ], [ 128.221545381676947, 2.019105564069958, 0.0 ], [ 128.221542430000198, 2.019106305000097, 0.0 ], [ 128.221506746000045, 2.019106287000119, 0.0 ], [ 128.221463923000186, 2.019106267000111, 0.0 ], [ 128.221406831000053, 2.019099058000148, 0.0 ], [ 128.221314077000244, 2.01904156900006, 0.0 ], [ 128.221242738000086, 2.018976910000166, 0.0 ], [ 128.221214210000085, 2.018933813000042, 0.0 ], [ 128.221214237999988, 2.018876368000216, 0.0 ], [ 128.22121427600004, 2.018797383000165, 0.0 ], [ 128.22123572000018, 2.018725587000049, 0.0 ], [ 128.221321406000015, 2.018639462000134, 0.0 ], [ 128.221392783000141, 2.018625135000115, 0.0 ], [ 128.221442752000144, 2.018603617000124, 0.0 ], [ 128.221478456000199, 2.018560551000064, 0.0 ], [ 128.221492772, 2.018474391000045, 0.0 ], [ 128.221478528000034, 2.018409760000094, 0.0 ], [ 128.221421453000033, 2.018366649000066, 0.0 ], [ 128.221385792000234, 2.018316368000051, 0.0 ], [ 128.221350156000057, 2.018215823000188, 0.0 ], [ 128.221335905000046, 2.018165551000107, 0.0 ], [ 128.22132879600008, 2.018108104000021, 0.0 ], [ 128.221321689000064, 2.018043475000145, 0.0 ], [ 128.221321713000179, 2.01799321100005, 0.0 ], [ 128.221293200000218, 2.017921392000086, 0.0 ], [ 128.22125046700009, 2.017734676000038, 0.0 ], [ 128.221250521000087, 2.01761978700008, 0.0 ], [ 128.221243415000231, 2.017555159000061, 0.0 ], [ 128.221243438000073, 2.01750489500014, 0.0 ], [ 128.221250620000177, 2.017411551000073, 0.0 ], [ 128.221229261000275, 2.017303833000042, 0.0 ], [ 128.221222171000221, 2.017203301000074, 0.0 ], [ 128.22122934900014, 2.017117138000117, 0.0 ], [ 128.221300757000222, 2.017038186000152, 0.0 ], [ 128.221407852000084, 2.016952071000049, 0.0 ], [ 128.221450701000293, 2.016894647000091, 0.0 ], [ 128.221493551000293, 2.016837223000152, 0.0 ], [ 128.221529259000221, 2.016786976000168, 0.0 ], [ 128.221629201000042, 2.016736760000064, 0.0 ], [ 128.221679180000109, 2.016693701000202, 0.0 ], [ 128.221764851000188, 2.016636297000069, 0.0 ], [ 128.221829108000065, 2.016586065000137, 0.0 ], [ 128.221886231000099, 2.016528648000068, 0.0 ], [ 128.221950487000072, 2.016478414000015, 0.0 ], [ 128.222029018000171, 2.016428188000126, 0.0 ], [ 128.222100408000188, 2.016385139000033, 0.0 ], [ 128.222193209000096, 2.016342100000089, 0.0 ], [ 128.222328822000236, 2.01632062400012, 0.0 ], [ 128.222371633000165, 2.016342186000141, 0.0 ], [ 128.222421558000036, 2.016414016000012, 0.0 ], [ 128.222428778577267, 2.016431474506467, 0.0 ], [ 128.222457202000186, 2.016500199000137, 0.0 ], [ 128.222557068000128, 2.016607956000113, 0.0 ], [ 128.222585582000164, 2.016679775000094, 0.0 ], [ 128.222678332000214, 2.016744445000103, 0.0 ], [ 128.222778247000065, 2.01675167300018, 0.0 ], [ 128.222878161000125, 2.016758902000156, 0.0 ], [ 128.222978079000058, 2.01675895100002, 0.0 ], [ 128.223063722000092, 2.016758991000083, 0.0 ], [ 128.223185017000077, 2.016830855000142, 0.0 ], [ 128.223313401000013, 2.017003250000142, 0.0 ], [ 128.22332044600023, 2.01719712900009, 0.0 ], [ 128.223356063000068, 2.017340758000152, 0.0 ], [ 128.223391699000189, 2.017441303, 0.0 ], [ 128.223498694000227, 2.017570604000166, 0.0 ], [ 128.223619937000052, 2.017750176999984, 0.0 ], [ 128.223741215000103, 2.017857944000125, 0.0 ], [ 128.223855355000182, 2.01796570700009, 0.0 ], [ 128.223955215000018, 2.018087825000062, 0.0 ], [ 128.224090739000076, 2.018253043000024, 0.0 ], [ 128.22422626400018, 2.018418261000043, 0.0 ], [ 128.224304709000052, 2.01854754800021, 0.0 ], [ 128.224354621000089, 2.018648101000051, 0.0 ], [ 128.224390245000194, 2.018777367000081, 0.0 ], [ 128.224432978000095, 2.018964083000085, 0.0 ], [ 128.224490013000235, 2.01909336, 0.0 ], [ 128.224561324000064, 2.019215465000121, 0.0 ], [ 128.224654024000046, 2.019387842000079, 0.0 ], [ 128.224703945000186, 2.019466853000096, 0.0 ], [ 128.224746733000188, 2.019538679000025, 0.0 ], [ 128.224753832, 2.019617669000137, 0.0 ] ], [ [ 128.226647739751655, 2.017464132204167, 0.0 ], [ 128.224869854633965, 2.01748564037218, 0.0 ], [ 128.221945352473853, 2.014637827436346, 0.0 ], [ 128.221971341268471, 2.012841714115662, 0.0 ], [ 128.226593629545619, 2.012833903032521, 0.0 ], [ 128.226647739751655, 2.017464132204167, 0.0 ] ], [ [ 128.22067408713292, 2.001657874736486, 0.0 ], [ 128.212407871023316, 2.001583404321253, 0.0 ], [ 128.212349408381442, 1.994626349965877, 0.0 ], [ 128.220674087132892, 1.994626349966004, 0.0 ], [ 128.22067408713292, 2.001657874736486, 0.0 ] ] ] ] } },
{ "type": "Feature", "properties": { "Id_Zona": 26, "Zona": "Perikanan Berkelanjutan", "Sub_Zona": "Penangkapan Ikan", "Luas": 6932.51172021, "KKP": "Pulau Rao - Tanjung Dehegila" }, "geometry": { "type": "MultiPolygon", "coordinates": [ [ [ [ 128.221068451921923, 1.955146522289852, 0.0 ], [ 128.226979067204212, 1.949203335282958, 0.0 ], [ 128.251872658493056, 1.97152557392323, 0.0 ], [ 128.241866274879527, 1.981728909684763, 0.0 ], [ 128.245263765092858, 1.984143929308838, 0.0 ], [ 128.252573085692433, 1.98933953602032, 0.0 ], [ 128.257090154374254, 1.992550329560131, 0.0 ], [ 128.259963280021992, 1.994585614227177, 0.0 ], [ 128.260371778733514, 1.994881026114636, 0.0 ], [ 128.260681253212937, 1.995114443125879, 0.0 ], [ 128.260893568538648, 1.995283073493121, 0.0 ], [ 128.261128514892448, 1.995480816497333, 0.0 ], [ 128.261245898175588, 1.995584729087173, 0.0 ], [ 128.261405751901378, 1.9957321254246, 0.0 ], [ 128.261600981732244, 1.995921289809566, 0.0 ], [ 128.261834635227046, 1.996159522290801, 0.0 ], [ 128.262225258205945, 1.996577447409459, 0.0 ], [ 128.264528921516074, 1.999109625769809, 0.0 ], [ 128.273521641480073, 2.008960224768309, 0.0 ], [ 128.274018487706456, 2.00951105593266, 0.0 ], [ 128.274367420101811, 2.009911322019757, 0.0 ], [ 128.274539759178168, 2.010116067356531, 0.0 ], [ 128.274788669394525, 2.01042018351847, 0.0 ], [ 128.275357879610709, 2.011137565384908, 0.0 ], [ 128.277790190619129, 2.01423596908529, 0.0 ], [ 128.279463662199845, 2.013475965303251, 0.0 ], [ 128.279426269000027, 2.01338179100005, 0.0 ], [ 128.27936685200018, 2.013250120000071, 0.0 ], [ 128.279337163000122, 2.013136412000123, 0.0 ], [ 128.279301544000049, 2.012986799000048, 0.0 ], [ 128.279271843000032, 2.012903012000186, 0.0 ], [ 128.279194643000181, 2.012633703000119, 0.0 ], [ 128.279182840000061, 2.012424261000034, 0.0 ], [ 128.279141249000048, 2.012328501000128, 0.0 ], [ 128.279075871, 2.012226746000129, 0.0 ], [ 128.2790461620001, 2.012160910000047, 0.0 ], [ 128.278992673000033, 2.012071128000071, 0.0 ], [ 128.27893326700007, 2.0119155200001, 0.0 ], [ 128.278867891000203, 2.011807782000139, 0.0 ], [ 128.278784665000245, 2.01171798600012, 0.0 ], [ 128.278731177000026, 2.011628204, 0.0 ], [ 128.278683638000274, 2.011532441000163, 0.0 ], [ 128.278659895000033, 2.01142472100016, 0.0 ], [ 128.278618276000088, 2.011394782000055, 0.0 ], [ 128.278624260000015, 2.01131101100015, 0.0 ], [ 128.278624294000224, 2.011233221000111, 0.0 ], [ 128.278606504000066, 2.011113535000106, 0.0 ], [ 128.278600627000031, 2.010951967999977, 0.0 ], [ 128.278594717000118, 2.010868191000093, 0.0 ], [ 128.278588814000244, 2.010766462000099, 0.0 ], [ 128.278600788000091, 2.010586951000137, 0.0 ], [ 128.278594925000306, 2.010395464000109, 0.0 ], [ 128.27857710300006, 2.010347585, 0.0 ], [ 128.278547413000155, 2.010239862000069, 0.0 ], [ 128.278500035000064, 2.009779082000137, 0.0 ], [ 128.27844060400011, 2.009677329000112, 0.0 ], [ 128.278440643000181, 2.009587571000184, 0.0 ], [ 128.27843474300002, 2.009479859000115, 0.0 ], [ 128.278422858000226, 2.009455918000054, 0.0 ], [ 128.278339712000019, 2.009186606000146, 0.0 ], [ 128.278327864000147, 2.009078891000166, 0.0 ], [ 128.278268451000116, 2.00893525200015, 0.0 ], [ 128.278215076, 2.008588163000091, 0.0 ], [ 128.278233034000294, 2.00832488000003, 0.0 ], [ 128.278245063000185, 2.008019707000132, 0.0 ], [ 128.278274882000204, 2.007834220000116, 0.0 ], [ 128.27831665100004, 2.00752307700012, 0.0 ], [ 128.278370258000081, 2.007343584000072, 0.0 ], [ 128.278281123000141, 2.007164028000101, 0.0 ], [ 128.278245478000116, 2.007074254000168, 0.0 ], [ 128.278215772000152, 2.007002434000065, 0.0 ], [ 128.278156354000174, 2.006870763000106, 0.0 ], [ 128.278102881000109, 2.006745077000195, 0.0 ], [ 128.278043467000202, 2.00660742100014, 0.0 ], [ 128.277984044000164, 2.006487717000044, 0.0 ], [ 128.277936517000057, 2.006368018000159, 0.0 ], [ 128.277930595000015, 2.006308177000105, 0.0 ], [ 128.277877104, 2.006224379000068, 0.0 ], [ 128.277758201000182, 2.006116616000162, 0.0 ], [ 128.277627485000039, 2.005823348000029, 0.0 ], [ 128.277568074000186, 2.005673724000094, 0.0 ], [ 128.27756808500007, 2.005649789000128, 0.0 ], [ 128.277556246000131, 2.005524122000116, 0.0 ], [ 128.277526553, 2.005422383000185, 0.0 ], [ 128.2774433740002, 2.005224878000106, 0.0 ], [ 128.277395860000183, 2.005075260000142, 0.0 ], [ 128.277342381000039, 2.004961542000129, 0.0 ], [ 128.277187804000135, 2.004829829000133, 0.0 ], [ 128.276932187000028, 2.004542489000197, 0.0 ], [ 128.276706274000134, 2.004332951999984, 0.0 ], [ 128.276557686000046, 2.00410549900012, 0.0 ], [ 128.276539946000042, 2.00387212000005, 0.0 ], [ 128.276522121000056, 2.003830225000068, 0.0 ], [ 128.276492442000034, 2.003698566000091, 0.0 ], [ 128.276468699000105, 2.003590846000068, 0.0 ], [ 128.276361728000182, 2.003399314000057, 0.0 ], [ 128.276230996000066, 2.003141949000152, 0.0 ], [ 128.276189411000217, 2.00303422100006, 0.0 ], [ 128.276159697000111, 2.002980353000064, 0.0 ], [ 128.276052689000124, 2.002872595000024, 0.0 ], [ 128.275999243000086, 2.00268707100016, 0.0 ], [ 128.275945770000249, 2.002561386000176, 0.0 ], [ 128.275886348000284, 2.002441682, 0.0 ], [ 128.275803120000177, 2.002357871000094, 0.0 ], [ 128.275648545000053, 2.002220173000063, 0.0 ], [ 128.275583162000089, 2.002130386, 0.0 ], [ 128.275511827000145, 2.002052564000127, 0.0 ], [ 128.275357276000022, 2.001861011000191, 0.0 ], [ 128.275291871000036, 2.001819094, 0.0 ], [ 128.275202678, 2.001777168000141, 0.0 ], [ 128.275113481000034, 2.001741225000055, 0.0 ], [ 128.275000478000038, 2.001741174000133, 0.0 ], [ 128.274726909, 2.001705149000105, 0.0 ], [ 128.274405763000118, 2.001663120000045, 0.0 ], [ 128.274268981000176, 2.001639123000166, 0.0 ], [ 128.274167894000016, 2.001591207000084, 0.0 ], [ 128.274019246000165, 2.001501383000141, 0.0 ], [ 128.273894381000076, 2.001429521000055, 0.0 ], [ 128.273799255000199, 2.001351688000079, 0.0 ], [ 128.273769536000117, 2.001309788000158, 0.0 ], [ 128.273745767, 2.001261906000094, 0.0 ], [ 128.273716051000036, 2.00121402200007, 0.0 ], [ 128.273656597000098, 2.001166125000065, 0.0 ], [ 128.273585277000024, 2.001052399000079, 0.0 ], [ 128.273448555000158, 2.000890773000068, 0.0 ], [ 128.273377228000157, 2.000794999000113, 0.0 ], [ 128.273288050000104, 2.000717169000067, 0.0 ], [ 128.273198867000104, 2.000651307000118, 0.0 ], [ 128.273026466000147, 2.000477698000056, 0.0 ], [ 128.272889728000195, 2.000351975000017, 0.0 ], [ 128.272764857000055, 2.00029208100005, 0.0 ], [ 128.272586460000269, 2.000232162000154, 0.0 ], [ 128.272402111, 2.000178226000138, 0.0 ], [ 128.272217839000064, 1.999950756000143, 0.0 ], [ 128.272021669000168, 1.999729265000046, 0.0 ], [ 128.271938447, 1.999633486000186, 0.0 ], [ 128.271861185, 1.999507790000081, 0.0 ], [ 128.271754172000186, 1.99941200000014, 0.0 ], [ 128.271629307000239, 1.999340138000046, 0.0 ], [ 128.271546089999987, 1.999232391000152, 0.0 ], [ 128.271486660000022, 1.999130639000036, 0.0 ], [ 128.271427243000034, 1.998998967, 0.0 ], [ 128.271332141000016, 1.99886727900006, 0.0 ], [ 128.271219192000302, 1.998747552000051, 0.0 ], [ 128.271070568000113, 1.998603872000048, 0.0 ], [ 128.270773294, 1.998376352999969, 0.0 ], [ 128.270678167, 1.998304503000128, 0.0 ], [ 128.270600892000175, 1.998208727000143, 0.0 ], [ 128.270553338000099, 1.998148867000161, 0.0 ], [ 128.270505793000211, 1.99807105600004, 0.0 ], [ 128.27043445800004, 1.997993234, 0.0 ], [ 128.270422579000069, 1.997957325000143, 0.0 ], [ 128.270434497000082, 1.997903475000118, 0.0 ], [ 128.270386949000113, 1.997831648000104, 0.0 ], [ 128.270363180000203, 1.997783766000073, 0.0 ], [ 128.27027998700018, 1.997622164000041, 0.0 ], [ 128.270167048000189, 1.997478501000099, 0.0 ], [ 128.270048131000152, 1.997406641000032, 0.0 ], [ 128.27001844000003, 1.99729891800013, 0.0 ], [ 128.269947118000204, 1.997191177000174, 0.0 ], [ 128.269941221000067, 1.997077480000081, 0.0 ], [ 128.269905578000021, 1.99698172300004, 0.0 ], [ 128.269929432, 1.996838120000186, 0.0 ], [ 128.269893792000033, 1.996736379000039, 0.0 ], [ 128.26980462700007, 1.996628629000175, 0.0 ], [ 128.269733281000043, 1.996574742000067, 0.0 ], [ 128.269650054000152, 1.99649093100018, 0.0 ], [ 128.269650099000046, 1.996389205000073, 0.0 ], [ 128.269638233000023, 1.996323377000137, 0.0 ], [ 128.269566913000148, 1.996209652000064, 0.0 ], [ 128.269471794000168, 1.996119851000216, 0.0 ], [ 128.269418287000093, 1.99607195600005, 0.0 ], [ 128.269376679000032, 1.996018083000076, 0.0 ], [ 128.269358862000075, 1.995958236000047, 0.0 ], [ 128.269329170000105, 1.995856497000027, 0.0 ], [ 128.26928163, 1.995766717999988, 0.0 ], [ 128.269228127, 1.995712839000113, 0.0 ], [ 128.269174644000145, 1.995611090000076, 0.0 ], [ 128.269150889000343, 1.995533288000064, 0.0 ], [ 128.269109289000056, 1.99546146300005, 0.0 ], [ 128.268996326000064, 1.995371655000058, 0.0 ], [ 128.268889296000083, 1.995317752000127, 0.0 ], [ 128.268829845000226, 1.995263870000137, 0.0 ], [ 128.268728780000174, 1.995168084000024, 0.0 ], [ 128.268627707000036, 1.995090248000182, 0.0 ], [ 128.268609873000145, 1.995072289000211, 0.0 ], [ 128.268520737000102, 1.994898717000193, 0.0 ], [ 128.268491048000186, 1.994790993000185, 0.0 ], [ 128.268419724000154, 1.994689236000162, 0.0 ], [ 128.268372188000143, 1.994587488000098, 0.0 ], [ 128.268366265000026, 1.994533632000066, 0.0 ], [ 128.268300891000166, 1.994425892000075, 0.0 ], [ 128.268277132000065, 1.994354076000173, 0.0 ], [ 128.268229584000096, 1.994282248000098, 0.0 ], [ 128.268205818000041, 1.994228382000075, 0.0 ], [ 128.268182076000016, 1.994120662000061, 0.0 ], [ 128.268170213000047, 1.994048850000146, 0.0 ], [ 128.268122678000026, 1.993947103000177, 0.0 ], [ 128.268021595000164, 1.99389320300016, 0.0 ], [ 128.267968094000111, 1.993833340000079, 0.0 ], [ 128.267932428000336, 1.993791437000092, 0.0 ], [ 128.2678967800002, 1.993707647000061, 0.0 ], [ 128.267843298000088, 1.993605897000175, 0.0 ], [ 128.267760089, 1.993480199000094, 0.0 ], [ 128.267682833000208, 1.99334253500008, 0.0 ], [ 128.267665036000039, 1.993240801000149, 0.0 ], [ 128.267599661000048, 1.993133063000144, 0.0 ], [ 128.267522392000132, 1.993025317999974, 0.0 ], [ 128.267445126000183, 1.992911591000115, 0.0 ], [ 128.267361909000073, 1.992803844000166, 0.0 ], [ 128.267278726000058, 1.992618307000153, 0.0 ], [ 128.267124180000081, 1.992420770000095, 0.0 ], [ 128.267046913000172, 1.992307042000053, 0.0 ], [ 128.266981560000175, 1.992151432000208, 0.0 ], [ 128.26689239900017, 1.992037698000176, 0.0 ], [ 128.266880574000169, 1.99187612900005, 0.0 ], [ 128.266827109000104, 1.991738476000073, 0.0 ], [ 128.266797414000024, 1.991642720000195, 0.0 ], [ 128.266743939000293, 1.991523019000128, 0.0 ], [ 128.26669641600003, 1.991397337000062, 0.0 ], [ 128.266369563000097, 1.990816755000132, 0.0 ], [ 128.266167497000055, 1.990481568000028, 0.0 ], [ 128.266096192000049, 1.990337924000042, 0.0 ], [ 128.266001088000024, 1.9902122200001, 0.0 ], [ 128.26581671800011, 1.990212137, 0.0 ], [ 128.265775113999979, 1.990146296, 0.0 ], [ 128.26566812900009, 1.989990668000068, 0.0 ], [ 128.265507641000198, 1.98978116100007, 0.0 ], [ 128.265275863000028, 1.989392105000058, 0.0 ], [ 128.265204518, 1.989338218000111, 0.0 ], [ 128.265061850000137, 1.989176591000172, 0.0 ], [ 128.264972684000071, 1.989074824000192, 0.0 ], [ 128.264871649000128, 1.988913215000029, 0.0 ], [ 128.264800330000185, 1.988799490000144, 0.0 ], [ 128.26469928700007, 1.988655832000142, 0.0 ], [ 128.264610141000162, 1.988506195000062, 0.0 ], [ 128.264574485999987, 1.988440356000061, 0.0 ], [ 128.264532882999987, 1.988374515000035, 0.0 ], [ 128.264419940000153, 1.988242820000073, 0.0 ], [ 128.264348636999983, 1.988093191000029, 0.0 ], [ 128.264301098000232, 1.988003411000096, 0.0 ], [ 128.264223818000119, 1.987919603000088, 0.0 ], [ 128.264176271000082, 1.987847776000073, 0.0 ], [ 128.264075257000172, 1.987638295000085, 0.0 ], [ 128.264009891000086, 1.987512605000108, 0.0 ], [ 128.263944496000221, 1.98745273600011, 0.0 ], [ 128.263896916000022, 1.987452715000142, 0.0 ], [ 128.263867170999987, 1.98747065300006, 0.0 ], [ 128.263795778, 1.987524476000138, 0.0 ], [ 128.26367085000004, 1.987596226000053, 0.0 ], [ 128.263563762000189, 1.987673968000082, 0.0 ], [ 128.263379381000163, 1.987697820999959, 0.0 ], [ 128.263325883000078, 1.987631974000116, 0.0 ], [ 128.263308075000026, 1.987554177000021, 0.0 ], [ 128.263319999, 1.987488360000159, 0.0 ], [ 128.26336165799998, 1.987428540000023, 0.0 ], [ 128.263385469000099, 1.987380679000095, 0.0 ], [ 128.263427122000024, 1.987332827, 0.0 ], [ 128.263516360000011, 1.987273028000111, 0.0 ], [ 128.26364132, 1.987129472000194, 0.0 ], [ 128.263742448000016, 1.987081646000122, 0.0 ], [ 128.263665175999989, 1.98697988600003, 0.0 ], [ 128.263611734000023, 1.986788377999985, 0.0 ], [ 128.263576163000039, 1.986531056, 0.0 ], [ 128.263546484000017, 1.986399398000133, 0.0 ], [ 128.2635286980003, 1.986273728000029, 0.0 ], [ 128.263498981000083, 1.986225845000117, 0.0 ], [ 128.263391993999988, 1.986076199000148, 0.0 ], [ 128.263213671999978, 1.985848733000147, 0.0 ], [ 128.263059116, 1.985675131000173, 0.0 ], [ 128.262987837000054, 1.985471648000122, 0.0 ], [ 128.262928424000023, 1.985333992000104, 0.0 ], [ 128.262910627000082, 1.985232259000094, 0.0 ], [ 128.262886885000029, 1.985124539000089, 0.0 ], [ 128.262762069, 1.984944967000182, 0.0 ], [ 128.262708616000168, 1.984777395000157, 0.0 ], [ 128.262643229000133, 1.984699575999965, 0.0 ], [ 128.262571904000168, 1.984597817000194, 0.0 ], [ 128.262512467000164, 1.984514017, 0.0 ], [ 128.262453030000273, 1.984430216000101, 0.0 ], [ 128.262369803000041, 1.984346405000206, 0.0 ], [ 128.262262835000115, 1.984154873000153, 0.0 ], [ 128.262126119000158, 1.983987264000013, 0.0 ], [ 128.262066700000076, 1.983861576000099, 0.0 ], [ 128.261971597000183, 1.983735872000203, 0.0 ], [ 128.261924072000056, 1.983616174000088, 0.0 ], [ 128.261906251999989, 1.983562311000133, 0.0 ], [ 128.26190032700012, 1.983514437000074, 0.0 ], [ 128.261864679000041, 1.983430647999961, 0.0 ], [ 128.261840912999986, 1.983376782000179, 0.0 ], [ 128.26178742400009, 1.983292984000158, 0.0 ], [ 128.261733926000119, 1.983227137000103, 0.0 ], [ 128.261710153000081, 1.983191224000073, 0.0 ], [ 128.261698287000257, 1.983125396000101, 0.0 ], [ 128.261585308000093, 1.983077474000095, 0.0 ], [ 128.261585339, 1.983005667000096, 0.0 ], [ 128.26153778900013, 1.98293982400003, 0.0 ], [ 128.26149618400018, 1.982879966999978, 0.0 ], [ 128.261389159000146, 1.982814096000166, 0.0 ], [ 128.261311883000047, 1.98272430400015, 0.0 ], [ 128.261282156000078, 1.982700355000018, 0.0 ], [ 128.261222690000039, 1.982682376000069, 0.0 ], [ 128.261139461000056, 1.982604549000107, 0.0 ], [ 128.261080016000022, 1.9825387000001, 0.0 ], [ 128.26099083699998, 1.982466853000093, 0.0 ], [ 128.260925445000083, 1.982401001000159, 0.0 ], [ 128.260860049, 1.982341132999975, 0.0 ], [ 128.26081249700016, 1.982281273000185, 0.0 ], [ 128.260735213000174, 1.982209433000104, 0.0 ], [ 128.260711440999984, 1.982167534000108, 0.0 ], [ 128.260669834000026, 1.982113660999971, 0.0 ], [ 128.260521153000212, 1.982101627000104, 0.0 ], [ 128.260431926, 1.982137490000145, 0.0 ], [ 128.260313000000309, 1.982089566000056, 0.0 ], [ 128.260152451000039, 1.982017688000179, 0.0 ], [ 128.260063288000083, 1.981909938000151, 0.0 ], [ 128.259980073000037, 1.981802191000174, 0.0 ], [ 128.259879003, 1.981718372000053, 0.0 ], [ 128.259849341000063, 1.981550810000081, 0.0 ], [ 128.259855322999982, 1.981473022000018, 0.0 ], [ 128.259843481000274, 1.981353339000139, 0.0 ], [ 128.259778094000097, 1.981275520000021, 0.0 ], [ 128.259736491000012, 1.981209679000201, 0.0 ], [ 128.259718695000032, 1.981107946000195, 0.0 ], [ 128.259683053000316, 1.9810121880001, 0.0 ], [ 128.259665245000292, 1.980934389000137, 0.0 ], [ 128.259623651000055, 1.980850597000142, 0.0 ], [ 128.259599906000176, 1.980748861000029, 0.0 ], [ 128.259605861000153, 1.980730912000098, 0.0 ], [ 128.259665346, 1.980707003000151, 0.0 ], [ 128.259742661999979, 1.98070703800008, 0.0 ], [ 128.259854150864584, 1.980749827404444, 0.0 ], [ 128.259867537000332, 1.980754965000206, 0.0 ], [ 128.259998351000121, 1.980820846000034, 0.0 ], [ 128.260081587000286, 1.980880722000064, 0.0 ], [ 128.260170777000184, 1.980928633000186, 0.0 ], [ 128.260242127000055, 1.980970552000051, 0.0 ], [ 128.260319425, 1.981012474000142, 0.0 ], [ 128.260402680000084, 1.981030463000095, 0.0 ], [ 128.260503768000149, 1.98107239500019, 0.0 ], [ 128.260575121000073, 1.981108330000053, 0.0 ], [ 128.260753509000068, 1.981186200000089, 0.0 ], [ 128.260848646000113, 1.981234114000153, 0.0 ], [ 128.260937819000077, 1.981317928000142, 0.0 ], [ 128.26113996300009, 1.981473600000087, 0.0 ], [ 128.261354003000037, 1.981623292, 0.0 ], [ 128.261466964000078, 1.981713101000081, 0.0 ], [ 128.261591795000186, 1.981856769000066, 0.0 ], [ 128.261710683000018, 1.981994451000121, 0.0 ], [ 128.261960379000101, 1.982209982000099, 0.0 ], [ 128.262144674000155, 1.982377613000162, 0.0 ], [ 128.262257641, 1.98245545400011, 0.0 ], [ 128.262394394000239, 1.982539289000057, 0.0 ], [ 128.262632217000117, 1.982706944000139, 0.0 ], [ 128.262846253999982, 1.982862620000069, 0.0 ], [ 128.263024634000175, 1.982958441999982, 0.0 ], [ 128.263161404000101, 1.983006374000077, 0.0 ], [ 128.263345733000023, 1.983096215000109, 0.0 ], [ 128.26363113900004, 1.983257907000189, 0.0 ], [ 128.263857064000121, 1.983431540000077, 0.0 ], [ 128.264082975000036, 1.98363509200004, 0.0 ], [ 128.264178075999979, 1.983766780000105, 0.0 ], [ 128.264439627000115, 1.984072074000091, 0.0 ], [ 128.264713087, 1.984347454000166, 0.0 ], [ 128.264962807000074, 1.984509130000048, 0.0 ], [ 128.265123335000226, 1.98462887900007, 0.0 ], [ 128.265307643999989, 1.984766590000045, 0.0 ], [ 128.265426553000196, 1.984856402, 0.0 ], [ 128.265575191000011, 1.984964178000066, 0.0 ], [ 128.265682210999984, 1.985042016000097, 0.0 ], [ 128.265991440000079, 1.985125928000115, 0.0 ], [ 128.266193583000103, 1.98528159900008, 0.0 ], [ 128.26633032700019, 1.985389369000135, 0.0 ], [ 128.266449262, 1.985419342000075, 0.0 ], [ 128.266788220000166, 1.985521219000041, 0.0 ], [ 128.266984510000015, 1.985467452000157, 0.0 ], [ 128.267097519000089, 1.98544955100017, 0.0 ], [ 128.267281881, 1.985467584000122, 0.0 ], [ 128.267388898000149, 1.98555140600011, 0.0 ], [ 128.267602934000223, 1.985713066000215, 0.0 ], [ 128.267739662000054, 1.985856739999985, 0.0 ], [ 128.267846671000228, 1.985958513000152, 0.0 ], [ 128.267977480000013, 1.986036362000117, 0.0 ], [ 128.268090458000046, 1.98609026700007, 0.0 ], [ 128.268334302000198, 1.986090375000067, 0.0 ], [ 128.268524620000079, 1.986090461000053, 0.0 ], [ 128.268756573000019, 1.986084580000178, 0.0 ], [ 128.268881461000063, 1.986102587000194, 0.0 ], [ 128.269053889000133, 1.986210374000135, 0.0 ], [ 128.269190635000086, 1.986312160000195, 0.0 ], [ 128.269321415000036, 1.986455831000119, 0.0 ], [ 128.269737626000165, 1.98670733900011, 0.0 ], [ 128.269820845, 1.986809102000149, 0.0 ], [ 128.269806756764154, 1.98686569298003, 0.0 ], [ 128.269802971000104, 1.986880900000187, 0.0 ], [ 128.269780846975863, 1.986908699410431, 0.0 ], [ 128.269731563000022, 1.986970626000112, 0.0 ], [ 128.269678001000074, 1.987048393000061, 0.0 ], [ 128.269654162000137, 1.987162076000208, 0.0 ], [ 128.26961843, 1.987269770000014, 0.0 ], [ 128.269707600000174, 1.987365552000135, 0.0 ], [ 128.269808677000213, 1.987431419000188, 0.0 ], [ 128.269808643, 1.987509210000117, 0.0 ], [ 128.269850243000178, 1.987581034000187, 0.0 ], [ 128.269927518000031, 1.987676811000038, 0.0 ], [ 128.269981016000173, 1.987742657000199, 0.0 ], [ 128.270034499000047, 1.987844407000082, 0.0 ], [ 128.270117728000145, 1.987922234, 0.0 ], [ 128.270129594000053, 1.987988062000111, 0.0 ], [ 128.270171187000045, 1.988077838000103, 0.0 ], [ 128.270236577000105, 1.98814967400019, 0.0 ], [ 128.270307926000072, 1.988197577000207, 0.0 ], [ 128.270379271, 1.988251463000159, 0.0 ], [ 128.270397100000167, 1.98828139100019, 0.0 ], [ 128.270462493000196, 1.988347241999968, 0.0 ], [ 128.2705813970002, 1.988449021000206, 0.0 ], [ 128.270676520000052, 1.988532838000097, 0.0 ], [ 128.27062890900001, 1.988604623000074, 0.0 ], [ 128.270652662000202, 1.988688407999974, 0.0 ], [ 128.270747758000056, 1.988832063000101, 0.0 ], [ 128.270854754000197, 1.988963756000037, 0.0 ], [ 128.271003372000109, 1.989119403000016, 0.0 ], [ 128.271122268000084, 1.989239133000186, 0.0 ], [ 128.271241168000159, 1.989352878999987, 0.0 ], [ 128.271395748, 1.989472626000044, 0.0 ], [ 128.271538432000028, 1.98959835000013, 0.0 ], [ 128.271698966, 1.989706131000122, 0.0 ], [ 128.271770309000175, 1.989766002000146, 0.0 ], [ 128.271895169000231, 1.989849831000083, 0.0 ], [ 128.271984356000075, 1.98990372600004, 0.0 ], [ 128.272085442000019, 1.989951642000054, 0.0 ], [ 128.272103282000074, 1.989957634, 0.0 ], [ 128.27220437800031, 1.989981614000059, 0.0 ], [ 128.272311430000286, 1.989987645000106, 0.0 ], [ 128.272400645000261, 1.989981700000048, 0.0 ], [ 128.272602863000202, 1.989969823000019, 0.0 ], [ 128.272852653000058, 1.989975918000081, 0.0 ], [ 128.27306675600002, 1.989987980000018, 0.0 ], [ 128.27315004400009, 1.989934162000078, 0.0 ], [ 128.273181302690773, 1.989905881653798, 0.0 ], [ 128.273209542000018, 1.989880333000082, 0.0 ], [ 128.273237701537795, 1.989884819327538, 0.0 ], [ 128.273322536000109, 1.989898335000037, 0.0 ], [ 128.273590021999979, 1.990239535000164, 0.0 ], [ 128.274196401000012, 1.990838191000155, 0.0 ], [ 128.274392539000104, 1.991131488000191, 0.0 ], [ 128.27464218800003, 1.991460712000072, 0.0 ], [ 128.274862155000022, 1.991664261000117, 0.0 ], [ 128.275016755, 1.991742120000042, 0.0 ], [ 128.275105948, 1.991784047000057, 0.0 ], [ 128.275397406, 1.991712368999973, 0.0 ], [ 128.275546056000024, 1.991796210000096, 0.0 ], [ 128.275944326000172, 1.992275096000074, 0.0 ], [ 128.276081040000093, 1.992454672, 0.0 ], [ 128.276176147000228, 1.99257439200017, 0.0 ], [ 128.276396099000266, 1.992813845000171, 0.0 ], [ 128.276562570000095, 1.992945564000176, 0.0 ], [ 128.27669340400027, 1.992969557000114, 0.0 ], [ 128.276895511, 1.99321498500013, 0.0 ], [ 128.2769727310002, 1.993436423000151, 0.0 ], [ 128.277073769999987, 1.99359204900009, 0.0 ], [ 128.277228321000024, 1.993783601000152, 0.0 ], [ 128.277376950000161, 1.993915312000074, 0.0 ], [ 128.277483947000064, 1.994047005000107, 0.0 ], [ 128.277579024, 1.994238531000127, 0.0 ], [ 128.277787042000199, 1.994567737000189, 0.0 ], [ 128.277828630000045, 1.994669481000098, 0.0 ], [ 128.27795350300002, 1.99472339000016, 0.0 ], [ 128.278030812000111, 1.994741377000155, 0.0 ], [ 128.278102164000188, 1.994783295000062, 0.0 ], [ 128.278280534000032, 1.994909036000091, 0.0 ], [ 128.27835184900016, 1.9950347280002, 0.0 ], [ 128.278393436000073, 1.995136472000065, 0.0 ], [ 128.278440974000063, 1.995232236000157, 0.0 ], [ 128.278482545000088, 1.995375867000077, 0.0 ], [ 128.278518185000024, 1.995477610000012, 0.0 ], [ 128.278595461, 1.995573386000187, 0.0 ], [ 128.278720308000146, 1.995687134000178, 0.0 ], [ 128.278857048000049, 1.995806872000138, 0.0 ], [ 128.278946185000081, 1.995980444000054, 0.0 ], [ 128.278963956000069, 1.996142017000022, 0.0 ], [ 128.278898516000112, 1.996183875000105, 0.0 ], [ 128.278839025999986, 1.99621975300007, 0.0 ], [ 128.278755723999978, 1.996303490000194, 0.0 ], [ 128.278630809000106, 1.996345322000107, 0.0 ], [ 128.278624812000089, 1.996459014000051, 0.0 ], [ 128.27863073, 1.996524839000086, 0.0 ], [ 128.278624749000159, 1.996602626000054, 0.0 ], [ 128.278660419000033, 1.996638545000133, 0.0 ], [ 128.278737715, 1.996686450000041, 0.0 ], [ 128.278826899, 1.996752313000097, 0.0 ], [ 128.278820933, 1.996794197, 0.0 ], [ 128.278832807000271, 1.996842074000161, 0.0 ], [ 128.278969586000017, 1.996872053000067, 0.0 ], [ 128.279046849000082, 1.996997749000107, 0.0 ], [ 128.279124114000183, 1.997117460000046, 0.0 ], [ 128.279195431000034, 1.997237170000141, 0.0 ], [ 128.279248920000185, 1.997326952000133, 0.0 ], [ 128.279308358000094, 1.997410753000088, 0.0 ], [ 128.279379691, 1.997494559000015, 0.0 ], [ 128.279504547000073, 1.997590355000193, 0.0 ], [ 128.279617494000149, 1.997716067000094, 0.0 ], [ 128.27978987700007, 1.997931563000108, 0.0 ], [ 128.279944453000098, 1.998069260000084, 0.0 ], [ 128.280033610000231, 1.998194961000096, 0.0 ], [ 128.280164395000128, 1.998332649000091, 0.0 ], [ 128.280336781000045, 1.99854216000012, 0.0 ], [ 128.280437834000139, 1.998667866000086, 0.0 ], [ 128.280515109999982, 1.998763642000145, 0.0 ], [ 128.280568616000068, 1.998811538000043, 0.0 ], [ 128.28063996000003, 1.998871407000083, 0.0 ], [ 128.280800495000193, 1.99897918800004, 0.0 ], [ 128.281103732, 1.999176790000039, 0.0 ], [ 128.281228571000156, 1.999308490000083, 0.0 ], [ 128.281311793000071, 1.99941025300006, 0.0 ], [ 128.281418806000119, 1.999506043, 0.0 ], [ 128.281615029000108, 1.99960785500009, 0.0 ], [ 128.281710168000217, 1.999655768000063, 0.0 ], [ 128.281793433000274, 1.999655805000166, 0.0 ], [ 128.281876703000052, 1.999643874000137, 0.0 ], [ 128.282025337000164, 1.999769600999988, 0.0 ], [ 128.282132339000071, 1.999889326000035, 0.0 ], [ 128.282245285000045, 2.000021020000073, 0.0 ], [ 128.282352311000153, 2.000086890000052, 0.0 ], [ 128.282447437000059, 2.00016472300018, 0.0 ], [ 128.28259012800001, 2.000278478999966, 0.0 ], [ 128.282691202, 2.000356315000055, 0.0 ], [ 128.2827506510001, 2.000416180000107, 0.0 ], [ 128.282863624000129, 2.000482052000051, 0.0 ], [ 128.282899303999983, 2.000494035000064, 0.0 ], [ 128.282964716000123, 2.000517999000065, 0.0 ], [ 128.283053918000036, 2.000541974000047, 0.0 ], [ 128.283160971000115, 2.000548005000105, 0.0 ], [ 128.283256124000104, 2.000565999000169, 0.0 ], [ 128.283416659000153, 2.000673779000218, 0.0 ], [ 128.283826866, 2.001068896000116, 0.0 ], [ 128.283957663999985, 2.001176664000144, 0.0 ], [ 128.284254948000097, 2.001386230999972, 0.0 ], [ 128.284480876000202, 2.001565846000179, 0.0 ], [ 128.284683016000031, 2.001739468000148, 0.0 ], [ 128.284914849000046, 2.002014828000042, 0.0 ], [ 128.285140791000089, 2.002164525000088, 0.0 ], [ 128.285336980000096, 2.002344128000143, 0.0 ], [ 128.28545587300016, 2.002475825000106, 0.0 ], [ 128.285628276000125, 2.002649434000163, 0.0 ], [ 128.285699600000129, 2.002757175000051, 0.0 ], [ 128.285741212000147, 2.002805065000132, 0.0 ], [ 128.285943324000044, 2.003044509000071, 0.0 ], [ 128.286080072000118, 2.003146295000149, 0.0 ], [ 128.286294121000168, 2.003290002000045, 0.0 ], [ 128.286520054000079, 2.003457650000038, 0.0 ], [ 128.286680552000092, 2.003655189000177, 0.0 ], [ 128.286793481999979, 2.003822787000145, 0.0 ], [ 128.28688855700031, 2.004020297000121, 0.0 ], [ 128.286965779000184, 2.004241736000106, 0.0 ], [ 128.287084652000289, 2.004421304000026, 0.0 ], [ 128.287095343424966, 2.004434336986977, 0.0 ], [ 128.287197595000151, 2.004558983000171, 0.0 ], [ 128.287334352000016, 2.004642818000052, 0.0 ], [ 128.287411644, 2.004702690000046, 0.0 ], [ 128.287679285000081, 2.004696824000041, 0.0 ], [ 128.287875499000165, 2.004822572000047, 0.0 ], [ 128.288024136000075, 2.00494231500007, 0.0 ], [ 128.288291635000064, 2.005265562000066, 0.0 ], [ 128.288487820000086, 2.005457133000016, 0.0 ], [ 128.288743460000063, 2.005696600000044, 0.0 ], [ 128.288993177000066, 2.00588221000011, 0.0 ], [ 128.289141809000029, 2.006013921000108, 0.0 ], [ 128.289308264000027, 2.006187526000159, 0.0 ], [ 128.289551917000239, 2.006642409000091, 0.0 ], [ 128.289664843000168, 2.006821975000158, 0.0 ], [ 128.28981938299998, 2.007043447000205, 0.0 ], [ 128.289955443751609, 2.007196770178507, 0.0 ], [ 128.290069058000171, 2.007324799000166, 0.0 ], [ 128.290199819, 2.007522325000028, 0.0 ], [ 128.290366202000058, 2.007863480000083, 0.0 ], [ 128.29044345600002, 2.008013111000091, 0.0 ], [ 128.290621812000012, 2.008174754000109, 0.0 ], [ 128.290740728000145, 2.008258581000194, 0.0 ], [ 128.29082992000005, 2.008306491000059, 0.0 ], [ 128.290913941613525, 2.008317799935533, 0.0 ], [ 128.290919128000127, 2.008318498000067, 0.0 ], [ 128.29093383102952, 2.008317799935535, 0.0 ], [ 128.291044029000062, 2.008312568000145, 0.0 ], [ 128.291133260000123, 2.008270720000061, 0.0 ], [ 128.291293849000112, 2.008258822000106, 0.0 ], [ 128.291341444000068, 2.008222939000061, 0.0 ], [ 128.291394995000019, 2.008169108000132, 0.0 ], [ 128.29149018200016, 2.008109310000179, 0.0 ], [ 128.291537764000168, 2.008103347000123, 0.0 ], [ 128.2916091270001, 2.008121330000116, 0.0 ], [ 128.291686428000048, 2.008163251000091, 0.0 ], [ 128.291733977000121, 2.008235078000099, 0.0 ], [ 128.29177003070717, 2.008317799935532, 0.0 ], [ 128.291840927000294, 2.008480465000059, 0.0 ], [ 128.291900338000119, 2.008630088000067, 0.0 ], [ 128.291941939999987, 2.008701913000102, 0.0 ], [ 128.291983540000132, 2.008779722000083, 0.0 ], [ 128.292096532000073, 2.00880370700015, 0.0 ], [ 128.292179772000026, 2.008863582000095, 0.0 ], [ 128.292268963000168, 2.00891747600009, 0.0 ], [ 128.29235214600007, 2.009108997, 0.0 ], [ 128.292363919000081, 2.009390246000121, 0.0 ], [ 128.292333369125544, 2.009443284010505, 0.0 ], [ 128.292298448000196, 2.009503911000063, 0.0 ], [ 128.292244194924791, 2.009526359661264, 0.0 ], [ 128.292197321000089, 2.009545755000104, 0.0 ], [ 128.292060502000254, 2.009605533000092, 0.0 ], [ 128.29198317600023, 2.009623452000054, 0.0 ], [ 128.291905840000226, 2.009665305000055, 0.0 ], [ 128.291816593000021, 2.009743057000109, 0.0 ], [ 128.291745202000101, 2.009790897000141, 0.0 ], [ 128.291740715639975, 2.009871513762107, 0.0 ], [ 128.291739208000166, 2.009898605000169, 0.0 ], [ 128.291733191000048, 2.010060168000114, 0.0 ], [ 128.291739106999984, 2.010131977000079, 0.0 ], [ 128.291816351000051, 2.010305543000094, 0.0 ], [ 128.291822270000097, 2.010371369000018, 0.0 ], [ 128.291828182000017, 2.010455146000099, 0.0 ], [ 128.291828149999986, 2.010526953000064, 0.0 ], [ 128.291845952000131, 2.010622704000122, 0.0 ], [ 128.291881591000106, 2.010730429000036, 0.0 ], [ 128.291876678123458, 2.010769834502348, 0.0 ], [ 128.291869655000028, 2.010826166000068, 0.0 ], [ 128.291863676000133, 2.010897971000074, 0.0 ], [ 128.29188148500009, 2.010975768000047, 0.0 ], [ 128.291875499000156, 2.011065524000189, 0.0 ], [ 128.291881403000275, 2.011167254000023, 0.0 ], [ 128.291863531000189, 2.011233069000062, 0.0 ], [ 128.291905102000214, 2.011376701000077, 0.0 ], [ 128.291994277000072, 2.011466498000138, 0.0 ], [ 128.291958522000158, 2.011628048000167, 0.0 ], [ 128.29196442400027, 2.011735760000054, 0.0 ], [ 128.291964413981304, 2.011758500550456, 0.0 ], [ 128.291964366000116, 2.0118674060001, 0.0 ], [ 128.29197622, 2.01196315400017, 0.0 ], [ 128.292035678000133, 2.012005067000195, 0.0 ], [ 128.292130857000302, 2.011963221000105, 0.0 ], [ 128.292255781000307, 2.011903437000134, 0.0 ], [ 128.292291476000031, 2.011879517000084, 0.0 ], [ 128.292345020000226, 2.01184363700016, 0.0 ], [ 128.292446139000248, 2.01181974500014, 0.0 ], [ 128.292600791000154, 2.011783908999967, 0.0 ], [ 128.292690008999983, 2.011771980000148, 0.0 ], [ 128.292750422086669, 2.011758500550453, 0.0 ], [ 128.292957675, 2.011712258000056, 0.0 ], [ 128.29304688900001, 2.011712297000092, 0.0 ], [ 128.293129465328434, 2.011758500550465, 0.0 ], [ 128.293153919, 2.011772183000135, 0.0 ], [ 128.293183595000158, 2.011915809000089, 0.0 ], [ 128.293189496000082, 2.012023522, 0.0 ], [ 128.293189486378651, 2.012045809189562, 0.0 ], [ 128.293189465000182, 2.012095329000055, 0.0 ], [ 128.293116545442103, 2.012134128533038, 0.0 ], [ 128.2930883330001, 2.012149140000158, 0.0 ], [ 128.292993157000069, 2.012185001000179, 0.0 ], [ 128.292927719000204, 2.012220876000202, 0.0 ], [ 128.292856345000104, 2.012226829000048, 0.0 ], [ 128.292654118000172, 2.012250677000073, 0.0 ], [ 128.292576786000012, 2.012280562000169, 0.0 ], [ 128.292499445000061, 2.012334384000135, 0.0 ], [ 128.292457774000098, 2.012424124000118, 0.0 ], [ 128.292475590000322, 2.012483971, 0.0 ], [ 128.292517187000129, 2.012567764000107, 0.0 ], [ 128.292558807000177, 2.012597701000174, 0.0 ], [ 128.292659898000124, 2.012639633000131, 0.0 ], [ 128.29287994, 2.012681616000146, 0.0 ], [ 128.2929096780002, 2.012681629000051, 0.0 ], [ 128.293040524000133, 2.012681686000129, 0.0 ], [ 128.293159475000124, 2.012681738000152, 0.0 ], [ 128.293302214000136, 2.012687784000109, 0.0 ], [ 128.293409282000056, 2.012657912000129, 0.0 ], [ 128.293456878, 2.012622029000066, 0.0 ], [ 128.293516354000047, 2.012622055000081, 0.0 ], [ 128.293593636000054, 2.012705863000054, 0.0 ], [ 128.293647115000198, 2.012819580000158, 0.0 ], [ 128.293748196000138, 2.012885447000049, 0.0 ], [ 128.293789795000066, 2.012963256000158, 0.0 ], [ 128.293795709000022, 2.013041049000099, 0.0 ], [ 128.293783793000074, 2.013088915000157, 0.0 ], [ 128.293866980000189, 2.013274453000065, 0.0 ], [ 128.293932341000158, 2.013418095000041, 0.0 ], [ 128.293985820000216, 2.013531813000045, 0.0 ], [ 128.294015522000194, 2.013615600000102, 0.0 ], [ 128.294104666000038, 2.013777204000195, 0.0 ], [ 128.294152205000017, 2.013872966999989, 0.0 ], [ 128.29417595400011, 2.013968720000052, 0.0 ], [ 128.294211580000223, 2.014106365000128, 0.0 ], [ 128.294229354000066, 2.014267938000121, 0.0 ], [ 128.294270899000111, 2.014471409000124, 0.0 ], [ 128.294276779, 2.014626993000028, 0.0 ], [ 128.294229112000124, 2.014830425000189, 0.0 ], [ 128.294246905999984, 2.014944126999984, 0.0 ], [ 128.294240919000089, 2.015033883000135, 0.0 ], [ 128.294205174000098, 2.015171497000158, 0.0 ], [ 128.294205112000071, 2.015315111000145, 0.0 ], [ 128.294205051000176, 2.015458724000054, 0.0 ], [ 128.294204974000081, 2.015638242000144, 0.0 ], [ 128.294204919000293, 2.015763903000175, 0.0 ], [ 128.294204870000044, 2.015877597000153, 0.0 ], [ 128.294204775000139, 2.016099002000108, 0.0 ], [ 128.294222556000108, 2.016242623000161, 0.0 ], [ 128.294222484000073, 2.016410173000206, 0.0 ], [ 128.294222445000145, 2.016499931000137, 0.0 ], [ 128.294162812000053, 2.016864923000131, 0.0 ], [ 128.294150880000046, 2.016948692000033, 0.0 ], [ 128.294121083000135, 2.017086309000158, 0.0 ], [ 128.294085369000044, 2.017152115999973, 0.0 ], [ 128.294025876000205, 2.017193978000083, 0.0 ], [ 128.293954487000036, 2.017235834000193, 0.0 ], [ 128.293912815000084, 2.017325575000052, 0.0 ], [ 128.293948483000207, 2.017367478000047, 0.0 ], [ 128.294013896000052, 2.017391440999983, 0.0 ], [ 128.294138753000169, 2.017487239000119, 0.0 ], [ 128.294138732000079, 2.017535110000048, 0.0 ], [ 128.294126794, 2.017636831000059, 0.0 ], [ 128.294120782000022, 2.017786426000066, 0.0 ], [ 128.294096922000193, 2.017947980000093, 0.0 ], [ 128.29405522700003, 2.018091576000075, 0.0 ], [ 128.294055154000148, 2.018259125, 0.0 ], [ 128.294019427000052, 2.018354852000011, 0.0 ], [ 128.293995617000036, 2.01840271300019, 0.0 ], [ 128.293959880000187, 2.018522375000156, 0.0 ], [ 128.293959841000287, 2.018612134000024, 0.0 ], [ 128.293936001000134, 2.018725817000084, 0.0 ], [ 128.293931945244026, 2.018748881094561, 0.0 ], [ 128.293918114000093, 2.018827536000082, 0.0 ], [ 128.293888313999986, 2.018971137000109, 0.0 ], [ 128.293822845000022, 2.019078818000096, 0.0 ], [ 128.293751417000038, 2.01921043300002, 0.0 ], [ 128.293715693000166, 2.019300176000062, 0.0 ], [ 128.293697807000257, 2.019401894000171, 0.0 ], [ 128.293662061000163, 2.0195395090001, 0.0 ], [ 128.293650133, 2.019617294000053, 0.0 ], [ 128.293614375000146, 2.019784828000017, 0.0 ], [ 128.293596436, 2.020006224000064, 0.0 ], [ 128.293536883000087, 2.020185716000195, 0.0 ], [ 128.293536803000251, 2.020371216000073, 0.0 ], [ 128.293518885000026, 2.020544741000096, 0.0 ], [ 128.2935187920001, 2.020760162000098, 0.0 ], [ 128.293483029000072, 2.020939663000103, 0.0 ], [ 128.293477032000027, 2.021053355000142, 0.0 ], [ 128.29342939700004, 2.021178996000115, 0.0 ], [ 128.293405557000227, 2.02129267900002, 0.0 ], [ 128.293363872000072, 2.021412340000034, 0.0 ], [ 128.293363797000183, 2.021585873000108, 0.0 ], [ 128.293333961, 2.021813247000079, 0.0 ], [ 128.293292287000099, 2.021908971000183, 0.0 ], [ 128.293292232059201, 2.022035418573867, 0.0 ], [ 128.29329222200019, 2.022058569000149, 0.0 ], [ 128.293292201132743, 2.022058788425372, 0.0 ], [ 128.293280272000288, 2.022184226000163, 0.0 ], [ 128.293250493000045, 2.022279955000182, 0.0 ], [ 128.29320878900009, 2.022441502000108, 0.0 ], [ 128.293165709777753, 2.022524487551892, 0.0 ], [ 128.29313735900007, 2.02257910100004, 0.0 ], [ 128.293103252441114, 2.022631426437918, 0.0 ], [ 128.293024280000026, 2.022752584000105, 0.0 ], [ 128.292952851000081, 2.022884199000103, 0.0 ], [ 128.29291712700001, 2.022973942000159, 0.0 ], [ 128.292899255000293, 2.023039756000077, 0.0 ], [ 128.292833754000071, 2.023219245000064, 0.0 ], [ 128.292797955000054, 2.023482521000168, 0.0 ], [ 128.292785979000172, 2.02366801600019, 0.0 ], [ 128.292756140000023, 2.023901376000151, 0.0 ], [ 128.292738227000058, 2.024062933000133, 0.0 ], [ 128.292738162000177, 2.024212531, 0.0 ], [ 128.292732140000226, 2.024386060999971, 0.0 ], [ 128.292732061000123, 2.024565578000052, 0.0 ], [ 128.29273200344366, 2.024699516494441, 0.0 ], [ 128.292731953000128, 2.024816902000028, 0.0 ], [ 128.292749689000146, 2.025062250000087, 0.0 ], [ 128.292755528000015, 2.025313576000093, 0.0 ], [ 128.292761385000063, 2.02552301500011, 0.0 ], [ 128.292713729000042, 2.025696527000035, 0.0 ], [ 128.292725507000114, 2.025965808000042, 0.0 ], [ 128.292713500000104, 2.02622311, 0.0 ], [ 128.292707464000131, 2.026426560000183, 0.0 ], [ 128.292707366000144, 2.026653948000178, 0.0 ], [ 128.292725102000162, 2.026899296000183, 0.0 ], [ 128.29272051529901, 2.02747109381234, 0.0 ], [ 128.29271881400004, 2.027683185000139, 0.0 ], [ 128.292772137000043, 2.028155936000075, 0.0 ], [ 128.292825541000042, 2.028443186000046, 0.0 ], [ 128.292830815248607, 2.028563761168355, 0.0 ], [ 128.292837320000103, 2.028712467000033, 0.0 ], [ 128.292843168000189, 2.028939858000109, 0.0 ], [ 128.292849023000031, 2.029155281000064, 0.0 ], [ 128.292914348000039, 2.029382698000135, 0.0 ], [ 128.293003468000165, 2.029598158, 0.0 ], [ 128.293001041000025, 2.029708858000097, 0.0 ], [ 128.293125819000011, 2.029990157000048, 0.0 ], [ 128.293161435000115, 2.030151737000091, 0.0 ], [ 128.293232730000085, 2.030325302000167, 0.0 ], [ 128.293280177000014, 2.030636485000101, 0.0 ], [ 128.293303897000186, 2.030798061000132, 0.0 ], [ 128.293446557000124, 2.030989609000142, 0.0 ], [ 128.293482146000059, 2.031211029000144, 0.0 ], [ 128.29358318800027, 2.031366655000062, 0.0 ], [ 128.293755547000046, 2.031647973000099, 0.0 ], [ 128.29403492000003, 2.032031067000166, 0.0 ], [ 128.294163645763774, 2.032219622447333, 0.0 ], [ 128.294231067000169, 2.032318380000071, 0.0 ], [ 128.294492599000108, 2.03269548000016, 0.0 ], [ 128.294659052000156, 2.032881055000169, 0.0 ], [ 128.294801725000156, 2.033042683000215, 0.0 ], [ 128.294956310000089, 2.033168412000014, 0.0 ], [ 128.295069271000102, 2.033270189000185, 0.0 ], [ 128.295188182000032, 2.033365983000126, 0.0 ], [ 128.295215779010931, 2.033398825932944, 0.0 ], [ 128.295253572000092, 2.033443803000182, 0.0 ], [ 128.295336813000148, 2.033503679000169, 0.0 ], [ 128.295461679, 2.033581524000133, 0.0 ], [ 128.295533025000054, 2.033641395000213, 0.0 ], [ 128.295675725, 2.033743183000087, 0.0 ], [ 128.295723282000239, 2.033797059000045, 0.0 ], [ 128.295812469000083, 2.033862921000056, 0.0 ], [ 128.295907610000057, 2.033910834000183, 0.0 ], [ 128.295953882662957, 2.033945449109544, 0.0 ], [ 128.296115710000095, 2.034066507000018, 0.0 ], [ 128.296389211, 2.034276063999974, 0.0 ], [ 128.296466012154468, 2.034313407946228, 0.0 ], [ 128.296464668524862, 2.034161894265032, 0.0 ], [ 128.296488352575352, 2.031380040037509, 0.0 ], [ 128.296507895963003, 2.029084382096273, 0.0 ], [ 128.339996453034473, 2.028939609123809, 0.0 ], [ 128.339995492474799, 2.026959245036486, 0.0 ], [ 128.339994852370864, 2.025639827849441, 0.0 ], [ 128.339994636599585, 2.025195229668395, 0.0 ], [ 128.339996438661927, 2.024999367047887, 0.0 ], [ 128.339163187976027, 1.999917680037527, 0.0 ], [ 128.33865555576844, 1.984638889279259, 0.0 ], [ 128.329105896389109, 1.979969224182196, 0.0 ], [ 128.329105896328542, 1.979969374355403, 0.0 ], [ 128.310488023853594, 1.970865556042687, 0.0 ], [ 128.288217867625349, 1.959975485538632, 0.0 ], [ 128.264826203403658, 1.948536603261537, 0.0 ], [ 128.256688840447026, 1.944557211213989, 0.0 ], [ 128.251265909735793, 1.941905223997319, 0.0 ], [ 128.211319444001447, 1.922369444858432, 0.0 ], [ 128.20415434398987, 1.94312402422397, 0.0 ], [ 128.204134034524458, 1.943182851946188, 0.0 ], [ 128.204132013300381, 1.943188708488445, 0.0 ], [ 128.204132042056017, 1.943188741973481, 0.0 ], [ 128.203723476843464, 1.94439604087346, 0.0 ], [ 128.204439926223785, 1.944672410514573, 0.0 ], [ 128.205910640738097, 1.945245715819691, 0.0 ], [ 128.208229216231615, 1.946149526274952, 0.0 ], [ 128.210550954169548, 1.947050731575964, 0.0 ], [ 128.211076444569329, 1.947262265513312, 0.0 ], [ 128.211474961936204, 1.947434674745098, 0.0 ], [ 128.211768940223436, 1.947572735506128, 0.0 ], [ 128.212035041558011, 1.947707474873874, 0.0 ], [ 128.2123787327657, 1.94789510942515, 0.0 ], [ 128.212600354220058, 1.948022860329074, 0.0 ], [ 128.213076142788282, 1.948308067506769, 0.0 ], [ 128.215125365805278, 1.949562180055303, 0.0 ], [ 128.215424931707133, 1.949747471376622, 0.0 ], [ 128.215729269264642, 1.949940501351755, 0.0 ], [ 128.21607922945347, 1.950174255856209, 0.0 ], [ 128.216257268963545, 1.950300505199111, 0.0 ], [ 128.21643348013842, 1.950431676705143, 0.0 ], [ 128.216560694966461, 1.950530656407105, 0.0 ], [ 128.216731468448074, 1.950669476764912, 0.0 ], [ 128.21689786193258, 1.950811263176727, 0.0 ], [ 128.217113491455365, 1.951003725913828, 0.0 ], [ 128.217345098306595, 1.951219265243496, 0.0 ], [ 128.217587434772184, 1.951451249537097, 0.0 ], [ 128.219434221017281, 1.953250632214865, 0.0 ], [ 128.219698755273726, 1.953511900841472, 0.0 ], [ 128.219979744427604, 1.953798077265742, 0.0 ], [ 128.220258024455916, 1.954098332179823, 0.0 ], [ 128.220403801023821, 1.954265610573434, 0.0 ], [ 128.220537674385099, 1.954426837721707, 0.0 ], [ 128.220702720846219, 1.954636805869662, 0.0 ], [ 128.220814784355497, 1.954786699497628, 0.0 ], [ 128.220882639472734, 1.954880891164199, 0.0 ], [ 128.220922065958774, 1.954935620219069, 0.0 ], [ 128.221068451921923, 1.955146522289852, 0.0 ] ] ] ] } },
{ "type": "Feature", "properties": { "Id_Zona": 18, "Zona": "Pemanfaatan", "Sub_Zona": "Pariwisata Alam Perairan", "Luas": 670.28096867299996, "KKP": "Pulau Rao - Tanjung Dehegila" }, "geometry": { "type": "MultiPolygon", "coordinates": [ [ [ [ 128.187037971612853, 2.09268116112861, 0.0 ], [ 128.186944424000075, 2.092664305000028, 0.0 ], [ 128.186694642999981, 2.092621092000058, 0.0 ], [ 128.186402049000066, 2.092556315000138, 0.0 ], [ 128.186152264000128, 2.092520280999964, 0.0 ], [ 128.185588421000119, 2.092519987000117, 0.0 ], [ 128.185181635000021, 2.092447970000137, 0.0 ], [ 128.184988933000085, 2.092440689000171, 0.0 ], [ 128.184867604, 2.092433445000097, 0.0 ], [ 128.184739092000058, 2.092512363000025, 0.0 ], [ 128.184631922000079, 2.092727722000177, 0.0 ], [ 128.184546179000193, 2.092914370000187, 0.0 ], [ 128.184496151000161, 2.093043592000015, 0.0 ], [ 128.184481803000011, 2.093187195000099, 0.0 ], [ 128.184481721000196, 2.09334516600012, 0.0 ], [ 128.184495959000145, 2.093416978, 0.0 ], [ 128.184296031000116, 2.093582025000103, 0.0 ], [ 128.184196086000128, 2.093625055000075, 0.0 ], [ 128.184160400000195, 2.093625036, 0.0 ], [ 128.18396050900003, 2.093718278000096, 0.0 ], [ 128.18387477600001, 2.09388338500014, 0.0 ], [ 128.183874698000182, 2.094034175, 0.0 ], [ 128.183874658, 2.094113161000167, 0.0 ], [ 128.183874632000169, 2.094163424000157, 0.0 ], [ 128.18383177400014, 2.094228027000043, 0.0 ], [ 128.183753243000154, 2.094271068000183, 0.0 ], [ 128.183667595000173, 2.09427102300009, 0.0 ], [ 128.183596234000191, 2.094249444000126, 0.0 ], [ 128.18346067100012, 2.094163207, 0.0 ], [ 128.183403625000182, 2.094062650000125, 0.0 ], [ 128.183360869000012, 2.093933379000021, 0.0 ], [ 128.183360939000039, 2.093796950000182, 0.0 ], [ 128.183346739000029, 2.093653333000134, 0.0 ], [ 128.183311116000226, 2.093531245000122, 0.0 ], [ 128.183304038000045, 2.093416354000169, 0.0 ], [ 128.183225674000113, 2.093136274000073, 0.0 ], [ 128.183218577000133, 2.093057284999986, 0.0 ], [ 128.18324719600011, 2.092920871000103, 0.0 ], [ 128.183297194, 2.092849092000108, 0.0 ], [ 128.183404305000039, 2.092748621000056, 0.0 ], [ 128.183511438000068, 2.092605068000182, 0.0 ], [ 128.183554332000057, 2.092468660000065, 0.0 ], [ 128.183554421000025, 2.092296329000135, 0.0 ], [ 128.183548324944667, 2.09222226003601, 0.0 ], [ 128.183547329000021, 2.092210159000104, 0.0 ], [ 128.18351169800016, 2.092102433000036, 0.0 ], [ 128.183490323000086, 2.092030617000148, 0.0 ], [ 128.183490367000076, 2.091944451000131, 0.0 ], [ 128.183611722999984, 2.091901432000043, 0.0 ], [ 128.183683096000067, 2.091901469000106, 0.0 ], [ 128.18376159400006, 2.091923052000026, 0.0 ], [ 128.183811522000241, 2.091987702000039, 0.0 ], [ 128.183932963686829, 2.092092536069515, 0.0 ], [ 128.184011275000188, 2.092160138000111, 0.0 ], [ 128.184096904000029, 2.092196086000059, 0.0 ], [ 128.184268175000142, 2.092239259, 0.0 ], [ 128.18440376800001, 2.092268051000076, 0.0 ], [ 128.184446581000287, 2.092289615000083, 0.0 ], [ 128.18458933600013, 2.092268148000188, 0.0 ], [ 128.184767842000014, 2.092124632000036, 0.0 ], [ 128.184860715000127, 2.091952348000177, 0.0 ], [ 128.184925061000143, 2.091736966000099, 0.0 ], [ 128.185017945, 2.091543142000035, 0.0 ], [ 128.185096539999989, 2.091378032000079, 0.0 ], [ 128.185196587000036, 2.09113394700006, 0.0 ], [ 128.185310883000028, 2.09094013400005, 0.0 ], [ 128.185353792000086, 2.090775005000182, 0.0 ], [ 128.185403856000192, 2.090573977000076, 0.0 ], [ 128.185432501000037, 2.0903872990001, 0.0 ], [ 128.185453995000188, 2.090229339000131, 0.0 ], [ 128.185496928999981, 2.09001394600017, 0.0 ], [ 128.185568420000322, 2.089784208000026, 0.0 ], [ 128.185625655000166, 2.089518559000112, 0.0 ], [ 128.185625776000251, 2.089281603000074, 0.0 ], [ 128.185640225000128, 2.088944127000048, 0.0 ], [ 128.185668876999983, 2.088743088, 0.0 ], [ 128.185668895581756, 2.088707166255119, 0.0 ], [ 128.185668929, 2.088642562000018, 0.0 ], [ 128.185740353000227, 2.088542072000052, 0.0 ], [ 128.185809692654942, 2.088515538001616, 0.0 ], [ 128.185890264000108, 2.088484706000145, 0.0 ], [ 128.186075828000043, 2.088491983000096, 0.0 ], [ 128.186218573, 2.088492058000043, 0.0 ], [ 128.18632563200012, 2.088492114000019, 0.0 ], [ 128.186439827000044, 2.088492173000134, 0.0 ], [ 128.186661100000123, 2.08845638500003, 0.0 ], [ 128.186896695000172, 2.088327259000152, 0.0 ], [ 128.187110900000107, 2.088155039000128, 0.0 ], [ 128.187175191000136, 2.088047365000079, 0.0 ], [ 128.187189528000175, 2.087925303000133, 0.0 ], [ 128.187182465000205, 2.087781690000043, 0.0 ], [ 128.187225344000097, 2.087674005000111, 0.0 ], [ 128.187275377000077, 2.08753042100011, 0.0 ], [ 128.18738251, 2.087386866999964, 0.0 ], [ 128.187575296000063, 2.087228996000135, 0.0 ], [ 128.187946472000107, 2.087150203000136, 0.0 ], [ 128.188032118999985, 2.087150248, 0.0 ], [ 128.188310508000171, 2.087078587000065, 0.0 ], [ 128.188460423, 2.087014041000032, 0.0 ], [ 128.188681721000052, 2.086927989, 0.0 ], [ 128.188775267717688, 2.086924417960575, 0.0 ], [ 128.188867293000129, 2.086920905000171, 0.0 ], [ 128.189003963628892, 2.086898680543356, 0.0 ], [ 128.18906273681759, 2.086889123243338, 0.0 ], [ 128.189131392, 2.086877959000162, 0.0 ], [ 128.18917806533031, 2.086801743427998, 0.0 ], [ 128.189188538000025, 2.086784642000168, 0.0 ], [ 128.189228573984991, 2.086704187733232, 0.0 ], [ 128.1936503716922, 2.073408277488284, 0.0 ], [ 128.176273845549616, 2.067289085923278, 0.0 ], [ 128.166332233415886, 2.095834810999804, 0.0 ], [ 128.184151818502841, 2.101833546042542, 0.0 ], [ 128.187202365445245, 2.092704704832101, 0.0 ], [ 128.187144249000056, 2.092700311000158, 0.0 ], [ 128.187037971612853, 2.09268116112861, 0.0 ] ] ] ] } },
{ "type": "Feature", "properties": { "Id_Zona": 6, "Zona": "Inti", "Sub_Zona": "Inti", "Luas": 737.08263442199996, "KKP": "Pulau Rao - Tanjung Dehegila" }, "geometry": { "type": "MultiPolygon", "coordinates": [ [ [ [ 128.194125007347793, 2.229927168081463, 0.0 ], [ 128.194221118075689, 2.211737204507878, 0.0 ], [ 128.194208782714099, 2.208782649438181, 0.0 ], [ 128.194182556146615, 2.207776950358083, 0.0 ], [ 128.194159924936201, 2.206909127425626, 0.0 ], [ 128.168166610503448, 2.20677506157529, 0.0 ], [ 128.168153706854952, 2.229872174639973, 0.0 ], [ 128.170091847902683, 2.229858263517733, 0.0 ], [ 128.17108260412769, 2.229854068349524, 0.0 ], [ 128.174782224282865, 2.229864489659066, 0.0 ], [ 128.194125007347793, 2.229927168081463, 0.0 ] ] ] ] } },
{ "type": "Feature", "properties": { "Id_Zona": 41, "Zona": "Lainnya", "Sub_Zona": "Perlindungan Mamalia Laut", "Luas": 300.91372100900003, "KKP": "Pulau Rao - Tanjung Dehegila" }, "geometry": { "type": "MultiPolygon", "coordinates": [ [ [ [ 128.271808329332288, 2.04402053055702, 0.0 ], [ 128.271811282032985, 2.044023093132978, 0.0 ], [ 128.271615532000055, 2.044248644000049, 0.0 ], [ 128.271796319, 2.044296598000073, 0.0 ], [ 128.27196757700014, 2.044373270000051, 0.0 ], [ 128.272034156000103, 2.044449893999968, 0.0 ], [ 128.272081746000111, 2.044430767000108, 0.0 ], [ 128.272148385, 2.044373352000036, 0.0 ], [ 128.272300675000224, 2.044306402000188, 0.0 ], [ 128.272386338000018, 2.044268144000057, 0.0 ], [ 128.272491035000115, 2.044229895000172, 0.0 ], [ 128.272605233, 2.044220373000087, 0.0 ], [ 128.272690867000136, 2.044249135000144, 0.0 ], [ 128.272776483000115, 2.044316193000043, 0.0 ], [ 128.272843053000059, 2.044411965000109, 0.0 ], [ 128.272862060000165, 2.044469419000109, 0.0 ], [ 128.272947655000024, 2.044584349, 0.0 ], [ 128.2730712970002, 2.04473759200016, 0.0 ], [ 128.273099703000042, 2.045053553000116, 0.0 ], [ 128.273166244000066, 2.045216345000085, 0.0 ], [ 128.273194741000083, 2.045331248000082, 0.0 ], [ 128.273251786000259, 2.045446165000101, 0.0 ], [ 128.273384958000264, 2.045570689999977, 0.0 ], [ 128.27344199500007, 2.045704755000145, 0.0 ], [ 128.273470483000182, 2.045838807000053, 0.0 ], [ 128.273470397000182, 2.046030289999976, 0.0 ], [ 128.273470311000182, 2.04622177400006, 0.0 ], [ 128.27344166700027, 2.046432394000079, 0.0 ], [ 128.273356157723214, 2.046784424335613, 0.0 ], [ 128.273346328000088, 2.046824892000188, 0.0 ], [ 128.273279672000257, 2.04692060400015, 0.0 ], [ 128.273203529000256, 2.046949291000089, 0.0 ], [ 128.273155926000157, 2.046997140999963, 0.0 ], [ 128.273089260000091, 2.047112001000074, 0.0 ], [ 128.273003549000094, 2.047255574000132, 0.0 ], [ 128.27293690000019, 2.047332138000058, 0.0 ], [ 128.272889276000086, 2.047427859000095, 0.0 ], [ 128.272851155000097, 2.047552305000067, 0.0 ], [ 128.272832071000124, 2.047667187000172, 0.0 ], [ 128.272784348000158, 2.047983113000043, 0.0 ], [ 128.27260337000007, 2.048356425000179, 0.0 ], [ 128.272498565000063, 2.048634028000151, 0.0 ], [ 128.272403278000041, 2.048911636000184, 0.0 ], [ 128.272346085000066, 2.04912224200001, 0.0 ], [ 128.272269838000028, 2.049380711000027, 0.0 ], [ 128.272212654000072, 2.049572169000044, 0.0 ], [ 128.272174498000112, 2.049773208999965, 0.0 ], [ 128.272117283000142, 2.050031686000125, 0.0 ], [ 128.272079119000153, 2.050251875000129, 0.0 ], [ 128.272031430000055, 2.050491208000153, 0.0 ], [ 128.272031248000161, 2.050893325000118, 0.0 ], [ 128.272031166000033, 2.051075234000165, 0.0 ], [ 128.27202152400011, 2.051352881000128, 0.0 ], [ 128.272021441178708, 2.051536435523019, 0.0 ], [ 128.272021416000115, 2.051592237000023, 0.0 ], [ 128.27185951400017, 2.051869813999986, 0.0 ], [ 128.271770109520162, 2.052040526001349, 0.0 ], [ 128.271764268000283, 2.052051680000147, 0.0 ], [ 128.2716499900001, 2.052233537000177, 0.0 ], [ 128.271592798, 2.052444143000173, 0.0 ], [ 128.271478516000087, 2.052635574000135, 0.0 ], [ 128.271373758000294, 2.052807862000179, 0.0 ], [ 128.271278530999979, 2.052951432000156, 0.0 ], [ 128.271173778000133, 2.053114145, 0.0 ], [ 128.271059517, 2.053257704999964, 0.0 ], [ 128.270916686000163, 2.05344912400011, 0.0 ], [ 128.270945170000203, 2.053592749000188, 0.0 ], [ 128.270830944000153, 2.053659716000141, 0.0 ], [ 128.270792553054974, 2.053708828479898, 0.0 ], [ 128.270726204000084, 2.053793707000125, 0.0 ], [ 128.270630997000211, 2.053889405, 0.0 ], [ 128.270488136000012, 2.054147843000123, 0.0 ], [ 128.270396863119544, 2.054285449126952, 0.0 ], [ 128.27039290800019, 2.054291412000168, 0.0 ], [ 128.2703844798327, 2.054299883701219, 0.0 ], [ 128.269955437399062, 2.054731142130152, 0.0 ], [ 128.269954959000046, 2.054731623000066, 0.0 ], [ 128.269840694000067, 2.054884758000071, 0.0 ], [ 128.269526556000073, 2.055104820000167, 0.0 ], [ 128.269374251000016, 2.055200491000164, 0.0 ], [ 128.269174365, 2.055296141000099, 0.0 ], [ 128.268926921000116, 2.055343898000046, 0.0 ], [ 128.268742048, 2.055335968000065, 0.0 ], [ 128.268649050000107, 2.055335925000179, 0.0 ], [ 128.268621184000125, 2.055261084000108, 0.0 ], [ 128.268644860147191, 2.055173008805298, 0.0 ], [ 128.268647748, 2.055162266000082, 0.0 ], [ 128.268636128000111, 2.055068406000145, 0.0 ], [ 128.268564968000049, 2.055050937000032, 0.0 ], [ 128.268519529765939, 2.055079394449592, 0.0 ], [ 128.268474754000039, 2.055107437000117, 0.0 ], [ 128.26837948700026, 2.055124990000024, 0.0 ], [ 128.268280362000013, 2.055079974000023, 0.0 ], [ 128.268295821000123, 2.054980324000155, 0.0 ], [ 128.268295864, 2.054886789000137, 0.0 ], [ 128.268304256408186, 2.054871171099932, 0.0 ], [ 128.268384879000223, 2.054721136000183, 0.0 ], [ 128.268365529000192, 2.054595646000109, 0.0 ], [ 128.268266943660109, 2.054561792703964, 0.0 ], [ 128.268266917556019, 2.054561783740098, 0.0 ], [ 128.268243563000055, 2.054553764000048, 0.0 ], [ 128.268165824000079, 2.054540645000088, 0.0 ], [ 128.268063569000077, 2.054447061000189, 0.0 ], [ 128.268026430000276, 2.054316093000182, 0.0 ], [ 128.267970777000045, 2.053998044000025, 0.0 ], [ 128.267998740000138, 2.053857753000102, 0.0 ], [ 128.268026673000236, 2.053782936, 0.0 ], [ 128.268026745000014, 2.053623925000068, 0.0 ], [ 128.26804553600013, 2.053203020000183, 0.0 ], [ 128.268101564000176, 2.052697950000152, 0.0 ], [ 128.268203926000041, 2.052557693000153, 0.0 ], [ 128.268259763000145, 2.052473536000036, 0.0 ], [ 128.26825983500018, 2.052314524, 0.0 ], [ 128.26826922799998, 2.052108749000127, 0.0 ], [ 128.268343834000092, 2.051650454000139, 0.0 ], [ 128.268436942000307, 2.051407304000122, 0.0 ], [ 128.268594861812488, 2.051189555143992, 0.0 ], [ 128.268613465000158, 2.05116390400002, 0.0 ], [ 128.268624452707968, 2.051126674945351, 0.0 ], [ 128.268734831000046, 2.050752686000124, 0.0 ], [ 128.268795677000043, 2.050681152000039, 0.0 ], [ 128.26885652200005, 2.050609619000113, 0.0 ], [ 128.268904958813522, 2.050584070996706, 0.0 ], [ 128.268984809000102, 2.050541954000096, 0.0 ], [ 128.268995232077799, 2.050535553749796, 0.0 ], [ 128.269100271000042, 2.050471055000174, 0.0 ], [ 128.269148403000116, 2.05039045500007, 0.0 ], [ 128.269174094000022, 2.05030339100017, 0.0 ], [ 128.269161532768749, 2.050175957453576, 0.0 ], [ 128.269148547000299, 2.05004421700005, 0.0 ], [ 128.269142651657916, 2.050008539548287, 0.0 ], [ 128.2691178540002, 2.049858469000128, 0.0 ], [ 128.269117908000197, 2.049739806000161, 0.0 ], [ 128.269117964000174, 2.049615982000035, 0.0 ], [ 128.26917444800003, 2.049487026, 0.0 ], [ 128.269324744591444, 2.049357572976987, 0.0 ], [ 128.269354052000011, 2.049332330000027, 0.0 ], [ 128.26946695400008, 2.049218878000033, 0.0 ], [ 128.269533752000115, 2.048966104000101, 0.0 ], [ 128.269585144000274, 2.048754597000084, 0.0 ], [ 128.269646755000139, 2.048630802000048, 0.0 ], [ 128.269662190000048, 2.048527622000052, 0.0 ], [ 128.269672500000041, 2.048414123000157, 0.0 ], [ 128.269673698244759, 2.04839667330657, 0.0 ], [ 128.269688165000019, 2.048185998, 0.0 ], [ 128.269698513000179, 2.047989950000158, 0.0 ], [ 128.269716712379221, 2.047901679891595, 0.0 ], [ 128.269722699075345, 2.047872643385233, 0.0 ], [ 128.269760204, 2.047690738000085, 0.0 ], [ 128.269760302000208, 2.047474049000186, 0.0 ], [ 128.269811662000023, 2.047329613000102, 0.0 ], [ 128.269898904000087, 2.047241944000064, 0.0 ], [ 128.269906063301931, 2.047234247314123, 0.0 ], [ 128.269981570000027, 2.047153073000061, 0.0 ], [ 128.270053435, 2.047039601000108, 0.0 ], [ 128.270125349000153, 2.04681778500003, 0.0 ], [ 128.270125436000029, 2.046626893000052, 0.0 ], [ 128.270120432214981, 2.046491696221323, 0.0 ], [ 128.270115803000039, 2.046366620000128, 0.0 ], [ 128.27015177600012, 2.046217016000185, 0.0 ], [ 128.270213369000174, 2.046134496000093, 0.0 ], [ 128.270227714246033, 2.046120080363948, 0.0 ], [ 128.270243983509289, 2.046103731269227, 0.0 ], [ 128.270269820000294, 2.046077768000031, 0.0 ], [ 128.270316030000203, 2.045979764000094, 0.0 ], [ 128.270326321000056, 2.045907538000165, 0.0 ], [ 128.270339854275761, 2.045731636022878, 0.0 ], [ 128.270341801000058, 2.045706333000112, 0.0 ], [ 128.270354893030657, 2.045631288767083, 0.0 ], [ 128.270066674802592, 2.045958663186183, 0.0 ], [ 128.269948796484613, 2.046099210230921, 0.0 ], [ 128.269841492656354, 2.046233217891541, 0.0 ], [ 128.269739039535892, 2.046369877467499, 0.0 ], [ 128.269643337494784, 2.046510242838565, 0.0 ], [ 128.269556864027408, 2.046655687488794, 0.0 ], [ 128.269480920847826, 2.046808830966996, 0.0 ], [ 128.269414350068445, 2.046967146973145, 0.0 ], [ 128.269354597777436, 2.047129237565457, 0.0 ], [ 128.269299193692376, 2.047295675158238, 0.0 ], [ 128.269206135210624, 2.047604531973775, 0.0 ], [ 128.269117295791602, 2.047922861442487, 0.0 ], [ 128.268969207165782, 2.048475283332607, 0.0 ], [ 128.268602353488944, 2.049843779719367, 0.0 ], [ 128.26851604770647, 2.050165727900548, 0.0 ], [ 128.267109652119984, 2.055331253007238, 0.0 ], [ 128.267042643738563, 2.055579716393311, 0.0 ], [ 128.266408002559729, 2.057932931952791, 0.0 ], [ 128.266289413337375, 2.058337000177517, 0.0 ], [ 128.2661740360181, 2.058687689461181, 0.0 ], [ 128.266084208590968, 2.058930619270768, 0.0 ], [ 128.266017743483957, 2.059095091873246, 0.0 ], [ 128.26594579033744, 2.059260308257819, 0.0 ], [ 128.265864239298452, 2.059433495537974, 0.0 ], [ 128.265744328530531, 2.059665359306678, 0.0 ], [ 128.26565901183676, 2.059816605363949, 0.0 ], [ 128.265540583736509, 2.060011178506613, 0.0 ], [ 128.265414881331225, 2.060201655642573, 0.0 ], [ 128.265245442516857, 2.060438035864251, 0.0 ], [ 128.265102655356003, 2.060623268033964, 0.0 ], [ 128.264906080309487, 2.060863205320346, 0.0 ], [ 128.264699332886011, 2.06110294605196, 0.0 ], [ 128.264486381412553, 2.061341932996015, 0.0 ], [ 128.26446334878321, 2.061367781565877, 0.0 ], [ 128.263394953125584, 2.062547262451801, 0.0 ], [ 128.262140402804874, 2.063944223031001, 0.0 ], [ 128.261796403642023, 2.064310968055225, 0.0 ], [ 128.261730064668626, 2.06437828406257, 0.0 ], [ 128.261774224433879, 2.069942414480862, 0.0 ], [ 128.277764202393172, 2.070037592921267, 0.0 ], [ 128.277700146298542, 2.061786978746852, 0.0 ], [ 128.27771459638447, 2.059928688429636, 0.0 ], [ 128.277719269984772, 2.059688674644065, 0.0 ], [ 128.277695844000277, 2.059703390000152, 0.0 ], [ 128.277463829000197, 2.059822962000054, 0.0 ], [ 128.277303136000086, 2.060056260000011, 0.0 ], [ 128.277245035797222, 2.060159304722447, 0.0 ], [ 128.277201944000097, 2.060235731000035, 0.0 ], [ 128.27710159188004, 2.06040114074051, 0.0 ], [ 128.277053141000096, 2.060481002000188, 0.0 ], [ 128.277003039710252, 2.060531362130973, 0.0 ], [ 128.276872314655265, 2.060662762557513, 0.0 ], [ 128.276868267358367, 2.060667380785275, 0.0 ], [ 128.276797230000028, 2.060833934000072, 0.0 ], [ 128.276725811000205, 2.060935626000116, 0.0 ], [ 128.276642519000092, 2.060989443000039, 0.0 ], [ 128.27650570800003, 2.061019300000112, 0.0 ], [ 128.27636295100001, 2.061043171000051, 0.0 ], [ 128.276006075000055, 2.061072927000055, 0.0 ], [ 128.275887159000121, 2.060989098000107, 0.0 ], [ 128.275732570000031, 2.060875334000116, 0.0 ], [ 128.275577962000028, 2.060803456000031, 0.0 ], [ 128.275429304000085, 2.060725599000079, 0.0 ], [ 128.275393637000093, 2.060683694999965, 0.0 ], [ 128.275381790000068, 2.06057598000001, 0.0 ], [ 128.275352092000134, 2.060486208000043, 0.0 ], [ 128.275274812, 2.060396414000081, 0.0 ], [ 128.275209458000063, 2.060240803999988, 0.0 ], [ 128.275090568000195, 2.060097136000024, 0.0 ], [ 128.27501330500013, 2.059971440000083, 0.0 ], [ 128.27478733800001, 2.059869610000022, 0.0 ], [ 128.274698188000201, 2.059725957000125, 0.0 ], [ 128.274609025999979, 2.059606238000072, 0.0 ], [ 128.274507942000128, 2.05954635300003, 0.0 ], [ 128.274394962000173, 2.059486463000042, 0.0 ], [ 128.274305793000025, 2.059384696000051, 0.0 ], [ 128.274216634, 2.059258994000118, 0.0 ], [ 128.274115572, 2.059151238000084, 0.0 ], [ 128.274097764000089, 2.059073440000077, 0.0 ], [ 128.274020493000052, 2.058965695000097, 0.0 ], [ 128.273972992000239, 2.058786156999985, 0.0 ], [ 128.274026619000182, 2.058570762000044, 0.0 ], [ 128.274038537999985, 2.058516912000187, 0.0 ], [ 128.274038609000257, 2.058361331000015, 0.0 ], [ 128.273985129000124, 2.058253596999975, 0.0 ], [ 128.273878145000026, 2.058086, 0.0 ], [ 128.273878192000069, 2.057984273999977, 0.0 ], [ 128.273872303000047, 2.057852626000113, 0.0 ], [ 128.273878335000148, 2.057667129000151, 0.0 ], [ 128.273908136000017, 2.057529513000134, 0.0 ], [ 128.273943876000175, 2.057409852000092, 0.0 ], [ 128.274003402000147, 2.057302170000071, 0.0 ], [ 128.27407484800014, 2.057140638000021, 0.0 ], [ 128.274152222000225, 2.057020996000062, 0.0 ], [ 128.274193904000043, 2.056913305000136, 0.0 ], [ 128.274199903000152, 2.056799614000056, 0.0 ], [ 128.274199968000033, 2.056656002000067, 0.0 ], [ 128.274253546000068, 2.056548316000032, 0.0 ], [ 128.274384463000132, 2.056398779000177, 0.0 ], [ 128.274455884000048, 2.056291103000149, 0.0 ], [ 128.274521341000053, 2.056219326000189, 0.0 ], [ 128.27459869900008, 2.056135586000153, 0.0 ], [ 128.27463441200004, 2.056075764000184, 0.0 ], [ 128.274896224000116, 2.055824561000122, 0.0 ], [ 128.275074744000079, 2.055627175000097, 0.0 ], [ 128.275229457000023, 2.055465681000044, 0.0 ], [ 128.275360409000058, 2.055238353999982, 0.0 ], [ 128.275527068000059, 2.054963171000054, 0.0 ], [ 128.275651989000011, 2.054921341000124, 0.0 ], [ 128.275762101739673, 2.054827262290701, 0.0 ], [ 128.275770988000176, 2.054819669999972, 0.0 ], [ 128.275848362, 2.054700027000138, 0.0 ], [ 128.275955469000081, 2.054592366, 0.0 ], [ 128.276044692000113, 2.054574455000023, 0.0 ], [ 128.27612832333179, 2.054543335701965, 0.0 ], [ 128.276205307000168, 2.054514690000189, 0.0 ], [ 128.276377782000139, 2.054532720000054, 0.0 ], [ 128.276508642000039, 2.054508844000054, 0.0 ], [ 128.27651115111891, 2.054506189163135, 0.0 ], [ 128.276621702000028, 2.054389218000097, 0.0 ], [ 128.276681217000231, 2.054305471000021, 0.0 ], [ 128.276746660000043, 2.054263613000102, 0.0 ], [ 128.276829963000182, 2.054185861000065, 0.0 ], [ 128.276919195000204, 2.054149999000118, 0.0 ], [ 128.277002481000068, 2.054108149, 0.0 ], [ 128.277175001000018, 2.054024453000181, 0.0 ], [ 128.277183535542548, 2.0539970195818, 0.0 ], [ 128.277204782000013, 2.053928725000105, 0.0 ], [ 128.277264275947317, 2.053898831354332, 0.0 ], [ 128.277276172, 2.053892854000026, 0.0 ], [ 128.277353492000174, 2.053892890000043, 0.0 ], [ 128.277380728231805, 2.053902037614989, 0.0 ], [ 128.277460533000038, 2.053928841000072, 0.0 ], [ 128.277531879000065, 2.053988711999978, 0.0 ], [ 128.277603227000185, 2.054042600000173, 0.0 ], [ 128.277679697921116, 2.054072559683789, 0.0 ], [ 128.277676515692264, 2.053788026240227, 0.0 ], [ 128.277676668987596, 2.053362547064978, 0.0 ], [ 128.277676756518275, 2.053121528199994, 0.0 ], [ 128.27767768951523, 2.050530984479167, 0.0 ], [ 128.277678643200005, 2.047884936936669, 0.0 ], [ 128.277680502156244, 2.042713077380199, 0.0 ], [ 128.277680507602525, 2.042704910223677, 0.0 ], [ 128.2776817391576, 2.039272445999529, 0.0 ], [ 128.277127341730306, 2.039644525081542, 0.0 ], [ 128.275875576673883, 2.040480898024725, 0.0 ], [ 128.274653454215553, 2.041297463052956, 0.0 ], [ 128.27421744501666, 2.041596752164991, 0.0 ], [ 128.273931492818377, 2.041805541457166, 0.0 ], [ 128.273792470068628, 2.04191455247377, 0.0 ], [ 128.273683227691521, 2.042005767223827, 0.0 ], [ 128.273550345062034, 2.042125405169771, 0.0 ], [ 128.273432314924207, 2.042238975147541, 0.0 ], [ 128.273316778659677, 2.042355451065362, 0.0 ], [ 128.273090693856687, 2.04259422200488, 0.0 ], [ 128.272984548357925, 2.042710947312343, 0.0 ], [ 128.272758066790601, 2.042960002915323, 0.0 ], [ 128.271808329332288, 2.04402053055702, 0.0 ] ], [ [ 128.266963612000126, 2.065749823000089, 0.0 ], [ 128.267071692830285, 2.06570428212666, 0.0 ], [ 128.267148027000161, 2.06567211800018, 0.0 ], [ 128.267237303000087, 2.06554051500001, 0.0 ], [ 128.267290895000059, 2.065402910000103, 0.0 ], [ 128.267326609000037, 2.065343088000133, 0.0 ], [ 128.267415891000127, 2.065199517000053, 0.0 ], [ 128.267576556000193, 2.065032043000031, 0.0 ], [ 128.267665808000174, 2.064954294000074, 0.0 ], [ 128.26776697, 2.064840648000085, 0.0 ], [ 128.26780864600002, 2.064750909000054, 0.0 ], [ 128.267856274000081, 2.06464920600007, 0.0 ], [ 128.267897939000022, 2.064583402000153, 0.0 ], [ 128.267957435000199, 2.064541543000132, 0.0 ], [ 128.268046670000189, 2.064499698000134, 0.0 ], [ 128.268118053000165, 2.064475795000021, 0.0 ], [ 128.268189406000118, 2.064517715000136, 0.0 ], [ 128.268213195000044, 2.064523710000173, 0.0 ], [ 128.268260785000024, 2.064505781000037, 0.0 ], [ 128.268278647000074, 2.064463901000125, 0.0 ], [ 128.268296515000202, 2.06441005500011, 0.0 ], [ 128.268409568000038, 2.064308382000148, 0.0 ], [ 128.268451213000048, 2.064284466000117, 0.0 ], [ 128.268528539000016, 2.064272534000168, 0.0 ], [ 128.268570192000169, 2.06423066600007, 0.0 ], [ 128.268558321000313, 2.064176805000159, 0.0 ], [ 128.268516701000038, 2.064146866999977, 0.0 ], [ 128.268433424999984, 2.064164780000169, 0.0 ], [ 128.268379895000152, 2.064164755000036, 0.0 ], [ 128.268348157255986, 2.064120807659549, 0.0 ], [ 128.268332344000186, 2.064098911000088, 0.0 ], [ 128.268266938000096, 2.064056993, 0.0 ], [ 128.268189642000124, 2.064003103000176, 0.0 ], [ 128.26820752900025, 2.063907369000049, 0.0 ], [ 128.268142164000068, 2.063775694000128, 0.0 ], [ 128.268130318000175, 2.063667979000172, 0.0 ], [ 128.268148219000153, 2.063542326000174, 0.0 ], [ 128.268201789000159, 2.063452593000079, 0.0 ], [ 128.268308892000022, 2.06335690100002, 0.0 ], [ 128.268398149000035, 2.063267184000153, 0.0 ], [ 128.268487391, 2.063207387000091, 0.0 ], [ 128.268642078000056, 2.063105732999987, 0.0 ], [ 128.268683726000148, 2.063075832000095, 0.0 ], [ 128.268755126000173, 2.06301602700006, 0.0 ], [ 128.268856270000015, 2.062944267000149, 0.0 ], [ 128.268993103000042, 2.062866540000186, 0.0 ], [ 128.269052602000073, 2.062818697000069, 0.0 ], [ 128.269118057000099, 2.062752904000035, 0.0 ], [ 128.269219215000106, 2.062651225000081, 0.0 ], [ 128.269248961000102, 2.062633286999983, 0.0 ], [ 128.269451227000303, 2.062537639000084, 0.0 ], [ 128.269623759000041, 2.062430009000025, 0.0 ], [ 128.269742739000094, 2.062376209000035, 0.0 ], [ 128.269776453588719, 2.062362659084727, 0.0 ], [ 128.269831970000126, 2.062340347000088, 0.0 ], [ 128.270075865000166, 2.062256685000079, 0.0 ], [ 128.270391137000132, 2.062161089000029, 0.0 ], [ 128.2706112380001, 2.062083400000063, 0.0 ], [ 128.27072971627976, 2.062000958450824, 0.0 ], [ 128.270765928000145, 2.061975761000099, 0.0 ], [ 128.270843687856058, 2.061984033062629, 0.0 ], [ 128.270878929000304, 2.06198778200013, 0.0 ], [ 128.270974043, 2.062095535000083, 0.0 ], [ 128.271033504000087, 2.06213146500005, 0.0 ], [ 128.271116753000086, 2.062173391000159, 0.0 ], [ 128.271205949000176, 2.062215319000074, 0.0 ], [ 128.271271352000184, 2.062263221000081, 0.0 ], [ 128.271342703000158, 2.062311124000075, 0.0 ], [ 128.271425949000076, 2.06235903400011, 0.0 ], [ 128.271521094000235, 2.062400964000062, 0.0 ], [ 128.271622194000059, 2.062424947000182, 0.0 ], [ 128.271693549999981, 2.062460883000143, 0.0 ], [ 128.27191950400001, 2.062592632000076, 0.0 ], [ 128.272246556999988, 2.062748363000083, 0.0 ], [ 128.272424948000065, 2.062838203000069, 0.0 ], [ 128.272567644000191, 2.062945978000186, 0.0 ], [ 128.272621122000118, 2.063059696000039, 0.0 ], [ 128.272751956000292, 2.063095659000055, 0.0 ], [ 128.272894641000079, 2.06322737000005, 0.0 ], [ 128.272983827000047, 2.063293234000128, 0.0 ], [ 128.273043296000054, 2.063311213000134, 0.0 ], [ 128.273090818000099, 2.063442879000035, 0.0 ], [ 128.273120492000061, 2.063586506999969, 0.0 ], [ 128.273108501, 2.063795936000019, 0.0 ], [ 128.273066763000173, 2.064023305000092, 0.0 ], [ 128.27306672000006, 2.064119046000087, 0.0 ], [ 128.273001273000062, 2.064166887000055, 0.0 ], [ 128.272888185000141, 2.064346351000154, 0.0 ], [ 128.272828609000015, 2.064561743000013, 0.0 ], [ 128.272727355000114, 2.064878842000098, 0.0 ], [ 128.272626177000092, 2.065022408000062, 0.0 ], [ 128.272554753000094, 2.065136069000118, 0.0 ], [ 128.272518559292507, 2.065183148261156, 0.0 ], [ 128.272453582000111, 2.065267668000104, 0.0 ], [ 128.272341307830828, 2.0653534332547, 0.0 ], [ 128.272304837000178, 2.065381292999973, 0.0 ], [ 128.272162051000095, 2.065470985000104, 0.0 ], [ 128.272054968, 2.06552479000004, 0.0 ], [ 128.271965719, 2.065596555000013, 0.0 ], [ 128.271950001420549, 2.065619724681142, 0.0 ], [ 128.271919613025347, 2.065664520979396, 0.0 ], [ 128.27187644300011, 2.065728159000116, 0.0 ], [ 128.271816939000104, 2.065787970000144, 0.0 ], [ 128.271727693000201, 2.065853752000066, 0.0 ], [ 128.271680119000024, 2.065835778, 0.0 ], [ 128.271593602562206, 2.065831157573654, 0.0 ], [ 128.271567115000039, 2.065829743000165, 0.0 ], [ 128.271406485000256, 2.065919427000097, 0.0 ], [ 128.27128154200031, 2.066009127000087, 0.0 ], [ 128.271204169000015, 2.066122784000129, 0.0 ], [ 128.27109707300005, 2.066206510000143, 0.0 ], [ 128.27100386863512, 2.066321011478464, 0.0 ], [ 128.270936394000017, 2.066403904000141, 0.0 ], [ 128.270886787892863, 2.066423285860139, 0.0 ], [ 128.270829316000203, 2.06644574100011, 0.0 ], [ 128.270722240000055, 2.066481593999981, 0.0 ], [ 128.270615138000238, 2.06657728700003, 0.0 ], [ 128.270496112000018, 2.066732813000101, 0.0 ], [ 128.270400682235248, 2.066847916918505, 0.0 ], [ 128.270347337000061, 2.066912260000095, 0.0 ], [ 128.270192619000198, 2.067079737000029, 0.0 ], [ 128.270168790000042, 2.067163500000106, 0.0 ], [ 128.270073610000026, 2.067199359000142, 0.0 ], [ 128.269924033617798, 2.06722615971114, 0.0 ], [ 128.269907060000122, 2.067229201000146, 0.0 ], [ 128.269829425769188, 2.067251478449862, 0.0 ], [ 128.26978214100015, 2.067265047000092, 0.0 ], [ 128.26974605987877, 2.067308566861187, 0.0 ], [ 128.269663121000121, 2.067408605000026, 0.0 ], [ 128.269514386000282, 2.067498294000075, 0.0 ], [ 128.269318035000197, 2.067665751, 0.0 ], [ 128.269139540000054, 2.067803297000182, 0.0 ], [ 128.268895658000105, 2.067857039000046, 0.0 ], [ 128.268764813000075, 2.067845009999985, 0.0 ], [ 128.268657746000116, 2.067862912000066, 0.0 ], [ 128.268604211, 2.067874855000071, 0.0 ], [ 128.268520935000055, 2.067892769000139, 0.0 ], [ 128.268455493, 2.067928641000095, 0.0 ], [ 128.268362052917468, 2.067928598358662, 0.0 ], [ 128.268330591000307, 2.067928584000185, 0.0 ], [ 128.268235407999981, 2.067970426000102, 0.0 ], [ 128.268027221000096, 2.068006233000119, 0.0 ], [ 128.268009070156239, 2.06802578063332, 0.0 ], [ 128.26794391200005, 2.068095953000067, 0.0 ], [ 128.267860613000011, 2.068161736000093, 0.0 ], [ 128.267842762000186, 2.068179680000186, 0.0 ], [ 128.26771783, 2.068245444000069, 0.0 ], [ 128.267598866000071, 2.068263341000091, 0.0 ], [ 128.267503708000021, 2.068251329000134, 0.0 ], [ 128.267468044000111, 2.068203441999969, 0.0 ], [ 128.267456167000063, 2.068161548000091, 0.0 ], [ 128.267378853000054, 2.06814954500004, 0.0 ], [ 128.267331273000053, 2.068143539000118, 0.0 ], [ 128.26727179100007, 2.06815547900004, 0.0 ], [ 128.267099348000301, 2.068065641000032, 0.0 ], [ 128.266950723, 2.067915975000119, 0.0 ], [ 128.266855617000118, 2.067790270999978, 0.0 ], [ 128.266790225000221, 2.067718434000029, 0.0 ], [ 128.266629705000099, 2.067568762000064, 0.0 ], [ 128.266558357000093, 2.067514875000143, 0.0 ], [ 128.266516762000236, 2.067431081000108, 0.0 ], [ 128.26649302000007, 2.067323359999989, 0.0 ], [ 128.266493066000038, 2.06722163500001, 0.0 ], [ 128.266558550000013, 2.067096004, 0.0 ], [ 128.266624013000182, 2.067012261000116, 0.0 ], [ 128.266677578000071, 2.066934495000055, 0.0 ], [ 128.266748981000177, 2.066868706000037, 0.0 ], [ 128.266790631000248, 2.066832822000094, 0.0 ], [ 128.266850141000049, 2.066761043000099, 0.0 ], [ 128.266897740000189, 2.066725162000068, 0.0 ], [ 128.266891836000013, 2.066629418000161, 0.0 ], [ 128.266862119000137, 2.066581532999976, 0.0 ], [ 128.266778879000043, 2.06652165500003, 0.0 ], [ 128.266778903000016, 2.066467800999988, 0.0 ], [ 128.266778934000257, 2.066401978000158, 0.0 ], [ 128.266778969, 2.066324189, 0.0 ], [ 128.266779018000051, 2.066216479000161, 0.0 ], [ 128.266773121000227, 2.066108767000117, 0.0 ], [ 128.266755311000225, 2.066036951000058, 0.0 ], [ 128.266725608000087, 2.065959147, 0.0 ], [ 128.266719678000158, 2.065917258000184, 0.0 ], [ 128.266725648000119, 2.065869390000159, 0.0 ], [ 128.266785162000104, 2.06579162700018, 0.0 ], [ 128.266844649000149, 2.065767720000053, 0.0 ], [ 128.266921978, 2.065749804, 0.0 ], [ 128.266963612000126, 2.065749823000089, 0.0 ] ] ] ] } },
{ "type": "Feature", "properties": { "Id_Zona": 36, "Zona": "Lainnya", "Sub_Zona": "Pelestarian Budaya", "Luas": 102.851243118, "KKP": "Pulau Rao - Tanjung Dehegila" }, "geometry": { "type": "MultiPolygon", "coordinates": [ [ [ [ 128.189766439186968, 2.304477764140586, 0.0 ], [ 128.186945423035439, 2.304536950682121, 0.0 ], [ 128.187000642000015, 2.304658322000079, 0.0 ], [ 128.187107618000113, 2.304830715000037, 0.0 ], [ 128.18722170800001, 2.305046195000103, 0.0 ], [ 128.187342948, 2.305240137, 0.0 ], [ 128.187407140000204, 2.305333520000033, 0.0 ], [ 128.187457055000209, 2.305426894999982, 0.0 ], [ 128.187542665, 2.305513110000106, 0.0 ], [ 128.187671112000061, 2.305584989000125, 0.0 ], [ 128.187721081000177, 2.305585017000113, 0.0 ], [ 128.187792463000022, 2.30558505800002, 0.0 ], [ 128.187861577240568, 2.305595030762901, 0.0 ], [ 128.187892391000105, 2.3055994770001, 0.0 ], [ 128.188049392000011, 2.305671371000187, 0.0 ], [ 128.188099295, 2.305786287999979, 0.0 ], [ 128.188063546000166, 2.305886794000116, 0.0 ], [ 128.187949224000107, 2.306080601000076, 0.0 ], [ 128.187884976000163, 2.306087745000127, 0.0 ], [ 128.187806487000074, 2.306030256000099, 0.0 ], [ 128.18769940200022, 2.306051736000086, 0.0 ], [ 128.187685088000308, 2.306116352000118, 0.0 ], [ 128.187806373000143, 2.306231310000044, 0.0 ], [ 128.187834927000011, 2.306231326000046, 0.0 ], [ 128.18792059000009, 2.306224194000152, 0.0 ], [ 128.188134705000152, 2.306281761000037, 0.0 ], [ 128.18829175100015, 2.306274671000153, 0.0 ], [ 128.188370284, 2.306253174000062, 0.0 ], [ 128.188434524000144, 2.306260391000023, 0.0 ], [ 128.188463041000063, 2.306325033000064, 0.0 ], [ 128.188470155000346, 2.306368119000069, 0.0 ], [ 128.188455829000077, 2.306454277000114, 0.0 ], [ 128.188448655000315, 2.306518897000103, 0.0 ], [ 128.18843435800008, 2.306554791000054, 0.0 ], [ 128.188405724000035, 2.306698384000128, 0.0 ], [ 128.188355694000023, 2.306806063000066, 0.0 ], [ 128.18834852300003, 2.306863503000045, 0.0 ], [ 128.18834845000012, 2.306992751000053, 0.0 ], [ 128.188312735000039, 2.307035814000188, 0.0 ], [ 128.188127098000081, 2.307107512000072, 0.0 ], [ 128.188055688000048, 2.307157734000156, 0.0 ], [ 128.18791290100009, 2.30719355499997, 0.0 ], [ 128.187848653000032, 2.307200698000145, 0.0 ], [ 128.1877915230003, 2.307243749000065, 0.0 ], [ 128.187727237000303, 2.307315516000016, 0.0 ], [ 128.187705810000097, 2.30733704500011, 0.0 ], [ 128.187620123000187, 2.307387260000098, 0.0 ], [ 128.187534423000187, 2.30745901500012, 0.0 ], [ 128.187520101000217, 2.307537992000163, 0.0 ], [ 128.187491520000066, 2.307588239000154, 0.0 ], [ 128.187441495000144, 2.307688737000091, 0.0 ], [ 128.187398637000086, 2.307738976000111, 0.0 ], [ 128.187341497, 2.307796386000064, 0.0 ], [ 128.187291513000218, 2.3078250800001, 0.0 ], [ 128.187220111000073, 2.307860942000047, 0.0 ], [ 128.187155844999978, 2.307896807000077, 0.0 ], [ 128.187062991000033, 2.307997280000165, 0.0 ], [ 128.186977303000248, 2.308047494000049, 0.0 ], [ 128.186948729000051, 2.308083379999971, 0.0 ], [ 128.186913017000137, 2.308119262000105, 0.0 ], [ 128.186884399000036, 2.308234133000099, 0.0 ], [ 128.186855773000019, 2.308363365000162, 0.0 ], [ 128.186798601000049, 2.308478220000155, 0.0 ], [ 128.186741405000106, 2.308636156999967, 0.0 ], [ 128.186705673000233, 2.308707942000125, 0.0 ], [ 128.186655683999987, 2.308743815000184, 0.0 ], [ 128.186620050000073, 2.308643268000139, 0.0 ], [ 128.186605839000066, 2.308528373000115, 0.0 ], [ 128.186548790000046, 2.308427813000151, 0.0 ], [ 128.186484590000049, 2.308348791000185, 0.0 ], [ 128.186456032999985, 2.308355955000081, 0.0 ], [ 128.186398890000049, 2.308420547000082, 0.0 ], [ 128.186384594000145, 2.3084564400001, 0.0 ], [ 128.186377386000089, 2.308578504000081, 0.0 ], [ 128.186313039000055, 2.30875797900012, 0.0 ], [ 128.186284453000297, 2.308815407000054, 0.0 ], [ 128.186270128000132, 2.308901564000166, 0.0 ], [ 128.18627007500001, 2.308994910000081, 0.0 ], [ 128.186298607999987, 2.309030829000108, 0.0 ], [ 128.186355693000195, 2.309066763999965, 0.0 ], [ 128.186384221, 2.309109863000117, 0.0 ], [ 128.186384181000079, 2.309181668000065, 0.0 ], [ 128.186384140000314, 2.309253473000069, 0.0 ], [ 128.186341262000127, 2.30933961400018, 0.0 ], [ 128.18630553300008, 2.309404218, 0.0 ], [ 128.186276923, 2.309504727999979, 0.0 ], [ 128.186284012000186, 2.309590897000078, 0.0 ], [ 128.186298256000072, 2.309648350000146, 0.0 ], [ 128.186376686999978, 2.309806365000156, 0.0 ], [ 128.186369491000022, 2.309906888000058, 0.0 ], [ 128.186262385000049, 2.309964270000023, 0.0 ], [ 128.186141042000116, 2.309949839000125, 0.0 ], [ 128.186041139000025, 2.309892337000178, 0.0 ], [ 128.185884093, 2.309899428000164, 0.0 ], [ 128.185769864000093, 2.309928084000035, 0.0 ], [ 128.185648517000089, 2.309920833000036, 0.0 ], [ 128.185505755, 2.309913570000049, 0.0 ], [ 128.185227362000177, 2.309913410000036, 0.0 ], [ 128.18512745100017, 2.309870270000033, 0.0 ], [ 128.185006125000058, 2.309827117000112, 0.0 ], [ 128.184834859000119, 2.309733672000107, 0.0 ], [ 128.184627887, 2.309668929000168, 0.0 ], [ 128.184406644000063, 2.309589815000038, 0.0 ], [ 128.184299607000042, 2.309525130000054, 0.0 ], [ 128.184114070000049, 2.309424496000076, 0.0 ], [ 128.1839641910002, 2.309381326000107, 0.0 ], [ 128.183764339000021, 2.309345309000037, 0.0 ], [ 128.183701810185283, 2.309345272868597, 0.0 ], [ 128.183478808999979, 2.309345144000133, 0.0 ], [ 128.183300376000034, 2.309301958000106, 0.0 ], [ 128.18321473796388, 2.309266428543026, 0.0 ], [ 128.183179054000306, 2.309251624000183, 0.0 ], [ 128.18306486600008, 2.309208475999981, 0.0 ], [ 128.18278655200001, 2.309071886000083, 0.0 ], [ 128.182629526, 2.309043073000055, 0.0 ], [ 128.182617054227535, 2.309041618117988, 0.0 ], [ 128.182443943000152, 2.30902142400015, 0.0 ], [ 128.182158420000036, 2.309006898000177, 0.0 ], [ 128.182029923000044, 2.309021185000062, 0.0 ], [ 128.181680132000082, 2.309049704000187, 0.0 ], [ 128.181423092000045, 2.309157263000088, 0.0 ], [ 128.1813534353291, 2.309194580885617, 0.0 ], [ 128.181340850525402, 2.309585404376151, 0.0 ], [ 128.181215774408969, 2.313367023750744, 0.0 ], [ 128.194049584119256, 2.313448250376724, 0.0 ], [ 128.194054646277408, 2.304480210588622, 0.0 ], [ 128.189766439186968, 2.304477764140586, 0.0 ] ] ] ] } },
{ "type": "Feature", "properties": { "Id_Zona": 35, "Zona": "Lainnya", "Sub_Zona": "Tambat Labuh", "Luas": 32.9667671005, "KKP": "Pulau Rao - Tanjung Dehegila" }, "geometry": { "type": "MultiPolygon", "coordinates": [ [ [ [ 128.202368057685561, 2.289629719143534, 0.0 ], [ 128.202491208796886, 2.289576698290375, 0.0 ], [ 128.202467122, 2.289535109000155, 0.0 ], [ 128.202424321000052, 2.289484821999963, 0.0 ], [ 128.202352974000149, 2.289420157000052, 0.0 ], [ 128.202288754000136, 2.289377038000111, 0.0 ], [ 128.202217399000205, 2.289326734000042, 0.0 ], [ 128.202183230227291, 2.289275114744328, 0.0 ], [ 128.202174606000284, 2.289262086, 0.0 ], [ 128.202171248639701, 2.289250805897666, 0.0 ], [ 128.20215323100021, 2.289190270000119, 0.0 ], [ 128.202138990000179, 2.289125637000041, 0.0 ], [ 128.20213904600007, 2.289025110000125, 0.0 ], [ 128.2021390740002, 2.288974846000088, 0.0 ], [ 128.20215339, 2.288903049000055, 0.0 ], [ 128.202181982000042, 2.288831260000109, 0.0 ], [ 128.202160631000282, 2.288716360000024, 0.0 ], [ 128.202096458999989, 2.288587075000066, 0.0 ], [ 128.202046551000052, 2.288479339, 0.0 ], [ 128.202010916000063, 2.288378792000117, 0.0 ], [ 128.201968142000254, 2.28827824200016, 0.0 ], [ 128.201918230000018, 2.288177687000086, 0.0 ], [ 128.201861176000165, 2.288084308000123, 0.0 ], [ 128.201811248000126, 2.28801247500013, 0.0 ], [ 128.201768459000021, 2.287940646000095, 0.0 ], [ 128.20171853500014, 2.287861633000091, 0.0 ], [ 128.201675750000021, 2.287782623000112, 0.0 ], [ 128.20163295200004, 2.287725155000146, 0.0 ], [ 128.201575894, 2.287638957000126, 0.0 ], [ 128.201547377000196, 2.287574316000189, 0.0 ], [ 128.201487535941141, 2.287500660231786, 0.0 ], [ 128.201483177000199, 2.287495295000156, 0.0 ], [ 128.201454676000225, 2.28740193300007, 0.0 ], [ 128.201411894000074, 2.287315742000089, 0.0 ], [ 128.201383385000071, 2.287236741000072, 0.0 ], [ 128.201362023000087, 2.287143383000171, 0.0 ], [ 128.201369224000103, 2.287028498000155, 0.0 ], [ 128.20138355200001, 2.286935160000041, 0.0 ], [ 128.20100545, 2.286532840000178, 0.0 ], [ 128.200887145750556, 2.286624277431144, 0.0 ], [ 128.200726942000045, 2.286748099000136, 0.0 ], [ 128.20026282, 2.286999157000139, 0.0 ], [ 128.200191438000019, 2.286999117000107, 0.0 ], [ 128.200184272000087, 2.287049377000187, 0.0 ], [ 128.200269835000171, 2.287221756000122, 0.0 ], [ 128.200198433000168, 2.287257619000173, 0.0 ], [ 128.199877509000061, 2.286726081999973, 0.0 ], [ 128.199948926000047, 2.286661497000069, 0.0 ], [ 128.200098694000161, 2.286905718000128, 0.0 ], [ 128.200184343000018, 2.286920127000144, 0.0 ], [ 128.200248610999978, 2.286877080000068, 0.0 ], [ 128.200648477000044, 2.28664752800006, 0.0 ], [ 128.200741321000095, 2.286561414000062, 0.0 ], [ 128.200816774316621, 2.286510874632142, 0.0 ], [ 128.200869856000025, 2.286475320000023, 0.0 ], [ 128.200962676999978, 2.286432289000118, 0.0 ], [ 128.200941338000206, 2.28629584700019, 0.0 ], [ 128.200855771000192, 2.286130648000097, 0.0 ], [ 128.200770176000077, 2.286015712, 0.0 ], [ 128.200698853000176, 2.28590796400016, 0.0 ], [ 128.200591840000101, 2.285800197000015, 0.0 ], [ 128.200370640000045, 2.285649282000066, 0.0 ], [ 128.200249326000147, 2.285584591000145, 0.0 ], [ 128.200192314174814, 2.285527175607854, 0.0 ], [ 128.200192253000154, 2.285527114000103, 0.0 ], [ 128.200113781000027, 2.28544090400004, 0.0 ], [ 128.200028174000153, 2.285347510000122, 0.0 ], [ 128.199906940000091, 2.285139208000146, 0.0 ], [ 128.199849875000012, 2.285067371000139, 0.0 ], [ 128.199728585000315, 2.284959594999919, 0.0 ], [ 128.199664397000191, 2.284859032000042, 0.0 ], [ 128.199596148955806, 2.284787932480185, 0.0 ], [ 128.199457509000098, 2.284643500000186, 0.0 ], [ 128.199413273109229, 2.284539511183482, 0.0 ], [ 128.199313966992889, 2.284597099610664, 0.0 ], [ 128.195641653333837, 2.286510840531605, 0.0 ], [ 128.198344721036136, 2.291612404928117, 0.0 ], [ 128.202368057685561, 2.289629719143534, 0.0 ] ] ] ] } },
{ "type": "Feature", "properties": { "Id_Zona": 4, "Zona": "Inti", "Sub_Zona": "Inti", "Luas": 90.538232855000004, "KKP": "Pulau Rao - Tanjung Dehegila" }, "geometry": { "type": "MultiPolygon", "coordinates": [ [ [ [ 128.178570978832113, 2.324219012366597, 0.0 ], [ 128.178298631867932, 2.324218530004543, 0.0 ], [ 128.178273555000231, 2.324248764000117, 0.0 ], [ 128.178202100999982, 2.324370789000169, 0.0 ], [ 128.178094918000141, 2.324557419000143, 0.0 ], [ 128.178023535000165, 2.324557377000132, 0.0 ], [ 128.177945025000071, 2.324535790000027, 0.0 ], [ 128.17790215, 2.324614750000022, 0.0 ], [ 128.177852140000113, 2.324686525000174, 0.0 ], [ 128.177802097000125, 2.324815744000091, 0.0 ], [ 128.177716329000162, 2.325002386000108, 0.0 ], [ 128.177701981000013, 2.325124444999972, 0.0 ], [ 128.177716204, 2.325217800000133, 0.0 ], [ 128.177723309000015, 2.325275247000036, 0.0 ], [ 128.177766096999989, 2.325347077000118, 0.0 ], [ 128.177937346999983, 2.325469245000079, 0.0 ], [ 128.178044393000135, 2.325519570999972, 0.0 ], [ 128.17815855700016, 2.32560580300003, 0.0 ], [ 128.178187052000084, 2.325706346000061, 0.0 ], [ 128.178179873000204, 2.325778146000176, 0.0 ], [ 128.178165558000131, 2.325842763000082, 0.0 ], [ 128.178165542000073, 2.325871484000061, 0.0 ], [ 128.178194058, 2.325936125000169, 0.0 ], [ 128.178279685000206, 2.325993619000143, 0.0 ], [ 128.178415271000034, 2.326065503000052, 0.0 ], [ 128.178522297000058, 2.326151731000095, 0.0 ], [ 128.178600794000062, 2.326194859999986, 0.0 ], [ 128.178665014000075, 2.326237981000077, 0.0 ], [ 128.178707856000045, 2.326216464000026, 0.0 ], [ 128.178822078000053, 2.326202170000044, 0.0 ], [ 128.178864909, 2.326202195000178, 0.0 ], [ 128.179014785000135, 2.326252546000148, 0.0 ], [ 128.179143221000089, 2.326345967000179, 0.0 ], [ 128.17923596600005, 2.326439367999967, 0.0 ], [ 128.179314429000073, 2.326539940000146, 0.0 ], [ 128.179371487, 2.326626139000041, 0.0 ], [ 128.179421388000122, 2.326741055000184, 0.0 ], [ 128.179457018000193, 2.326848783, 0.0 ], [ 128.17945694, 2.32698521200001, 0.0 ], [ 128.179456852000015, 2.327136001000156, 0.0 ], [ 128.17938538100006, 2.327286749, 0.0 ], [ 128.179363891000065, 2.327415985000073, 0.0 ], [ 128.179385257, 2.327502163000077, 0.0 ], [ 128.179428042000126, 2.327581173000056, 0.0 ], [ 128.179406556000089, 2.327703228000075, 0.0 ], [ 128.17930660600004, 2.32772471100003, 0.0 ], [ 128.17914957900004, 2.327695898, 0.0 ], [ 128.179063877000061, 2.327767652000091, 0.0 ], [ 128.179020997000265, 2.327853793000031, 0.0 ], [ 128.178992344000079, 2.328026105999982, 0.0 ], [ 128.179127878, 2.328191337000078, 0.0 ], [ 128.179170641000013, 2.328306248999979, 0.0 ], [ 128.179163344000102, 2.328579102000106, 0.0 ], [ 128.179148947000016, 2.328787326999987, 0.0 ], [ 128.178956132000167, 2.32892364300011, 0.0 ], [ 128.178813341, 2.328966642000182, 0.0 ], [ 128.178706236000238, 2.329016842999977, 0.0 ], [ 128.178649079000252, 2.329102974000079, 0.0 ], [ 128.178349010000034, 2.329547988000172, 0.0 ], [ 128.178256111000081, 2.329720263000126, 0.0 ], [ 128.178198904000027, 2.329892561000122, 0.0 ], [ 128.178198871000149, 2.329950005000114, 0.0 ], [ 128.178134580000204, 2.330028951999964, 0.0 ], [ 128.178084574000167, 2.330093547000104, 0.0 ], [ 128.178070271999985, 2.330136622000169, 0.0 ], [ 128.178041619000055, 2.330308935000119, 0.0 ], [ 128.178013023000034, 2.330380724000122, 0.0 ], [ 128.177934431000239, 2.330502745, 0.0 ], [ 128.177891483000025, 2.330703773000095, 0.0 ], [ 128.177877094000081, 2.330897637000021, 0.0 ], [ 128.177884144999979, 2.331048430000124, 0.0 ], [ 128.177926913000164, 2.331156162000184, 0.0 ], [ 128.177926842000232, 2.331278230000123, 0.0 ], [ 128.177941065000113, 2.331371584000067, 0.0 ], [ 128.177941027000088, 2.331436209000174, 0.0 ], [ 128.177940978, 2.331522374000087, 0.0 ], [ 128.177919483000096, 2.331658790000177, 0.0 ], [ 128.17791944200016, 2.331730594000078, 0.0 ], [ 128.177926534000079, 2.331809584000041, 0.0 ], [ 128.177933593, 2.331946016000131, 0.0 ], [ 128.177912119000183, 2.332046531, 0.0 ], [ 128.177904902, 2.332182955000121, 0.0 ], [ 128.177947628000055, 2.332362491000027, 0.0 ], [ 128.177961818000284, 2.332513290000179, 0.0 ], [ 128.178075893999988, 2.332750311000154, 0.0 ], [ 128.178118662000173, 2.332858044000091, 0.0 ], [ 128.178182832000147, 2.332987330000152, 0.0 ], [ 128.17819701300013, 2.333152488000109, 0.0 ], [ 128.178268293000173, 2.333332042000052, 0.0 ], [ 128.178296801000073, 2.333411043000126, 0.0 ], [ 128.178446603000197, 2.333590643000036, 0.0 ], [ 128.178539347000054, 2.333684043000176, 0.0 ], [ 128.178667767000178, 2.333806187000107, 0.0 ], [ 128.17888896600013, 2.333964287000071, 0.0 ], [ 128.178953174000043, 2.334028949000071, 0.0 ], [ 128.17907446000001, 2.334143907, 0.0 ], [ 128.179167175000089, 2.334287571000174, 0.0 ], [ 128.179224220000151, 2.334395311000037, 0.0 ], [ 128.179295533000044, 2.334517420999987, 0.0 ], [ 128.179431034000203, 2.334740095000143, 0.0 ], [ 128.179530888000158, 2.334883762, 0.0 ], [ 128.179723504000066, 2.335092109000129, 0.0 ], [ 128.1798947300002, 2.335257360000014, 0.0 ], [ 128.179958917000135, 2.335357925000097, 0.0 ], [ 128.1800730100002, 2.335566225000093, 0.0 ], [ 128.180170806548631, 2.335690633639729, 0.0 ], [ 128.180208540000081, 2.335738635000154, 0.0 ], [ 128.180308360999987, 2.335939746000179, 0.0 ], [ 128.180393942999984, 2.336076226000103, 0.0 ], [ 128.180472374, 2.336234242000046, 0.0 ], [ 128.180508003000199, 2.336341970000092, 0.0 ], [ 128.180572154000259, 2.336507158000075, 0.0 ], [ 128.180599524686585, 2.336585310977852, 0.0 ], [ 128.180700432000066, 2.336873437000065, 0.0 ], [ 128.180707487000035, 2.337017050000155, 0.0 ], [ 128.180678888000074, 2.337096018000124, 0.0 ], [ 128.180643150000151, 2.337174982000079, 0.0 ], [ 128.180635925000132, 2.337325768000085, 0.0 ], [ 128.180635854000201, 2.337447836000081, 0.0 ], [ 128.180657186000047, 2.337591457000144, 0.0 ], [ 128.180657023000066, 2.337871495000058, 0.0 ], [ 128.180756844000115, 2.338072607000185, 0.0 ], [ 128.180956524000294, 2.338410206000106, 0.0 ], [ 128.181013565000143, 2.338525127000139, 0.0 ], [ 128.181134814000274, 2.338704709000069, 0.0 ], [ 128.181199018000143, 2.338776552000069, 0.0 ], [ 128.181334586000162, 2.338884338000127, 0.0 ], [ 128.181420172000117, 2.339013637000051, 0.0 ], [ 128.181462911000011, 2.339171632000046, 0.0 ], [ 128.18152707700014, 2.339308099000107, 0.0 ], [ 128.181569817000167, 2.339466094000101, 0.0 ], [ 128.18159052186283, 2.339531310212635, 0.0 ], [ 128.182478499501457, 2.339539621426184, 0.0 ], [ 128.185232026460312, 2.339541232076101, 0.0 ], [ 128.185809817714897, 2.339546058041889, 0.0 ], [ 128.182114300296661, 2.324217191787853, 0.0 ], [ 128.181589809061251, 2.324220774780599, 0.0 ], [ 128.178570978832113, 2.324219012366597, 0.0 ] ] ] ] } },
{ "type": "Feature", "properties": { "Id_Zona": 7, "Zona": "Inti", "Sub_Zona": "Inti", "Luas": 89.338987818199996, "KKP": "Pulau Rao - Tanjung Dehegila" }, "geometry": { "type": "MultiPolygon", "coordinates": [ [ [ [ 128.232795583940032, 2.253334757559541, 0.0 ], [ 128.226801863238023, 2.250674493335766, 0.0 ], [ 128.226170780014655, 2.250420959024286, 0.0 ], [ 128.225934905114173, 2.250314006910108, 0.0 ], [ 128.225513851712435, 2.250139454350701, 0.0 ], [ 128.221678340788429, 2.25908914509476, 0.0 ], [ 128.222028027344493, 2.259239725912034, 0.0 ], [ 128.222275812513033, 2.259322750316909, 0.0 ], [ 128.223132873946668, 2.259696084692708, 0.0 ], [ 128.228360526982442, 2.261700074172447, 0.0 ], [ 128.232795583940032, 2.253334757559541, 0.0 ] ] ] ] } },
{ "type": "Feature", "properties": { "Id_Zona": 16, "Zona": "Pemanfaatan", "Sub_Zona": "Pariwisata Alam Perairan", "Luas": 29.197859249099999, "KKP": "Pulau Rao - Tanjung Dehegila" }, "geometry": { "type": "MultiPolygon", "coordinates": [ [ [ [ 128.228030942236245, 2.124794219401224, 0.0 ], [ 128.225878803000086, 2.124667052000177, 0.0 ], [ 128.225840770000218, 2.124600014000123, 0.0 ], [ 128.225802740000034, 2.124528190000035, 0.0 ], [ 128.22576945000003, 2.124489876999974, 0.0 ], [ 128.225721896000294, 2.124432409, 0.0 ], [ 128.225669571, 2.124398873000076, 0.0 ], [ 128.22553633600009, 2.124403592000021, 0.0 ], [ 128.225479222000075, 2.124432286000115, 0.0 ], [ 128.225407833000162, 2.124460972000179, 0.0 ], [ 128.225307897000079, 2.124484857000084, 0.0 ], [ 128.225165147000183, 2.124484785000107, 0.0 ], [ 128.225150896000173, 2.12443690800012, 0.0 ], [ 128.225189001000189, 2.124360334000187, 0.0 ], [ 128.225208047, 2.12433640900008, 0.0 ], [ 128.225222355000142, 2.124269397000035, 0.0 ], [ 128.225146248000073, 2.124216702000012, 0.0 ], [ 128.225093911000158, 2.124207100000149, 0.0 ], [ 128.225046359000061, 2.124144845000046, 0.0 ], [ 128.224936942000227, 2.124096920000056, 0.0 ], [ 128.224822783000235, 2.124015483000165, 0.0 ], [ 128.224760937000156, 2.123991516000046, 0.0 ], [ 128.224542138000032, 2.12382385900014, 0.0 ], [ 128.224385155000135, 2.123742400000026, 0.0 ], [ 128.224251953999982, 2.123680101000161, 0.0 ], [ 128.224090219000203, 2.123584279, 0.0 ], [ 128.22396655600005, 2.123478901, 0.0 ], [ 128.223876179000257, 2.123416624000072, 0.0 ], [ 128.223752501000035, 2.123339970000131, 0.0 ], [ 128.223662135000126, 2.12325854400018, 0.0 ], [ 128.223600300000157, 2.123210643, 0.0 ], [ 128.223490914000081, 2.123100486000056, 0.0 ], [ 128.223414815000268, 2.123033429000088, 0.0 ], [ 128.223357746000119, 2.122971168, 0.0 ], [ 128.22325310700009, 2.122884949000081, 0.0 ], [ 128.223210306000169, 2.122837056000094, 0.0 ], [ 128.223039086000057, 2.122678997999969, 0.0 ], [ 128.222815553000117, 2.122463468000092, 0.0 ], [ 128.222739449000045, 2.122405985000058, 0.0 ], [ 128.22265385700004, 2.12229105300014, 0.0 ], [ 128.222534986, 2.122118660000183, 0.0 ], [ 128.222497003000029, 2.121951094000167, 0.0 ], [ 128.222494474114086, 2.121929802078171, 0.0 ], [ 128.221763056658773, 2.121933891757521, 0.0 ], [ 128.221779786947621, 2.128860699838243, 0.0 ], [ 128.221791786000011, 2.12883744800007, 0.0 ], [ 128.221827524000304, 2.128735742, 0.0 ], [ 128.22185135800018, 2.128651981000132, 0.0 ], [ 128.221904921, 2.128586186000064, 0.0 ], [ 128.222018000000247, 2.128448616000071, 0.0 ], [ 128.222136998000224, 2.12837088700013, 0.0 ], [ 128.222327309000178, 2.128412870000147, 0.0 ], [ 128.222349115002174, 2.128406898976266, 0.0 ], [ 128.222392745000093, 2.128394952000065, 0.0 ], [ 128.222416566000192, 2.128335126000081, 0.0 ], [ 128.222416597246706, 2.128272802352172, 0.0 ], [ 128.222416602000038, 2.128263321000077, 0.0 ], [ 128.222385134416498, 2.128222575289499, 0.0 ], [ 128.222374993999978, 2.128209445000095, 0.0 ], [ 128.222279858000064, 2.128149559000122, 0.0 ], [ 128.222285835000292, 2.128089725000109, 0.0 ], [ 128.222321541000014, 2.128053840000064, 0.0 ], [ 128.222464311000181, 2.128012025000089, 0.0 ], [ 128.222595176999988, 2.127988156000185, 0.0 ], [ 128.22261293890142, 2.127988165456599, 0.0 ], [ 128.222630865000241, 2.127988175000098, 0.0 ], [ 128.222737942000208, 2.127958310000167, 0.0 ], [ 128.222749852000078, 2.127928397000119, 0.0 ], [ 128.222738868520509, 2.127855218268053, 0.0 ], [ 128.222720212000098, 2.127730917000122, 0.0 ], [ 128.222738104000172, 2.127635184999975, 0.0 ], [ 128.222827360000082, 2.127557441000136, 0.0 ], [ 128.222976088000109, 2.127497678000054, 0.0 ], [ 128.223053441000019, 2.127437879000184, 0.0 ], [ 128.223169925514384, 2.127328362554692, 0.0 ], [ 128.223237912000144, 2.127264443000058, 0.0 ], [ 128.223353430966625, 2.127206407709878, 0.0 ], [ 128.223368798999985, 2.127198687000146, 0.0 ], [ 128.223594852, 2.127132980000113, 0.0 ], [ 128.223808981000019, 2.127121121000073, 0.0 ], [ 128.224082617999983, 2.127055436999967, 0.0 ], [ 128.224183762000024, 2.126995650000083, 0.0 ], [ 128.22424331, 2.126858052999978, 0.0 ], [ 128.22424366774905, 2.126852694289198, 0.0 ], [ 128.224249302000175, 2.126768299000048, 0.0 ], [ 128.22426123700015, 2.126690515000178, 0.0 ], [ 128.224296963000143, 2.12661274500016, 0.0 ], [ 128.224439727000203, 2.126582897000162, 0.0 ], [ 128.224528931000094, 2.126612862000059, 0.0 ], [ 128.224568818831784, 2.126684286741749, 0.0 ], [ 128.224582413000093, 2.126708629000063, 0.0 ], [ 128.22462401300001, 2.126780456000063, 0.0 ], [ 128.224671552000103, 2.126870237000105, 0.0 ], [ 128.224730980000203, 2.126971991, 0.0 ], [ 128.224790390000152, 2.127109649000033, 0.0 ], [ 128.224885511999986, 2.127199454000106, 0.0 ], [ 128.224956874000071, 2.127223426000114, 0.0 ], [ 128.225028258000151, 2.127205510000067, 0.0 ], [ 128.225099663000236, 2.127145708000114, 0.0 ], [ 128.225159162000267, 2.127103852000175, 0.0 ], [ 128.225301948, 2.127032118000102, 0.0 ], [ 128.225379243000106, 2.127086011000017, 0.0 ], [ 128.225379225000069, 2.127121914000099, 0.0 ], [ 128.225414889, 2.127169803000015, 0.0 ], [ 128.225492151999987, 2.127289518000111, 0.0 ], [ 128.225599178000152, 2.127361377000056, 0.0 ], [ 128.225694357000037, 2.127337490000173, 0.0 ], [ 128.225795483000041, 2.127313606000143, 0.0 ], [ 128.225825228000161, 2.127301653000132, 0.0 ], [ 128.226003662000039, 2.127307727000073, 0.0 ], [ 128.226122600000025, 2.127349673000026, 0.0 ], [ 128.226277233000019, 2.127373687000045, 0.0 ], [ 128.226354549, 2.127385693000122, 0.0 ], [ 128.226562713, 2.127409734000082, 0.0 ], [ 128.226675706, 2.127445693000141, 0.0 ], [ 128.226836251000208, 2.127541515000075, 0.0 ], [ 128.226913515000064, 2.127661230000115, 0.0 ], [ 128.227050230000117, 2.127834830000097, 0.0 ], [ 128.22716913400015, 2.127942597000015, 0.0 ], [ 128.227216670000189, 2.128038363000144, 0.0 ], [ 128.227245537079369, 2.12809651805054, 0.0 ], [ 128.227282032000062, 2.1281700400001, 0.0 ], [ 128.227329558000264, 2.128283755000041, 0.0 ], [ 128.227406868000088, 2.128307729000028, 0.0 ], [ 128.227484221000054, 2.128247931000089, 0.0 ], [ 128.227626962000016, 2.128265954000029, 0.0 ], [ 128.22769233200026, 2.128379679000148, 0.0 ], [ 128.227656597000049, 2.128475402000162, 0.0 ], [ 128.22774576499998, 2.128577172000063, 0.0 ], [ 128.227828967000136, 2.128714841000147, 0.0 ], [ 128.228016304632291, 2.128893017581049, 0.0 ], [ 128.22801478403332, 2.128368018582251, 0.0 ], [ 128.228030942236245, 2.124794219401224, 0.0 ] ] ] ] } },
{ "type": "Feature", "properties": { "Id_Zona": 17, "Zona": "Pemanfaatan", "Sub_Zona": "Pariwisata Alam Perairan", "Luas": 15.895281928899999, "KKP": "Pulau Rao - Tanjung Dehegila" }, "geometry": { "type": "MultiPolygon", "coordinates": [ [ [ [ 128.213142668000245, 2.121237852000149, 0.0 ], [ 128.212977087524763, 2.121254764546507, 0.0 ], [ 128.2129095, 2.121261668000158, 0.0 ], [ 128.212838118000121, 2.121275992000109, 0.0 ], [ 128.212710240815881, 2.121275926451972, 0.0 ], [ 128.21270988437729, 2.121454072587539, 0.0 ], [ 128.212706420768171, 2.123184902274033, 0.0 ], [ 128.215715013636526, 2.123219727491403, 0.0 ], [ 128.215764814319726, 2.118815685009565, 0.0 ], [ 128.212719516398323, 2.118814131510021, 0.0 ], [ 128.212711497295999, 2.120647944157383, 0.0 ], [ 128.212711142148208, 2.120825445172841, 0.0 ], [ 128.212814547000193, 2.120840361000035, 0.0 ], [ 128.212872578153764, 2.120835386712031, 0.0 ], [ 128.212981094000014, 2.12082608500009, 0.0 ], [ 128.213002232128787, 2.12082416256277, 0.0 ], [ 128.213085781999979, 2.120816564000109, 0.0 ], [ 128.213209497000179, 2.120816628000113, 0.0 ], [ 128.213304641000235, 2.12085975900004, 0.0 ], [ 128.213409315, 2.120874173000118, 0.0 ], [ 128.213433085, 2.120917269000131, 0.0 ], [ 128.213599557000151, 2.121051391000037, 0.0 ], [ 128.213637602000034, 2.121094493999977, 0.0 ], [ 128.213642325999984, 2.121161515000097, 0.0 ], [ 128.213594705000077, 2.121238082000162, 0.0 ], [ 128.213485255000109, 2.121257175000039, 0.0 ], [ 128.213418624000013, 2.121285863000082, 0.0 ], [ 128.21336628600011, 2.121281049000061, 0.0 ], [ 128.213271134999985, 2.121252278000099, 0.0 ], [ 128.213228313000144, 2.121247469000139, 0.0 ], [ 128.213142668000245, 2.121237852000149, 0.0 ] ] ] ] } },
{ "type": "Feature", "properties": { "Id_Zona": 44, "Zona": "Lainnya", "Sub_Zona": "Rehabilitasi", "Luas": 8.7463516572, "KKP": "Pulau Rao - Tanjung Dehegila" }, "geometry": { "type": "MultiPolygon", "coordinates": [ [ [ [ 128.23494544107345, 1.966377269966188, 0.0 ], [ 128.23464652790048, 1.966126004995943, 0.0 ], [ 128.234669778000125, 1.966479335000145, 0.0 ], [ 128.234536322000025, 1.966996275999976, 0.0 ], [ 128.234336314000046, 1.967388723000055, 0.0 ], [ 128.234155393000236, 1.967656715000032, 0.0 ], [ 128.233907884000104, 1.967876805000117, 0.0 ], [ 128.233574737, 1.968087282000055, 0.0 ], [ 128.232917887000184, 1.968670999000096, 0.0 ], [ 128.232896114165783, 1.968681626888553, 0.0 ], [ 128.234813756834313, 1.970227949371747, 0.0 ], [ 128.236757640545505, 1.967835314777461, 0.0 ], [ 128.23494544107345, 1.966377269966188, 0.0 ] ] ] ] } },
{ "type": "Feature", "properties": { "Id_Zona": 20, "Zona": "Pemanfaatan", "Sub_Zona": "Pariwisata Alam Perairan", "Luas": 125.971555693, "KKP": "Pulau Rao - Tanjung Dehegila" }, "geometry": { "type": "MultiPolygon", "coordinates": [ [ [ [ 128.250942700000081, 2.059091268000089, 0.0 ], [ 128.25091413100003, 2.059134338000149, 0.0 ], [ 128.250861767000032, 2.059186971000145, 0.0 ], [ 128.250809419, 2.059206095000093, 0.0 ], [ 128.250738029000075, 2.059244358000171, 0.0 ], [ 128.250690476000131, 2.059182103000068, 0.0 ], [ 128.250623905000111, 2.059091118000083, 0.0 ], [ 128.25060013200013, 2.059052809000036, 0.0 ], [ 128.250472806353059, 2.059057166130685, 0.0 ], [ 128.250457040108245, 2.059063687003231, 0.0 ], [ 128.250390731000152, 2.059143665000078, 0.0 ], [ 128.250333594000125, 2.059229806000019, 0.0 ], [ 128.250305011000108, 2.059301598000104, 0.0 ], [ 128.250243126000072, 2.059363800000085, 0.0 ], [ 128.250218482297186, 2.059388570908084, 0.0 ], [ 128.250205017010302, 2.059421315937698, 0.0 ], [ 128.250195496000032, 2.059469094000121, 0.0 ], [ 128.250175033003387, 2.059494231361271, 0.0 ], [ 128.250152647000135, 2.059521731000132, 0.0 ], [ 128.250014579000066, 2.059698788000106, 0.0 ], [ 128.250020042997875, 2.059734631986032, 0.0 ], [ 128.250024066000037, 2.059761023000021, 0.0 ], [ 128.250062097000267, 2.059832847999984, 0.0 ], [ 128.250057295, 2.059928587, 0.0 ], [ 128.250023952000106, 2.060005164000075, 0.0 ], [ 128.249947808000343, 2.060033851000014, 0.0 ], [ 128.249885977000048, 2.059981164000021, 0.0 ], [ 128.249838403000098, 2.059966780000082, 0.0 ], [ 128.249815900967491, 2.059966769359676, 0.0 ], [ 128.249781305000141, 2.059966752999969, 0.0 ], [ 128.249700401000013, 2.060000224000022, 0.0 ], [ 128.249648034000046, 2.060057644000152, 0.0 ], [ 128.24960042799998, 2.06011028000006, 0.0 ], [ 128.249567094000071, 2.060167709000098, 0.0 ], [ 128.249509933000098, 2.060301719000165, 0.0 ], [ 128.249490854000186, 2.060402239000154, 0.0 ], [ 128.249457514000113, 2.060474029000034, 0.0 ], [ 128.24936230800003, 2.060564938000028, 0.0 ], [ 128.249281384000113, 2.060641493000048, 0.0 ], [ 128.249205220000022, 2.060713263000139, 0.0 ], [ 128.249062433000148, 2.060804150000081, 0.0 ], [ 128.248995804000032, 2.060837628, 0.0 ], [ 128.248929171000185, 2.060875892000184, 0.0 ], [ 128.248876787000057, 2.060971608999978, 0.0 ], [ 128.248843440000059, 2.061057760000096, 0.0 ], [ 128.248843422000022, 2.061096057000157, 0.0 ], [ 128.24884337000023, 2.061206160000154, 0.0 ], [ 128.24884808800013, 2.061292330000129, 0.0 ], [ 128.248848075000041, 2.061321052000039, 0.0 ], [ 128.248800446000104, 2.061421558000177, 0.0 ], [ 128.248795673999979, 2.061450278000052, 0.0 ], [ 128.248681436000169, 2.061541178000141, 0.0 ], [ 128.248633839000036, 2.061574664999966, 0.0 ], [ 128.248581456000096, 2.061665594000146, 0.0 ], [ 128.248524343000071, 2.061699077000128, 0.0 ], [ 128.248443450000053, 2.061708612000132, 0.0 ], [ 128.248414859, 2.061799554, 0.0 ], [ 128.248394140251179, 2.061853673687608, 0.0 ], [ 128.248367219000187, 2.061923995000086, 0.0 ], [ 128.248333885000051, 2.061981424000124, 0.0 ], [ 128.248291035000278, 2.062038848000099, 0.0 ], [ 128.248214891000089, 2.062067534000164, 0.0 ], [ 128.248133993000096, 2.062086644000146, 0.0 ], [ 128.248029317000118, 2.06208180800013, 0.0 ], [ 128.247968044359482, 2.062098899789589, 0.0 ], [ 128.247943659000128, 2.06210570200011, 0.0 ], [ 128.24787703100003, 2.062134393000122, 0.0 ], [ 128.247848498000025, 2.062100870000108, 0.0 ], [ 128.247853285, 2.062038640000082, 0.0 ], [ 128.247867587000059, 2.06198120200014, 0.0 ], [ 128.247805729000078, 2.061985960000186, 0.0 ], [ 128.247777163999984, 2.062019456000087, 0.0 ], [ 128.247777135000064, 2.062081686999988, 0.0 ], [ 128.247781877000051, 2.062115199000118, 0.0 ], [ 128.247767591000155, 2.062139128000069, 0.0 ], [ 128.247720008000186, 2.062143892000109, 0.0 ], [ 128.247677184000025, 2.062143872000092, 0.0 ], [ 128.247620080000132, 2.062158206000049, 0.0 ], [ 128.247620068000145, 2.062182141000164, 0.0 ], [ 128.247658073, 2.06231141000012, 0.0 ], [ 128.247672291000072, 2.062431094000033, 0.0 ], [ 128.247653235000115, 2.06248374300003, 0.0 ], [ 128.247630683872416, 2.062519156089252, 0.0 ], [ 128.247597368310693, 2.062571473069511, 0.0 ], [ 128.247577048000153, 2.06260338300018, 0.0 ], [ 128.247574204208576, 2.062616228517526, 0.0 ], [ 128.250491346452208, 2.060877263231816, 0.0 ], [ 128.25212639866001, 2.059904069731999, 0.0 ], [ 128.252079541000029, 2.059852949000174, 0.0 ], [ 128.252031980000055, 2.059809844000085, 0.0 ], [ 128.25196063000007, 2.059761939000112, 0.0 ], [ 128.251946397000069, 2.059670978000099, 0.0 ], [ 128.251927436000159, 2.05951778300016, 0.0 ], [ 128.251922714000074, 2.059441188000108, 0.0 ], [ 128.251937016000028, 2.059383749000062, 0.0 ], [ 128.251937028000015, 2.059355026999981, 0.0 ], [ 128.251922790000293, 2.059278427000038, 0.0 ], [ 128.251908553999982, 2.059197040000186, 0.0 ], [ 128.251870517000043, 2.059134789999973, 0.0 ], [ 128.251784903000015, 2.059067731000027, 0.0 ], [ 128.251699284000097, 2.059005458000115, 0.0 ], [ 128.251623186000046, 2.058938403000184, 0.0 ], [ 128.251594653000069, 2.058904881000046, 0.0 ], [ 128.251556603000125, 2.058871353000143, 0.0 ], [ 128.251456698000311, 2.05883779600009, 0.0 ], [ 128.251413881000047, 2.058823415000063, 0.0 ], [ 128.251342467000171, 2.05891433500011, 0.0 ], [ 128.251313880000197, 2.058995702, 0.0 ], [ 128.251294836000028, 2.059019629000148, 0.0 ], [ 128.251247255000266, 2.05901960600005, 0.0 ], [ 128.251213992000061, 2.058923849000052, 0.0 ], [ 128.251214010000098, 2.058885552000163, 0.0 ], [ 128.25119498400008, 2.058871182000189, 0.0 ], [ 128.251137889000091, 2.058866368000168, 0.0 ], [ 128.251120531016682, 2.058869534578776, 0.0 ], [ 128.251085545, 2.058875917000137, 0.0 ], [ 128.251018907000201, 2.058928544000139, 0.0 ], [ 128.250976032000125, 2.059038626000187, 0.0 ], [ 128.250944755487893, 2.059088021720755, 0.0 ], [ 128.250942700000081, 2.059091268000089, 0.0 ] ] ], [ [ [ 128.255849200146145, 2.057453138044536, 0.0 ], [ 128.256130030984735, 2.057154742072043, 0.0 ], [ 128.25661814812733, 2.056617887825837, 0.0 ], [ 128.256981514813191, 2.056212437675583, 0.0 ], [ 128.257215604139759, 2.055943688153207, 0.0 ], [ 128.257329467372614, 2.055807633313975, 0.0 ], [ 128.257449306727239, 2.055657452534376, 0.0 ], [ 128.257549355100849, 2.055523152543515, 0.0 ], [ 128.257642871707247, 2.05538528700032, 0.0 ], [ 128.257727492327689, 2.055242540354357, 0.0 ], [ 128.257803385892629, 2.05508931927568, 0.0 ], [ 128.257869916929735, 2.054930939154417, 0.0 ], [ 128.257929633051958, 2.054768797047017, 0.0 ], [ 128.257982579583512, 2.054609896726731, 0.0 ], [ 128.25807331971734, 2.054309673452622, 0.0 ], [ 128.258165713875087, 2.05397913270815, 0.0 ], [ 128.258658183856454, 2.052141841023683, 0.0 ], [ 128.240894043911311, 2.052084887947786, 0.0 ], [ 128.240870405173354, 2.066618766703073, 0.0 ], [ 128.243075450501436, 2.065298001457961, 0.0 ], [ 128.243335211245352, 2.065143155546764, 0.0 ], [ 128.247437805071485, 2.062697538435089, 0.0 ], [ 128.247353372000134, 2.06269423100008, 0.0 ], [ 128.247215373999978, 2.062718099999984, 0.0 ], [ 128.247115443000183, 2.062741988000028, 0.0 ], [ 128.247039293000142, 2.062780249000071, 0.0 ], [ 128.246929845000295, 2.062804132, 0.0 ], [ 128.246891780000027, 2.062804114000187, 0.0 ], [ 128.246839441999981, 2.062799302000144, 0.0 ], [ 128.246834709000012, 2.062746642000036, 0.0 ], [ 128.246844275000143, 2.062641331000123, 0.0 ], [ 128.246901389000044, 2.062607849000187, 0.0 ], [ 128.246915674000064, 2.062583920000065, 0.0 ], [ 128.246920455000208, 2.062536052000041, 0.0 ], [ 128.246891908000038, 2.062531251000053, 0.0 ], [ 128.246820536000058, 2.062531217000071, 0.0 ], [ 128.246777737000087, 2.062478539000153, 0.0 ], [ 128.246668305000185, 2.062468913000089, 0.0 ], [ 128.246620710000201, 2.062497613000119, 0.0 ], [ 128.246544580000062, 2.062497576000055, 0.0 ], [ 128.24652556700002, 2.062454483000124, 0.0 ], [ 128.24649228500013, 2.062401810000097, 0.0 ], [ 128.246373345000023, 2.062373031000106, 0.0 ], [ 128.246325761000094, 2.062377794999975, 0.0 ], [ 128.246149730000155, 2.062334628000087, 0.0 ], [ 128.246064084000153, 2.062334587000123, 0.0 ], [ 128.246006962999985, 2.062382430000127, 0.0 ], [ 128.245892763000114, 2.062391951000109, 0.0 ], [ 128.245816664000102, 2.062324895000074, 0.0 ], [ 128.245859508000052, 2.06228183200011, 0.0 ], [ 128.245873798000019, 2.062248329000113, 0.0 ], [ 128.245892847000135, 2.062214829000027, 0.0 ], [ 128.245911906000032, 2.062157393000065, 0.0 ], [ 128.245916676000064, 2.062133460000097, 0.0 ], [ 128.245915875276268, 2.062131039346923, 0.0 ], [ 128.245902422000057, 2.062090369000032, 0.0 ], [ 128.245812035000171, 2.062052030000132, 0.0 ], [ 128.245773972000137, 2.062047225000185, 0.0 ], [ 128.245769614952422, 2.06205004007387, 0.0 ], [ 128.245707338000074, 2.062090276999981, 0.0 ], [ 128.245678753000192, 2.062166856000033, 0.0 ], [ 128.245631121000287, 2.062272149000136, 0.0 ], [ 128.245573997000037, 2.062329566000187, 0.0 ], [ 128.245507372000105, 2.06235347, 0.0 ], [ 128.245459786000055, 2.06236302100018, 0.0 ], [ 128.245393181000139, 2.062343841000029, 0.0 ], [ 128.245388448000057, 2.062291181000091, 0.0 ], [ 128.245417059, 2.062157157000058, 0.0 ], [ 128.245426609000077, 2.062085355000136, 0.0 ], [ 128.24534097199998, 2.062066167000125, 0.0 ], [ 128.245283874000023, 2.06206614000007, 0.0 ], [ 128.245107819000026, 2.062075629000048, 0.0 ], [ 128.245065, 2.062066035000157, 0.0 ], [ 128.244965099000069, 2.062022904, 0.0 ], [ 128.244869979000185, 2.061931904000119, 0.0 ], [ 128.244798638999981, 2.061864851, 0.0 ], [ 128.244541783000017, 2.061687607000068, 0.0 ], [ 128.244456161000102, 2.061634908000088, 0.0 ], [ 128.244322965, 2.061567826000044, 0.0 ], [ 128.244180245000138, 2.061515100000122, 0.0 ], [ 128.24414219600007, 2.061481572, 0.0 ], [ 128.243956656, 2.061424039000144, 0.0 ], [ 128.243856762000149, 2.061366546000102, 0.0 ], [ 128.243799689000269, 2.061313861000087, 0.0 ], [ 128.243780672000071, 2.061280343000135, 0.0 ], [ 128.243775947999978, 2.061208534000173, 0.0 ], [ 128.243775968, 2.061165452000125, 0.0 ], [ 128.243804540000014, 2.061117594000109, 0.0 ], [ 128.243833109000093, 2.061074525000151, 0.0 ], [ 128.243856911000051, 2.061050600000045, 0.0 ], [ 128.243914018000027, 2.061031480000054, 0.0 ], [ 128.243942569000041, 2.061026706, 0.0 ], [ 128.243990159000077, 2.061007580000023, 0.0 ], [ 128.244033009000049, 2.060950156000104, 0.0 ], [ 128.244047304000077, 2.060907079000174, 0.0 ], [ 128.244052098000083, 2.060830488000136, 0.0 ], [ 128.244018873000186, 2.060658139000168, 0.0 ], [ 128.244009413000043, 2.060538457000064, 0.0 ], [ 128.244009435000038, 2.060490587000174, 0.0 ], [ 128.24400946199998, 2.060433142000136, 0.0 ], [ 128.244014241000258, 2.060390061000021, 0.0 ], [ 128.244033308000184, 2.060318263000112, 0.0 ], [ 128.244042850000227, 2.060260822999965, 0.0 ], [ 128.244057157000128, 2.060193811000147, 0.0 ], [ 128.244057184000212, 2.060136366000052, 0.0 ], [ 128.24405722000003, 2.060059774000137, 0.0 ], [ 128.244057238000181, 2.060021477000078, 0.0 ], [ 128.244019200000224, 2.059964014, 0.0 ], [ 128.243957363000021, 2.059925688000078, 0.0 ], [ 128.243866990000129, 2.059858626, 0.0 ], [ 128.243857523000059, 2.059753305000072, 0.0 ], [ 128.243871822000159, 2.059700654999971, 0.0 ], [ 128.243914679000198, 2.059628869000108, 0.0 ], [ 128.243943273000099, 2.059533142000078, 0.0 ], [ 128.24399088800007, 2.059461359000068, 0.0 ], [ 128.244048006000156, 2.059418301999983, 0.0 ], [ 128.244086088999978, 2.059380024, 0.0 ], [ 128.244138451000111, 2.059332178000148, 0.0 ], [ 128.244262203000034, 2.059246070000142, 0.0 ], [ 128.244309811000079, 2.059188647999974, 0.0 ], [ 128.244309843000082, 2.05912162900006, 0.0 ], [ 128.244290847000087, 2.059045026000035, 0.0 ], [ 128.244290863000032, 2.059011518000091, 0.0 ], [ 128.2442718530001, 2.058963638000023, 0.0 ], [ 128.24427188900026, 2.058887044000074, 0.0 ], [ 128.244290942, 2.058843970000055, 0.0 ], [ 128.244300478000099, 2.058800891000146, 0.0 ], [ 128.24431003000015, 2.058724302000143, 0.0 ], [ 128.244314815000138, 2.058666860000187, 0.0 ], [ 128.244276773, 2.058618971000043, 0.0 ], [ 128.244205419000053, 2.058580641000048, 0.0 ], [ 128.244191150000091, 2.058571059000144, 0.0 ], [ 128.244148342000102, 2.058537530000137, 0.0 ], [ 128.244148369000044, 2.058480085000099, 0.0 ], [ 128.244229290999982, 2.058408316999987, 0.0 ], [ 128.244305424000089, 2.058403567000141, 0.0 ], [ 128.244348251, 2.058394013000055, 0.0 ], [ 128.244376827000082, 2.058336582000039, 0.0 ], [ 128.244405411000088, 2.058260003000157, 0.0 ], [ 128.244419767000068, 2.058087675000138, 0.0 ], [ 128.244448354000042, 2.05800630900012, 0.0 ], [ 128.244500773, 2.057838786000048, 0.0 ], [ 128.244515099000154, 2.057728691000079, 0.0 ], [ 128.244562750000085, 2.057580314000176, 0.0 ], [ 128.244619892000031, 2.057484600000067, 0.0 ], [ 128.244648468000122, 2.057427169, 0.0 ], [ 128.244708461659201, 2.057331406227547, 0.0 ], [ 128.244729417000116, 2.057297957000173, 0.0 ], [ 128.244786551000033, 2.057221390000109, 0.0 ], [ 128.244843662000108, 2.05719269500014, 0.0 ], [ 128.24491027100018, 2.057202301000075, 0.0 ], [ 128.244975018912641, 2.057158142509138, 0.0 ], [ 128.245043541000172, 2.057111410000061, 0.0 ], [ 128.245066784764589, 2.057032042737831, 0.0 ], [ 128.245067371000204, 2.057030041000189, 0.0 ], [ 128.244996008000044, 2.057010859, 0.0 ], [ 128.244967469000102, 2.056986910999968, 0.0 ], [ 128.244967505000062, 2.056910317000074, 0.0 ], [ 128.24499131900015, 2.056862458000068, 0.0 ], [ 128.245038907000179, 2.056848119000052, 0.0 ], [ 128.24511027000014, 2.056867302000115, 0.0 ], [ 128.245157860000148, 2.05684817600013, 0.0 ], [ 128.245157874000114, 2.056819453000173, 0.0 ], [ 128.245134094000122, 2.056795507000118, 0.0 ], [ 128.245119838000022, 2.056757203000188, 0.0 ], [ 128.24515792300005, 2.056714138000074, 0.0 ], [ 128.24525786, 2.056680676000155, 0.0 ], [ 128.245286409000045, 2.056680690000122, 0.0 ], [ 128.245391110000099, 2.056632869, 0.0 ], [ 128.245433928000097, 2.056642463000117, 0.0 ], [ 128.245467188397015, 2.056639905211454, 0.0 ], [ 128.245495786000191, 2.056637706000117, 0.0 ], [ 128.245548114000115, 2.056661665999968, 0.0 ], [ 128.245614748000065, 2.056618614000171, 0.0 ], [ 128.245589521266851, 2.056553258515577, 0.0 ], [ 128.245581482, 2.056532431000051, 0.0 ], [ 128.245538686, 2.056474965000064, 0.0 ], [ 128.245591049000012, 2.056422333000171, 0.0 ], [ 128.24568146600015, 2.056398440000066, 0.0 ], [ 128.245748072000282, 2.056412834000184, 0.0 ], [ 128.245770560647856, 2.05642503038257, 0.0 ], [ 128.245809912000112, 2.056446372000096, 0.0 ], [ 128.245867016, 2.056432038000025, 0.0 ], [ 128.245928909000071, 2.056355474000043, 0.0 ], [ 128.24600505100031, 2.056326789000082, 0.0 ], [ 128.24605265500017, 2.05627894000014, 0.0 ], [ 128.246056538060628, 2.05622846183627, 0.0 ], [ 128.246057442000165, 2.056216711000048, 0.0 ], [ 128.246019407000261, 2.056154461000062, 0.0 ], [ 128.245990869000025, 2.056130512000094, 0.0 ], [ 128.246000413000132, 2.056073072000117, 0.0 ], [ 128.246057528000136, 2.05603480200017, 0.0 ], [ 128.246133664000212, 2.056020477000117, 0.0 ], [ 128.246254235869372, 2.056033083829846, 0.0 ], [ 128.246271644000075, 2.056034904000171, 0.0 ], [ 128.246309711000293, 2.056030135000071, 0.0 ], [ 128.24638359276932, 2.056030170197516, 0.0 ], [ 128.246452454000178, 2.056030203000034, 0.0 ], [ 128.246528061378825, 2.05602693110177, 0.0 ], [ 128.246561894000109, 2.05602546700004, 0.0 ], [ 128.246609484, 2.056006342000102, 0.0 ], [ 128.246676125000135, 2.055948929000067, 0.0 ], [ 128.246731167998149, 2.055884383138619, 0.0 ], [ 128.246733254000077, 2.055881937000038, 0.0 ], [ 128.246761805000091, 2.055877164000094, 0.0 ], [ 128.246847464000297, 2.055848482000045, 0.0 ], [ 128.246905817955707, 2.055822829434248, 0.0 ], [ 128.246923610000039, 2.055815008000082, 0.0 ], [ 128.246920579233318, 2.055801255927918, 0.0 ], [ 128.246914114000305, 2.055771920000097, 0.0 ], [ 128.246880832000073, 2.055719246000024, 0.0 ], [ 128.246866580000301, 2.055671369000038, 0.0 ], [ 128.246961777999985, 2.055594821000113, 0.0 ], [ 128.246995101000039, 2.055561326999964, 0.0 ], [ 128.24698560700017, 2.055513453000117, 0.0 ], [ 128.247033210000041, 2.055465604000175, 0.0 ], [ 128.24708080100001, 2.055446477999965, 0.0 ], [ 128.247195000000119, 2.055436958000087, 0.0 ], [ 128.247211155611211, 2.055446720719772, 0.0 ], [ 128.247242568000132, 2.055465703000096, 0.0 ], [ 128.247390023000179, 2.055566302000158, 0.0 ], [ 128.247466131000095, 2.055614208000179, 0.0 ], [ 128.247508965000037, 2.05559029300008, 0.0 ], [ 128.247532767000024, 2.055566370000122, 0.0 ], [ 128.247551831000095, 2.05549935900018, 0.0 ], [ 128.247513788000219, 2.055451470000037, 0.0 ], [ 128.247475754000078, 2.055384434000189, 0.0 ], [ 128.24746614756711, 2.055360238523633, 0.0 ], [ 128.247447239000167, 2.055312614000115, 0.0 ], [ 128.247452004000223, 2.055298256000186, 0.0 ], [ 128.247518644999985, 2.055240842000047, 0.0 ], [ 128.247556715000059, 2.055231286000151, 0.0 ], [ 128.247732803000304, 2.055149989000085, 0.0 ], [ 128.247867968758868, 2.055110693657241, 0.0 ], [ 128.247913636999982, 2.055097417000127, 0.0 ], [ 128.248056378000314, 2.055102272000113, 0.0 ], [ 128.248127741000047, 2.055121453000026, 0.0 ], [ 128.248275184000022, 2.055245987000035, 0.0 ], [ 128.248327524000047, 2.055246012000111, 0.0 ], [ 128.248351334000034, 2.055202940000072, 0.0 ], [ 128.248408443000216, 2.055179032000069, 0.0 ], [ 128.248441721000148, 2.055241279000143, 0.0 ], [ 128.248494069000202, 2.05522215600007, 0.0 ], [ 128.248489333000038, 2.055174282000053, 0.0 ], [ 128.24856073700002, 2.055107297000063, 0.0 ], [ 128.248712981000011, 2.055140879000021, 0.0 ], [ 128.248831899000123, 2.055217528000071, 0.0 ], [ 128.24885566500015, 2.05527019800013, 0.0 ], [ 128.248998319000037, 2.055461748000027, 0.0 ], [ 128.249060138000118, 2.055538370000135, 0.0 ], [ 128.249155227000045, 2.055696388000058, 0.0 ], [ 128.249202775000043, 2.055768217000036, 0.0 ], [ 128.249217021000021, 2.055830456000137, 0.0 ], [ 128.249226503000017, 2.055902266000032, 0.0 ], [ 128.249202702000133, 2.055926190000093, 0.0 ], [ 128.249155116000082, 2.055935742000144, 0.0 ], [ 128.249117047999988, 2.055940511000073, 0.0 ], [ 128.249102758000021, 2.055974013000025, 0.0 ], [ 128.249112252000117, 2.056021889000078, 0.0 ], [ 128.249150308000225, 2.056041055000094, 0.0 ], [ 128.249202639, 2.056060229000082, 0.0 ], [ 128.249264474000114, 2.056103341000096, 0.0 ], [ 128.249288251000024, 2.056132075000165, 0.0 ], [ 128.249288227000051, 2.056184733000066, 0.0 ], [ 128.249321514, 2.056227832000161, 0.0 ], [ 128.249383320000192, 2.056333177000056, 0.0 ], [ 128.249468931, 2.056409810000104, 0.0 ], [ 128.249564053000057, 2.056496023000079, 0.0 ], [ 128.24958307000017, 2.056529542000078, 0.0 ], [ 128.249597311000201, 2.05660135400018, 0.0 ], [ 128.249602024000154, 2.056697098000085, 0.0 ], [ 128.24963054600002, 2.056754557000148, 0.0 ], [ 128.249701929, 2.056730654000035, 0.0 ], [ 128.249773314000066, 2.056701966000106, 0.0 ], [ 128.249877969000153, 2.056754673000114, 0.0 ], [ 128.249877944000076, 2.056807331000072, 0.0 ], [ 128.249882665000172, 2.056888714000137, 0.0 ], [ 128.24989216100002, 2.056931801000076, 0.0 ], [ 128.249982563000117, 2.056936632000032, 0.0 ], [ 128.250039669000188, 2.05691751, 0.0 ], [ 128.25007773500019, 2.056917528000042, 0.0 ], [ 128.250134817000088, 2.056951065000021, 0.0 ], [ 128.250158587000072, 2.056994159000055, 0.0 ], [ 128.250253725000306, 2.05704686200005, 0.0 ], [ 128.250310800000165, 2.057094760000098, 0.0 ], [ 128.250358361000139, 2.057137866000118, 0.0 ], [ 128.250396401000074, 2.057190542000058, 0.0 ], [ 128.250415419000063, 2.057224060000181, 0.0 ], [ 128.250443943000022, 2.057276732000105, 0.0 ], [ 128.250477236000023, 2.057305470000131, 0.0 ], [ 128.250491504, 2.057319838000069, 0.0 ], [ 128.250558105000067, 2.057348592000153, 0.0 ], [ 128.250600959000167, 2.057281593000027, 0.0 ], [ 128.250624759000146, 2.05726245600016, 0.0 ], [ 128.250738942000112, 2.057286445000102, 0.0 ], [ 128.250767481, 2.057310394000012, 0.0 ], [ 128.25086263, 2.057339162000118, 0.0 ], [ 128.250943507000187, 2.05736313500006, 0.0 ], [ 128.251010111, 2.057382315000041, 0.0 ], [ 128.251057676000187, 2.057420634000096, 0.0 ], [ 128.251095709000168, 2.057487670000114, 0.0 ], [ 128.251095700000064, 2.057506819000026, 0.0 ], [ 128.251124234, 2.057540342000039, 0.0 ], [ 128.251167043000208, 2.057569084000136, 0.0 ], [ 128.251224129000178, 2.057593047000069, 0.0 ], [ 128.251266942, 2.057617003000074, 0.0 ], [ 128.251290721, 2.057640949000131, 0.0 ], [ 128.25135731300017, 2.057688850999966, 0.0 ], [ 128.251381097000035, 2.057703224000022, 0.0 ], [ 128.251476260000089, 2.057703268000012, 0.0 ], [ 128.251490554000242, 2.057660192000185, 0.0 ], [ 128.251495333000065, 2.05761711100007, 0.0 ], [ 128.251510616210425, 2.057590779293661, 0.0 ], [ 128.251528665999984, 2.057559681000157, 0.0 ], [ 128.251576297000014, 2.057454388000053, 0.0 ], [ 128.251581066000057, 2.057430455000087, 0.0 ], [ 128.251581113000015, 2.057329927000126, 0.0 ], [ 128.251552586000088, 2.057282042000167, 0.0 ], [ 128.251552622000048, 2.057205449000151, 0.0 ], [ 128.251547877000093, 2.057176724000158, 0.0 ], [ 128.251471751000025, 2.057167114000094, 0.0 ], [ 128.251457476000041, 2.057167107000168, 0.0 ], [ 128.251424194000151, 2.057114434000141, 0.0 ], [ 128.251424226000125, 2.057047415, 0.0 ], [ 128.251405207000033, 2.05701868400007, 0.0 ], [ 128.25140523800016, 2.056951665000099, 0.0 ], [ 128.251448077000049, 2.056918174999965, 0.0 ], [ 128.251486173000188, 2.05685117400003, 0.0 ], [ 128.251500477000121, 2.056788948000019, 0.0 ], [ 128.25150051, 2.056717143000071, 0.0 ], [ 128.25150055200001, 2.056626188000052, 0.0 ], [ 128.251533866000131, 2.056611843000041, 0.0 ], [ 128.25159572600009, 2.05660229800003, 0.0 ], [ 128.251643328000085, 2.056559236000056, 0.0 ], [ 128.251671903000101, 2.056501806000085, 0.0 ], [ 128.251705279, 2.056353422000086, 0.0 ], [ 128.251643454000117, 2.056286373000091, 0.0 ], [ 128.251686347, 2.056137995000086, 0.0 ], [ 128.251738723999978, 2.056056639000132, 0.0 ], [ 128.251767282000031, 2.056037504000016, 0.0 ], [ 128.251805387000076, 2.055951355000104, 0.0 ], [ 128.251824465999988, 2.055850835000115, 0.0 ], [ 128.251900652000103, 2.055731194000089, 0.0 ], [ 128.251967281, 2.055697716000168, 0.0 ], [ 128.251995841000024, 2.055673795000075, 0.0 ], [ 128.251995882000159, 2.055587627000023, 0.0 ], [ 128.251967360000066, 2.055530168000189, 0.0 ], [ 128.251957876000205, 2.05545835700002, 0.0 ], [ 128.251972195000207, 2.055362623000065, 0.0 ], [ 128.251991246000074, 2.05532433500008, 0.0 ], [ 128.252043628000024, 2.055233405000024, 0.0 ], [ 128.252081705999984, 2.05520470100015, 0.0 ], [ 128.252096014000131, 2.055132901999968, 0.0 ], [ 128.252105548000031, 2.055094610000026, 0.0 ], [ 128.252119836000105, 2.055065894000109, 0.0 ], [ 128.252195993000072, 2.055008485000087, 0.0 ], [ 128.252243559000107, 2.055042017000176, 0.0 ], [ 128.252267333000162, 2.05507553800004, 0.0 ], [ 128.252326905908689, 2.055105540165243, 0.0 ], [ 128.252362474000137, 2.055123453000022, 0.0 ], [ 128.2523910110001, 2.055147402000103, 0.0 ], [ 128.252448143000038, 2.055075623000107, 0.0 ], [ 128.252491001000152, 2.054999049000173, 0.0 ], [ 128.252505297000056, 2.054951186000039, 0.0 ], [ 128.252410127000047, 2.054970289000095, 0.0 ], [ 128.252396547647862, 2.054956614474578, 0.0 ], [ 128.252381590999988, 2.054941553000047, 0.0 ], [ 128.252395889000127, 2.054888902000017, 0.0 ], [ 128.252410189000074, 2.05483625100004, 0.0 ], [ 128.252438793000096, 2.05471658800019, 0.0 ], [ 128.252443569000178, 2.054678294000041, 0.0 ], [ 128.252448374000068, 2.054577767000126, 0.0 ], [ 128.252438887000125, 2.054515531000163, 0.0 ], [ 128.252467457000165, 2.05446767300009, 0.0 ], [ 128.252515045000195, 2.054453334000073, 0.0 ], [ 128.252576901000197, 2.054453363000164, 0.0 ], [ 128.252619715, 2.054472532000034, 0.0 ], [ 128.25265301100012, 2.054496482999979, 0.0 ], [ 128.252691074000126, 2.054501288000097, 0.0 ], [ 128.252709178901341, 2.054506265014481, 0.0 ], [ 128.252743406, 2.054515674000073, 0.0 ], [ 128.252786230000169, 2.054515694000088, 0.0 ], [ 128.252843336000041, 2.054496572000062, 0.0 ], [ 128.25284811700007, 2.054448704000038, 0.0 ], [ 128.252767242000203, 2.05441994400013, 0.0 ], [ 128.252751223592298, 2.054418239918277, 0.0 ], [ 128.252676842, 2.054410327000141, 0.0 ], [ 128.252624509000015, 2.054395941, 0.0 ], [ 128.252567430000227, 2.054357618000153, 0.0 ], [ 128.252553162000225, 2.054343249000113, 0.0 ], [ 128.252505600000035, 2.054300144000023, 0.0 ], [ 128.25248659899998, 2.054233116000149, 0.0 ], [ 128.252481867000114, 2.054175669000073, 0.0 ], [ 128.252469627240515, 2.05413125542185, 0.0 ], [ 128.252458117000145, 2.054089489000091, 0.0 ], [ 128.252410569000034, 2.054017661000159, 0.0 ], [ 128.252467709, 2.053926734000186, 0.0 ], [ 128.252510570000112, 2.053845374000048, 0.0 ], [ 128.25255816000012, 2.053826248000064, 0.0 ], [ 128.252629548000158, 2.053792772000123, 0.0 ], [ 128.252696168000028, 2.05377844200018, 0.0 ], [ 128.252734239000233, 2.053764099000148, 0.0 ], [ 128.252796125, 2.053701896000063, 0.0 ], [ 128.252938914000168, 2.05360143500019, 0.0 ], [ 128.252957947000112, 2.053601444000094, 0.0 ], [ 128.253036264823066, 2.053569041966, 0.0 ], [ 128.253038851000014, 2.053567972000166, 0.0 ], [ 128.253081681, 2.053553630000067, 0.0 ], [ 128.25312926400008, 2.053548866000028, 0.0 ], [ 128.253186368000087, 2.053534530999968, 0.0 ], [ 128.253257711000032, 2.053596797000182, 0.0 ], [ 128.253343311000179, 2.053697366000051, 0.0 ], [ 128.253376589000112, 2.053759614000057, 0.0 ], [ 128.253409885000224, 2.053783564000069, 0.0 ], [ 128.253419381000043, 2.053826653000158, 0.0 ], [ 128.25345266100021, 2.053884113000151, 0.0 ], [ 128.253447883000121, 2.053927194000039, 0.0 ], [ 128.253471669000163, 2.053936780000129, 0.0 ], [ 128.253481212000082, 2.053879339000105, 0.0 ], [ 128.253481224000069, 2.05385540400016, 0.0 ], [ 128.253452703000193, 2.053793158000133, 0.0 ], [ 128.25344321999998, 2.053721348000067, 0.0 ], [ 128.253419455000085, 2.053668680000158, 0.0 ], [ 128.253414719, 2.053620806000083, 0.0 ], [ 128.253414736000281, 2.053582509000023, 0.0 ], [ 128.253433789000013, 2.053539434000129, 0.0 ], [ 128.253452832000079, 2.053515508000089, 0.0 ], [ 128.253486150000157, 2.053491589000146, 0.0 ], [ 128.253548023000207, 2.053453321000177, 0.0 ], [ 128.253643192, 2.053439004000154, 0.0 ], [ 128.25361941800017, 2.053405484000052, 0.0 ], [ 128.253586118000129, 2.053391107000038, 0.0 ], [ 128.253600407000107, 2.053357603999984, 0.0 ], [ 128.253647996000012, 2.053343265000138, 0.0 ], [ 128.253714611000163, 2.05333851, 0.0 ], [ 128.253790739000124, 2.053343333000157, 0.0 ], [ 128.253828800000264, 2.053352924000137, 0.0 ], [ 128.253971570000175, 2.053295546000186, 0.0 ], [ 128.254038193000127, 2.053276429000106, 0.0 ], [ 128.254104820000066, 2.053247738000152, 0.0 ], [ 128.25415715699998, 2.053252550000024, 0.0 ], [ 128.254242823000027, 2.053209505999973, 0.0 ], [ 128.254337974, 2.053233486000011, 0.0 ], [ 128.25435699099998, 2.053267005000066, 0.0 ], [ 128.254342681000111, 2.05334359200009, 0.0 ], [ 128.254337893000042, 2.053410608000092, 0.0 ], [ 128.25434737100008, 2.053491993000024, 0.0 ], [ 128.254399677, 2.05356382399998, 0.0 ], [ 128.254418685000019, 2.053616490000081, 0.0 ], [ 128.254456710000198, 2.053702676000114, 0.0 ], [ 128.25448524100031, 2.053740986000094, 0.0 ], [ 128.254547105000114, 2.053721866000103, 0.0 ], [ 128.254547132000056, 2.053664421000065, 0.0 ], [ 128.254594729, 2.053630934000069, 0.0 ], [ 128.254694651999984, 2.053626194, 0.0 ], [ 128.25468035500009, 2.05367405800007, 0.0 ], [ 128.254666061000165, 2.05371713500017, 0.0 ], [ 128.254746934000053, 2.053750681999986, 0.0 ], [ 128.254827831000028, 2.053731572, 0.0 ], [ 128.254851637000087, 2.053698074000124, 0.0 ], [ 128.254875463000076, 2.053621492000161, 0.0 ], [ 128.254894523000047, 2.053564056000027, 0.0 ], [ 128.254894524542664, 2.053560699782849, 0.0 ], [ 128.254894556000181, 2.053492250000147, 0.0 ], [ 128.254894576000197, 2.05344916600012, 0.0 ], [ 128.254932648000107, 2.053434823000088, 0.0 ], [ 128.254977267376802, 2.053439831941262, 0.0 ], [ 128.255018289000077, 2.053444437000167, 0.0 ], [ 128.25511341100011, 2.053530649000038, 0.0 ], [ 128.255175250000292, 2.053568974000086, 0.0 ], [ 128.255208530000203, 2.053626435000126, 0.0 ], [ 128.255218013000189, 2.053698246000125, 0.0 ], [ 128.255246535000055, 2.053755704000082, 0.0 ], [ 128.255279811, 2.053822739, 0.0 ], [ 128.25530834000017, 2.053865835000011, 0.0 ], [ 128.255308311, 2.053928067000015, 0.0 ], [ 128.255289257000044, 2.053975929000103, 0.0 ], [ 128.255232150000097, 2.053995051000072, 0.0 ], [ 128.255203588000199, 2.054023760000064, 0.0 ], [ 128.255175001000225, 2.054105127000128, 0.0 ], [ 128.255189258000058, 2.054143431000113, 0.0 ], [ 128.255246355000025, 2.054143457000066, 0.0 ], [ 128.255289172000147, 2.054157839000026, 0.0 ], [ 128.255289150000152, 2.054205709000087, 0.0 ], [ 128.255308167000038, 2.054239227000039, 0.0 ], [ 128.25533671100024, 2.054248815000107, 0.0 ], [ 128.255355719, 2.054301482000084, 0.0 ], [ 128.255350941000046, 2.054344563000029, 0.0 ], [ 128.255336647000235, 2.054387641000062, 0.0 ], [ 128.255360406, 2.054454671000087, 0.0 ], [ 128.255455542000021, 2.054512160000116, 0.0 ], [ 128.255493599000118, 2.05453132600013, 0.0 ], [ 128.255655345, 2.054598421000094, 0.0 ], [ 128.255731457000024, 2.054636754000115, 0.0 ], [ 128.255826585999984, 2.05470860400004, 0.0 ], [ 128.25585987600013, 2.054746916, 0.0 ], [ 128.255907428000086, 2.054809171000101, 0.0 ], [ 128.256059612000143, 2.054972003000103, 0.0 ], [ 128.256111905000097, 2.055072556000141, 0.0 ], [ 128.256159419999989, 2.055216191000056, 0.0 ], [ 128.256206955000152, 2.055316742000116, 0.0 ], [ 128.256244967000242, 2.05543164900007, 0.0 ], [ 128.256282992000109, 2.055517835000103, 0.0 ], [ 128.256316246000068, 2.055632740000135, 0.0 ], [ 128.256316215000282, 2.055699759000049, 0.0 ], [ 128.256316166, 2.055805075000079, 0.0 ], [ 128.256301837, 2.055924745000026, 0.0 ], [ 128.256239930000106, 2.056034819000104, 0.0 ], [ 128.256187537000159, 2.056149684000104, 0.0 ], [ 128.256106585000197, 2.056288472, 0.0 ], [ 128.256044671000012, 2.056412907000095, 0.0 ], [ 128.256025559000022, 2.056585232999964, 0.0 ], [ 128.256015989000161, 2.056700118000151, 0.0 ], [ 128.256011167000082, 2.056838941000023, 0.0 ], [ 128.255954758759543, 2.056922750092269, 0.0 ], [ 128.255901653999985, 2.057001651000121, 0.0 ], [ 128.255839751000138, 2.057102150000048, 0.0 ], [ 128.255720716000155, 2.05727921700003, 0.0 ], [ 128.255672300660848, 2.057379763493486, 0.0 ], [ 128.255649275000195, 2.057427582000116, 0.0 ], [ 128.255587344000077, 2.057590314000095, 0.0 ], [ 128.255615824000159, 2.057738727000015, 0.0 ], [ 128.255849200146145, 2.057453138044536, 0.0 ] ], [ [ 128.255018484000146, 2.053023174000032, 0.0 ], [ 128.255070824000171, 2.053023198000062, 0.0 ], [ 128.255151687000051, 2.05307589400013, 0.0 ], [ 128.255170695000061, 2.053128561000165, 0.0 ], [ 128.25518494800005, 2.053176438000094, 0.0 ], [ 128.255184924000105, 2.053229096, 0.0 ], [ 128.255175384000125, 2.053276962999973, 0.0 ], [ 128.255132544000134, 2.053315239000142, 0.0 ], [ 128.255099237000167, 2.053315224000016, 0.0 ], [ 128.255056432000032, 2.053276907000168, 0.0 ], [ 128.254999363, 2.053214648000051, 0.0 ], [ 128.254951819000183, 2.053133246000073, 0.0 ], [ 128.254942316000069, 2.053104519000101, 0.0 ], [ 128.254956613000076, 2.053056655000035, 0.0 ], [ 128.255018484000146, 2.053023174000032, 0.0 ] ], [ [ 128.254837677000154, 2.053018302000169, 0.0 ], [ 128.254704461000159, 2.052994304000151, 0.0 ], [ 128.254652115000084, 2.05300864100019, 0.0 ], [ 128.254590270000079, 2.052984677000154, 0.0 ], [ 128.254585530000213, 2.052946377000183, 0.0 ], [ 128.254595066000064, 2.05290329900015, 0.0 ], [ 128.254637909000024, 2.052860235000139, 0.0 ], [ 128.254737845000108, 2.052826772000117, 0.0 ], [ 128.254818731000199, 2.052831597000078, 0.0 ], [ 128.254875801999987, 2.052889069000059, 0.0 ], [ 128.254890050000199, 2.052946520000091, 0.0 ], [ 128.254870989000068, 2.053008744000067, 0.0 ], [ 128.254837677000154, 2.053018302000169, 0.0 ] ], [ [ 128.255232834999987, 2.05251584399997, 0.0 ], [ 128.255285176, 2.052511081000034, 0.0 ], [ 128.25532323000013, 2.052535035000062, 0.0 ], [ 128.255342228999979, 2.052606850000074, 0.0 ], [ 128.255356471000113, 2.052678663000052, 0.0 ], [ 128.255365962000127, 2.052731325000138, 0.0 ], [ 128.255351652000144, 2.052807911000059, 0.0 ], [ 128.255275519000151, 2.052817450000077, 0.0 ], [ 128.2552089160001, 2.052793484000063, 0.0 ], [ 128.255170855000046, 2.052783891000047, 0.0 ], [ 128.255132826, 2.05270728, 0.0 ], [ 128.255156656000025, 2.052621124000154, 0.0 ], [ 128.255185236000102, 2.052554118000102, 0.0 ], [ 128.255232834999987, 2.05251584399997, 0.0 ] ] ] ] } },
{ "type": "Feature", "properties": { "Id_Zona": 21, "Zona": "Pemanfaatan", "Sub_Zona": "Pariwisata Alam Perairan", "Luas": 70.979089977000001, "KKP": "Pulau Rao - Tanjung Dehegila" }, "geometry": { "type": "MultiPolygon", "coordinates": [ [ [ [ 128.220674087132892, 2.001657874736452, 0.0 ], [ 128.220674087132892, 1.994626349966041, 0.0 ], [ 128.212349408381442, 1.99462634996587, 0.0 ], [ 128.21240787102326, 2.001583404321195, 0.0 ], [ 128.220674087132892, 2.001657874736452, 0.0 ] ], [ [ 128.213595644000037, 1.999979541000129, 0.0 ], [ 128.213696771000031, 1.999943849000033, 0.0 ], [ 128.213803847, 1.999949798000046, 0.0 ], [ 128.213934718000104, 2.000015233000056, 0.0 ], [ 128.214077485000075, 2.000110412000197, 0.0 ], [ 128.214166715, 2.000223436000112, 0.0 ], [ 128.214172664000074, 2.000294820000022, 0.0 ], [ 128.214172664000074, 2.000366204000045, 0.0 ], [ 128.214160766000163, 2.00041974200002, 0.0 ], [ 128.214119126000099, 2.000485177000201, 0.0 ], [ 128.213976358000167, 2.000520869000127, 0.0 ], [ 128.213833590000036, 2.000508971000045, 0.0 ], [ 128.213667028000117, 2.000437587000021, 0.0 ], [ 128.21355400400023, 2.000348358000167, 0.0 ], [ 128.213518312000105, 2.000247231000059, 0.0 ], [ 128.213518312000105, 2.000134206000042, 0.0 ], [ 128.213548055000132, 2.000039028000174, 0.0 ], [ 128.213595644000037, 1.999979541000129, 0.0 ] ] ] ] } },
{ "type": "Feature", "properties": { "Id_Zona": 2, "Zona": "Inti", "Sub_Zona": "Inti", "Luas": 263.67812642500002, "KKP": "Pulau Rao - Tanjung Dehegila" }, "geometry": { "type": "MultiPolygon", "coordinates": [ [ [ [ 128.144388919000107, 2.376780622000013, 0.0 ], [ 128.144517462000152, 2.376701719000152, 0.0 ], [ 128.144660232000064, 2.376701808000064, 0.0 ], [ 128.144695920000316, 2.376709010000127, 0.0 ], [ 128.14477443600012, 2.376723420000076, 0.0 ], [ 128.144845782000147, 2.376788088000126, 0.0 ], [ 128.144952944000124, 2.376651727000137, 0.0 ], [ 128.144953036000146, 2.376500939000095, 0.0 ], [ 128.144853189000173, 2.376350088000095, 0.0 ], [ 128.144839001, 2.376206472000149, 0.0 ], [ 128.144881916000116, 2.376070071000128, 0.0 ], [ 128.14488910700004, 2.37598391, 0.0 ], [ 128.144832092000115, 2.375833087000046, 0.0 ], [ 128.144867877999985, 2.375682321, 0.0 ], [ 128.1448537200001, 2.375488441000129, 0.0 ], [ 128.144782555, 2.375129377000121, 0.0 ], [ 128.144782688000049, 2.374913966000122, 0.0 ], [ 128.144668626000225, 2.374662581, 0.0 ], [ 128.144618740000027, 2.374526123000123, 0.0 ], [ 128.144576001000104, 2.374375307000037, 0.0 ], [ 128.144554674000204, 2.374231687000076, 0.0 ], [ 128.144511967000284, 2.374030609000158, 0.0 ], [ 128.144469254000086, 2.373836711000081, 0.0 ], [ 128.144440806, 2.373664365000024, 0.0 ], [ 128.144376679000146, 2.373470454000085, 0.0 ], [ 128.144276938000161, 2.373147275000065, 0.0 ], [ 128.14426271, 2.373068281000088, 0.0 ], [ 128.144219967000112, 2.372924647000104, 0.0 ], [ 128.144191488000018, 2.372802562000061, 0.0 ], [ 128.144170187000071, 2.372615859000121, 0.0 ], [ 128.144134596000043, 2.372450688000072, 0.0 ], [ 128.14407042400012, 2.372328582000079, 0.0 ], [ 128.144056235000079, 2.372184964000098, 0.0 ], [ 128.14408484700013, 2.372091637000097, 0.0 ], [ 128.144063493000175, 2.371991099000127, 0.0 ], [ 128.143977906000117, 2.371868979000168, 0.0 ], [ 128.143913739, 2.371739692, 0.0 ], [ 128.143885304000037, 2.371545804000163, 0.0 ], [ 128.143885396000059, 2.371395015000189, 0.0 ], [ 128.143935397000035, 2.371344784000029, 0.0 ], [ 128.143899793000259, 2.371201154000061, 0.0 ], [ 128.143842813000191, 2.370992887000171, 0.0 ], [ 128.143778677000199, 2.370813337000016, 0.0 ], [ 128.143700263000113, 2.370633779000116, 0.0 ], [ 128.143621881000058, 2.370403958000167, 0.0 ], [ 128.143564883000266, 2.370224412000084, 0.0 ], [ 128.143554974013085, 2.370195699630528, 0.0 ], [ 128.143507876000285, 2.370059228000059, 0.0 ], [ 128.143436619000312, 2.369850952000093, 0.0 ], [ 128.143365349000277, 2.369664218000082, 0.0 ], [ 128.14301582700034, 2.369233176000137, 0.0 ], [ 128.142887453000043, 2.369039227000143, 0.0 ], [ 128.142723378000028, 2.368859614000144, 0.0 ], [ 128.14258784400019, 2.368701562000183, 0.0 ], [ 128.142488970076528, 2.368575776182695, 0.0 ], [ 128.14245231800021, 2.368529148000107, 0.0 ], [ 128.142388133000026, 2.368428583000082, 0.0 ], [ 128.142316850000128, 2.368263389999981, 0.0 ], [ 128.142181338000086, 2.368069435, 0.0 ], [ 128.14210292000007, 2.367897056000061, 0.0 ], [ 128.142031619000107, 2.36776058400011, 0.0 ], [ 128.141910402000093, 2.367537917000107, 0.0 ], [ 128.141796310000217, 2.367336795000142, 0.0 ], [ 128.141725025999989, 2.367171602000099, 0.0 ], [ 128.141682293000116, 2.367013606000171, 0.0 ], [ 128.141611036000171, 2.366805332000127, 0.0 ], [ 128.141555751422715, 2.366669545837738, 0.0 ], [ 128.141496992000015, 2.366525225000146, 0.0 ], [ 128.14141950048824, 2.366295247569439, 0.0 ], [ 128.141368734, 2.366144583999982, 0.0 ], [ 128.141284081139105, 2.366066149554911, 0.0 ], [ 128.141190373000057, 2.365979325000125, 0.0 ], [ 128.141011995000071, 2.365842786000087, 0.0 ], [ 128.140915383793981, 2.365805560679291, 0.0 ], [ 128.140769344000176, 2.365749290000167, 0.0 ], [ 128.14057664900028, 2.36567736700016, 0.0 ], [ 128.140448183000188, 2.36563420400006, 0.0 ], [ 128.14030545300011, 2.365569491000144, 0.0 ], [ 128.140176978000198, 2.365540690000159, 0.0 ], [ 128.140041374, 2.365497523000045, 0.0 ], [ 128.139898622000231, 2.365468713000154, 0.0 ], [ 128.139734459000096, 2.365432709000174, 0.0 ], [ 128.139563153000125, 2.36540388000003, 0.0 ], [ 128.139448945999987, 2.36538944800003, 0.0 ], [ 128.139327610000095, 2.36536065100006, 0.0 ], [ 128.139213408000018, 2.365339039000048, 0.0 ], [ 128.139077803000049, 2.365295872000104, 0.0 ], [ 128.138949320000023, 2.365281431000085, 0.0 ], [ 128.138785152000196, 2.365252607, 0.0 ], [ 128.138685227000082, 2.365231004000066, 0.0 ], [ 128.138549613000094, 2.365202197000087, 0.0 ], [ 128.138378308, 2.365173369000046, 0.0 ], [ 128.138242704000021, 2.365130202000102, 0.0 ], [ 128.138142787000191, 2.365094237000051, 0.0 ], [ 128.138071429000178, 2.365051110000139, 0.0 ], [ 128.138007503475336, 2.364975999002866, 0.0 ], [ 128.137985829000144, 2.364950531999966, 0.0 ], [ 128.137750344000295, 2.364813957000137, 0.0 ], [ 128.137404205009574, 2.364656678505924, 0.0 ], [ 128.137386384, 2.364648581000154, 0.0 ], [ 128.137222265000077, 2.364540773000101, 0.0 ], [ 128.137093924000027, 2.364296560000071, 0.0 ], [ 128.137051200000172, 2.364124204000177, 0.0 ], [ 128.136972805, 2.363915923999969, 0.0 ], [ 128.136965760000038, 2.36376513200014, 0.0 ], [ 128.136923058000065, 2.363556874000153, 0.0 ], [ 128.136916008000043, 2.363413262000166, 0.0 ], [ 128.136858989000046, 2.363269619000049, 0.0 ], [ 128.136766314000027, 2.363068510000062, 0.0 ], [ 128.136666494000195, 2.362874577000071, 0.0 ], [ 128.136623797000055, 2.362659139000186, 0.0 ], [ 128.136495424, 2.362465189000147, 0.0 ], [ 128.13647537975416, 2.362422106824055, 0.0 ], [ 128.13638849000003, 2.362235350000048, 0.0 ], [ 128.136302957000197, 2.362027066000053, 0.0 ], [ 128.135896353999982, 2.361560087000043, 0.0 ], [ 128.135782398595325, 2.361409565543056, 0.0 ], [ 128.135696676000038, 2.361236845000122, 0.0 ], [ 128.135546888999983, 2.36104288100006, 0.0 ], [ 128.135475561999982, 2.360949492000032, 0.0 ], [ 128.135389967000123, 2.360841733000086, 0.0 ], [ 128.135304363000017, 2.360748334999982, 0.0 ], [ 128.13523303700012, 2.360654944000032, 0.0 ], [ 128.135168844000049, 2.360568740000133, 0.0 ], [ 128.135090373999986, 2.360482526000113, 0.0 ], [ 128.135026173000227, 2.360410682000065, 0.0 ], [ 128.13497623000012, 2.360367569000118, 0.0 ], [ 128.134890613000039, 2.360295712000152, 0.0 ], [ 128.134797889000168, 2.360173588000123, 0.0 ], [ 128.134747996000073, 2.360051489000057, 0.0 ], [ 128.134712365000013, 2.359950943000115, 0.0 ], [ 128.134612476, 2.359871896000073, 0.0 ], [ 128.134541158000019, 2.3597641450001, 0.0 ], [ 128.1345483770003, 2.359634903000085, 0.0 ], [ 128.134569832000238, 2.359570293000048, 0.0 ], [ 128.134505662000237, 2.359448186000179, 0.0 ], [ 128.134420092999989, 2.359297345000015, 0.0 ], [ 128.134341669000122, 2.359139328000027, 0.0 ], [ 128.134263216000107, 2.359024393000027, 0.0 ], [ 128.134134818, 2.358873525000149, 0.0 ], [ 128.134013576, 2.358693939000034, 0.0 ], [ 128.13395653500001, 2.358586198000069, 0.0 ], [ 128.133885226000046, 2.358464087000187, 0.0 ], [ 128.13381388600007, 2.358392239000124, 0.0 ], [ 128.133771144000065, 2.358248604000039, 0.0 ], [ 128.133699907000135, 2.35801160800014, 0.0 ], [ 128.133514423000065, 2.357824801000049, 0.0 ], [ 128.133386034000154, 2.357659573000034, 0.0 ], [ 128.133129370000091, 2.357142425000064, 0.0 ], [ 128.133072329000214, 2.357034684000155, 0.0 ], [ 128.133008225999987, 2.356804872000112, 0.0 ], [ 128.132944056000014, 2.356682766000177, 0.0 ], [ 128.132837062999982, 2.356546271000127, 0.0 ], [ 128.132751451000331, 2.35646723300016, 0.0 ], [ 128.132680116000046, 2.35638820500003, 0.0 ], [ 128.132615941000125, 2.356273278, 0.0 ], [ 128.13256606600018, 2.356122459000062, 0.0 ], [ 128.132501909000069, 2.355978812000159, 0.0 ], [ 128.132473524, 2.355705940000178, 0.0 ], [ 128.132423630000147, 2.35558384300009, 0.0 ], [ 128.132330902000234, 2.355468899000186, 0.0 ], [ 128.132081227000299, 2.355195888000026, 0.0 ], [ 128.131981410000066, 2.355001955000091, 0.0 ], [ 128.131895833000016, 2.354865475000168, 0.0 ], [ 128.131831649000077, 2.354764908999983, 0.0 ], [ 128.13179600600003, 2.354685903000018, 0.0 ], [ 128.131760376000074, 2.354585355999973, 0.0 ], [ 128.131689148000049, 2.35433399800013, 0.0 ], [ 128.131696397000013, 2.354154494000056, 0.0 ], [ 128.131717896000168, 2.354018080000117, 0.0 ], [ 128.131722949773774, 2.354006802234721, 0.0 ], [ 128.131782231000102, 2.353874513000051, 0.0 ], [ 128.131882245000014, 2.35375250900006, 0.0 ], [ 128.13199654800016, 2.353608973000121, 0.0 ], [ 128.132039472000287, 2.353458211999964, 0.0 ], [ 128.132039477001257, 2.353450022456172, 0.0 ], [ 128.131534400168078, 2.353682195993997, 0.0 ], [ 128.130640995007951, 2.354069542901982, 0.0 ], [ 128.127967444053951, 2.355197059948978, 0.0 ], [ 128.128472161014855, 2.356450369601873, 0.0 ], [ 128.13269973442479, 2.367962538286122, 0.0 ], [ 128.138369551186969, 2.383401948507185, 0.0 ], [ 128.138496465100843, 2.384108275784741, 0.0 ], [ 128.140878163550354, 2.390183060658102, 0.0 ], [ 128.142309058538075, 2.389565660014056, 0.0 ], [ 128.143262886583415, 2.389155583402499, 0.0 ], [ 128.14320346000008, 2.389072711000039, 0.0 ], [ 128.143053679000076, 2.388864386000136, 0.0 ], [ 128.142982364000289, 2.388749454, 0.0 ], [ 128.142861154000087, 2.388512425000044, 0.0 ], [ 128.142761337999985, 2.388311311999984, 0.0 ], [ 128.142675814000171, 2.388088666000044, 0.0 ], [ 128.142519013000054, 2.387686466000161, 0.0 ], [ 128.142454886000195, 2.387492555000051, 0.0 ], [ 128.142397893000037, 2.387305830000116, 0.0 ], [ 128.142298114, 2.387047273000121, 0.0 ], [ 128.142198319000016, 2.386810258000139, 0.0 ], [ 128.142119902000189, 2.386637879000034, 0.0 ], [ 128.142070029999985, 2.386479879999968, 0.0 ], [ 128.141984554, 2.386178250000058, 0.0 ], [ 128.141806311000067, 2.385819118000029, 0.0 ], [ 128.141642476000101, 2.38525176600018, 0.0 ], [ 128.141564134000049, 2.384957321000059, 0.0 ], [ 128.14149290400016, 2.384705963000044, 0.0 ], [ 128.141435916000063, 2.384512056000062, 0.0 ], [ 128.141378932000151, 2.384310970000115, 0.0 ], [ 128.14135047600027, 2.384152983000092, 0.0 ], [ 128.141322014999986, 2.384002178000174, 0.0 ], [ 128.141279285000195, 2.383837002000178, 0.0 ], [ 128.141243681000077, 2.383693371999982, 0.0 ], [ 128.141158183000101, 2.383427644000051, 0.0 ], [ 128.141144022000248, 2.383240945000124, 0.0 ], [ 128.141122691000163, 2.38310450400013, 0.0 ], [ 128.141094323000146, 2.382802910000066, 0.0 ], [ 128.141137262, 2.38263060800017, 0.0 ], [ 128.141073183000202, 2.38235771300009, 0.0 ], [ 128.141023302000235, 2.382214074, 0.0 ], [ 128.140987703000036, 2.382063264000124, 0.0 ], [ 128.140987782999986, 2.381934017, 0.0 ], [ 128.140995033000053, 2.381754512000157, 0.0 ], [ 128.141087954000085, 2.381560700000136, 0.0 ], [ 128.141159411000217, 2.381445858, 0.0 ], [ 128.141238095000148, 2.381187414000124, 0.0 ], [ 128.141266818000275, 2.380914577000055, 0.0 ], [ 128.141266929000011, 2.380735067000103, 0.0 ], [ 128.141309872000164, 2.380555584000093, 0.0 ], [ 128.14133854200017, 2.380368912000109, 0.0 ], [ 128.141381489000054, 2.380182250000132, 0.0 ], [ 128.141488762000193, 2.379866379000021, 0.0 ], [ 128.141624461000077, 2.37975875900014, 0.0 ], [ 128.141774447000074, 2.379636786000105, 0.0 ], [ 128.14203864800001, 2.379514884000116, 0.0 ], [ 128.142281444000076, 2.379378609000128, 0.0 ], [ 128.142388562000036, 2.379314052000041, 0.0 ], [ 128.142531400000138, 2.379206436, 0.0 ], [ 128.142659951000013, 2.379113171000029, 0.0 ], [ 128.142809914000026, 2.379027100000087, 0.0 ], [ 128.142902764000155, 2.378948174000129, 0.0 ], [ 128.143002779000199, 2.378826169999968, 0.0 ], [ 128.143095677, 2.378668259000165, 0.0 ], [ 128.143217140000019, 2.378496005000101, 0.0 ], [ 128.143388686000179, 2.378137093000078, 0.0 ], [ 128.143552984000252, 2.377957686000059, 0.0 ], [ 128.143645904000181, 2.377763874000038, 0.0 ], [ 128.14376737500001, 2.377577259000134, 0.0 ], [ 128.143967475000039, 2.377218363999987, 0.0 ], [ 128.144153237000268, 2.376959986000145, 0.0 ], [ 128.144388919000107, 2.376780622000013, 0.0 ] ] ] ] } },
{ "type": "Feature", "properties": { "Id_Zona": 3, "Zona": "Inti", "Sub_Zona": "Inti", "Luas": 63.5645212855, "KKP": "Pulau Rao - Tanjung Dehegila" }, "geometry": { "type": "MultiPolygon", "coordinates": [ [ [ [ 128.188726470102893, 2.363648702912362, 0.0 ], [ 128.185674437900985, 2.348575306485297, 0.0 ], [ 128.18507902282451, 2.348567974564023, 0.0 ], [ 128.18298028673027, 2.348609825260884, 0.0 ], [ 128.183103946612107, 2.351233794479323, 0.0 ], [ 128.183400162009605, 2.357464578166048, 0.0 ], [ 128.185812416702731, 2.363666182380517, 0.0 ], [ 128.188107147659196, 2.363647132591366, 0.0 ], [ 128.188726470102893, 2.363648702912362, 0.0 ] ] ] ] } },
{ "type": "Feature", "properties": { "Id_Zona": 37, "Zona": "Lainnya", "Sub_Zona": "Perlindungan Mamalia Laut", "Luas": 77.699116468300005, "KKP": "Pulau Rao - Tanjung Dehegila" }, "geometry": { "type": "MultiPolygon", "coordinates": [ [ [ [ 128.228360526982442, 2.261700074172447, 0.0 ], [ 128.223132873946668, 2.259696084692708, 0.0 ], [ 128.222275812513033, 2.259322750316909, 0.0 ], [ 128.222028027344493, 2.259239725912034, 0.0 ], [ 128.221678340788429, 2.25908914509476, 0.0 ], [ 128.225513851712435, 2.250139454350701, 0.0 ], [ 128.225934905114173, 2.250314006910108, 0.0 ], [ 128.226170780014655, 2.250420959024286, 0.0 ], [ 128.226801863238023, 2.250674493335766, 0.0 ], [ 128.232795583940032, 2.253334757559541, 0.0 ], [ 128.23350532008962, 2.251996053405574, 0.0 ], [ 128.225019282051477, 2.248208992697327, 0.0 ], [ 128.223352842568687, 2.247403623335475, 0.0 ], [ 128.218171332883344, 2.259464145655717, 0.0 ], [ 128.220254188267432, 2.260231453332554, 0.0 ], [ 128.227613333071673, 2.263109401782613, 0.0 ], [ 128.228360526982442, 2.261700074172447, 0.0 ] ] ] ] } },
{ "type": "Feature", "properties": { "Id_Zona": 8, "Zona": "Inti", "Sub_Zona": "Inti", "Luas": 91.996747095800004, "KKP": "Pulau Rao - Tanjung Dehegila" }, "geometry": { "type": "MultiPolygon", "coordinates": [ [ [ [ 128.239219481719743, 2.235073336057573, 0.0 ], [ 128.23943679517825, 2.235071853569687, 0.0 ], [ 128.23991128936018, 2.235081200292111, 0.0 ], [ 128.245630536080171, 2.235032124145151, 0.0 ], [ 128.244410658472447, 2.224973273400142, 0.0 ], [ 128.239954546736044, 2.224970971418712, 0.0 ], [ 128.23948956813885, 2.224971204858469, 0.0 ], [ 128.239224669779844, 2.224972663188013, 0.0 ], [ 128.237571138419838, 2.224996687746684, 0.0 ], [ 128.237637325237642, 2.235085426360962, 0.0 ], [ 128.238493885752121, 2.235085873273624, 0.0 ], [ 128.239219481719743, 2.235073336057573, 0.0 ] ] ] ] } },
{ "type": "Feature", "properties": { "Id_Zona": 9, "Zona": "Inti", "Sub_Zona": "Inti", "Luas": 31.948239638899999, "KKP": "Pulau Rao - Tanjung Dehegila" }, "geometry": { "type": "MultiPolygon", "coordinates": [ [ [ [ 128.220265030590809, 2.047362786425967, 0.0 ], [ 128.215240518161266, 2.047345959520415, 0.0 ], [ 128.215247403767052, 2.047862962594789, 0.0 ], [ 128.215246885197956, 2.048928590806975, 0.0 ], [ 128.215245129331379, 2.052532673864371, 0.0 ], [ 128.216930903226995, 2.052547406978683, 0.0 ], [ 128.219313273473631, 2.052568225079501, 0.0 ], [ 128.220221981567079, 2.05257497612231, 0.0 ], [ 128.220265030590809, 2.047362786425967, 0.0 ] ] ] ] } },
{ "type": "Feature", "properties": { "Id_Zona": 34, "Zona": "Perikanan Berkelanjutan", "Sub_Zona": "Budidaya", "Luas": 101.946538206, "KKP": "Pulau Rao - Tanjung Dehegila" }, "geometry": { "type": "MultiPolygon", "coordinates": [ [ [ [ 128.203429840571374, 2.128286798344107, 0.0 ], [ 128.199101576493916, 2.122051164405434, 0.0 ], [ 128.194195752964987, 2.125314657022557, 0.0 ], [ 128.194189336, 2.125323524000123, 0.0 ], [ 128.194170278000087, 2.125371384000176, 0.0 ], [ 128.194155976000133, 2.125424033, 0.0 ], [ 128.194165455000274, 2.125495843000067, 0.0 ], [ 128.194189214000062, 2.125558087000115, 0.0 ], [ 128.194388846000038, 2.1259746610001, 0.0 ], [ 128.194436361000129, 2.126103935000117, 0.0 ], [ 128.19453623400031, 2.126204515000097, 0.0 ], [ 128.194640871000018, 2.126290736000044, 0.0 ], [ 128.194755027000014, 2.126372175000143, 0.0 ], [ 128.195073745000144, 2.12653988700015, 0.0 ], [ 128.195225988000033, 2.126583050000078, 0.0 ], [ 128.195325869000044, 2.12666448200008, 0.0 ], [ 128.195535224000054, 2.126683740000033, 0.0 ], [ 128.195625617, 2.126712509000015, 0.0 ], [ 128.195711256000067, 2.126731702000142, 0.0 ], [ 128.195825427000159, 2.126784419000103, 0.0 ], [ 128.195877756000158, 2.12680838100016, 0.0 ], [ 128.195920541000049, 2.126884996, 0.0 ], [ 128.195905271781584, 2.126946304239936, 0.0 ], [ 128.195901468000329, 2.126961577000031, 0.0 ], [ 128.195844329000096, 2.127038140000082, 0.0 ], [ 128.195677771000049, 2.127071561999969, 0.0 ], [ 128.195554042, 2.12710021900017, 0.0 ], [ 128.195430314000049, 2.127124089000176, 0.0 ], [ 128.195325619000045, 2.127147969000021, 0.0 ], [ 128.195256695303868, 2.127156599682849, 0.0 ], [ 128.195173344000295, 2.127167037000163, 0.0 ], [ 128.195025823000236, 2.127195682000149, 0.0 ], [ 128.194749825, 2.127229046000082, 0.0 ], [ 128.194675363342867, 2.127252412752682, 0.0 ], [ 128.194597535000156, 2.127276836000078, 0.0 ], [ 128.1945523092879, 2.12728305660869, 0.0 ], [ 128.194421025699597, 2.127301114120087, 0.0 ], [ 128.194354845, 2.127310217000115, 0.0 ], [ 128.194188301000025, 2.127319704000115, 0.0 ], [ 128.193622107000095, 2.12723802800008, 0.0 ], [ 128.193212910000057, 2.127209091000111, 0.0 ], [ 128.193046401000032, 2.12715155900014, 0.0 ], [ 128.192765712000067, 2.127055672000096, 0.0 ], [ 128.192703884000224, 2.126998195000056, 0.0 ], [ 128.192637286, 2.126964650000048, 0.0 ], [ 128.19250884500002, 2.126902352, 0.0 ], [ 128.192418457000031, 2.126864008000041, 0.0 ], [ 128.19232331300006, 2.126820876000011, 0.0 ], [ 128.192218664000023, 2.12675859, 0.0 ], [ 128.192156829000055, 2.126715473000103, 0.0 ], [ 128.19213844107432, 2.126701227881768, 0.0 ], [ 128.190900535993677, 2.127528028919925, 0.0 ], [ 128.189510216530579, 2.128456625358069, 0.0 ], [ 128.194041772020881, 2.134531430991842, 0.0 ], [ 128.200772397354598, 2.130054454758578, 0.0 ], [ 128.203429840571374, 2.128286798344107, 0.0 ] ] ] ] } },
{ "type": "Feature", "properties": { "Id_Zona": 14, "Zona": "Pemanfaatan", "Sub_Zona": "Pariwisata Alam Perairan", "Luas": 65.430158151800001, "KKP": "Pulau Rao - Tanjung Dehegila" }, "geometry": { "type": "MultiPolygon", "coordinates": [ [ [ [ 128.183982509334101, 2.373239216654156, 0.0 ], [ 128.188726470103006, 2.363648702912428, 0.0 ], [ 128.188107147659338, 2.363647132591495, 0.0 ], [ 128.18581241670276, 2.363666182380597, 0.0 ], [ 128.185523079346439, 2.363671283760709, 0.0 ], [ 128.184309545881774, 2.363666978464493, 0.0 ], [ 128.184418177000083, 2.36383109100018, 0.0 ], [ 128.184446677000295, 2.363924453000095, 0.0 ], [ 128.184639259000278, 2.3641974250001, 0.0 ], [ 128.184682019000093, 2.364319518000173, 0.0 ], [ 128.184696250000087, 2.364398512000151, 0.0 ], [ 128.184696149000018, 2.364570843000081, 0.0 ], [ 128.184696086000116, 2.36467855, 0.0 ], [ 128.184674637000029, 2.364735981000081, 0.0 ], [ 128.184610348000064, 2.364807747000157, 0.0 ], [ 128.184560348000105, 2.36485798200016, 0.0 ], [ 128.184517480000039, 2.364922580000155, 0.0 ], [ 128.184517437000153, 2.364994385000159, 0.0 ], [ 128.184531652, 2.365102100000058, 0.0 ], [ 128.184538719000074, 2.365224172000068, 0.0 ], [ 128.184560063000134, 2.365346253000098, 0.0 ], [ 128.184574274000141, 2.365461149000055, 0.0 ], [ 128.184574180999988, 2.365619119000144, 0.0 ], [ 128.184574122000299, 2.365719646, 0.0 ], [ 128.184574060000131, 2.365827353000157, 0.0 ], [ 128.184588265000087, 2.365949429000124, 0.0 ], [ 128.184616766000062, 2.366042792000087, 0.0 ], [ 128.184623853000033, 2.366128961000072, 0.0 ], [ 128.184639577282013, 2.366195033750898, 0.0 ], [ 128.184666580000084, 2.366308498000081, 0.0 ], [ 128.184595114000075, 2.366444885000078, 0.0 ], [ 128.184552233000176, 2.366531026000189, 0.0 ], [ 128.184373689000125, 2.366667349000181, 0.0 ], [ 128.184273741000055, 2.366681650000032, 0.0 ], [ 128.184230929999984, 2.366645722999977, 0.0 ], [ 128.184216682000027, 2.36659545100008, 0.0 ], [ 128.184188178000312, 2.366509268000187, 0.0 ], [ 128.184031177000037, 2.366430191000121, 0.0 ], [ 128.184016921000051, 2.366394280000065, 0.0 ], [ 128.183938464000107, 2.366279346000169, 0.0 ], [ 128.183902800000027, 2.366229062000059, 0.0 ], [ 128.183824276000081, 2.366229015000159, 0.0 ], [ 128.183724336000154, 2.366228956000043, 0.0 ], [ 128.183688643000067, 2.366228935000152, 0.0 ], [ 128.183595842000017, 2.366228880000051, 0.0 ], [ 128.183545830000156, 2.366300655000032, 0.0 ], [ 128.18348153600013, 2.366379602000109, 0.0 ], [ 128.183431520000113, 2.366458557000158, 0.0 ], [ 128.183381508, 2.366530333000013, 0.0 ], [ 128.183288589000057, 2.366731331000153, 0.0 ], [ 128.183274186000034, 2.366946736000103, 0.0 ], [ 128.183259821000206, 2.367097518000151, 0.0 ], [ 128.183238359000029, 2.367176490000134, 0.0 ], [ 128.183145524000196, 2.367233878000092, 0.0 ], [ 128.183102689000179, 2.367241033000028, 0.0 ], [ 128.183002757000025, 2.367226614000174, 0.0 ], [ 128.182852931000042, 2.367082915000083, 0.0 ], [ 128.182760188000287, 2.366982334000056, 0.0 ], [ 128.182738840000155, 2.366867434000142, 0.0 ], [ 128.182753193000053, 2.366738194000106, 0.0 ], [ 128.182760381000065, 2.36665203300015, 0.0 ], [ 128.182767571000085, 2.366565872000024, 0.0 ], [ 128.182574779000191, 2.366651922000074, 0.0 ], [ 128.182381946000049, 2.36680977900005, 0.0 ], [ 128.182296253000203, 2.366859991000126, 0.0 ], [ 128.182232002000291, 2.366867134000131, 0.0 ], [ 128.182146360000132, 2.366831181000066, 0.0 ], [ 128.181810629000182, 2.36720436500002, 0.0 ], [ 128.18173201200031, 2.367362289000141, 0.0 ], [ 128.18162474000016, 2.367692525999984, 0.0 ], [ 128.181610370000016, 2.367850488000101, 0.0 ], [ 128.181588887000061, 2.367965363000109, 0.0 ], [ 128.181474561000044, 2.368151987000091, 0.0 ], [ 128.181467397000205, 2.368195066, 0.0 ], [ 128.181203202000091, 2.368309796000119, 0.0 ], [ 128.181081817000035, 2.368359987000076, 0.0 ], [ 128.180967561000074, 2.368424543000117, 0.0 ], [ 128.180896112999989, 2.368532208000033, 0.0 ], [ 128.180874630000034, 2.368647082000109, 0.0 ], [ 128.18087458300019, 2.368726068000057, 0.0 ], [ 128.180874524000046, 2.36882659400004, 0.0 ], [ 128.180874430999978, 2.368984563000083, 0.0 ], [ 128.180874381000166, 2.3690707290001, 0.0 ], [ 128.180874334000123, 2.369149714000116, 0.0 ], [ 128.180867128000045, 2.369264597000154, 0.0 ], [ 128.180859871000024, 2.369465645999981, 0.0 ], [ 128.180852627000121, 2.369645153000022, 0.0 ], [ 128.180809585000105, 2.370004151000046, 0.0 ], [ 128.180770151730115, 2.370083363017955, 0.0 ], [ 128.180716674000195, 2.370190787000013, 0.0 ], [ 128.180645194999983, 2.370348714000044, 0.0 ], [ 128.180552292000215, 2.370520990000102, 0.0 ], [ 128.180495074000277, 2.370707648000064, 0.0 ], [ 128.180418828684623, 2.370851240844161, 0.0 ], [ 128.180380729, 2.370922994000125, 0.0 ], [ 128.180366334000126, 2.371124039000165, 0.0 ], [ 128.180173415000098, 2.371425503000069, 0.0 ], [ 128.180044798000011, 2.371633659000054, 0.0 ], [ 128.179959063000041, 2.371755676000134, 0.0 ], [ 128.179737661000075, 2.371935055000108, 0.0 ], [ 128.179587661999989, 2.372085756000047, 0.0 ], [ 128.179430545000031, 2.372200550000173, 0.0 ], [ 128.179344844000155, 2.372265123000091, 0.0 ], [ 128.179030649000168, 2.37243008500002, 0.0 ], [ 128.178902133000037, 2.372465911000177, 0.0 ], [ 128.178773597, 2.372537639000086, 0.0 ], [ 128.17859507700004, 2.372630878000052, 0.0 ], [ 128.178473700000012, 2.372666708000168, 0.0 ], [ 128.178345167000174, 2.372731256000179, 0.0 ], [ 128.177938226000123, 2.372802817000149, 0.0 ], [ 128.177816844000034, 2.372845827000162, 0.0 ], [ 128.177709752000027, 2.372867304000067, 0.0 ], [ 128.177509843000166, 2.372917448000124, 0.0 ], [ 128.177416997999984, 2.372989198000027, 0.0 ], [ 128.177388422000149, 2.373025081999969, 0.0 ], [ 128.17729557800007, 2.373096831000168, 0.0 ], [ 128.177252709000157, 2.373161429000163, 0.0 ], [ 128.177109852000143, 2.373304953000115, 0.0 ], [ 128.176966996, 2.373448477000124, 0.0 ], [ 128.176916979000083, 2.373527432000174, 0.0 ], [ 128.176845546000322, 2.373606374000132, 0.0 ], [ 128.176814222923781, 2.37364928439996, 0.0 ], [ 128.17676695800003, 2.373714034000158, 0.0 ], [ 128.17669550399998, 2.37382887800004, 0.0 ], [ 128.17664547900003, 2.373922195000035, 0.0 ], [ 128.176488272000256, 2.374187776999975, 0.0 ], [ 128.176402550000233, 2.374288252000042, 0.0 ], [ 128.17633822600007, 2.374417461000178, 0.0 ], [ 128.176324322879822, 2.374437776658681, 0.0 ], [ 128.176259634000189, 2.374532301999977, 0.0 ], [ 128.176245284000032, 2.374654361000069, 0.0 ], [ 128.176209532000115, 2.374754865, 0.0 ], [ 128.176196920341653, 2.374834896853883, 0.0 ], [ 128.177087173587751, 2.375413376871734, 0.0 ], [ 128.177699040364587, 2.375784535718992, 0.0 ], [ 128.183982509334101, 2.373239216654156, 0.0 ] ], [ [ 128.185459351000048, 2.366714805000016, 0.0 ], [ 128.185430798000283, 2.366662457000131, 0.0 ], [ 128.185411762000143, 2.366619627000147, 0.0 ], [ 128.185407003, 2.366567279000094, 0.0 ], [ 128.185426039000021, 2.366519689000029, 0.0 ], [ 128.185464110000225, 2.366500654000163, 0.0 ], [ 128.185516459000013, 2.366495895000014, 0.0 ], [ 128.185587842, 2.366510172000063, 0.0 ], [ 128.185649708000113, 2.366543484000147, 0.0 ], [ 128.185721092000222, 2.366586314000131, 0.0 ], [ 128.185816271000107, 2.366643421000163, 0.0 ], [ 128.185892413, 2.366710046000093, 0.0 ], [ 128.185949520000207, 2.366776670999969, 0.0 ], [ 128.185987592000032, 2.366867091000188, 0.0 ], [ 128.186001869000023, 2.366895644000181, 0.0 ], [ 128.186011386, 2.366947992000064, 0.0 ], [ 128.186011386, 2.367019376000087, 0.0 ], [ 128.185978074000076, 2.36707172399997, 0.0 ], [ 128.185949520000207, 2.36709076000011, 0.0 ], [ 128.185859101000091, 2.367128831000173, 0.0 ], [ 128.185806753000037, 2.36716214400019, 0.0 ], [ 128.185754404999983, 2.36716214400019, 0.0 ], [ 128.185721092000222, 2.367133590000151, 0.0 ], [ 128.185702056000167, 2.367105037000158, 0.0 ], [ 128.185644949000221, 2.367028894000156, 0.0 ], [ 128.185621155, 2.366967028000033, 0.0 ], [ 128.185587842, 2.36689564400018, 0.0 ], [ 128.185545012, 2.366800466000086, 0.0 ], [ 128.185497423000015, 2.366757635, 0.0 ], [ 128.185459351000048, 2.366714805000016, 0.0 ] ], [ [ 128.186273325000087, 2.364327512000102, 0.0 ], [ 128.186350658, 2.364369152, 0.0 ], [ 128.186410144000206, 2.36441674200006, 0.0 ], [ 128.186427990000084, 2.364476228000171, 0.0 ], [ 128.186392298000072, 2.364547612000024, 0.0 ], [ 128.186350658, 2.364595201000157, 0.0 ], [ 128.186297120000035, 2.364702277000106, 0.0 ], [ 128.186210270000146, 2.364866460000144, 0.0 ], [ 128.186174578000077, 2.364973535, 0.0 ], [ 128.186138886000094, 2.365052058, 0.0 ], [ 128.186074640000101, 2.365130580000141, 0.0 ], [ 128.186010395000011, 2.365180549000115, 0.0 ], [ 128.1858955430001, 2.365264639000145, 0.0 ], [ 128.185792896000038, 2.365323990000149, 0.0 ], [ 128.185637418000141, 2.365330152000126, 0.0 ], [ 128.185513045000079, 2.365320698000062, 0.0 ], [ 128.185379370000163, 2.365264334000188, 0.0 ], [ 128.185270627999984, 2.365111051000043, 0.0 ], [ 128.185208528000061, 2.364957796000056, 0.0 ], [ 128.185193091000059, 2.364767045000178, 0.0 ], [ 128.185230499000312, 2.364607594, 0.0 ], [ 128.185321541000206, 2.364464330999966, 0.0 ], [ 128.185452411, 2.36441674200006, 0.0 ], [ 128.185577333000055, 2.364381050000133, 0.0 ], [ 128.185720101000015, 2.364369152, 0.0 ], [ 128.18582717600006, 2.364357255000187, 0.0 ], [ 128.185952098000143, 2.36434535799998, 0.0 ], [ 128.186077020000283, 2.364333460000068, 0.0 ], [ 128.186201942, 2.36432156300009, 0.0 ], [ 128.186273325000087, 2.364327512000102, 0.0 ] ], [ [ 128.186462999954273, 2.364326000447647, 0.0 ], [ 128.186423000252034, 2.364299000073629, 0.0 ], [ 128.186391000655107, 2.36424500047076, 0.0 ], [ 128.186382000152861, 2.364183000352682, 0.0 ], [ 128.186387000110329, 2.364125000591968, 0.0 ], [ 128.186395999973541, 2.364079999927071, 0.0 ], [ 128.18643600022844, 2.364035000338446, 0.0 ], [ 128.186524772692309, 2.364035000170418, 0.0 ], [ 128.186529000509466, 2.364034999947308, 0.0 ], [ 128.186588000185793, 2.364035000327988, 0.0 ], [ 128.186605000432309, 2.364049000359159, 0.0 ], [ 128.186614000108506, 2.364079999903424, 0.0 ], [ 128.186625450027208, 2.364124165890587, 0.0 ], [ 128.186628000238073, 2.364134000660385, 0.0 ], [ 128.18663700007059, 2.36417400031354, 0.0 ], [ 128.186637000655054, 2.3642316945473, 0.0 ], [ 128.186637000263858, 2.364237000169396, 0.0 ], [ 128.186632000002504, 2.364277000621371, 0.0 ], [ 128.18659600060866, 2.364321000248253, 0.0 ], [ 128.186560584197849, 2.364333749965624, 0.0 ], [ 128.186521000249826, 2.364348000712369, 0.0 ], [ 128.186462999954273, 2.364326000447647, 0.0 ] ] ] ] } },
{ "type": "Feature", "properties": { "Id_Zona": 5, "Zona": "Inti", "Sub_Zona": "Inti", "Luas": 26.736267849899999, "KKP": "Pulau Rao - Tanjung Dehegila" }, "geometry": { "type": "MultiPolygon", "coordinates": [ [ [ [ 128.150900084000085, 2.282825419000118, 0.0 ], [ 128.148198450184253, 2.284092197310087, 0.0 ], [ 128.148384347053934, 2.284359615868822, 0.0 ], [ 128.150859625353945, 2.287920374119778, 0.0 ], [ 128.152192896316677, 2.289906820280919, 0.0 ], [ 128.152340478673381, 2.289802792021704, 0.0 ], [ 128.152885430903183, 2.289418827276904, 0.0 ], [ 128.154655251001458, 2.288171836534559, 0.0 ], [ 128.155979957615358, 2.28714312379293, 0.0 ], [ 128.155941849000101, 2.287082805000125, 0.0 ], [ 128.155900234000086, 2.287040894000085, 0.0 ], [ 128.155864568000084, 2.286998988, 0.0 ], [ 128.155828906000096, 2.286951097000042, 0.0 ], [ 128.155787305000075, 2.286885252, 0.0 ], [ 128.155632663000119, 2.286855242, 0.0 ], [ 128.155573207000174, 2.286807338000131, 0.0 ], [ 128.155489953, 2.286765402000071, 0.0 ], [ 128.155394807000306, 2.286717477000082, 0.0 ], [ 128.155287767000203, 2.286663560000136, 0.0 ], [ 128.155097441000038, 2.28662156200005, 0.0 ], [ 128.154972535000041, 2.286603537000075, 0.0 ], [ 128.15489520500023, 2.286603491000051, 0.0 ], [ 128.154811927000054, 2.286603442000171, 0.0 ], [ 128.15467512799998, 2.286579426000116, 0.0 ], [ 128.154591860000096, 2.286561425000116, 0.0 ], [ 128.154544291000065, 2.286531479000132, 0.0 ], [ 128.154472938, 2.286483567000062, 0.0 ], [ 128.154449165000045, 2.286447651000117, 0.0 ], [ 128.154431348000088, 2.286399771000105, 0.0 ], [ 128.154413537000323, 2.286339924, 0.0 ], [ 128.154389775000141, 2.286286056000165, 0.0 ], [ 128.154348157000044, 2.286250129000109, 0.0 ], [ 128.154276801, 2.286208201000023, 0.0 ], [ 128.154217334, 2.286178248000112, 0.0 ], [ 128.154140032000186, 2.286130333000188, 0.0 ], [ 128.154003243000119, 2.286088366000172, 0.0 ], [ 128.153908082000157, 2.286064374000148, 0.0 ], [ 128.15384860900005, 2.286046389000148, 0.0 ], [ 128.153818870000208, 2.286040387000185, 0.0 ], [ 128.153765352000022, 2.286010437000185, 0.0 ], [ 128.153688040000219, 2.285980473000052, 0.0 ], [ 128.153652364000067, 2.285956516999988, 0.0 ], [ 128.153569099000237, 2.285932533000163, 0.0 ], [ 128.153479884, 2.285914529000082, 0.0 ], [ 128.153396609000168, 2.285908496000047, 0.0 ], [ 128.153277651000167, 2.285890474000154, 0.0 ], [ 128.153128958000025, 2.285860468000124, 0.0 ], [ 128.153057585000028, 2.285848458000033, 0.0 ], [ 128.152962407, 2.28585438500005, 0.0 ], [ 128.152825589000031, 2.285860288000094, 0.0 ], [ 128.152581745999981, 2.285788339000134, 0.0 ], [ 128.152486606999986, 2.285728445000133, 0.0 ], [ 128.152439069, 2.285644646000037, 0.0 ], [ 128.152415320000244, 2.285566844000186, 0.0 ], [ 128.152385620000103, 2.285495022000077, 0.0 ], [ 128.152290498000042, 2.285405211000011, 0.0 ], [ 128.152195380000165, 2.285309415000086, 0.0 ], [ 128.15214784500003, 2.285219631000132, 0.0 ], [ 128.152100293000075, 2.285159767000153, 0.0 ], [ 128.15201705000004, 2.285099880000076, 0.0 ], [ 128.151963529000113, 2.28507591400006, 0.0 ], [ 128.151892179000214, 2.28502201900011, 0.0 ], [ 128.151808926000029, 2.28498008300005, 0.0 ], [ 128.151743543000038, 2.284896273000014, 0.0 ], [ 128.151701953000128, 2.284812477, 0.0 ], [ 128.151690074000129, 2.284782551000035, 0.0 ], [ 128.151672302000037, 2.284656883000139, 0.0 ], [ 128.151648557000129, 2.28457309800001, 0.0 ], [ 128.151583143000011, 2.284543141000142, 0.0 ], [ 128.151511790000058, 2.284495229000072, 0.0 ], [ 128.151482076000207, 2.284447342000078, 0.0 ], [ 128.151458310000152, 2.284399459000156, 0.0 ], [ 128.151440489, 2.284357562000139, 0.0 ], [ 128.151398911000086, 2.284255814000062, 0.0 ], [ 128.151375180000031, 2.284148095000091, 0.0 ], [ 128.15135738800015, 2.284058329000174, 0.0 ], [ 128.151309910000094, 2.283872807000079, 0.0 ], [ 128.151286158000289, 2.283800988999985, 0.0 ], [ 128.151250555000246, 2.283651375000034, 0.0 ], [ 128.151226803000071, 2.283579557000166, 0.0 ], [ 128.151191148000038, 2.28351969900018, 0.0 ], [ 128.151155510000308, 2.283429923000028, 0.0 ], [ 128.151125825000094, 2.283334166000032, 0.0 ], [ 128.151090169000298, 2.283274308000046, 0.0 ], [ 128.15105451400018, 2.28321445000006, 0.0 ], [ 128.151006986000056, 2.283112700000174, 0.0 ], [ 128.150989176000024, 2.283052852000025, 0.0 ], [ 128.150941621000101, 2.282998971000098, 0.0 ], [ 128.15089406100023, 2.282951073, 0.0 ], [ 128.150900084000085, 2.282825419000118, 0.0 ] ] ] ] } },
{ "type": "Feature", "properties": { "Id_Zona": 15, "Zona": "Pemanfaatan", "Sub_Zona": "Pariwisata Alam Perairan", "Luas": 82.728966155199998, "KKP": "Pulau Rao - Tanjung Dehegila" }, "geometry": { "type": "MultiPolygon", "coordinates": [ [ [ [ 128.212560880959103, 2.148879655477981, 0.0 ], [ 128.204784747065958, 2.148822386355587, 0.0 ], [ 128.204706970742166, 2.157519957335415, 0.0 ], [ 128.212405934313836, 2.157575278865713, 0.0 ], [ 128.212560880959103, 2.148879655477981, 0.0 ] ] ] ] } },
{ "type": "Feature", "properties": { "Id_Zona": 23, "Zona": "Pemanfaatan", "Sub_Zona": "Pariwisata Alam Perairan", "Luas": 357.337521428, "KKP": "Pulau Rao - Tanjung Dehegila" }, "geometry": { "type": "MultiPolygon", "coordinates": [ [ [ [ 128.340000517117886, 2.038129308033035, 0.0 ], [ 128.340000854144137, 2.038033976922918, 0.0 ], [ 128.33999747687983, 2.031052222967275, 0.0 ], [ 128.339996453034473, 2.028939609123767, 0.0 ], [ 128.296507895963003, 2.029084382096244, 0.0 ], [ 128.296488352575352, 2.031380040037504, 0.0 ], [ 128.296464668524862, 2.034161894265026, 0.0 ], [ 128.296466012154468, 2.034313407946228, 0.0 ], [ 128.296561656000193, 2.034359914, 0.0 ], [ 128.296722201000051, 2.034455727000022, 0.0 ], [ 128.296870850000204, 2.034551535000162, 0.0 ], [ 128.297013563000178, 2.034623404000172, 0.0 ], [ 128.297078966000157, 2.034671304000028, 0.0 ], [ 128.297191959000173, 2.03470127300011, 0.0 ], [ 128.297334668000161, 2.034779126000046, 0.0 ], [ 128.297524957000036, 2.034862984000085, 0.0 ], [ 128.297602269000066, 2.034880970000131, 0.0 ], [ 128.297768777000073, 2.034940882000114, 0.0 ], [ 128.298137479000246, 2.035060722000082, 0.0 ], [ 128.29839319200002, 2.03514460800011, 0.0 ], [ 128.298550263633246, 2.035216850379641, 0.0 ], [ 128.298914102999987, 2.035384192000037, 0.0 ], [ 128.299094887999985, 2.035436930000117, 0.0 ], [ 128.299289924000135, 2.035547118000181, 0.0 ], [ 128.299556325000225, 2.035671700000023, 0.0 ], [ 128.299708560000084, 2.035729212000148, 0.0 ], [ 128.299884571000206, 2.035820245000139, 0.0 ], [ 128.300051063000154, 2.035920847000114, 0.0 ], [ 128.300175924000058, 2.036009462999971, 0.0 ], [ 128.30025323400011, 2.036033433, 0.0 ], [ 128.300395957000063, 2.03608136600019, 0.0 ], [ 128.300580322000172, 2.03611136600017, 0.0 ], [ 128.300800380000055, 2.036123430000089, 0.0 ], [ 128.30089554200012, 2.036123471, 0.0 ], [ 128.3010382960002, 2.036099598000078, 0.0 ], [ 128.301352340000079, 2.0360817830001, 0.0 ], [ 128.301460886608396, 2.036052431887811, 0.0 ], [ 128.301599791000029, 2.03601487200018, 0.0 ], [ 128.301832956000084, 2.035976676000018, 0.0 ], [ 128.301970956000076, 2.035943226000086, 0.0 ], [ 128.302056615000168, 2.035914541000125, 0.0 ], [ 128.302142281000187, 2.035866707000082, 0.0 ], [ 128.302256505000059, 2.035799737000048, 0.0 ], [ 128.302423071999982, 2.035723215000133, 0.0 ], [ 128.302542042000113, 2.035684970000034, 0.0 ], [ 128.302628660783711, 2.03562915997054, 0.0 ], [ 128.302727660000158, 2.035565373, 0.0 ], [ 128.302894240000114, 2.035460128000125, 0.0 ], [ 128.303003708000091, 2.035388369000088, 0.0 ], [ 128.303136975, 2.035297471000035, 0.0 ], [ 128.303232159000089, 2.035244854000041, 0.0 ], [ 128.303351139, 2.035182673000122, 0.0 ], [ 128.303541487000047, 2.035130097000035, 0.0 ], [ 128.30376037500011, 2.035096682000074, 0.0 ], [ 128.30385079200002, 2.035067999000091, 0.0 ], [ 128.303965001000137, 2.035034539000151, 0.0 ], [ 128.30410776100004, 2.034996303000185, 0.0 ], [ 128.304161956653019, 2.034979971132259, 0.0 ], [ 128.304202936, 2.034967622000011, 0.0 ], [ 128.304493218000033, 2.034881579000114, 0.0 ], [ 128.304678804000304, 2.034838576000027, 0.0 ], [ 128.304907220000018, 2.034776442, 0.0 ], [ 128.305325979000116, 2.034676093000143, 0.0 ], [ 128.305556581161881, 2.034632195599216, 0.0 ], [ 128.305662022959041, 2.034602953649767, 0.0 ], [ 128.305797084000119, 2.034556619000057, 0.0 ], [ 128.3060778440001, 2.034484933000158, 0.0 ], [ 128.306092346230997, 2.034483612930217, 0.0 ], [ 128.306601258000086, 2.034437289000095, 0.0 ], [ 128.307000951000191, 2.034413525000105, 0.0 ], [ 128.307486284000078, 2.034404161000055, 0.0 ], [ 128.307828879000084, 2.034380374000136, 0.0 ], [ 128.308000166000141, 2.034394809000161, 0.0 ], [ 128.30836652900004, 2.034423690000154, 0.0 ], [ 128.308709128, 2.034390327000153, 0.0 ], [ 128.309099325, 2.034318688000155, 0.0 ], [ 128.309432409000095, 2.034285322000074, 0.0 ], [ 128.309908175, 2.034395631000052, 0.0 ], [ 128.310060432000114, 2.03440048300007, 0.0 ], [ 128.31031259700012, 2.034438889000057, 0.0 ], [ 128.310479115, 2.034477258000152, 0.0 ], [ 128.310640877000054, 2.034510836999971, 0.0 ], [ 128.31079312000017, 2.034553986999982, 0.0 ], [ 128.310878742000085, 2.03461146900014, 0.0 ], [ 128.311021469999986, 2.034649828, 0.0 ], [ 128.311273630000272, 2.034697806999986, 0.0 ], [ 128.311487350423675, 2.034713258089823, 0.0 ], [ 128.311540076999989, 2.034717070000056, 0.0 ], [ 128.311820778000055, 2.034784211000044, 0.0 ], [ 128.311977768000105, 2.034851297000103, 0.0 ], [ 128.31230606699998, 2.03488016100016, 0.0 ], [ 128.312624858000021, 2.034889872000179, 0.0 ], [ 128.312891301000121, 2.034918710000056, 0.0 ], [ 128.313271960000037, 2.03489972400007, 0.0 ], [ 128.31341471000016, 2.034885424000151, 0.0 ], [ 128.313453370079714, 2.034870360981244, 0.0 ], [ 128.313647896999981, 2.034794568000109, 0.0 ], [ 128.313800180000243, 2.034741973999985, 0.0 ], [ 128.313885850999981, 2.034684565000134, 0.0 ], [ 128.314118981000064, 2.034727749000183, 0.0 ], [ 128.314390192, 2.034732653000049, 0.0 ], [ 128.314551969, 2.034732722000115, 0.0 ], [ 128.314737547000163, 2.034708866000131, 0.0 ], [ 128.314870784000021, 2.034684987, 0.0 ], [ 128.315094428000037, 2.034656359000109, 0.0 ], [ 128.315251475000167, 2.03458940600018, 0.0 ], [ 128.315437051000089, 2.034570337000105, 0.0 ], [ 128.315570286, 2.034551245000103, 0.0 ], [ 128.31572256700008, 2.034503439000105, 0.0 ], [ 128.316212667000144, 2.03447492500004, 0.0 ], [ 128.316517203000075, 2.03443675799997, 0.0 ], [ 128.316912129000116, 2.034436926000183, 0.0 ], [ 128.317402213000122, 2.034446709000179, 0.0 ], [ 128.317606644537562, 2.034448377684726, 0.0 ], [ 128.318020769000213, 2.034451758000159, 0.0 ], [ 128.318525121000079, 2.034475909000093, 0.0 ], [ 128.318824872000135, 2.034504759000185, 0.0 ], [ 128.319319700000023, 2.034548053000037, 0.0 ], [ 128.320023868999982, 2.034634520000168, 0.0 ], [ 128.320414014000221, 2.034687345, 0.0 ], [ 128.320448985437878, 2.034690291939057, 0.0 ], [ 128.320813684000058, 2.034721024000078, 0.0 ], [ 128.321156255000119, 2.034754679000059, 0.0 ], [ 128.321603473000067, 2.034869760000106, 0.0 ], [ 128.321827096000078, 2.034893790000126, 0.0 ], [ 128.322074529, 2.034869959000048, 0.0 ], [ 128.322217261000077, 2.034898742, 0.0 ], [ 128.322298115000052, 2.034980158000167, 0.0 ], [ 128.32232665300009, 2.035008893000167, 0.0 ], [ 128.322369461000079, 2.035042421000071, 0.0 ], [ 128.322588337000042, 2.035042513000121, 0.0 ], [ 128.322811979000079, 2.035018671999978, 0.0 ], [ 128.32306419300005, 2.034942185000148, 0.0 ], [ 128.323302129000012, 2.034870477000083, 0.0 ], [ 128.323278365000164, 2.034808233999967, 0.0 ], [ 128.323278381000023, 2.034769938000181, 0.0 ], [ 128.323364035000139, 2.034750825000118, 0.0 ], [ 128.323540081000118, 2.034765259999971, 0.0 ], [ 128.323630475000158, 2.034789234000187, 0.0 ], [ 128.323925457000058, 2.034846804000153, 0.0 ], [ 128.324106254000156, 2.034875603000159, 0.0 ], [ 128.324339381000158, 2.034928360000151, 0.0 ], [ 128.324562996000139, 2.034971540000186, 0.0 ], [ 128.324686696000043, 2.035000314000058, 0.0 ], [ 128.324819908000109, 2.035038668000027, 0.0 ], [ 128.324934088000049, 2.035077013000091, 0.0 ], [ 128.324981677000181, 2.035057884000025, 0.0 ], [ 128.325029272000137, 2.035024394000118, 0.0 ], [ 128.325100640000045, 2.035033998000187, 0.0 ], [ 128.325191046000185, 2.035034037000116, 0.0 ], [ 128.325257651000101, 2.035053213000083, 0.0 ], [ 128.325310003000027, 2.035024512000121, 0.0 ], [ 128.325386147000103, 2.03499103400003, 0.0 ], [ 128.325452761000264, 2.034991062000188, 0.0 ], [ 128.325585994000193, 2.034981544000118, 0.0 ], [ 128.325643089000067, 2.034986355000058, 0.0 ], [ 128.325714459000068, 2.034991173000094, 0.0 ], [ 128.325809607000082, 2.035029510000186, 0.0 ], [ 128.325817049468128, 2.035033792852631, 0.0 ], [ 128.325876204000082, 2.035067834000131, 0.0 ], [ 128.325933292000144, 2.035091793999982, 0.0 ], [ 128.325980868000187, 2.035106176000113, 0.0 ], [ 128.326076021000148, 2.035130151999965, 0.0 ], [ 128.326137866000067, 2.035154114000022, 0.0 ], [ 128.326209227000021, 2.035182867000174, 0.0 ], [ 128.326242530000172, 2.035192453999969, 0.0 ], [ 128.326337672999983, 2.035240367000141, 0.0 ], [ 128.32637096400012, 2.035278678, 0.0 ], [ 128.326489896000197, 2.035331386000109, 0.0 ], [ 128.326637359000046, 2.03542719100011, 0.0 ], [ 128.326742033000073, 2.035441596000169, 0.0 ], [ 128.326894277000036, 2.035479958000167, 0.0 ], [ 128.32706554700016, 2.035537476000115, 0.0 ], [ 128.32717972500015, 2.035580608000145, 0.0 ], [ 128.327232048000127, 2.03561892700003, 0.0 ], [ 128.327408082, 2.035662085000013, 0.0 ], [ 128.327469916000126, 2.035714770000026, 0.0 ], [ 128.327536513000013, 2.035757882000041, 0.0 ], [ 128.327717300000018, 2.035810617000038, 0.0 ], [ 128.327907568000086, 2.035949524000102, 0.0 ], [ 128.328069323999983, 2.036002251000127, 0.0 ], [ 128.328321471000294, 2.036088525000139, 0.0 ], [ 128.328383313999979, 2.036117274000106, 0.0 ], [ 128.328667571000182, 2.036220317000016, 0.0 ], [ 128.329220617000118, 2.036435970000185, 0.0 ], [ 128.329363323000024, 2.036531773000036, 0.0 ], [ 128.329696356000085, 2.036621671000035, 0.0 ], [ 128.330338544, 2.037016881000056, 0.0 ], [ 128.330725043, 2.03726238400003, 0.0 ], [ 128.33084395, 2.037376129000108, 0.0 ], [ 128.331153161000287, 2.037543808, 0.0 ], [ 128.331307782000039, 2.037591745000157, 0.0 ], [ 128.331456450000104, 2.037651646000086, 0.0 ], [ 128.331611070000093, 2.037699583, 0.0 ], [ 128.33171811400004, 2.037735530000078, 0.0 ], [ 128.331836588749496, 2.037759421372129, 0.0 ], [ 128.331837058, 2.037759516000108, 0.0 ], [ 128.331950061000015, 2.037765547000162, 0.0 ], [ 128.3320868590001, 2.037765604000072, 0.0 ], [ 128.332174969276679, 2.037760975070455, 0.0 ], [ 128.332199868000203, 2.037759667000045, 0.0 ], [ 128.332342600000032, 2.037789647000011, 0.0 ], [ 128.332491265000016, 2.037855532000037, 0.0 ], [ 128.332633981000043, 2.037927399000068, 0.0 ], [ 128.332776696000082, 2.03799926500011, 0.0 ], [ 128.332901580000083, 2.03804120500007, 0.0 ], [ 128.332978886000063, 2.038077141000031, 0.0 ], [ 128.333115675000158, 2.038095150000175, 0.0 ], [ 128.333210824000133, 2.038131093, 0.0 ], [ 128.333323824000075, 2.038149093000073, 0.0 ], [ 128.333478468000038, 2.038137189000167, 0.0 ], [ 128.333526055000192, 2.038125241000103, 0.0 ], [ 128.333876999000267, 2.038053579000177, 0.0 ], [ 128.333990010000093, 2.0380416590001, 0.0 ], [ 128.334108964000023, 2.038041707999981, 0.0 ], [ 128.334418226, 2.038089708000087, 0.0 ], [ 128.334775029000156, 2.038233471000126, 0.0 ], [ 128.335102130000081, 2.038287463000188, 0.0 ], [ 128.335334084000095, 2.03830551100009, 0.0 ], [ 128.335488717000089, 2.038323527000159, 0.0 ], [ 128.335702842000018, 2.038305664000176, 0.0 ], [ 128.335899137000041, 2.03825188999997, 0.0 ], [ 128.33594675100025, 2.038174118000143, 0.0 ], [ 128.335970569000068, 2.038108305000094, 0.0 ], [ 128.336059773000187, 2.038138261000086, 0.0 ], [ 128.336077591000247, 2.038198108000131, 0.0 ], [ 128.336089455000177, 2.038275904000045, 0.0 ], [ 128.336125126000042, 2.038311823000072, 0.0 ], [ 128.336208379000226, 2.038347762000115, 0.0 ], [ 128.336333281000265, 2.038347813000029, 0.0 ], [ 128.336719865000276, 2.038389861000099, 0.0 ], [ 128.336868553000016, 2.038401890000158, 0.0 ], [ 128.33699347700005, 2.038348086000155, 0.0 ], [ 128.337058936000034, 2.038264338000147, 0.0 ], [ 128.337082739000124, 2.038234428000123, 0.0 ], [ 128.337124248169374, 2.038252346517822, 0.0 ], [ 128.337332498000137, 2.038342243000102, 0.0 ], [ 128.337433616000084, 2.038324333000048, 0.0 ], [ 128.337641777000016, 2.038348355000039, 0.0 ], [ 128.337719087000181, 2.038372323000089, 0.0 ], [ 128.337796398000108, 2.03839629100014, 0.0 ], [ 128.338248414000049, 2.038420413000153, 0.0 ], [ 128.338364973024312, 2.038379677488649, 0.0 ], [ 128.338385230000171, 2.038372598000024, 0.0 ], [ 128.338712372000032, 2.038330845000019, 0.0 ], [ 128.338855127000102, 2.038306968000086, 0.0 ], [ 128.338980036000152, 2.03828906800004, 0.0 ], [ 128.339116870000083, 2.038199366000071, 0.0 ], [ 128.33925964, 2.03813958500001, 0.0 ], [ 128.339473745000049, 2.03816959300002, 0.0 ], [ 128.339523472994614, 2.038167917592319, 0.0 ], [ 128.339824665000123, 2.03815777, 0.0 ], [ 128.339979864051429, 2.038132650767125, 0.0 ], [ 128.340000517117886, 2.038129308033035, 0.0 ] ] ] ] } },
{ "type": "Feature", "properties": { "Id_Zona": 22, "Zona": "Pemanfaatan", "Sub_Zona": "Pariwisata Alam Perairan", "Luas": 480.65409628399999, "KKP": "Pulau Rao - Tanjung Dehegila" }, "geometry": { "type": "MultiPolygon", "coordinates": [ [ [ [ 128.25187265849317, 1.971525573923373, 0.0 ], [ 128.226979067204269, 1.949203335282959, 0.0 ], [ 128.221068451922065, 1.955146522289795, 0.0 ], [ 128.22141510730043, 1.955670621683226, 0.0 ], [ 128.223127380497999, 1.958327126253664, 0.0 ], [ 128.223338382827677, 1.958658664714335, 0.0 ], [ 128.223512896617962, 1.958939152867402, 0.0 ], [ 128.223747751165519, 1.95933232092409, 0.0 ], [ 128.224015789211506, 1.959809908028888, 0.0 ], [ 128.224264900159, 1.960275668145073, 0.0 ], [ 128.225593804600379, 1.962825051213826, 0.0 ], [ 128.225928914047785, 1.963460740648202, 0.0 ], [ 128.226100220495908, 1.963776436799378, 0.0 ], [ 128.226219228980284, 1.963988471481684, 0.0 ], [ 128.226380234002562, 1.964263817807478, 0.0 ], [ 128.226520785952147, 1.964496139986408, 0.0 ], [ 128.226988722044524, 1.965246410358645, 0.0 ], [ 128.229159404323696, 1.968686784237548, 0.0 ], [ 128.23085775814954, 1.97136463990654, 0.0 ], [ 128.23179980020177, 1.972849989708606, 0.0 ], [ 128.233118706160752, 1.974943182363177, 0.0 ], [ 128.23331262980625, 1.975242222149916, 0.0 ], [ 128.233518638133063, 1.975542380253615, 0.0 ], [ 128.23362207963882, 1.975681901011911, 0.0 ], [ 128.233730226558095, 1.975816893519948, 0.0 ], [ 128.233844833855272, 1.975945677770596, 0.0 ], [ 128.233958267076304, 1.976058405936044, 0.0 ], [ 128.234077389782186, 1.976165672716945, 0.0 ], [ 128.234200768134968, 1.976268860640573, 0.0 ], [ 128.234456060429665, 1.97646707606367, 0.0 ], [ 128.234731937447123, 1.976669059790311, 0.0 ], [ 128.236448020436086, 1.977879694421972, 0.0 ], [ 128.237620462881978, 1.978710866294989, 0.0 ], [ 128.23978037671688, 1.980246196394262, 0.0 ], [ 128.241866274879584, 1.981728909684762, 0.0 ], [ 128.25187265849317, 1.971525573923373, 0.0 ] ], [ [ 128.234813756834313, 1.970227949371747, 0.0 ], [ 128.232896114165783, 1.968681626888553, 0.0 ], [ 128.232584762000073, 1.968833606000146, 0.0 ], [ 128.232365892000047, 1.968852652000123, 0.0 ], [ 128.232089928000136, 1.968871672000091, 0.0 ], [ 128.231823487000014, 1.968871548999971, 0.0 ], [ 128.23164270200013, 1.968842743000096, 0.0 ], [ 128.231519016000192, 1.968804389000127, 0.0 ], [ 128.231224068000046, 1.968718085000091, 0.0 ], [ 128.231051857779448, 1.968635479501814, 0.0 ], [ 128.231024282000106, 1.968622252000045, 0.0 ], [ 128.230862546, 1.968555158000186, 0.0 ], [ 128.230748379000119, 1.968507235000061, 0.0 ], [ 128.230643737000122, 1.968440166999983, 0.0 ], [ 128.230472498000125, 1.968344347000084, 0.0 ], [ 128.23038690100006, 1.968248565000124, 0.0 ], [ 128.230291783000183, 1.968162354000015, 0.0 ], [ 128.23017764700009, 1.96804741200009, 0.0 ], [ 128.230120588000062, 1.967970793000063, 0.0 ], [ 128.229968384999978, 1.967865406000158, 0.0 ], [ 128.229825697000109, 1.967760026000121, 0.0 ], [ 128.229711536000167, 1.967702527000085, 0.0 ], [ 128.229587875000192, 1.967606729000124, 0.0 ], [ 128.229549835000029, 1.967558841000085, 0.0 ], [ 128.229435695, 1.967453473000091, 0.0 ], [ 128.229350111, 1.967328969999983, 0.0 ], [ 128.229321590000239, 1.967271511000149, 0.0 ], [ 128.229283566000134, 1.967185326, 0.0 ], [ 128.229188453000319, 1.967089541000178, 0.0 ], [ 128.229083820999989, 1.967003326000054, 0.0 ], [ 128.228998210000327, 1.966936267000108, 0.0 ], [ 128.228922132000065, 1.966830917000096, 0.0 ], [ 128.228827016000167, 1.966744705000053, 0.0 ], [ 128.228655786000076, 1.966629737000118, 0.0 ], [ 128.228608247000096, 1.966543548, 0.0 ], [ 128.228456044000012, 1.966438162000032, 0.0 ], [ 128.228351411000034, 1.966351946000146, 0.0 ], [ 128.228227773000043, 1.966208277000078, 0.0 ], [ 128.227837805000121, 1.965825132000077, 0.0 ], [ 128.227609561000094, 1.965537802000142, 0.0 ], [ 128.227457376000046, 1.965394120000155, 0.0 ], [ 128.227333756000093, 1.965212153999971, 0.0 ], [ 128.227267260000048, 1.964963195999986, 0.0 ], [ 128.227124609000128, 1.964781222000056, 0.0 ], [ 128.227096123999985, 1.964647172000127, 0.0 ], [ 128.227058165999978, 1.964417375000039, 0.0 ], [ 128.227048721000074, 1.964264185000161, 0.0 ], [ 128.227048769999982, 1.96415886900013, 0.0 ], [ 128.227201236000127, 1.963689810000176, 0.0 ], [ 128.227286908000082, 1.963622830000133, 0.0 ], [ 128.227391663000049, 1.963440971000068, 0.0 ], [ 128.227553514000164, 1.963259139000116, 0.0 ], [ 128.227677284000151, 1.963115584999969, 0.0 ], [ 128.227858182000176, 1.962895464000155, 0.0 ], [ 128.227953352000185, 1.96286678600012, 0.0 ], [ 128.228096113000191, 1.962809408000168, 0.0 ], [ 128.228219839000161, 1.962761595000188, 0.0 ], [ 128.228362600000168, 1.962704216000134, 0.0 ], [ 128.2285243850001, 1.962665995000066, 0.0 ], [ 128.228714711000038, 1.962637360000144, 0.0 ], [ 128.22884793, 1.962637422000114, 0.0 ], [ 128.229019212000139, 1.962637503000053, 0.0 ], [ 128.22922855300007, 1.962647173000108, 0.0 ], [ 128.22944740900013, 1.962656849000041, 0.0 ], [ 128.229637687, 1.962733529000161, 0.0 ], [ 128.229913624000204, 1.962771954000061, 0.0 ], [ 128.230303688000163, 1.962944469000035, 0.0 ], [ 128.230551056000053, 1.963030749999973, 0.0 ], [ 128.230798416000056, 1.96313618, 0.0 ], [ 128.231017220000012, 1.963260744000024, 0.0 ], [ 128.231293118000139, 1.963385335999987, 0.0 ], [ 128.231521441000126, 1.963500331000035, 0.0 ], [ 128.231721231000137, 1.963586590000148, 0.0 ], [ 128.231940023000078, 1.963739877000137, 0.0 ], [ 128.2322063780002, 1.963921909000078, 0.0 ], [ 128.232453716000094, 1.964075209000157, 0.0 ], [ 128.232767620000089, 1.964324281000188, 0.0 ], [ 128.233005447000181, 1.964468002000046, 0.0 ], [ 128.233224225000157, 1.964650012000049, 0.0 ], [ 128.233452519000025, 1.964832025000078, 0.0 ], [ 128.233756938000028, 1.965014074000123, 0.0 ], [ 128.23397572899998, 1.965167361000113, 0.0 ], [ 128.23407081600007, 1.965320590000089, 0.0 ], [ 128.234299102, 1.965521752000029, 0.0 ], [ 128.234432269000052, 1.96563670300003, 0.0 ], [ 128.234546418, 1.965722923000044, 0.0 ], [ 128.234641427000128, 1.966048487000023, 0.0 ], [ 128.23464652790048, 1.966126004995943, 0.0 ], [ 128.23494544107345, 1.966377269966188, 0.0 ], [ 128.236757640545505, 1.967835314777461, 0.0 ], [ 128.234813756834313, 1.970227949371747, 0.0 ] ] ] ] } },
{ "type": "Feature", "properties": { "Id_Zona": 38, "Zona": "Lainnya", "Sub_Zona": "Perlindungan Mamalia Laut", "Luas": 338.40964535000001, "KKP": "Pulau Rao - Tanjung Dehegila" }, "geometry": { "type": "MultiPolygon", "coordinates": [ [ [ [ 128.194195752964987, 2.125314657022557, 0.0 ], [ 128.199101576493916, 2.122051164405434, 0.0 ], [ 128.198542994963191, 2.121246425299545, 0.0 ], [ 128.194703837476794, 2.115715395986229, 0.0 ], [ 128.19394590394208, 2.116374483525988, 0.0 ], [ 128.191559499427711, 2.118454832525174, 0.0 ], [ 128.190996591047877, 2.11893563198214, 0.0 ], [ 128.190768785469203, 2.119122292734744, 0.0 ], [ 128.190534321597596, 2.119306641321089, 0.0 ], [ 128.190305589651189, 2.11947790922568, 0.0 ], [ 128.190062994835301, 2.119650761025241, 0.0 ], [ 128.189670854418608, 2.119915837789505, 0.0 ], [ 128.189346552919318, 2.12012715913744, 0.0 ], [ 128.186689520963313, 2.12182462979041, 0.0 ], [ 128.181814254525506, 2.124946334794231, 0.0 ], [ 128.177931334095291, 2.12743260172681, 0.0 ], [ 128.175365490711982, 2.129069601381218, 0.0 ], [ 128.17506960902719, 2.129263561973516, 0.0 ], [ 128.17477821751342, 2.129463273786313, 0.0 ], [ 128.174698314964161, 2.129522080209654, 0.0 ], [ 128.174563815101891, 2.129621066878485, 0.0 ], [ 128.17439446614091, 2.129756772460383, 0.0 ], [ 128.174174915086581, 2.129947894485781, 0.0 ], [ 128.174053962525591, 2.13005861503018, 0.0 ], [ 128.173815408211993, 2.130284282472246, 0.0 ], [ 128.173579408531708, 2.130513176213185, 0.0 ], [ 128.172984689313665, 2.131097754185532, 0.0 ], [ 128.182395405279493, 2.142278029058162, 0.0 ], [ 128.187129920326015, 2.139128883453963, 0.0 ], [ 128.189505485569697, 2.137548772362777, 0.0 ], [ 128.190515508023253, 2.136876951767533, 0.0 ], [ 128.194041772020881, 2.134531430991842, 0.0 ], [ 128.189510216530579, 2.128456625358069, 0.0 ], [ 128.190900535993677, 2.127528028919925, 0.0 ], [ 128.19213844107432, 2.126701227881768, 0.0 ], [ 128.192094996000151, 2.126667571000041, 0.0 ], [ 128.192023652000074, 2.126610089999986, 0.0 ], [ 128.191942786, 2.12656217700004, 0.0 ], [ 128.191857160000012, 2.126519049000024, 0.0 ], [ 128.191766795000234, 2.12643762200014, 0.0 ], [ 128.191681173000092, 2.126384920000021, 0.0 ], [ 128.191462377000079, 2.126222047000112, 0.0 ], [ 128.191348206000015, 2.12616932900005, 0.0 ], [ 128.191262562, 2.126159710000025, 0.0 ], [ 128.191162641000204, 2.126154871000097, 0.0 ], [ 128.191072226000045, 2.126169185000037, 0.0 ], [ 128.190967529000176, 2.126197851000086, 0.0 ], [ 128.190824749000143, 2.126260007000099, 0.0 ], [ 128.190762874000029, 2.126293484000087, 0.0 ], [ 128.190643917000074, 2.126293421000185, 0.0 ], [ 128.190477378000054, 2.126293332000103, 0.0 ], [ 128.190329870999989, 2.126293255000178, 0.0 ], [ 128.190177586000118, 2.126331471000128, 0.0 ], [ 128.189854023000038, 2.1263313, 0.0 ], [ 128.189668448000106, 2.126335989000154, 0.0 ], [ 128.189563766000077, 2.126335933000121, 0.0 ], [ 128.189454331000064, 2.126326302000166, 0.0 ], [ 128.189244967000121, 2.126326191000032, 0.0 ], [ 128.188969020000144, 2.12626381400014, 0.0 ], [ 128.188788208000091, 2.126258932000098, 0.0 ], [ 128.188631185000162, 2.126258849000179, 0.0 ], [ 128.188436111000215, 2.126230024000165, 0.0 ], [ 128.188269584000153, 2.126206001000071, 0.0 ], [ 128.18801265, 2.126181930000086, 0.0 ], [ 128.187931759000179, 2.12618188700003, 0.0 ], [ 128.187817561000202, 2.126181826000106, 0.0 ], [ 128.187627240000296, 2.126162578000105, 0.0 ], [ 128.187517802000087, 2.126157733000128, 0.0 ], [ 128.187332242000252, 2.126133700000025, 0.0 ], [ 128.187251384000064, 2.12607142600001, 0.0 ], [ 128.187218142000233, 2.125946947000102, 0.0 ], [ 128.187227691000089, 2.125884721000091, 0.0 ], [ 128.187246759000203, 2.12581771300006, 0.0 ], [ 128.187303941000067, 2.125659772000063, 0.0 ], [ 128.187323006000014, 2.125597551000169, 0.0 ], [ 128.187361100000203, 2.125544915000091, 0.0 ], [ 128.187451549000087, 2.125463583999987, 0.0 ], [ 128.187489656000139, 2.125387012000033, 0.0 ], [ 128.187551546000094, 2.125324812999963, 0.0 ], [ 128.187608692, 2.125233891000107, 0.0 ], [ 128.187665834000285, 2.125152542000023, 0.0 ], [ 128.187724620183161, 2.125079830924449, 0.0 ], [ 128.18772773200007, 2.125075982000055, 0.0 ], [ 128.187889573000092, 2.124961180000185, 0.0 ], [ 128.188065649000094, 2.124922977000097, 0.0 ], [ 128.188294085000138, 2.124846506000097, 0.0 ], [ 128.188351205000089, 2.12480824100004, 0.0 ], [ 128.188541630000117, 2.124626435000095, 0.0 ], [ 128.18860353300019, 2.124540302000185, 0.0 ], [ 128.188674956000085, 2.12444460000006, 0.0 ], [ 128.188746393000059, 2.124324962000117, 0.0 ], [ 128.188765443000079, 2.124291463000077, 0.0 ], [ 128.188822593000026, 2.124195754000084, 0.0 ], [ 128.188894029000011, 2.12407611600014, 0.0 ], [ 128.188941672000027, 2.123961254000051, 0.0 ], [ 128.189232050000072, 2.123722057000066, 0.0 ], [ 128.189398637000039, 2.123631192000062, 0.0 ], [ 128.189455774000038, 2.12355941700008, 0.0 ], [ 128.189503404000106, 2.123468489000061, 0.0 ], [ 128.189617694000134, 2.123291431000155, 0.0 ], [ 128.189655806000104, 2.123205284, 0.0 ], [ 128.189712947000288, 2.123123935000138, 0.0 ], [ 128.189789118999983, 2.123047383000028, 0.0 ], [ 128.189879566000172, 2.122970839000061, 0.0 ], [ 128.190008082000162, 2.12288952800003, 0.0 ], [ 128.190150867000142, 2.122817798000086, 0.0 ], [ 128.190246044000077, 2.12279391300018, 0.0 ], [ 128.190445931000198, 2.122717427000055, 0.0 ], [ 128.190631541000101, 2.122645719000162, 0.0 ], [ 128.190779087000095, 2.122569205000048, 0.0 ], [ 128.190836208000036, 2.122526152000149, 0.0 ], [ 128.19090761400011, 2.122463959000072, 0.0 ], [ 128.191021860000177, 2.122373064999977, 0.0 ], [ 128.191078986000065, 2.122320439000077, 0.0 ], [ 128.191164682999982, 2.122229531000186, 0.0 ], [ 128.19121706100006, 2.122157753000124, 0.0 ], [ 128.191278956000104, 2.122085981000055, 0.0 ], [ 128.191355131999984, 2.121999855000013, 0.0 ], [ 128.19153123600006, 2.121908995000126, 0.0 ], [ 128.191702627000126, 2.121727179, 0.0 ], [ 128.19197860200029, 2.121736898000051, 0.0 ], [ 128.192164156000189, 2.121770504000154, 0.0 ], [ 128.192240231000028, 2.12188064500009, 0.0 ], [ 128.192344846000054, 2.12200994900013, 0.0 ], [ 128.192373344000089, 2.122110491000115, 0.0 ], [ 128.192373296000227, 2.122201444000098, 0.0 ], [ 128.192373256000081, 2.122278036000012, 0.0 ], [ 128.192482597000179, 2.12246957300016, 0.0 ], [ 128.192525384000049, 2.122541401000092, 0.0 ], [ 128.19257291800011, 2.122637166000061, 0.0 ], [ 128.192639491, 2.122718580000082, 0.0 ], [ 128.192715600000128, 2.122761702999981, 0.0 ], [ 128.192834550000015, 2.122776126000019, 0.0 ], [ 128.192882132000108, 2.122776151000152, 0.0 ], [ 128.192967764000031, 2.122809705000066, 0.0 ], [ 128.193005805000098, 2.122857596000018, 0.0 ], [ 128.193029547000123, 2.122953348000124, 0.0 ], [ 128.193086482000126, 2.123269319999963, 0.0 ], [ 128.193129256999981, 2.123365082000078, 0.0 ], [ 128.193186346000033, 2.123384260000079, 0.0 ], [ 128.193224390000154, 2.123427364000122, 0.0 ], [ 128.193224355000069, 2.123494381000057, 0.0 ], [ 128.193214802000057, 2.123566182000047, 0.0 ], [ 128.19321476900015, 2.12362841300012, 0.0 ], [ 128.193219492000139, 2.123695432999967, 0.0 ], [ 128.193248013000215, 2.123752892000027, 0.0 ], [ 128.19333363900023, 2.123796020000043, 0.0 ], [ 128.19334312600003, 2.123853469000096, 0.0 ], [ 128.193343099000089, 2.123906126000122, 0.0 ], [ 128.19334782200005, 2.123973147000072, 0.0 ], [ 128.193409627000136, 2.124073707000036, 0.0 ], [ 128.193414360999981, 2.124121579000075, 0.0 ], [ 128.193466642000061, 2.124236495000161, 0.0 ], [ 128.193504631000309, 2.124384912000096, 0.0 ], [ 128.19355699400009, 2.124341856000115, 0.0 ], [ 128.193714999111734, 2.124082682427002, 0.0 ], [ 128.193880832000104, 2.123810669000079, 0.0 ], [ 128.193861821000041, 2.123767575999977, 0.0 ], [ 128.193890387000096, 2.123738868000088, 0.0 ], [ 128.193947450000081, 2.123805917000084, 0.0 ], [ 128.193933166000164, 2.123825057000033, 0.0 ], [ 128.193895107000088, 2.123810676, 0.0 ], [ 128.193802584632266, 2.123978016251386, 0.0 ], [ 128.193725700665681, 2.124117072115951, 0.0 ], [ 128.193585529000046, 2.124370593000095, 0.0 ], [ 128.193599772000283, 2.124432831000092, 0.0 ], [ 128.193614017000186, 2.124490283, 0.0 ], [ 128.193623493999979, 2.124566881000135, 0.0 ], [ 128.193685306000106, 2.124653078999984, 0.0 ], [ 128.193732854000103, 2.124720121000053, 0.0 ], [ 128.193918340000181, 2.124887764000164, 0.0 ], [ 128.193984919000258, 2.124959605000128, 0.0 ], [ 128.194041514299073, 2.125009895599931, 0.0 ], [ 128.19406577200013, 2.125031451000041, 0.0 ], [ 128.194151411, 2.125050645000045, 0.0 ], [ 128.194194221000203, 2.125079389000121, 0.0 ], [ 128.194232269000139, 2.125112918000127, 0.0 ], [ 128.194265558000296, 2.125151232000064, 0.0 ], [ 128.19425599600001, 2.12523739300002, 0.0 ], [ 128.194227429000051, 2.125270887000113, 0.0 ], [ 128.194195752964987, 2.125314657022557, 0.0 ] ], [ [ 128.184353516000186, 2.126230253000131, 0.0 ], [ 128.184401023000049, 2.126373887999989, 0.0 ], [ 128.184454494000164, 2.126487608000161, 0.0 ], [ 128.184502017000085, 2.126601323999977, 0.0 ], [ 128.184537644000073, 2.126715033999971, 0.0 ], [ 128.184579235000086, 2.126798829000052, 0.0 ], [ 128.184638660000104, 2.126900583000122, 0.0 ], [ 128.184674321000301, 2.126948472000094, 0.0 ], [ 128.184727836000064, 2.126978420000114, 0.0 ], [ 128.184763521, 2.126984423000181, 0.0 ], [ 128.184870575000076, 2.126996447000068, 0.0 ], [ 128.185019264000061, 2.127008493, 0.0 ], [ 128.185041320113186, 2.127008504811556, 0.0 ], [ 128.185179856000303, 2.127008579, 0.0 ], [ 128.185209566999987, 2.127062448000117, 0.0 ], [ 128.185203579000216, 2.127140233999967, 0.0 ], [ 128.185167856999982, 2.127206036000132, 0.0 ], [ 128.185126200000013, 2.127247900000043, 0.0 ], [ 128.185090501000076, 2.127271816000018, 0.0 ], [ 128.185042902000163, 2.127301709000108, 0.0 ], [ 128.184953656000033, 2.127355515000147, 0.0 ], [ 128.184906061000078, 2.127379425000128, 0.0 ], [ 128.184864411, 2.127409322000062, 0.0 ], [ 128.184804891000084, 2.127487079, 0.0 ], [ 128.184751308000017, 2.127588774000174, 0.0 ], [ 128.184703672000154, 2.12769047200004, 0.0 ], [ 128.18470362399998, 2.127780228000176, 0.0 ], [ 128.184691687000139, 2.127858011000114, 0.0 ], [ 128.184661879, 2.127989637000042, 0.0 ], [ 128.184624200383809, 2.128009467136508, 0.0 ], [ 128.184536940000015, 2.128055392000022, 0.0 ], [ 128.184417949000107, 2.12812115000014, 0.0 ], [ 128.184328706000059, 2.128168972000026, 0.0 ], [ 128.184233481000092, 2.128282613000124, 0.0 ], [ 128.184103424046242, 2.128355211972462, 0.0 ], [ 128.184019296000059, 2.12840217300004, 0.0 ], [ 128.183912219, 2.128432035, 0.0 ], [ 128.183781373000187, 2.128419998000027, 0.0 ], [ 128.183668377000203, 2.128396003000092, 0.0 ], [ 128.183626786000076, 2.128312209000057, 0.0 ], [ 128.183614937000129, 2.128222446, 0.0 ], [ 128.183609020000034, 2.128162606000047, 0.0 ], [ 128.183609049000069, 2.128108752, 0.0 ], [ 128.18360910200019, 2.128007028000127, 0.0 ], [ 128.183609125000061, 2.12796514200005, 0.0 ], [ 128.183609153000106, 2.127911288, 0.0 ], [ 128.183591341000096, 2.127851442000065, 0.0 ], [ 128.183567599000042, 2.127755689000026, 0.0 ], [ 128.183520051000045, 2.127689843000098, 0.0 ], [ 128.183454663999981, 2.12761800300018, 0.0 ], [ 128.183436861000104, 2.127540205000116, 0.0 ], [ 128.183436908000175, 2.12745044899998, 0.0 ], [ 128.183442912000118, 2.127342745000135, 0.0 ], [ 128.183431051000156, 2.127276917000188, 0.0 ], [ 128.18343704300014, 2.127193148000117, 0.0 ], [ 128.183443031999985, 2.12711536200004, 0.0 ], [ 128.183454956000105, 2.12706151500015, 0.0 ], [ 128.183460941999982, 2.126989714000161, 0.0 ], [ 128.183466914000149, 2.126941847000182, 0.0 ], [ 128.183466952000202, 2.126870042, 0.0 ], [ 128.18341348400017, 2.126750339000125, 0.0 ], [ 128.183371903000051, 2.126648593000084, 0.0 ], [ 128.183312473000086, 2.126558805000115, 0.0 ], [ 128.183264921000045, 2.126498943000115, 0.0 ], [ 128.183199533000192, 2.126427103000026, 0.0 ], [ 128.183175795000011, 2.126325367000164, 0.0 ], [ 128.183175826000223, 2.126265529000023, 0.0 ], [ 128.183211542000208, 2.126211695000166, 0.0 ], [ 128.183283316421438, 2.126157598354097, 0.0 ], [ 128.183330545000189, 2.126122002000102, 0.0 ], [ 128.18345546600014, 2.126092150000147, 0.0 ], [ 128.183514950000216, 2.126080214000012, 0.0 ], [ 128.183651781000066, 2.126020449000179, 0.0 ], [ 128.183709992726534, 2.126015975808002, 0.0 ], [ 128.183729107000062, 2.126014507000036, 0.0 ], [ 128.18388376599998, 2.12598467000015, 0.0 ], [ 128.184068161000113, 2.125960833000022, 0.0 ], [ 128.184157376000115, 2.125966864000077, 0.0 ], [ 128.184276288000177, 2.126050700000064, 0.0 ], [ 128.184288152000107, 2.126110543000152, 0.0 ], [ 128.184353516000186, 2.126230253000131, 0.0 ] ] ] ] } },
{ "type": "Feature", "properties": { "Id_Zona": 40, "Zona": "Lainnya", "Sub_Zona": "Perlindungan Mamalia Laut", "Luas": 46.215405458, "KKP": "Pulau Rao - Tanjung Dehegila" }, "geometry": { "type": "MultiPolygon", "coordinates": [ [ [ [ 128.272938589859763, 2.084557667272861, 0.0 ], [ 128.272851314127337, 2.084667634083984, 0.0 ], [ 128.272855388000011, 2.084670711000114, 0.0 ], [ 128.272956462000025, 2.084754532000034, 0.0 ], [ 128.273117045000021, 2.084772558000111, 0.0 ], [ 128.273307302000234, 2.084928227000091, 0.0 ], [ 128.273331071, 2.084976108999967, 0.0 ], [ 128.273372673000011, 2.085047934000159, 0.0 ], [ 128.27338452, 2.08515565, 0.0 ], [ 128.27346182800008, 2.085185605000106, 0.0 ], [ 128.273467732000057, 2.085281350000116, 0.0 ], [ 128.273550940000177, 2.085413034000169, 0.0 ], [ 128.273610391, 2.085472900000127, 0.0 ], [ 128.273687712000054, 2.085472936000144, 0.0 ], [ 128.273782891000081, 2.085443060000159, 0.0 ], [ 128.273872061, 2.085544828000081, 0.0 ], [ 128.273996930000294, 2.085622676000128, 0.0 ], [ 128.274163408000049, 2.085754398000177, 0.0 ], [ 128.274306111000215, 2.085850207000021, 0.0 ], [ 128.274395308000038, 2.085892135000108, 0.0 ], [ 128.27446663000012, 2.086005861000104, 0.0 ], [ 128.274549888000024, 2.086029836000023, 0.0 ], [ 128.274597480000097, 2.086011906000181, 0.0 ], [ 128.274710498000189, 2.085988023000028, 0.0 ], [ 128.27482348500007, 2.086035946000038, 0.0 ], [ 128.274853214000103, 2.086059895000119, 0.0 ], [ 128.274871035000018, 2.086107775000187, 0.0 ], [ 128.274853167000146, 2.086161621000031, 0.0 ], [ 128.274835282, 2.086251371000173, 0.0 ], [ 128.274888771000036, 2.086341154000025, 0.0 ], [ 128.274948244000115, 2.086353149000047, 0.0 ], [ 128.274966070000232, 2.086389061000034, 0.0 ], [ 128.274995782, 2.086448912999969, 0.0 ], [ 128.274971969, 2.086496773000022, 0.0 ], [ 128.274954109000163, 2.086532668000075, 0.0 ], [ 128.274930296000065, 2.086580528000127, 0.0 ], [ 128.274936219000068, 2.086634386000128, 0.0 ], [ 128.274971895, 2.086658338000177, 0.0 ], [ 128.275031365, 2.086676317000183, 0.0 ], [ 128.275055127000172, 2.086742151000124, 0.0 ], [ 128.275019431000231, 2.086760086000084, 0.0 ], [ 128.275037261000278, 2.086790014000087, 0.0 ], [ 128.275084840000062, 2.086796019000132, 0.0 ], [ 128.275209739000019, 2.086808045000055, 0.0 ], [ 128.275328673000075, 2.086855971000091, 0.0 ], [ 128.275346472999985, 2.086951722000095, 0.0 ], [ 128.27548916600017, 2.087071464000076, 0.0 ], [ 128.275536729000095, 2.087113374000182, 0.0 ], [ 128.275697292999979, 2.087173287000042, 0.0 ], [ 128.275774592000147, 2.087221194000051, 0.0 ], [ 128.275875666000132, 2.087305015000141, 0.0 ], [ 128.275994603000271, 2.087346957000022, 0.0 ], [ 128.276101632000149, 2.087418813000113, 0.0 ], [ 128.276238402000075, 2.087484699000072, 0.0 ], [ 128.276345440000085, 2.087532620000047, 0.0 ], [ 128.276434653999985, 2.087538644000176, 0.0 ], [ 128.276470341000049, 2.08753866100011, 0.0 ], [ 128.27651351791971, 2.08754736939818, 0.0 ], [ 128.27667849600013, 2.087580644000126, 0.0 ], [ 128.276856917, 2.087610647000019, 0.0 ], [ 128.276993716000078, 2.087610710000092, 0.0 ], [ 128.277059145000038, 2.087604756000133, 0.0 ], [ 128.277225706000081, 2.087556963, 0.0 ], [ 128.277529045000023, 2.087557103000051, 0.0 ], [ 128.277612303000041, 2.087581076000163, 0.0 ], [ 128.277802633000164, 2.087581164000142, 0.0 ], [ 128.277975102999989, 2.087617147, 0.0 ], [ 128.278076202000307, 2.087647113, 0.0 ], [ 128.278254623000038, 2.087677115000019, 0.0 ], [ 128.278349759000065, 2.087742982000066, 0.0 ], [ 128.278415166000286, 2.087784899000042, 0.0 ], [ 128.278605455000132, 2.087874745000022, 0.0 ], [ 128.27865897500007, 2.087898705000043, 0.0 ], [ 128.278748169000067, 2.087946617000115, 0.0 ], [ 128.278885029000179, 2.087815036000166, 0.0 ], [ 128.278873161000064, 2.087755191000099, 0.0 ], [ 128.278855348000064, 2.08768936000007, 0.0 ], [ 128.278855375053439, 2.087628654084881, 0.0 ], [ 128.278855380000067, 2.087617554000133, 0.0 ], [ 128.278855422000078, 2.087527796000188, 0.0 ], [ 128.278879299000096, 2.087336322000169, 0.0 ], [ 128.278885297000187, 2.087228616000118, 0.0 ], [ 128.278879395000075, 2.087126887000124, 0.0 ], [ 128.278819974000015, 2.08700119800011, 0.0 ], [ 128.278867584000039, 2.086941381000087, 0.0 ], [ 128.278915189, 2.086893532000091, 0.0 ], [ 128.278927089000121, 2.086881570000172, 0.0 ], [ 128.278933059000082, 2.08683370200015, 0.0 ], [ 128.278939056000127, 2.08672599400012, 0.0 ], [ 128.278939069000188, 2.086696075000021, 0.0 ], [ 128.278962932000013, 2.086540506, 0.0 ], [ 128.279022440000034, 2.086474710000062, 0.0 ], [ 128.279040292000076, 2.086456767000129, 0.0 ], [ 128.27914738700008, 2.086379025000099, 0.0 ], [ 128.279171198000284, 2.086337148999974, 0.0 ], [ 128.279224763000201, 2.086259384000016, 0.0 ], [ 128.279308093000026, 2.086127777000058, 0.0 ], [ 128.279361659000159, 2.086050011000055, 0.0 ], [ 128.279456851000049, 2.085990216000141, 0.0 ], [ 128.279528259999978, 2.085912459000042, 0.0 ], [ 128.279575856000037, 2.085882561, 0.0 ], [ 128.279607159869101, 2.08586998030654, 0.0 ], [ 128.279635345000088, 2.085858653000173, 0.0 ], [ 128.279790021000025, 2.085786918, 0.0 ], [ 128.279829688897706, 2.08571081340574, 0.0 ], [ 128.279855504000096, 2.085661286000118, 0.0 ], [ 128.27993291300001, 2.085469838000051, 0.0 ], [ 128.279992437000118, 2.085368140000185, 0.0 ], [ 128.280045994, 2.085308325000142, 0.0 ], [ 128.280129300000198, 2.085230573000104, 0.0 ], [ 128.280242334000121, 2.085170786000048, 0.0 ], [ 128.280326003086742, 2.085122274319133, 0.0 ], [ 128.280397019, 2.085081099000149, 0.0 ], [ 128.28058142800009, 2.08502134500003, 0.0 ], [ 128.280586094388781, 2.085020605957197, 0.0 ], [ 128.280694444000204, 2.08500344600003, 0.0 ], [ 128.280908568000171, 2.084997559000159, 0.0 ], [ 128.280944280000057, 2.084943722000048, 0.0 ], [ 128.28097406200024, 2.084847993000039, 0.0 ], [ 128.280976776146844, 2.084820812470241, 0.0 ], [ 128.280980037000148, 2.084788157000048, 0.0 ], [ 128.281033614000052, 2.084686455, 0.0 ], [ 128.281087160000055, 2.084650577000048, 0.0 ], [ 128.281087198, 2.084566802000154, 0.0 ], [ 128.28108128300002, 2.084494992999964, 0.0 ], [ 128.281051593, 2.084387270000036, 0.0 ], [ 128.281027831000159, 2.084321437000028, 0.0 ], [ 128.281027864000038, 2.084249629000112, 0.0 ], [ 128.281039811000113, 2.084135942000046, 0.0 ], [ 128.281105270000126, 2.084064165000029, 0.0 ], [ 128.281188577000165, 2.083980429, 0.0 ], [ 128.281265908999984, 2.083956529000034, 0.0 ], [ 128.281410244157513, 2.083951587850663, 0.0 ], [ 128.281438399000052, 2.083950624000125, 0.0 ], [ 128.281462212000179, 2.083902764000072, 0.0 ], [ 128.281462522015971, 2.083894749439878, 0.0 ], [ 128.281468230000058, 2.083747185999982, 0.0 ], [ 128.281480174000052, 2.083639481999967, 0.0 ], [ 128.281480206000055, 2.083567675000153, 0.0 ], [ 128.281492154000119, 2.083453986999984, 0.0 ], [ 128.281527895000153, 2.083334325000067, 0.0 ], [ 128.281527939000028, 2.083238584000014, 0.0 ], [ 128.281557766000105, 2.083041128000048, 0.0 ], [ 128.281575653000232, 2.082945395000024, 0.0 ], [ 128.281581647000024, 2.082843671000148, 0.0 ], [ 128.28157578600019, 2.082652185000086, 0.0 ], [ 128.281571338879047, 2.082581584549644, 0.0 ], [ 128.281418977675088, 2.08247273859638, 0.0 ], [ 128.281227630550433, 2.082336041022245, 0.0 ], [ 128.281219032000052, 2.082400698000129, 0.0 ], [ 128.28120115100009, 2.082484464000175, 0.0 ], [ 128.281189190000276, 2.082628072000148, 0.0 ], [ 128.281171293000142, 2.082747742000095, 0.0 ], [ 128.281159348000187, 2.082855445, 0.0 ], [ 128.281123626000038, 2.082933219999972, 0.0 ], [ 128.281112043081379, 2.082951652289296, 0.0 ], [ 128.281052201000051, 2.083046881000086, 0.0 ], [ 128.281010550000104, 2.083082765000029, 0.0 ], [ 128.280885619000173, 2.083142546999966, 0.0 ], [ 128.280843979000082, 2.083154495000087, 0.0 ], [ 128.28070716, 2.083196318999966, 0.0 ], [ 128.280564410000096, 2.083202237000137, 0.0 ], [ 128.28040976500003, 2.083208151000065, 0.0 ], [ 128.280278913000046, 2.083208089999971, 0.0 ], [ 128.280171879999983, 2.083148203000121, 0.0 ], [ 128.280052943000214, 2.083106261000182, 0.0 ], [ 128.279886445000074, 2.083016426000142, 0.0 ], [ 128.279779398000159, 2.082986458000107, 0.0 ], [ 128.279725879000097, 2.082962496999983, 0.0 ], [ 128.279654524000165, 2.082920577000095, 0.0 ], [ 128.279541549000072, 2.082848718000093, 0.0 ], [ 128.279464252, 2.08279482800009, 0.0 ], [ 128.279345325000122, 2.082728951000036, 0.0 ], [ 128.279303713000189, 2.082681061000188, 0.0 ], [ 128.27916696500003, 2.082567304000065, 0.0 ], [ 128.279119396000141, 2.082537363000029, 0.0 ], [ 128.279036170000126, 2.082441583000047, 0.0 ], [ 128.278982662000175, 2.082393687000035, 0.0 ], [ 128.278923205000154, 2.082345789000158, 0.0 ], [ 128.278851838000037, 2.082333788000142, 0.0 ], [ 128.278833994000109, 2.082333780000112, 0.0 ], [ 128.278744780000011, 2.082327755000051, 0.0 ], [ 128.278697216000182, 2.082285846000048, 0.0 ], [ 128.27863776, 2.082237948, 0.0 ], [ 128.278584241000175, 2.082213988000149, 0.0 ], [ 128.278489109000105, 2.082142137000176, 0.0 ], [ 128.278411801000033, 2.08211218200006, 0.0 ], [ 128.278328575000131, 2.082016401999966, 0.0 ], [ 128.278168054000275, 2.081866731000105, 0.0 ], [ 128.278156223000082, 2.081723113000124, 0.0 ], [ 128.278132462, 2.081657279000183, 0.0 ], [ 128.27812060200003, 2.081579483000155, 0.0 ], [ 128.278132568000018, 2.081423907000044, 0.0 ], [ 128.278138537999979, 2.08137603900002, 0.0 ], [ 128.278138581000206, 2.081280297000092, 0.0 ], [ 128.278192154000152, 2.08118458000007, 0.0 ], [ 128.278215997000046, 2.081070897000188, 0.0 ], [ 128.278269612000116, 2.080885422, 0.0 ], [ 128.27830535300015, 2.080765761000123, 0.0 ], [ 128.278317295000051, 2.080664040000158, 0.0 ], [ 128.278412505000091, 2.080562359, 0.0 ], [ 128.278513681000021, 2.080424776000086, 0.0 ], [ 128.278526278196722, 2.080406206365353, 0.0 ], [ 128.27707442040716, 2.079369002011674, 0.0 ], [ 128.272938589859763, 2.084557667272861, 0.0 ] ] ] ] } },
{ "type": "Feature", "properties": { "Id_Zona": 39, "Zona": "Lainnya", "Sub_Zona": "Perlindungan Mamalia Laut", "Luas": 32.574826261799998, "KKP": "Pulau Rao - Tanjung Dehegila" }, "geometry": { "type": "MultiPolygon", "coordinates": [ [ [ [ 128.249374354000082, 2.111220814000148, 0.0 ], [ 128.24935654600003, 2.11114899800009, 0.0 ], [ 128.24936173464252, 2.111099635557934, 0.0 ], [ 128.249368496000187, 2.111035311000023, 0.0 ], [ 128.249368533000251, 2.110957522000036, 0.0 ], [ 128.249374544, 2.110825880000164, 0.0 ], [ 128.249410274000041, 2.110736140000029, 0.0 ], [ 128.249428158000086, 2.110652375000087, 0.0 ], [ 128.249437639688807, 2.110621426712782, 0.0 ], [ 128.249451987000015, 2.110574597000095, 0.0 ], [ 128.249481789000214, 2.11044296700004, 0.0 ], [ 128.249541349000197, 2.110275448000095, 0.0 ], [ 128.249571128000042, 2.110191689000033, 0.0 ], [ 128.249618765, 2.110078019000184, 0.0 ], [ 128.249636649000081, 2.109994254000128, 0.0 ], [ 128.249660475000127, 2.10992246, 0.0 ], [ 128.249643948377724, 2.109843294854272, 0.0 ], [ 128.249636738000021, 2.109808756, 0.0 ], [ 128.249563982239437, 2.109764790409031, 0.0 ], [ 128.249517815000189, 2.109736892000115, 0.0 ], [ 128.249398907000113, 2.109635108000078, 0.0 ], [ 128.249327541000071, 2.109617123000078, 0.0 ], [ 128.249291865000032, 2.109593170000153, 0.0 ], [ 128.249235133354404, 2.109524612740017, 0.0 ], [ 128.249232421000187, 2.109521335000125, 0.0 ], [ 128.249214601000176, 2.109473455999989, 0.0 ], [ 128.24920275400018, 2.109371725000187, 0.0 ], [ 128.249256369999983, 2.10919223500008, 0.0 ], [ 128.249292118000056, 2.10906659200009, 0.0 ], [ 128.249309993000082, 2.109000779000041, 0.0 ], [ 128.249339761000186, 2.108940955000094, 0.0 ], [ 128.24941115600015, 2.10889910300017, 0.0 ], [ 128.249536086, 2.108845308000071, 0.0 ], [ 128.249571774000145, 2.108845326000051, 0.0 ], [ 128.249738314000041, 2.108845406000057, 0.0 ], [ 128.249827514000089, 2.108881353000128, 0.0 ], [ 128.249886958000246, 2.108953188000101, 0.0 ], [ 128.24989288499998, 2.10899507800002, 0.0 ], [ 128.249916652000223, 2.109048944000051, 0.0 ], [ 128.249946379000079, 2.109072894000065, 0.0 ], [ 128.250017756000233, 2.109066945000052, 0.0 ], [ 128.250118905000022, 2.108995188000051, 0.0 ], [ 128.250208145000073, 2.108947360000172, 0.0 ], [ 128.250305710240781, 2.108911251453094, 0.0 ], [ 128.250331388138278, 2.108894329760404, 0.0 ], [ 128.250386636, 2.108833753000112, 0.0 ], [ 128.250469926000022, 2.108791907000182, 0.0 ], [ 128.250471124669502, 2.1087914691538, 0.0 ], [ 128.250535364000115, 2.108768004000069, 0.0 ], [ 128.25055191639612, 2.108760177264173, 0.0 ], [ 128.250737637000015, 2.108672360000127, 0.0 ], [ 128.250868515000093, 2.108618569000043, 0.0 ], [ 128.250922097000029, 2.10851088600009, 0.0 ], [ 128.251017327000085, 2.108379287000162, 0.0 ], [ 128.251064948999982, 2.108295537000174, 0.0 ], [ 128.25109469700007, 2.108277599000076, 0.0 ], [ 128.251142372248722, 2.108207906180724, 0.0 ], [ 128.251160170000134, 2.10818188900015, 0.0 ], [ 128.251225621000088, 2.108128067000166, 0.0 ], [ 128.251243503000154, 2.108050285000103, 0.0 ], [ 128.251314900000096, 2.108002449000082, 0.0 ], [ 128.25143985000031, 2.107906768000021, 0.0 ], [ 128.251585806224512, 2.107789412539773, 0.0 ], [ 128.251588604000034, 2.107787163000182, 0.0 ], [ 128.251648128000141, 2.107691450000174, 0.0 ], [ 128.25173740300022, 2.107571817000121, 0.0 ], [ 128.251804737736705, 2.107436496262778, 0.0 ], [ 128.251808846000102, 2.107428240000047, 0.0 ], [ 128.251886239000072, 2.10727868000015, 0.0 ], [ 128.251921978000013, 2.107170989, 0.0 ], [ 128.251945431966988, 2.107141976510547, 0.0 ], [ 128.245400079610221, 2.106970673050569, 0.0 ], [ 128.245392221855781, 2.108260882837612, 0.0 ], [ 128.245330637163391, 2.112629048959378, 0.0 ], [ 128.249972137941995, 2.112696164973272, 0.0 ], [ 128.249956554000022, 2.112663200000156, 0.0 ], [ 128.249926895000129, 2.112495639000031, 0.0 ], [ 128.249879361000097, 2.112393890000078, 0.0 ], [ 128.249867503, 2.112316094, 0.0 ], [ 128.249701029000107, 2.112178386000153, 0.0 ], [ 128.249605871000171, 2.11216038800012, 0.0 ], [ 128.249547657561124, 2.112066072817413, 0.0 ], [ 128.249469176000019, 2.111938920000057, 0.0 ], [ 128.249427636000263, 2.111741432999963, 0.0 ], [ 128.249416260837251, 2.111646638055845, 0.0 ], [ 128.249403939000189, 2.111543954000069, 0.0 ], [ 128.249403974000046, 2.111472149000065, 0.0 ], [ 128.249405329553809, 2.111457227712038, 0.0 ], [ 128.249415933000108, 2.111340510000104, 0.0 ], [ 128.249393208997702, 2.111275093031395, 0.0 ], [ 128.249374354000082, 2.111220814000148, 0.0 ] ] ] ] } },
{ "type": "Feature", "properties": { "Id_Zona": 10, "Zona": "Inti", "Sub_Zona": "Inti", "Luas": 21.5442456591, "KKP": "Pulau Rao - Tanjung Dehegila" }, "geometry": { "type": "MultiPolygon", "coordinates": [ [ [ [ 128.226647739751627, 2.017464132204104, 0.0 ], [ 128.226593629545562, 2.012833903032482, 0.0 ], [ 128.221971341268528, 2.012841714115621, 0.0 ], [ 128.221945352473625, 2.014637827436295, 0.0 ], [ 128.224869854633937, 2.017485640372173, 0.0 ], [ 128.226647739751627, 2.017464132204104, 0.0 ] ] ] ] } },
{ "type": "Feature", "properties": { "Id_Zona": 13, "Zona": "Pemanfaatan", "Sub_Zona": "Pariwisata Alam Perairan", "Luas": 151.847754528, "KKP": "Pulau Rao - Tanjung Dehegila" }, "geometry": { "type": "MultiPolygon", "coordinates": [ [ [ [ 128.140878163550241, 2.390183060658064, 0.0 ], [ 128.138496465100872, 2.38410827578477, 0.0 ], [ 128.138369551186798, 2.38340194850711, 0.0 ], [ 128.132699734424676, 2.367962538286157, 0.0 ], [ 128.12770544735605, 2.370111775323587, 0.0 ], [ 128.133642905074055, 2.385374968799297, 0.0 ], [ 128.13610763134389, 2.392241426623579, 0.0 ], [ 128.136546107515017, 2.392052236146862, 0.0 ], [ 128.139322623615357, 2.39085424029078, 0.0 ], [ 128.140878163550241, 2.390183060658064, 0.0 ] ] ] ] } },
{ "type": "Feature", "properties": { "Id_Zona": 1, "Zona": "Inti", "Sub_Zona": "Inti", "Luas": 63.973817477899999, "KKP": "Pulau Rao - Tanjung Dehegila" }, "geometry": { "type": "MultiPolygon", "coordinates": [ [ [ [ 128.153943710000107, 2.406183135000162, 0.0 ], [ 128.153933473987848, 2.406172826352531, 0.0 ], [ 128.15347921580053, 2.407288882407783, 0.0 ], [ 128.151846928081653, 2.410743355945727, 0.0 ], [ 128.164050934209143, 2.415938488004144, 0.0 ], [ 128.165111632797078, 2.413507143872096, 0.0 ], [ 128.165281571691679, 2.413117607357207, 0.0 ], [ 128.165503570768209, 2.412525693320162, 0.0 ], [ 128.165443129000067, 2.412503070000013, 0.0 ], [ 128.165200429, 2.41247419900003, 0.0 ], [ 128.164907779, 2.412409394000121, 0.0 ], [ 128.16478645000015, 2.412359056000014, 0.0 ], [ 128.164658013000093, 2.412258451000127, 0.0 ], [ 128.16457950100002, 2.412236862000043, 0.0 ], [ 128.164451034000052, 2.412186519000044, 0.0 ], [ 128.164336844000076, 2.412136185000122, 0.0 ], [ 128.164179830000052, 2.412071465000111, 0.0 ], [ 128.164015669000037, 2.41202110100005, 0.0 ], [ 128.163894345000017, 2.411963582000169, 0.0 ], [ 128.163837253000196, 2.411934825000174, 0.0 ], [ 128.163723064000095, 2.411884492000183, 0.0 ], [ 128.163623147000038, 2.411841347000064, 0.0 ], [ 128.16348754100008, 2.411791000000107, 0.0 ], [ 128.163423319000088, 2.411747879000187, 0.0 ], [ 128.163294852, 2.41169753600002, 0.0 ], [ 128.163144981000158, 2.411625639000192, 0.0 ], [ 128.163016532000228, 2.411546575000045, 0.0 ], [ 128.162823821000046, 2.41148901300005, 0.0 ], [ 128.162673951000073, 2.411417115000176, 0.0 ], [ 128.162474131000067, 2.411309286, 0.0 ], [ 128.161953095000285, 2.411158174000151, 0.0 ], [ 128.161731860000032, 2.411050331000183, 0.0 ], [ 128.1613464630002, 2.410892123000054, 0.0 ], [ 128.161103798000084, 2.410805807000031, 0.0 ], [ 128.160953928999987, 2.410733911000135, 0.0 ], [ 128.160746966, 2.41063325600004, 0.0 ], [ 128.160561403000059, 2.41056133800015, 0.0 ], [ 128.160418668, 2.410496625, 0.0 ], [ 128.160261663000114, 2.410417543000051, 0.0 ], [ 128.160111807, 2.41032410400004, 0.0 ], [ 128.159990497000081, 2.410245045000182, 0.0 ], [ 128.15976214500003, 2.410101295000175, 0.0 ], [ 128.159526659000079, 2.409950361000142, 0.0 ], [ 128.159391093000067, 2.409835389000022, 0.0 ], [ 128.159276917000028, 2.409763515000122, 0.0 ], [ 128.159205579000144, 2.40968448600006, 0.0 ], [ 128.158855917000182, 2.409461674999988, 0.0 ], [ 128.158598980000164, 2.409368171000267, 0.0 ], [ 128.158399143000196, 2.409289062000027, 0.0 ], [ 128.158342046, 2.409267486000033, 0.0 ], [ 128.158220718000138, 2.409217147000049, 0.0 ], [ 128.158156500999979, 2.409166844000027, 0.0 ], [ 128.15783535, 2.409015856000167, 0.0 ], [ 128.157656935000063, 2.408929580000119, 0.0 ], [ 128.157521338000123, 2.408864872000095, 0.0 ], [ 128.157385738000102, 2.408807345000071, 0.0 ], [ 128.157278697000038, 2.408742654000094, 0.0 ], [ 128.15715023900006, 2.408677950000083, 0.0 ], [ 128.156893328999985, 2.408541363000097, 0.0 ], [ 128.156786323000233, 2.40841923, 0.0 ], [ 128.156600791000045, 2.408297047000133, 0.0 ], [ 128.156379574000169, 2.408160480999982, 0.0 ], [ 128.156236874000086, 2.408038326000109, 0.0 ], [ 128.156122743000168, 2.407894646000102, 0.0 ], [ 128.156037167, 2.407750985000063, 0.0 ], [ 128.155937300000204, 2.407628856000145, 0.0 ], [ 128.155878695000041, 2.407480404000125, 0.0 ], [ 128.155634879000075, 2.407333054, 0.0 ], [ 128.155349423000274, 2.407182087000023, 0.0 ], [ 128.1551995720001, 2.407081468000171, 0.0 ], [ 128.15503545200022, 2.406966480000051, 0.0 ], [ 128.154799954000026, 2.406837086, 0.0 ], [ 128.154685791999981, 2.406743670000083, 0.0 ], [ 128.154535941000148, 2.406643050000127, 0.0 ], [ 128.154386081000183, 2.406556791000185, 0.0 ], [ 128.154257642000147, 2.406463366000196, 0.0 ], [ 128.154143470000093, 2.406384310000021, 0.0 ], [ 128.154029322000014, 2.406269353000198, 0.0 ], [ 128.153943710000107, 2.406183135000162, 0.0 ] ] ] ] } },
{ "type": "Feature", "properties": { "Id_Zona": 12, "Zona": "Pemanfaatan", "Sub_Zona": "Pariwisata Alam Perairan", "Luas": 72.024403311300006, "KKP": "Pulau Rao - Tanjung Dehegila" }, "geometry": { "type": "MultiPolygon", "coordinates": [ [ [ [ 128.164050934209115, 2.415938488004156, 0.0 ], [ 128.151846928081568, 2.41074335594573, 0.0 ], [ 128.149952253082176, 2.414753095315237, 0.0 ], [ 128.162307229655454, 2.419935395099608, 0.0 ], [ 128.164050934209115, 2.415938488004156, 0.0 ] ] ] ] } },
{ "type": "Feature", "properties": { "Id_Zona": 19, "Zona": "Pemanfaatan", "Sub_Zona": "Pariwisata Alam Perairan", "Luas": 31.875924118499999, "KKP": "Pulau Rao - Tanjung Dehegila" }, "geometry": { "type": "MultiPolygon", "coordinates": [ [ [ [ 128.200368882494331, 2.05852119806165, 0.0 ], [ 128.196425694839945, 2.058484553874576, 0.0 ], [ 128.196432525575773, 2.060623182778852, 0.0 ], [ 128.196446978778766, 2.065149452346051, 0.0 ], [ 128.199804502086721, 2.065131285953687, 0.0 ], [ 128.200318056027015, 2.065128506661242, 0.0 ], [ 128.200368882494331, 2.05852119806165, 0.0 ] ] ] ] } },
{ "type": "Feature", "properties": { "Id_Zona": 42, "Zona": "Lainnya", "Sub_Zona": "Rehabilitasi", "Luas": 8.7607926243699996, "KKP": "Pulau Rao - Tanjung Dehegila" }, "geometry": { "type": "MultiPolygon", "coordinates": [ [ [ [ 128.210758374567348, 2.164370318591475, 0.0 ], [ 128.208382727870145, 2.164349865557256, 0.0 ], [ 128.208371925164812, 2.167360954556474, 0.0 ], [ 128.20860921004325, 2.167361079277281, 0.0 ], [ 128.210744930175764, 2.167362200163988, 0.0 ], [ 128.210758374567348, 2.164370318591475, 0.0 ] ] ] ] } },
{ "type": "Feature", "properties": { "Id_Zona": 43, "Zona": "Lainnya", "Sub_Zona": "Rehabilitasi", "Luas": 29.400774558399998, "KKP": "Pulau Rao - Tanjung Dehegila" }, "geometry": { "type": "MultiPolygon", "coordinates": [ [ [ [ 128.211095383186915, 2.191943037539772, 0.0 ], [ 128.211093263855787, 2.192230885340507, 0.0 ], [ 128.211130185000087, 2.19225057400007, 0.0 ], [ 128.211220569000119, 2.192303278, 0.0 ], [ 128.21129192600003, 2.192341613000053, 0.0 ], [ 128.211368037000028, 2.192389523000144, 0.0 ], [ 128.211491676000151, 2.19254756000015, 0.0 ], [ 128.211624821000186, 2.192724751000127, 0.0 ], [ 128.211757981000204, 2.192873218999978, 0.0 ], [ 128.211919555000236, 2.193284988000074, 0.0 ], [ 128.212052631000205, 2.193596215000127, 0.0 ], [ 128.212233289000068, 2.193912254999987, 0.0 ], [ 128.212390179000039, 2.194180411000161, 0.0 ], [ 128.212499533000113, 2.194357588000173, 0.0 ], [ 128.212585061, 2.194596984999976, 0.0 ], [ 128.212627787000059, 2.194788488000085, 0.0 ], [ 128.212737082000103, 2.195075767000162, 0.0 ], [ 128.212784552000102, 2.195295996000027, 0.0 ], [ 128.212884363000171, 2.195521038000151, 0.0 ], [ 128.212917630000106, 2.195602435000069, 0.0 ], [ 128.212935789839065, 2.195626350443717, 0.0 ], [ 128.212979449000017, 2.195683847000055, 0.0 ], [ 128.21306029600018, 2.195774844000028, 0.0 ], [ 128.213096431487855, 2.19582663335666, 0.0 ], [ 128.213429815616223, 2.195825188699076, 0.0 ], [ 128.216470458140975, 2.195856492455277, 0.0 ], [ 128.216520757841039, 2.190638659855153, 0.0 ], [ 128.215119148092725, 2.190637922145527, 0.0 ], [ 128.211096067352372, 2.19063579735257, 0.0 ], [ 128.211095383186915, 2.191943037539772, 0.0 ] ] ] ] } },
{ "type": "Feature", "properties": { "Id_Zona": 33, "Zona": "Perikanan Berkelanjutan", "Sub_Zona": "Budidaya", "Luas": 109.26299444599999, "KKP": "Pulau Rao - Tanjung Dehegila" }, "geometry": { "type": "MultiPolygon", "coordinates": [ [ [ [ 128.236260479198421, 2.11568419140508, 0.0 ], [ 128.225954550000182, 2.115868507000016, 0.0 ], [ 128.226068744000031, 2.115878139000131, 0.0 ], [ 128.22614486900008, 2.115892537999968, 0.0 ], [ 128.226173390000184, 2.115949997000029, 0.0 ], [ 128.226130527000095, 2.116026569000156, 0.0 ], [ 128.22612571, 2.116146242000184, 0.0 ], [ 128.226082857000023, 2.116203665000057, 0.0 ], [ 128.22606850400004, 2.116361630000085, 0.0 ], [ 128.226058908999988, 2.116519598000025, 0.0 ], [ 128.226044582000185, 2.116624906000027, 0.0 ], [ 128.226011212000088, 2.116749352000169, 0.0 ], [ 128.226001667000077, 2.116806792000148, 0.0 ], [ 128.225987351000157, 2.116888164000101, 0.0 ], [ 128.226006342000204, 2.116974341000059, 0.0 ], [ 128.226063389000018, 2.117079684000146, 0.0 ], [ 128.226110948000013, 2.117127578, 0.0 ], [ 128.226129943000018, 2.117204180000158, 0.0 ], [ 128.22612516600006, 2.117242474000136, 0.0 ], [ 128.226139408000193, 2.117309499999977, 0.0 ], [ 128.226186972000022, 2.117347820000134, 0.0 ], [ 128.226215534000147, 2.117323899000041, 0.0 ], [ 128.226272650000055, 2.117290419000085, 0.0 ], [ 128.226324979000054, 2.117314381000142, 0.0 ], [ 128.22633924200008, 2.11733832200008, 0.0 ], [ 128.226353486000193, 2.117400561000125, 0.0 ], [ 128.226348706000152, 2.117443642000068, 0.0 ], [ 128.226334410000021, 2.117486719000169, 0.0 ], [ 128.226391476000089, 2.117553766000129, 0.0 ], [ 128.226424767000111, 2.117587292000053, 0.0 ], [ 128.226439064000118, 2.117544216000055, 0.0 ], [ 128.226443841000076, 2.117505922000077, 0.0 ], [ 128.226472421000125, 2.117443704000095, 0.0 ], [ 128.226480442255138, 2.117434490917163, 0.0 ], [ 128.226505749000097, 2.117405424000082, 0.0 ], [ 128.226553333000055, 2.11740066200008, 0.0 ], [ 128.226600895000132, 2.117443768999975, 0.0 ], [ 128.226615158000186, 2.117467711000188, 0.0 ], [ 128.226643672, 2.117539531000091, 0.0 ], [ 128.226643653000082, 2.117577827000048, 0.0 ], [ 128.226619791000047, 2.117721426000116, 0.0 ], [ 128.226572163000213, 2.117812357000106, 0.0 ], [ 128.226496002000061, 2.117869763000044, 0.0 ], [ 128.22649490127489, 2.117870315983851, 0.0 ], [ 128.22643888800016, 2.117898456000035, 0.0 ], [ 128.226381793000058, 2.117888854000114, 0.0 ], [ 128.226367537000186, 2.117850550000184, 0.0 ], [ 128.226296144000202, 2.117888811000058, 0.0 ], [ 128.226262785999978, 2.117989322000085, 0.0 ], [ 128.226191274000229, 2.118266934000132, 0.0 ], [ 128.226172075, 2.118602018000161, 0.0 ], [ 128.226157679000011, 2.118846150000137, 0.0 ], [ 128.226119510000188, 2.119051973000182, 0.0 ], [ 128.226100358000053, 2.119291315999988, 0.0 ], [ 128.226109782000066, 2.119478015000084, 0.0 ], [ 128.226133507000213, 2.11961206400008, 0.0 ], [ 128.226157249000011, 2.119712605000132, 0.0 ], [ 128.226238065000274, 2.119861043000185, 0.0 ], [ 128.226271347000051, 2.119913717000088, 0.0 ], [ 128.22636647300007, 2.119995145000075, 0.0 ], [ 128.226456857000102, 2.120043060000057, 0.0 ], [ 128.22651869600017, 2.120081388000187, 0.0 ], [ 128.226566233000057, 2.120172366000076, 0.0 ], [ 128.226594719000332, 2.120301630000086, 0.0 ], [ 128.226518549000019, 2.120378185000163, 0.0 ], [ 128.226499468000014, 2.120473916000151, 0.0 ], [ 128.226499420000209, 2.120569656999976, 0.0 ], [ 128.226489841000188, 2.120694115000163, 0.0 ], [ 128.226504034000072, 2.120861668000089, 0.0 ], [ 128.226589559000075, 2.121110638000061, 0.0 ], [ 128.226637047000253, 2.12130214400014, 0.0 ], [ 128.226694066000135, 2.121464932000094, 0.0 ], [ 128.226717746000048, 2.12168993500012, 0.0 ], [ 128.226674854000265, 2.121823950000135, 0.0 ], [ 128.226617729000253, 2.121876578000013, 0.0 ], [ 128.226579572000077, 2.122058467000101, 0.0 ], [ 128.22655570400002, 2.122211641000149, 0.0 ], [ 128.226536609000135, 2.122336094000048, 0.0 ], [ 128.226484208000329, 2.122455743999978, 0.0 ], [ 128.22645083900008, 2.122580190000178, 0.0 ], [ 128.226417461000068, 2.122718998000096, 0.0 ], [ 128.22635551200014, 2.122900874000038, 0.0 ], [ 128.226341152, 2.123073200000079, 0.0 ], [ 128.226284003000018, 2.123173699000176, 0.0 ], [ 128.226269596000179, 2.123436980000179, 0.0 ], [ 128.226293241000093, 2.123733788000038, 0.0 ], [ 128.226321727999988, 2.123858265000138, 0.0 ], [ 128.226359754000185, 2.123939665000137, 0.0 ], [ 128.226307363000018, 2.124040165999986, 0.0 ], [ 128.226235924000065, 2.124169380000013, 0.0 ], [ 128.226102620000205, 2.124312925000083, 0.0 ], [ 128.226040712000071, 2.124413421000042, 0.0 ], [ 128.226037126633969, 2.124429165318645, 0.0 ], [ 128.226002562000048, 2.12458094800013, 0.0 ], [ 128.225954943000147, 2.124652730000037, 0.0 ], [ 128.225878803000086, 2.124667052000177, 0.0 ], [ 128.228030942236245, 2.124794219401224, 0.0 ], [ 128.236176679475506, 2.124715077608016, 0.0 ], [ 128.23625231393882, 2.116026612983261, 0.0 ], [ 128.236260479198421, 2.11568419140508, 0.0 ] ] ] ] } },
{ "type": "Feature", "properties": { "Id_Zona": 32, "Zona": "Perikanan Berkelanjutan", "Sub_Zona": "Budidaya", "Luas": 105.561657465, "KKP": "Pulau Rao - Tanjung Dehegila" }, "geometry": { "type": "MultiPolygon", "coordinates": [ [ [ [ 128.22843932906477, 2.150912943143429, 0.0 ], [ 128.219231873337833, 2.150860363018916, 0.0 ], [ 128.219221201129386, 2.151662128959518, 0.0 ], [ 128.219109625451011, 2.160043688066728, 0.0 ], [ 128.227451148491156, 2.160259280688657, 0.0 ], [ 128.228410812657927, 2.160295532128514, 0.0 ], [ 128.22843932906477, 2.150912943143429, 0.0 ] ] ] ] } },
{ "type": "Feature", "properties": { "Id_Zona": 29, "Zona": "Perikanan Berkelanjutan", "Sub_Zona": "Budidaya", "Luas": 39.062305226299998, "KKP": "Pulau Rao - Tanjung Dehegila" }, "geometry": { "type": "MultiPolygon", "coordinates": [ [ [ [ 128.215119148092782, 2.190637922145468, 0.0 ], [ 128.216520757840954, 2.190638659855193, 0.0 ], [ 128.220904626081534, 2.190648799943246, 0.0 ], [ 128.220966793952385, 2.185442935017805, 0.0 ], [ 128.220974945071646, 2.185145991996553, 0.0 ], [ 128.215145772438632, 2.185190810606414, 0.0 ], [ 128.215119148092782, 2.190637922145468, 0.0 ] ] ] ] } },
{ "type": "Feature", "properties": { "Id_Zona": 28, "Zona": "Perikanan Berkelanjutan", "Sub_Zona": "Budidaya", "Luas": 169.79758114800001, "KKP": "Pulau Rao - Tanjung Dehegila" }, "geometry": { "type": "MultiPolygon", "coordinates": [ [ [ [ 128.221849603334448, 2.206621887776976, 0.0 ], [ 128.221918470247687, 2.20096762751109, 0.0 ], [ 128.220888396247886, 2.200930701108746, 0.0 ], [ 128.214523068492326, 2.200810650847984, 0.0 ], [ 128.213904143684744, 2.200807028272834, 0.0 ], [ 128.213990283000129, 2.200902238000082, 0.0 ], [ 128.214056818999978, 2.201060245000065, 0.0 ], [ 128.214085288000064, 2.201218232000087, 0.0 ], [ 128.214085196000127, 2.201395351000088, 0.0 ], [ 128.21402803, 2.20151499700006, 0.0 ], [ 128.213963483795368, 2.201605802657639, 0.0 ], [ 128.213956600000273, 2.201615487000026, 0.0 ], [ 128.213781057582167, 2.201782846779224, 0.0 ], [ 128.213770924000045, 2.201792507999982, 0.0 ], [ 128.213709018, 2.201878642, 0.0 ], [ 128.213642356, 2.201959985000087, 0.0 ], [ 128.213561430000141, 2.202017386000136, 0.0 ], [ 128.213485249000058, 2.202103513000054, 0.0 ], [ 128.213380525000133, 2.202170475000116, 0.0 ], [ 128.21327103400003, 2.202256584000053, 0.0 ], [ 128.213152026000216, 2.202342687000112, 0.0 ], [ 128.213037765000053, 2.202447941000116, 0.0 ], [ 128.212971101000193, 2.202534072000048, 0.0 ], [ 128.212880623000018, 2.202658486000075, 0.0 ], [ 128.212842522000159, 2.202720698000064, 0.0 ], [ 128.212828186, 2.202835577999962, 0.0 ], [ 128.212799562000072, 2.202974386000107, 0.0 ], [ 128.212799512000146, 2.203070127000103, 0.0 ], [ 128.212972910392608, 2.203105403270172, 0.0 ], [ 128.213365717000187, 2.203185316000145, 0.0 ], [ 128.213408612000052, 2.203056090000075, 0.0 ], [ 128.213532335000053, 2.203056156000117, 0.0 ], [ 128.213527460000108, 2.203276355000128, 0.0 ], [ 128.213427519000078, 2.203300238000054, 0.0 ], [ 128.213356168000018, 2.203247543000031, 0.0 ], [ 128.212952415442231, 2.203174673771855, 0.0 ], [ 128.212770923000306, 2.203141918000085, 0.0 ], [ 128.21278510800002, 2.203314257000045, 0.0 ], [ 128.212799280000098, 2.203510533000155, 0.0 ], [ 128.212789675000266, 2.203678074000039, 0.0 ], [ 128.212770561000156, 2.203831248000085, 0.0 ], [ 128.212760999000011, 2.203917409000042, 0.0 ], [ 128.212760933, 2.204041872000118, 0.0 ], [ 128.212760858000109, 2.204185483, 0.0 ], [ 128.212765100176483, 2.204239185749486, 0.0 ], [ 128.212779766000239, 2.204424844000186, 0.0 ], [ 128.212779676000054, 2.20459717600005, 0.0 ], [ 128.212817651000108, 2.204774317000044, 0.0 ], [ 128.212827115000181, 2.204874849000021, 0.0 ], [ 128.212841293000082, 2.205061550000096, 0.0 ], [ 128.212850729, 2.205214740000031, 0.0 ], [ 128.212812548000073, 2.205430135000142, 0.0 ], [ 128.212769635000058, 2.205592871000135, 0.0 ], [ 128.212683894000151, 2.205760372000042, 0.0 ], [ 128.212617188000166, 2.20592309500006, 0.0 ], [ 128.212440933000011, 2.206282028000033, 0.0 ], [ 128.212421121621901, 2.206311490555095, 0.0 ], [ 128.213011628985413, 2.20785145201512, 0.0 ], [ 128.211188084634017, 2.210329983647853, 0.0 ], [ 128.211120526584381, 2.216332977103605, 0.0 ], [ 128.220254186830857, 2.21643296692821, 0.0 ], [ 128.220439124715853, 2.209032996879216, 0.0 ], [ 128.221849603334448, 2.206621887776976, 0.0 ] ] ] ] } },
{ "type": "Feature", "properties": { "Id_Zona": 27, "Zona": "Perikanan Berkelanjutan", "Sub_Zona": "Budidaya", "Luas": 99.928456534199995, "KKP": "Pulau Rao - Tanjung Dehegila" }, "geometry": { "type": "MultiPolygon", "coordinates": [ [ [ [ 128.219168570511556, 2.218158795718991, 0.0 ], [ 128.210147168254224, 2.218028514949371, 0.0 ], [ 128.20994726960916, 2.227083914266268, 0.0 ], [ 128.21472636695313, 2.227119680253887, 0.0 ], [ 128.218952547814183, 2.227122232510428, 0.0 ], [ 128.219168570511556, 2.218158795718991, 0.0 ] ] ] ] } },
{ "type": "Feature", "properties": { "Id_Zona": 30, "Zona": "Perikanan Berkelanjutan", "Sub_Zona": "Budidaya", "Luas": 101.08598321700001, "KKP": "Pulau Rao - Tanjung Dehegila" }, "geometry": { "type": "MultiPolygon", "coordinates": [ [ [ [ 128.220097681315451, 2.172880441812595, 0.0 ], [ 128.219439179650948, 2.172860660285608, 0.0 ], [ 128.219248623000198, 2.172984562000123, 0.0 ], [ 128.219129619000086, 2.173068274000115, 0.0 ], [ 128.219004654000145, 2.173175916000162, 0.0 ], [ 128.218933246000091, 2.173235717000011, 0.0 ], [ 128.218701155000048, 2.173462981000171, 0.0 ], [ 128.218629698000058, 2.17361852199997, 0.0 ], [ 128.218605865000285, 2.173696299000141, 0.0 ], [ 128.218546357, 2.173750122000058, 0.0 ], [ 128.218486835999983, 2.173827880000089, 0.0 ], [ 128.218415398000246, 2.173947518000034, 0.0 ], [ 128.218361822999981, 2.174031264, 0.0 ], [ 128.218290406000051, 2.174109016000046, 0.0 ], [ 128.218201150999988, 2.174174791000098, 0.0 ], [ 128.21801073900005, 2.174318302000131, 0.0 ], [ 128.217838202000138, 2.174401985999964, 0.0 ], [ 128.217606224000264, 2.174407849000034, 0.0 ], [ 128.21749323200001, 2.174365904000183, 0.0 ], [ 128.217469468000218, 2.174312037000107, 0.0 ], [ 128.217463545000101, 2.174264163000032, 0.0 ], [ 128.217463582000022, 2.174192358000028, 0.0 ], [ 128.217463625000136, 2.174108585000113, 0.0 ], [ 128.217422037000205, 2.174012823, 0.0 ], [ 128.217404227000173, 2.17394699199997, 0.0 ], [ 128.217404249000197, 2.173905105000187, 0.0 ], [ 128.217422124000308, 2.173845277, 0.0 ], [ 128.217439999000106, 2.173785448000103, 0.0 ], [ 128.217463837000167, 2.173695704000181, 0.0 ], [ 128.217487670000054, 2.173617927, 0.0 ], [ 128.217487716000022, 2.173528171000043, 0.0 ], [ 128.217463957000149, 2.173462336000056, 0.0 ], [ 128.217434232000073, 2.17343240200006, 0.0 ], [ 128.217440212000014, 2.173372567000171, 0.0 ], [ 128.217464016000122, 2.173348644000043, 0.0 ], [ 128.217487852000062, 2.173264883000115, 0.0 ], [ 128.217487863000173, 2.173240949000103, 0.0 ], [ 128.217481924999987, 2.173222994000128, 0.0 ], [ 128.217481940000283, 2.173193075000029, 0.0 ], [ 128.217481957999979, 2.173157172000174, 0.0 ], [ 128.217499823999987, 2.173115296000105, 0.0 ], [ 128.217523654000018, 2.173043503000088, 0.0 ], [ 128.217541526000105, 2.172989658000176, 0.0 ], [ 128.217541544000113, 2.172953755000151, 0.0 ], [ 128.217535624000078, 2.172899898000025, 0.0 ], [ 128.217529703000054, 2.172846040000025, 0.0 ], [ 128.217530679417763, 2.172835298592076, 0.0 ], [ 128.217080199514811, 2.17282329980219, 0.0 ], [ 128.216080489631366, 2.172804366981381, 0.0 ], [ 128.216059510925305, 2.182029305649962, 0.0 ], [ 128.225214828772295, 2.18201506618351, 0.0 ], [ 128.225335185675902, 2.172979610052437, 0.0 ], [ 128.220097681315451, 2.172880441812595, 0.0 ] ] ] ] } },
{ "type": "Feature", "properties": { "Id_Zona": 31, "Zona": "Perikanan Berkelanjutan", "Sub_Zona": "Budidaya", "Luas": 107.050616698, "KKP": "Pulau Rao - Tanjung Dehegila" }, "geometry": { "type": "MultiPolygon", "coordinates": [ [ [ [ 128.227134440759357, 2.161239170457562, 0.0 ], [ 128.21784666914138, 2.161189322740833, 0.0 ], [ 128.217841870894603, 2.170545130326897, 0.0 ], [ 128.226846647816473, 2.170595157515257, 0.0 ], [ 128.227168408657576, 2.170587034344424, 0.0 ], [ 128.227134440759357, 2.161239170457562, 0.0 ] ] ] ] } },
{ "type": "Feature", "properties": { "Id_Zona": 11, "Zona": "Inti", "Sub_Zona": "Inti", "Luas": 46.6124667363, "KKP": "Pulau Rao - Tanjung Dehegila" }, "geometry": { "type": "MultiPolygon", "coordinates": [ [ [ [ 128.259028184734206, 2.045876327536404, 0.0 ], [ 128.259054782952234, 2.039748873223743, 0.0 ], [ 128.252797886548592, 2.039769898712165, 0.0 ], [ 128.252775581457826, 2.045850283306208, 0.0 ], [ 128.259028184734206, 2.045876327536404, 0.0 ] ], [ [ 128.256954168000078, 2.04502058700001, 0.0 ], [ 128.25699699499998, 2.045011032000218, 0.0 ], [ 128.257049334000158, 2.045011056000021, 0.0 ], [ 128.257103528299098, 2.045022765770113, 0.0 ], [ 128.257115942000127, 2.04502544800016, 0.0 ], [ 128.257149226, 2.045073334000051, 0.0 ], [ 128.257173004, 2.045102069000052, 0.0 ], [ 128.257182031897031, 2.045112978642464, 0.0 ], [ 128.257220558000057, 2.045159535000153, 0.0 ], [ 128.257244327000166, 2.045207417000029, 0.0 ], [ 128.257246677131292, 2.045215114038057, 0.0 ], [ 128.257257410909432, 2.045250268799123, 0.0 ], [ 128.257263331000303, 2.045269658000109, 0.0 ], [ 128.257268065000034, 2.045322318000046, 0.0 ], [ 128.257272802000074, 2.045365405000155, 0.0 ], [ 128.257272779000232, 2.045418063000057, 0.0 ], [ 128.257272758000084, 2.045461146000151, 0.0 ], [ 128.257272747000201, 2.045485081000095, 0.0 ], [ 128.257272736333761, 2.045508909993828, 0.0 ], [ 128.257272732000132, 2.045518591000018, 0.0 ], [ 128.257272719000042, 2.0455473130001, 0.0 ], [ 128.257258434000022, 2.045571242000051, 0.0 ], [ 128.257239394000038, 2.045585595000091, 0.0 ], [ 128.257215600000194, 2.045595158000083, 0.0 ], [ 128.257196563000321, 2.045604723000054, 0.0 ], [ 128.257139465, 2.045604696000111, 0.0 ], [ 128.257110931000142, 2.045575960000064, 0.0 ], [ 128.257082395000083, 2.045547225000064, 0.0 ], [ 128.257044376000039, 2.04544667800002, 0.0 ], [ 128.257034887000231, 2.045389228999966, 0.0 ], [ 128.257030153000045, 2.045336569000085, 0.0 ], [ 128.257015915000096, 2.045255182000176, 0.0 ], [ 128.257015953000263, 2.045173801000089, 0.0 ], [ 128.257001692000102, 2.045145072000139, 0.0 ], [ 128.256973161000104, 2.045106762000159, 0.0 ], [ 128.256944621000088, 2.045087600000158, 0.0 ], [ 128.256930360000041, 2.045058872000085, 0.0 ], [ 128.256939888000119, 2.045034941000153, 0.0 ], [ 128.256954168000078, 2.04502058700001, 0.0 ] ], [ [ 128.255514076000253, 2.041515773000129, 0.0 ], [ 128.255542607000024, 2.041554082000175, 0.0 ], [ 128.2555663710001, 2.04161153900003, 0.0 ], [ 128.255623428000121, 2.041697733000092, 0.0 ], [ 128.255623416000248, 2.041726455000172, 0.0 ], [ 128.255628165000047, 2.041745605000131, 0.0 ], [ 128.255661458000048, 2.041774343000043, 0.0 ], [ 128.255709026000062, 2.041803088, 0.0 ], [ 128.255770867999985, 2.0418318400001, 0.0 ], [ 128.255799406000023, 2.04185578900018, 0.0 ], [ 128.255837446000186, 2.041908464000187, 0.0 ], [ 128.255842187000184, 2.041946763000055, 0.0 ], [ 128.255842162000249, 2.041999420000082, 0.0 ], [ 128.255832595000101, 2.042109519000065, 0.0 ], [ 128.25581830200008, 2.042152596000164, 0.0 ], [ 128.255804020000113, 2.04216695000008, 0.0 ], [ 128.255780217000023, 2.042195662000154, 0.0 ], [ 128.25566124700012, 2.04223390300001, 0.0 ], [ 128.255623285798123, 2.042249159271307, 0.0 ], [ 128.255613657000112, 2.042253029, 0.0 ], [ 128.255594625000043, 2.042253021000022, 0.0 ], [ 128.255566091000077, 2.042219498000179, 0.0 ], [ 128.255566107000021, 2.042185988000086, 0.0 ], [ 128.255570885000083, 2.042142907000141, 0.0 ], [ 128.255570896000194, 2.042118972000026, 0.0 ], [ 128.255566160000143, 2.042071098000178, 0.0 ], [ 128.255561412999981, 2.042047161000028, 0.0 ], [ 128.255561444000108, 2.041980141000181, 0.0 ], [ 128.255561474000132, 2.041913122000039, 0.0 ], [ 128.255561492000083, 2.041874824999979, 0.0 ], [ 128.255556758000097, 2.041822165999974, 0.0 ], [ 128.255542499000029, 2.041788650000058, 0.0 ], [ 128.255528242000054, 2.041750346000072, 0.0 ], [ 128.255504479000109, 2.041692890000149, 0.0 ], [ 128.255490226000092, 2.041645013000163, 0.0 ], [ 128.255466455, 2.041601918000083, 0.0 ], [ 128.255456958000167, 2.041563617000178, 0.0 ], [ 128.255456973000236, 2.041530107000086, 0.0 ], [ 128.255466502000075, 2.041501389000189, 0.0 ], [ 128.255490295000158, 2.041496614000039, 0.0 ], [ 128.255514076000253, 2.041515773000129, 0.0 ] ] ] ] } },
{ "type": "Feature", "properties": { "Id_Zona": 24, "Zona": "Perikanan Berkelanjutan", "Sub_Zona": "Penangkapan Ikan", "Luas": 41405.228247899999, "KKP": "Pulau Rao - Tanjung Dehegila" }, "geometry": { "type": "MultiPolygon", "coordinates": [ [ [ [ 128.242209527894232, 2.445589462794999, 0.0 ], [ 128.239592782018434, 2.39414625510841, 0.0 ], [ 128.238678567172855, 2.376175412082091, 0.0 ], [ 128.222872213243676, 2.32108769122658, 0.0 ], [ 128.220500157078021, 2.312820688698025, 0.0 ], [ 128.21850982287728, 2.311562500346839, 0.0 ], [ 128.21697308991665, 2.306860476396025, 0.0 ], [ 128.216541417962929, 2.305539663113791, 0.0 ], [ 128.216384276458683, 2.305058847567807, 0.0 ], [ 128.216376182226753, 2.305054487254836, 0.0 ], [ 128.216007711000088, 2.303767247000166, 0.0 ], [ 128.215936403000086, 2.303630778000354, 0.0 ], [ 128.215893621000049, 2.303544588000136, 0.0 ], [ 128.215872233000226, 2.303494313000158, 0.0 ], [ 128.215836593000148, 2.303400946000181, 0.0 ], [ 128.215829522000035, 2.303278873000068, 0.0 ], [ 128.215772478000048, 2.303163953000023, 0.0 ], [ 128.215651197000028, 2.303034636000064, 0.0 ], [ 128.215537051000041, 2.302912505000165, 0.0 ], [ 128.215315858000139, 2.302740049000079, 0.0 ], [ 128.215158894000268, 2.302596352000023, 0.0 ], [ 128.215101807000082, 2.302560418000041, 0.0 ], [ 128.215001927000202, 2.30245983499998, 0.0 ], [ 128.214935490876059, 2.302411434328632, 0.0 ], [ 128.214785622462358, 2.30230225077895, 0.0 ], [ 128.214666561000143, 2.302215511000043, 0.0 ], [ 128.214509569000114, 2.302122078000024, 0.0 ], [ 128.214217021000053, 2.301899320000074, 0.0 ], [ 128.214109974000053, 2.301848995999989, 0.0 ], [ 128.214080504182988, 2.301826384353603, 0.0 ], [ 128.21396013200021, 2.301734024999973, 0.0 ], [ 128.213546289000163, 2.301410672000145, 0.0 ], [ 128.213417879000076, 2.301266990000158, 0.0 ], [ 128.213282341000195, 2.301101763000076, 0.0 ], [ 128.213211014000052, 2.301001196000186, 0.0 ], [ 128.213004094000183, 2.3008359290003, 0.0 ], [ 128.212954205000045, 2.300692291000132, 0.0 ], [ 128.212918553000094, 2.300620466000111, 0.0 ], [ 128.21267604, 2.300275666, 0.0 ], [ 128.212490524000117, 2.300131953000119, 0.0 ], [ 128.212404943000223, 2.299988295000162, 0.0 ], [ 128.212340860000012, 2.299693858000012, 0.0 ], [ 128.212283833000015, 2.299550216000057, 0.0 ], [ 128.212269619000011, 2.299435319000054, 0.0 ], [ 128.212262516000095, 2.299370691000036, 0.0 ], [ 128.21226255100018, 2.299306066000099, 0.0 ], [ 128.212184090000022, 2.299198315000126, 0.0 ], [ 128.212169856000031, 2.299119321000035, 0.0 ], [ 128.212112829000034, 2.298975679000023, 0.0 ], [ 128.211970142000041, 2.298831989000064, 0.0 ], [ 128.211870313000048, 2.298638060000087, 0.0 ], [ 128.211798997000045, 2.298515951000184, 0.0 ], [ 128.211706310000068, 2.298314846000153, 0.0 ], [ 128.211649243000096, 2.298243009000146, 0.0 ], [ 128.211570785000134, 2.298128076000125, 0.0 ], [ 128.211506596000049, 2.298027514000182, 0.0 ], [ 128.211256985000063, 2.297610905000056, 0.0 ], [ 128.211157168000085, 2.297395434000123, 0.0 ], [ 128.211014489000121, 2.297237383000094, 0.0 ], [ 128.210836100000023, 2.297115215000076, 0.0 ], [ 128.21072908000005, 2.297014629000102, 0.0 ], [ 128.210600659000164, 2.296892489000129, 0.0 ], [ 128.210529316, 2.29682064400015, 0.0 ], [ 128.210293812000117, 2.296712805000027, 0.0 ], [ 128.210233469412259, 2.296605549474521, 0.0 ], [ 128.210172580000034, 2.296497322000051, 0.0 ], [ 128.209958575000172, 2.296238704000131, 0.0 ], [ 128.209858722000035, 2.296087858000079, 0.0 ], [ 128.20980168700018, 2.295958577000135, 0.0 ], [ 128.209666143000135, 2.29580771000002, 0.0 ], [ 128.209551982000193, 2.295714301000032, 0.0 ], [ 128.20944499100014, 2.295563450000031, 0.0 ], [ 128.209159599000117, 2.295311974000014, 0.0 ], [ 128.209059758000194, 2.295139585000073, 0.0 ], [ 128.208988423000022, 2.295053380000127, 0.0 ], [ 128.208867148000166, 2.294916883000099, 0.0 ], [ 128.208760150000188, 2.294780393, 0.0 ], [ 128.208667415000122, 2.294665453999982, 0.0 ], [ 128.208538985999979, 2.294557674000145, 0.0 ], [ 128.208410537000162, 2.294485797000334, 0.0 ], [ 128.208324917, 2.294413945000088, 0.0 ], [ 128.207989476000051, 2.294313231000103, 0.0 ], [ 128.207910983, 2.29426292300019, 0.0 ], [ 128.207604097000029, 2.294155044000036, 0.0 ], [ 128.207525593000099, 2.294126279000239, 0.0 ], [ 128.207369800298579, 2.294063491966369, 0.0 ], [ 128.207347176000212, 2.29405437400004, 0.0 ], [ 128.207161625, 2.293975284999988, 0.0 ], [ 128.20704753600009, 2.293752626000128, 0.0 ], [ 128.206917398459694, 2.293655544839055, 0.0 ], [ 128.206854883000204, 2.293608909000056, 0.0 ], [ 128.20668362, 2.293508285000087, 0.0 ], [ 128.206540887000159, 2.29345076200002, 0.0 ], [ 128.206341104000103, 2.293292679, 0.0 ], [ 128.206098542000035, 2.293041226000071, 0.0 ], [ 128.205991520000083, 2.292947820000165, 0.0 ], [ 128.205884478000115, 2.292890316000012, 0.0 ], [ 128.205813123000183, 2.292840012000113, 0.0 ], [ 128.205741777000156, 2.29277534900001, 0.0 ], [ 128.205634715000173, 2.292753747000176, 0.0 ], [ 128.205549073000014, 2.292724977000092, 0.0 ], [ 128.205506267, 2.292681870000024, 0.0 ], [ 128.205484880000057, 2.292631595000046, 0.0 ], [ 128.205449233000053, 2.292552589000082, 0.0 ], [ 128.205434992000022, 2.292487957000048, 0.0 ], [ 128.20541359700016, 2.292452041999979, 0.0 ], [ 128.205377933, 2.292401758000096, 0.0 ], [ 128.205328009, 2.292322745000035, 0.0 ], [ 128.205278061000172, 2.292286814000021, 0.0 ], [ 128.205242378000065, 2.292272433000164, 0.0 ], [ 128.205078223000072, 2.292229259000123, 0.0 ], [ 128.205021128000084, 2.29220768600004, 0.0 ], [ 128.204914063000018, 2.29219326499998, 0.0 ], [ 128.204856977000276, 2.292157330000123, 0.0 ], [ 128.204821298000041, 2.292135769000027, 0.0 ], [ 128.204550105000152, 2.292027909000183, 0.0 ], [ 128.204474213304366, 2.291993505199286, 0.0 ], [ 128.204407376000148, 2.291963206000049, 0.0 ], [ 128.204231332446028, 2.291862726336717, 0.0 ], [ 128.204193297000046, 2.291841016999967, 0.0 ], [ 128.204198532339518, 2.291767862708639, 0.0 ], [ 128.204200491000137, 2.291740494000124, 0.0 ], [ 128.20420768000028, 2.291647152, 0.0 ], [ 128.204121364961651, 2.291565057910248, 0.0 ], [ 128.204079259000054, 2.291525011000147, 0.0 ], [ 128.203979368000063, 2.291445970000098, 0.0 ], [ 128.203929448000025, 2.291359776000035, 0.0 ], [ 128.203858121000025, 2.291259208000099, 0.0 ], [ 128.203758265, 2.291115542999989, 0.0 ], [ 128.203672630999989, 2.291072412000062, 0.0 ], [ 128.203615573000064, 2.290986214000043, 0.0 ], [ 128.203529938000173, 2.290943083000116, 0.0 ], [ 128.203451449000198, 2.290885594999964, 0.0 ], [ 128.203387241000172, 2.290820935000113, 0.0 ], [ 128.203323020000056, 2.290777816000058, 0.0 ], [ 128.203237398000141, 2.290713143000119, 0.0 ], [ 128.203080436000135, 2.290569446, 0.0 ], [ 128.202994797000059, 2.290533495000147, 0.0 ], [ 128.202944882000082, 2.290440119999971, 0.0 ], [ 128.202894958000201, 2.290361107000081, 0.0 ], [ 128.202809351000013, 2.290267712000286, 0.0 ], [ 128.202766558000093, 2.290203064000082, 0.0 ], [ 128.202695235000192, 2.290095317000123, 0.0 ], [ 128.202659580000159, 2.290030672000057, 0.0 ], [ 128.20263819600018, 2.289973216000079, 0.0 ], [ 128.202620528229744, 2.289933166120932, 0.0 ], [ 128.202609680000222, 2.28990857500014, 0.0 ], [ 128.202588300000087, 2.28984393900015, 0.0 ], [ 128.202588328000019, 2.289793675000055, 0.0 ], [ 128.202559823000087, 2.289707493000038, 0.0 ], [ 128.202517042000039, 2.289621303, 0.0 ], [ 128.202491208796886, 2.289576698290375, 0.0 ], [ 128.202368057685561, 2.289629719143534, 0.0 ], [ 128.198344721036136, 2.291612404928117, 0.0 ], [ 128.195641653333837, 2.286510840531605, 0.0 ], [ 128.199313966992889, 2.284597099610664, 0.0 ], [ 128.199413273109229, 2.284539511183482, 0.0 ], [ 128.199393349000133, 2.284492674000091, 0.0 ], [ 128.199343449000111, 2.284370578000164, 0.0 ], [ 128.199257866000011, 2.284234100000048, 0.0 ], [ 128.199172244000209, 2.284169428000041, 0.0 ], [ 128.19911517400007, 2.284104771999978, 0.0 ], [ 128.199094575585235, 2.284047689217573, 0.0 ], [ 128.199086666000085, 2.284025770000199, 0.0 ], [ 128.199079579000085, 2.283932419000052, 0.0 ], [ 128.199051074000153, 2.283846237000035, 0.0 ], [ 128.199022558000109, 2.283781596999973, 0.0 ], [ 128.199022597000067, 2.283709792000024, 0.0 ], [ 128.199036905000156, 2.283652356000061, 0.0 ], [ 128.199065481000019, 2.28360928900014, 0.0 ], [ 128.199065529000194, 2.283523123000123, 0.0 ], [ 128.199022740000146, 2.283451294000087, 0.0 ], [ 128.198965686000037, 2.283357916, 0.0 ], [ 128.198922893000116, 2.28329326700009, 0.0 ], [ 128.19885155200015, 2.283221422000111, 0.0 ], [ 128.198801644000099, 2.283113686000036, 0.0 ], [ 128.198751724000061, 2.283027493000134, 0.0 ], [ 128.198708931000027, 2.282962844, 0.0 ], [ 128.198666142000064, 2.282891015000189, 0.0 ], [ 128.198609072000153, 2.282826359000182, 0.0 ], [ 128.198573425000177, 2.282747353000047, 0.0 ], [ 128.19848782300005, 2.282646778000128, 0.0 ], [ 128.198430753000224, 2.282582122000122, 0.0 ], [ 128.198273761000081, 2.282495868000125, 0.0 ], [ 128.198231019000104, 2.282337873000074, 0.0 ], [ 128.198159714000099, 2.282201403000159, 0.0 ], [ 128.198039423947165, 2.28204463072467, 0.0 ], [ 128.198038452000191, 2.282043364000117, 0.0 ], [ 128.198034229344529, 2.282034248489651, 0.0 ], [ 128.197988545000015, 2.281935629000031, 0.0 ], [ 128.197973559662813, 2.281912990526677, 0.0 ], [ 128.197902958000185, 2.281806332000258, 0.0 ], [ 128.197885208949941, 2.281734742668789, 0.0 ], [ 128.197874470000329, 2.281691428000158, 0.0 ], [ 128.197860225000085, 2.281633976000023, 0.0 ], [ 128.197838835000312, 2.281590881000113, 0.0 ], [ 128.19777901435836, 2.281514206070596, 0.0 ], [ 128.197760371000044, 2.281490310000037, 0.0 ], [ 128.19773608512628, 2.281425053995179, 0.0 ], [ 128.197717605000065, 2.281375398000136, 0.0 ], [ 128.197699926957029, 2.281349963529067, 0.0 ], [ 128.197667678000101, 2.281303565000315, 0.0 ], [ 128.197596376000064, 2.28115991500033, 0.0 ], [ 128.197567962285092, 2.281119852721474, 0.0 ], [ 128.197525050000166, 2.281059348000099, 0.0 ], [ 128.197503676000196, 2.280987531999984, 0.0 ], [ 128.197433811420268, 2.280853180944404, 0.0 ], [ 128.197425239000012, 2.280836696000108, 0.0 ], [ 128.197416416669938, 2.280787730441432, 0.0 ], [ 128.197396774000026, 2.280678710000018, 0.0 ], [ 128.197418236000061, 2.280592555999988, 0.0 ], [ 128.19747540900002, 2.280470519000118, 0.0 ], [ 128.19752544800005, 2.2803412990001, 0.0 ], [ 128.197589806000224, 2.280133100000171, 0.0 ], [ 128.197597028000104, 2.279982313000062, 0.0 ], [ 128.197540026000155, 2.27979558900023, 0.0 ], [ 128.197397335000232, 2.279666260000112, 0.0 ], [ 128.197333124000124, 2.279608780000331, 0.0 ], [ 128.19727605, 2.279551303000119, 0.0 ], [ 128.197211855000063, 2.279465102000131, 0.0 ], [ 128.197183353000128, 2.279371739000168, 0.0 ], [ 128.197176275000032, 2.279264028000057, 0.0 ], [ 128.197176335000222, 2.279156320000197, 0.0 ], [ 128.197219258999979, 2.27898401300007, 0.0 ], [ 128.197397749000032, 2.278919488000156, 0.0 ], [ 128.197668978000024, 2.278955543, 0.0 ], [ 128.19806156100023, 2.278984483999977, 0.0 ], [ 128.198204296000057, 2.279034828000079, 0.0 ], [ 128.198282792000185, 2.279077955, 0.0 ], [ 128.198446973000017, 2.279070866000041, 0.0 ], [ 128.198539805000223, 2.279006294000055, 0.0 ], [ 128.198632601000071, 2.279006346000017, 0.0 ], [ 128.198775372000085, 2.278992065000182, 0.0 ], [ 128.198853892000187, 2.278992109, 0.0 ], [ 128.198939549000102, 2.278992156000128, 0.0 ], [ 128.199068063000027, 2.278941965000115, 0.0 ], [ 128.199296559000089, 2.278805663000015, 0.0 ], [ 128.199360819000134, 2.278776977000177, 0.0 ], [ 128.199610714000045, 2.278669409000145, 0.0 ], [ 128.199882039000016, 2.278533131000074, 0.0 ], [ 128.200324759000267, 2.278253339000174, 0.0 ], [ 128.20039809182137, 2.27821241016153, 0.0 ], [ 128.200581811000092, 2.27810987200013, 0.0 ], [ 128.200867484000014, 2.277844352000158, 0.0 ], [ 128.20096923838193, 2.277762937426416, 0.0 ], [ 128.201253114000082, 2.277535806000059, 0.0 ], [ 128.201524403000093, 2.277464152000164, 0.0 ], [ 128.201628082559608, 2.277458074893502, 0.0 ], [ 128.201767107999984, 2.277449926000031, 0.0 ], [ 128.2022025750002, 2.277378363000082, 0.0 ], [ 128.202780773000057, 2.277364324000075, 0.0 ], [ 128.203201915999983, 2.277378919000114, 0.0 ], [ 128.203515999000047, 2.277371913000082, 0.0 ], [ 128.203666347946978, 2.277273396522958, 0.0 ], [ 128.203680235000064, 2.277264297000215, 0.0 ], [ 128.203958650000118, 2.277214188000073, 0.0 ], [ 128.203967228143455, 2.27721386716803, 0.0 ], [ 128.204028295402594, 2.27721158318468, 0.0 ], [ 128.204336981000068, 2.27720003800016, 0.0 ], [ 128.204513091115558, 2.277264225720331, 0.0 ], [ 128.204511600709537, 2.277103001415696, 0.0 ], [ 128.204542150467432, 2.265311780347702, 0.0 ], [ 128.227187892630667, 2.265668486711376, 0.0 ], [ 128.227692971717914, 2.265677127079584, 0.0 ], [ 128.227699247, 2.265601863000029, 0.0 ], [ 128.227870665000069, 2.265408080000042, 0.0 ], [ 128.227942674290119, 2.265361567998525, 0.0 ], [ 128.227970633000126, 2.265343509000104, 0.0 ], [ 128.228313290000159, 2.265293428000177, 0.0 ], [ 128.228513135000043, 2.265336619000095, 0.0 ], [ 128.228545504837001, 2.265295418641073, 0.0 ], [ 128.228652807747267, 2.265158843387724, 0.0 ], [ 128.228727422999981, 2.265063873000258, 0.0 ], [ 128.228513363000246, 2.264905785000167, 0.0 ], [ 128.228449184000027, 2.264783682000086, 0.0 ], [ 128.228377920000156, 2.264561047000029, 0.0 ], [ 128.228342298, 2.264431778000074, 0.0 ], [ 128.22833058275225, 2.264393404120938, 0.0 ], [ 128.228313795000048, 2.264338415000282, 0.0 ], [ 128.22828255764054, 2.264153207188542, 0.0 ], [ 128.228256869, 2.264000898000177, 0.0 ], [ 128.228221220000023, 2.263921894000021, 0.0 ], [ 128.228235594000097, 2.263735207000082, 0.0 ], [ 128.228242805000235, 2.263598780000109, 0.0 ], [ 128.228244115265937, 2.26358697427321, 0.0 ], [ 128.228254229354178, 2.263495844531746, 0.0 ], [ 128.2282571490002, 2.263469538000038, 0.0 ], [ 128.228278069382981, 2.263389743508355, 0.0 ], [ 128.228292913000018, 2.263333127000067, 0.0 ], [ 128.228385833000033, 2.2630962180001, 0.0 ], [ 128.228440667373974, 2.262882941485429, 0.0 ], [ 128.228443056000032, 2.262873651000064, 0.0 ], [ 128.228500233000062, 2.262737251000317, 0.0 ], [ 128.22850749583219, 2.262729391413018, 0.0 ], [ 128.228593082000174, 2.262636773000168, 0.0 ], [ 128.228821646000142, 2.262364034000087, 0.0 ], [ 128.228851568430144, 2.262288898882218, 0.0 ], [ 128.22889312200013, 2.262184558000171, 0.0 ], [ 128.228928869000015, 2.262076870000101, 0.0 ], [ 128.229157338000022, 2.261983644000054, 0.0 ], [ 128.229205375239275, 2.261930009479045, 0.0 ], [ 128.229221619000072, 2.261911873000032, 0.0 ], [ 128.229285958000304, 2.261732394000034, 0.0 ], [ 128.229307433, 2.261617516000114, 0.0 ], [ 128.229386005, 2.261517030000164, 0.0 ], [ 128.229400297000069, 2.261488316000111, 0.0 ], [ 128.22947171500013, 2.261416548, 0.0 ], [ 128.229486006000201, 2.261387834000118, 0.0 ], [ 128.229525410608602, 2.261308662060003, 0.0 ], [ 128.229550318000179, 2.261258618000113, 0.0 ], [ 128.22957714406877, 2.261173320481703, 0.0 ], [ 128.22959321800019, 2.261122211000099, 0.0 ], [ 128.229650414000133, 2.260949908000157, 0.0 ], [ 128.229736148000114, 2.260806341999967, 0.0 ], [ 128.229756506443209, 2.260724605588394, 0.0 ], [ 128.229757606999982, 2.260720187000061, 0.0 ], [ 128.229771936, 2.260619667000071, 0.0 ], [ 128.229807707000049, 2.26046889500003, 0.0 ], [ 128.229850615, 2.260318124999969, 0.0 ], [ 128.229867517000201, 2.260211958000184, 0.0 ], [ 128.229894977150792, 2.26008338083227, 0.0 ], [ 128.229896140000051, 2.26007793600013, 0.0 ], [ 128.229962817000086, 2.259972657, 0.0 ], [ 128.230010445000147, 2.259896090000154, 0.0 ], [ 128.230036526150542, 2.259838015162586, 0.0 ], [ 128.230224840000204, 2.259418697000172, 0.0 ], [ 128.2303201510002, 2.259160248, 0.0 ], [ 128.230347674556555, 2.259104946673688, 0.0 ], [ 128.230405899000033, 2.258987960000184, 0.0 ], [ 128.230463054000182, 2.25889225000003, 0.0 ], [ 128.230520214000165, 2.258786966000059, 0.0 ], [ 128.230663046999979, 2.258653004000166, 0.0 ], [ 128.230863, 2.258490351000091, 0.0 ], [ 128.231062846000071, 2.258528754000167, 0.0 ], [ 128.231376907999987, 2.258557643000187, 0.0 ], [ 128.231502392528995, 2.258578749747074, 0.0 ], [ 128.231548208000135, 2.25858645600016, 0.0 ], [ 128.231719477000155, 2.258672715000102, 0.0 ], [ 128.23193834900016, 2.258730275000061, 0.0 ], [ 128.232176230000022, 2.258835717000068, 0.0 ], [ 128.232433182, 2.258874149000064, 0.0 ], [ 128.232594965000089, 2.258902957000146, 0.0 ], [ 128.232616529071692, 2.258902968568464, 0.0 ], [ 128.23277579700013, 2.258903054000086, 0.0 ], [ 128.232895946797242, 2.25878941874754, 0.0 ], [ 128.232937674000112, 2.258749954, 0.0 ], [ 128.233089969000019, 2.258721313000024, 0.0 ], [ 128.233108699889016, 2.258717136198356, 0.0 ], [ 128.23315175276727, 2.258707535835584, 0.0 ], [ 128.233261304000251, 2.258683107000081, 0.0 ], [ 128.233335723030109, 2.258685820316031, 0.0 ], [ 128.233527788000146, 2.25869282300016, 0.0 ], [ 128.2337470576351, 2.258811329659409, 0.0 ], [ 128.233917894000086, 2.2589036600001, 0.0 ], [ 128.233994039000066, 2.258894126000031, 0.0 ], [ 128.234022667000062, 2.258750530000043, 0.0 ], [ 128.23395610999998, 2.25862603100012, 0.0 ], [ 128.2338800200001, 2.258530250000149, 0.0 ], [ 128.233851528000031, 2.25841534600005, 0.0 ], [ 128.233823061000152, 2.258252571000128, 0.0 ], [ 128.233823116000025, 2.258147257000132, 0.0 ], [ 128.233823161000117, 2.258061090000012, 0.0 ], [ 128.233823231000287, 2.25792705300006, 0.0 ], [ 128.233813764000132, 2.257831307000118, 0.0 ], [ 128.233766252, 2.257687670000052, 0.0 ], [ 128.233737769000157, 2.257553618000316, 0.0 ], [ 128.233680725000085, 2.257438699000147, 0.0 ], [ 128.233652217000184, 2.257352517000299, 0.0 ], [ 128.23361419800014, 2.257256756000118, 0.0 ], [ 128.233595182000016, 2.257218450000095, 0.0 ], [ 128.233576293000169, 2.256940791000148, 0.0 ], [ 128.233604926000083, 2.256787621000115, 0.0 ], [ 128.233633554000193, 2.256644025000128, 0.0 ], [ 128.233662161000069, 2.256538725000098, 0.0 ], [ 128.233681241000085, 2.256452568000157, 0.0 ], [ 128.233824058000067, 2.256347330000153, 0.0 ], [ 128.233909765, 2.25625163400008, 0.0 ], [ 128.234026721378967, 2.256169881556503, 0.0 ], [ 128.234128748000074, 2.256098565000116, 0.0 ], [ 128.23419540000009, 2.256041155000162, 0.0 ], [ 128.23424301200032, 2.255993310000178, 0.0 ], [ 128.234300152000031, 2.255926322000334, 0.0 ], [ 128.234342383965526, 2.255858428265753, 0.0 ], [ 128.234347778999989, 2.255849755000099, 0.0 ], [ 128.234366830000084, 2.25582104200015, 0.0 ], [ 128.234376367000067, 2.255782751000083, 0.0 ], [ 128.234376417000135, 2.255687010000087, 0.0 ], [ 128.234366945000033, 2.255600838000021, 0.0 ], [ 128.234319412000076, 2.255495498000017, 0.0 ], [ 128.234262353000076, 2.2554093010001, 0.0 ], [ 128.234195765000067, 2.255342247000045, 0.0 ], [ 128.234100636000079, 2.255256030000112, 0.0 ], [ 128.234053083000134, 2.255188987000168, 0.0 ], [ 128.233986506000036, 2.25510278400003, 0.0 ], [ 128.23396750200024, 2.255045330000086, 0.0 ], [ 128.233919969000084, 2.254939990000082, 0.0 ], [ 128.233900980000271, 2.254853813000124, 0.0 ], [ 128.233920135000176, 2.254624045000298, 0.0 ], [ 128.233977344000181, 2.254423020000103, 0.0 ], [ 128.233986636785943, 2.254400851325386, 0.0 ], [ 128.234053580000108, 2.254241153000066, 0.0 ], [ 128.23412024600006, 2.254155021000031, 0.0 ], [ 128.234272606000076, 2.254001916000278, 0.0 ], [ 128.234396382000199, 2.253906240000333, 0.0 ], [ 128.234548652000029, 2.25392546900008, 0.0 ], [ 128.234634314000203, 2.253915941000173, 0.0 ], [ 128.23462484600006, 2.253820194000127, 0.0 ], [ 128.234567777000251, 2.253753145000189, 0.0 ], [ 128.234510707000027, 2.253686097000127, 0.0 ], [ 128.234499409194967, 2.253659540938826, 0.0 ], [ 128.23448218900009, 2.25361906400002, 0.0 ], [ 128.23456788200005, 2.253552089999971, 0.0 ], [ 128.234691619000017, 2.253533007000101, 0.0 ], [ 128.234786783000089, 2.253552205000062, 0.0 ], [ 128.234799719334404, 2.253551028958953, 0.0 ], [ 128.2348914800003, 2.253542687, 0.0 ], [ 128.235005694000023, 2.253533173000108, 0.0 ], [ 128.235177054, 2.253447097000106, 0.0 ], [ 128.23530083600005, 2.253341847000115, 0.0 ], [ 128.235386522000084, 2.253284447000112, 0.0 ], [ 128.235367583000169, 2.253102530000092, 0.0 ], [ 128.235291467999986, 2.253054619000125, 0.0 ], [ 128.235291493000062, 2.253006749000065, 0.0 ], [ 128.235253453000013, 2.25294928400001, 0.0 ], [ 128.235215403000069, 2.252910968000038, 0.0 ], [ 128.235196393000223, 2.252863087000094, 0.0 ], [ 128.235148856000137, 2.252767322000067, 0.0 ], [ 128.235139358000055, 2.252729020000117, 0.0 ], [ 128.235139383000131, 2.252681150000058, 0.0 ], [ 128.235120379, 2.252623695000182, 0.0 ], [ 128.235091921000134, 2.252441773000043, 0.0 ], [ 128.235082469000048, 2.252317304000144, 0.0 ], [ 128.235063479000104, 2.252231127000016, 0.0 ], [ 128.23504447300013, 2.252173673000073, 0.0 ], [ 128.235035006000089, 2.252077927000129, 0.0 ], [ 128.2350541160001, 2.251934326000082, 0.0 ], [ 128.235080647477929, 2.251847747879935, 0.0 ], [ 128.235092251000196, 2.251809882999964, 0.0 ], [ 128.235158927000015, 2.251704603000178, 0.0 ], [ 128.235203625632693, 2.251659685627203, 0.0 ], [ 128.235254152000124, 2.251608912000165, 0.0 ], [ 128.235501605000053, 2.251609043000087, 0.0 ], [ 128.235606267000065, 2.251666543000056, 0.0 ], [ 128.235638772932333, 2.251674735911991, 0.0 ], [ 128.23587272100005, 2.251733701000092, 0.0 ], [ 128.236110602000139, 2.251839142, 0.0 ], [ 128.236186707000115, 2.251906201000167, 0.0 ], [ 128.236443593000075, 2.252069096000013, 0.0 ], [ 128.236529230000059, 2.252107437000291, 0.0 ], [ 128.236557837000049, 2.25200213700009, 0.0 ], [ 128.236434200000048, 2.25182973800031, 0.0 ], [ 128.236386667000119, 2.251724399000011, 0.0 ], [ 128.236377300000157, 2.251437171000077, 0.0 ], [ 128.236396420000091, 2.251274421000119, 0.0 ], [ 128.236425031000266, 2.251159546999986, 0.0 ], [ 128.23644820829756, 2.25102010612818, 0.0 ], [ 128.236453673, 2.250987229000145, 0.0 ], [ 128.236491788000052, 2.250901082000041, 0.0 ], [ 128.236548953000096, 2.250786223000033, 0.0 ], [ 128.236574821892845, 2.250755500865694, 0.0 ], [ 128.236653708000148, 2.250661815000058, 0.0 ], [ 128.236882162, 2.250594917000171, 0.0 ], [ 128.236891623394143, 2.250595450742821, 0.0 ], [ 128.237053471000053, 2.250604581000119, 0.0 ], [ 128.237291402000068, 2.250614280000093, 0.0 ], [ 128.237472159000021, 2.25075798600011, 0.0 ], [ 128.23758317683459, 2.250829862254193, 0.0 ], [ 128.237605358000195, 2.250844223, 0.0 ], [ 128.237843225000205, 2.250978386000043, 0.0 ], [ 128.237947911000219, 2.250988015000189, 0.0 ], [ 128.238300112000246, 2.25088288500001, 0.0 ], [ 128.238453858571091, 2.2507937645791, 0.0 ], [ 128.238547639000075, 2.250739404000171, 0.0 ], [ 128.238617531391668, 2.25070582305483, 0.0 ], [ 128.238766595000214, 2.250634203000232, 0.0 ], [ 128.238956984000055, 2.25055771000001, 0.0 ], [ 128.239166412000031, 2.250471653000091, 0.0 ], [ 128.239318721000103, 2.250414289000332, 0.0 ], [ 128.23954715900004, 2.250376112000083, 0.0 ], [ 128.239756558000153, 2.250347500000032, 0.0 ], [ 128.239889797000245, 2.250357143000031, 0.0 ], [ 128.240099136000111, 2.250443420000181, 0.0 ], [ 128.240185169118121, 2.250479109261846, 0.0 ], [ 128.240260898000173, 2.250510524000048, 0.0 ], [ 128.24034453731926, 2.25051657728892, 0.0 ], [ 128.240394137000038, 2.250520167000048, 0.0 ], [ 128.240641685000099, 2.250338389000262, 0.0 ], [ 128.240717884000077, 2.250223540000092, 0.0 ], [ 128.240724126660865, 2.250212442946519, 0.0 ], [ 128.240793046226571, 2.250089930403817, 0.0 ], [ 128.240841724000092, 2.250003400000025, 0.0 ], [ 128.240889326000115, 2.249974703000021, 0.0 ], [ 128.241003575000036, 2.249898170000165, 0.0 ], [ 128.241136830000158, 2.249879092000186, 0.0 ], [ 128.241270054000182, 2.249917457999971, 0.0 ], [ 128.241365154000022, 2.250061119000065, 0.0 ], [ 128.241526896000067, 2.250166519000061, 0.0 ], [ 128.241688664000179, 2.250224047000074, 0.0 ], [ 128.241716508946951, 2.250212530210035, 0.0 ], [ 128.241850495000079, 2.250157113, 0.0 ], [ 128.242126510000134, 2.250138110000137, 0.0 ], [ 128.242259739000218, 2.250166902000046, 0.0 ], [ 128.242306723211385, 2.250163550519858, 0.0 ], [ 128.242392989000081, 2.250157397000066, 0.0 ], [ 128.242469148000055, 2.250119140000152, 0.0 ], [ 128.242526288, 2.250052152000137, 0.0 ], [ 128.242564372000146, 2.250023449000139, 0.0 ], [ 128.242615549989836, 2.249989165194336, 0.0 ], [ 128.242621496000055, 2.249985182000102, 0.0 ], [ 128.242640735027493, 2.249985796846772, 0.0 ], [ 128.242914911437623, 2.249994559032245, 0.0 ], [ 128.242926050000023, 2.249994915000116, 0.0 ], [ 128.24293591096793, 2.249997813827576, 0.0 ], [ 128.243036362277024, 2.2500273434826, 0.0 ], [ 128.243154434000047, 2.250062053000135, 0.0 ], [ 128.243687355999981, 2.250167646000079, 0.0 ], [ 128.243906238, 2.250206057000185, 0.0 ], [ 128.243961327937171, 2.2502100442548, 0.0 ], [ 128.244172717000083, 2.250225344000057, 0.0 ], [ 128.244266109228732, 2.250230611963388, 0.0 ], [ 128.244344026000107, 2.250235007000072, 0.0 ], [ 128.244448763000037, 2.250148895000052, 0.0 ], [ 128.244639151000086, 2.250072402, 0.0 ], [ 128.244848569000027, 2.250005491000082, 0.0 ], [ 128.244876024353601, 2.249998930296442, 0.0 ], [ 128.245048461000209, 2.249957725000059, 0.0 ], [ 128.24522930700013, 2.249929097000176, 0.0 ], [ 128.245381585999979, 2.24992917600008, 0.0 ], [ 128.245695637000125, 2.249977210000167, 0.0 ], [ 128.245845741559691, 2.249986726397595, 0.0 ], [ 128.245847912000016, 2.24998686400005, 0.0 ], [ 128.245981127000135, 2.250044377000278, 0.0 ], [ 128.24603827100006, 2.249967814000058, 0.0 ], [ 128.245990737000028, 2.249862474000054, 0.0 ], [ 128.245952726000013, 2.249747565000064, 0.0 ], [ 128.245905208000153, 2.249613503000148, 0.0 ], [ 128.245848167000162, 2.249489010000048, 0.0 ], [ 128.245791117000039, 2.249383665000153, 0.0 ], [ 128.245715208000064, 2.24893364200011, 0.0 ], [ 128.245715258000104, 2.248837901000116, 0.0 ], [ 128.245696286000111, 2.248713427000098, 0.0 ], [ 128.245686808000045, 2.24863682900002, 0.0 ], [ 128.245677360000144, 2.24850278700012, 0.0 ], [ 128.245677428000022, 2.248368750000111, 0.0 ], [ 128.245658447000096, 2.248263425000175, 0.0 ], [ 128.245629950000279, 2.248158095000178, 0.0 ], [ 128.245601451000169, 2.248052765000182, 0.0 ], [ 128.245525385000036, 2.247909113, 0.0 ], [ 128.245477863000218, 2.247784625000179, 0.0 ], [ 128.245420821000124, 2.247660132000078, 0.0 ], [ 128.245411329, 2.247612257000128, 0.0 ], [ 128.245411383, 2.247506942000029, 0.0 ], [ 128.245459009000086, 2.247430374000259, 0.0 ], [ 128.24581867098081, 2.247162928428963, 0.0 ], [ 128.245935063000019, 2.247076379000021, 0.0 ], [ 128.24600643671269, 2.247060462384468, 0.0 ], [ 128.246192063000166, 2.247019067000053, 0.0 ], [ 128.246658505, 2.246846975000039, 0.0 ], [ 128.246934521000156, 2.246827969999969, 0.0 ], [ 128.247229561000012, 2.246828123000114, 0.0 ], [ 128.247438921000111, 2.246876102000044, 0.0 ], [ 128.247571988000203, 2.24722083900008, 0.0 ], [ 128.247581413, 2.247402752000142, 0.0 ], [ 128.247619433000153, 2.247498513000152, 0.0 ], [ 128.247857374000063, 2.247489062000171, 0.0 ], [ 128.247871032798571, 2.247493945490589, 0.0 ], [ 128.248152361000024, 2.247594530000185, 0.0 ], [ 128.248390242999989, 2.247699969000109, 0.0 ], [ 128.248542488000083, 2.247767066000051, 0.0 ], [ 128.248789902000112, 2.247843787000079, 0.0 ], [ 128.248850740220604, 2.247827129947837, 0.0 ], [ 128.248894609000303, 2.247815119000052, 0.0 ], [ 128.249104076000179, 2.247652467000079, 0.0 ], [ 128.249161254000086, 2.247508885000116, 0.0 ], [ 128.249142278000107, 2.247393986000077, 0.0 ], [ 128.249056699000079, 2.247240756000054, 0.0 ], [ 128.248971115000131, 2.247097099000144, 0.0 ], [ 128.248933109000149, 2.246972616000221, 0.0 ], [ 128.248866551000077, 2.246848118000059, 0.0 ], [ 128.248704872000161, 2.246618256000033, 0.0 ], [ 128.248505084000129, 2.246464967000065, 0.0 ], [ 128.248390904000274, 2.246407463000082, 0.0 ], [ 128.248286271000069, 2.246292520000111, 0.0 ], [ 128.248200653999987, 2.246215882000172, 0.0 ], [ 128.248105558, 2.246062646999974, 0.0 ], [ 128.248010461, 2.245909412, 0.0 ], [ 128.247924883000195, 2.24575618200015, 0.0 ], [ 128.247791688000092, 2.245660372000032, 0.0 ], [ 128.247715587000101, 2.245583740000086, 0.0 ], [ 128.247658507000182, 2.245535839000126, 0.0 ], [ 128.247515815000128, 2.245401728000104, 0.0 ], [ 128.247449237000041, 2.245315526000069, 0.0 ], [ 128.247154354000116, 2.245009002000131, 0.0 ], [ 128.247022275265493, 2.244809481957134, 0.0 ], [ 128.246983172000228, 2.24475041200003, 0.0 ], [ 128.246859514000079, 2.24461631000014, 0.0 ], [ 128.246745373000152, 2.244482213000141, 0.0 ], [ 128.246640741000164, 2.244367270000111, 0.0 ], [ 128.246498068000051, 2.244194862000086, 0.0 ], [ 128.246421973000196, 2.244108656000038, 0.0 ], [ 128.246326842, 2.244022439000105, 0.0 ], [ 128.246250753, 2.243926659000181, 0.0 ], [ 128.246203209000186, 2.243840467000155, 0.0 ], [ 128.246155642000048, 2.243802146000121, 0.0 ], [ 128.24607001900003, 2.243735083000161, 0.0 ], [ 128.245984392000167, 2.24367759300003, 0.0 ], [ 128.245841655000135, 2.24362965000023, 0.0 ], [ 128.24574649600001, 2.243600878000167, 0.0 ], [ 128.245708442, 2.243572134999965, 0.0 ], [ 128.245622843000177, 2.243457202000172, 0.0 ], [ 128.245575305000074, 2.243361436000043, 0.0 ], [ 128.245575349000291, 2.243275269000094, 0.0 ], [ 128.245603926000257, 2.243227414000159, 0.0 ], [ 128.245771376915258, 2.243180716013683, 0.0 ], [ 128.245775264, 2.243179632000079, 0.0 ], [ 128.246184508000027, 2.243189418000043, 0.0 ], [ 128.246393866000034, 2.243237396999973, 0.0 ], [ 128.24645146395676, 2.243245152799716, 0.0 ], [ 128.246536617000032, 2.243256618999965, 0.0 ], [ 128.246888786000198, 2.243208931000141, 0.0 ], [ 128.246926228118554, 2.243146228447983, 0.0 ], [ 128.246974516, 2.243065363000142, 0.0 ], [ 128.247041197000243, 2.242950509000082, 0.0 ], [ 128.247184002000125, 2.242864416000145, 0.0 ], [ 128.247317236000043, 2.242883632000143, 0.0 ], [ 128.247469505, 2.242902859000026, 0.0 ], [ 128.247582157715073, 2.242898720253947, 0.0 ], [ 128.247726480000068, 2.242893418000051, 0.0 ], [ 128.247926331000116, 2.242922244000113, 0.0 ], [ 128.248059574000081, 2.242922312000133, 0.0 ], [ 128.248278490000047, 2.242893703000163, 0.0 ], [ 128.248421265000019, 2.242865055000095, 0.0 ], [ 128.248430783000089, 2.242865059999986, 0.0 ], [ 128.248583047000096, 2.242893860000095, 0.0 ], [ 128.248725798000123, 2.242913082000257, 0.0 ], [ 128.248801972, 2.242846103000147, 0.0 ], [ 128.248849622000051, 2.242721664000043, 0.0 ], [ 128.248906781000045, 2.242616378000207, 0.0 ], [ 128.248963939000049, 2.242511093000132, 0.0 ], [ 128.249154551000146, 2.241994188000092, 0.0 ], [ 128.249154580000067, 2.241936743000053, 0.0 ], [ 128.249173673000172, 2.24182186400003, 0.0 ], [ 128.249173732, 2.241706975, 0.0 ], [ 128.249211845000076, 2.241620827000019, 0.0 ], [ 128.249220224039249, 2.241601187342269, 0.0 ], [ 128.249269018000149, 2.241486819000102, 0.0 ], [ 128.249316654000012, 2.241391102000079, 0.0 ], [ 128.2493928560001, 2.241266678000102, 0.0 ], [ 128.249469049000226, 2.241161402000102, 0.0 ], [ 128.2494976360002, 2.241094398000031, 0.0 ], [ 128.24951671900007, 2.240998667000042, 0.0 ], [ 128.249535788000202, 2.240931656999976, 0.0 ], [ 128.249535847000033, 2.240816768000173, 0.0 ], [ 128.2495263630002, 2.24074974400014, 0.0 ], [ 128.249469307000112, 2.240653974000053, 0.0 ], [ 128.249459820000055, 2.240596524000069, 0.0 ], [ 128.249459854000264, 2.240529505000098, 0.0 ], [ 128.249443579675443, 2.24041448730253, 0.0 ], [ 128.249440887000077, 2.240395457000033, 0.0 ], [ 128.24940293500012, 2.240165659000013, 0.0 ], [ 128.249402964401838, 2.240107572696957, 0.0 ], [ 128.249402998000022, 2.240041196000107, 0.0 ], [ 128.24942208100012, 2.239945465000119, 0.0 ], [ 128.249441165000093, 2.239849733000028, 0.0 ], [ 128.249456982234364, 2.239592008940122, 0.0 ], [ 128.24946995600007, 2.239380616000176, 0.0 ], [ 128.249460570000196, 2.239122110000097, 0.0 ], [ 128.249479693000211, 2.238949786000262, 0.0 ], [ 128.249508424000027, 2.238595558000042, 0.0 ], [ 128.249508600000212, 2.238250889000085, 0.0 ], [ 128.249508702000043, 2.238049833000105, 0.0 ], [ 128.249489833000212, 2.237724303, 0.0 ], [ 128.249447602816957, 2.237536939915345, 0.0 ], [ 128.249442353000177, 2.237513648000061, 0.0 ], [ 128.249361996845522, 2.237409607136158, 0.0 ], [ 128.249309198000077, 2.237341246000028, 0.0 ], [ 128.249099854000178, 2.237264544000084, 0.0 ], [ 128.24904507288224, 2.237276760497764, 0.0 ], [ 128.249014188000018, 2.237283648000073, 0.0 ], [ 128.248880989000071, 2.237197413000104, 0.0 ], [ 128.248833431000065, 2.237139944000092, 0.0 ], [ 128.248776371000162, 2.23705374800005, 0.0 ], [ 128.248700261000039, 2.236996264000083, 0.0 ], [ 128.248643181000119, 2.236948363000295, 0.0 ], [ 128.248519479, 2.236900429000059, 0.0 ], [ 128.24851626919687, 2.236899350857697, 0.0 ], [ 128.248433838000068, 2.236871663000159, 0.0 ], [ 128.248300638000131, 2.236785427000143, 0.0 ], [ 128.248190172739186, 2.236695043959855, 0.0 ], [ 128.248148424000163, 2.236660885000105, 0.0 ], [ 128.24810652672852, 2.236604629424449, 0.0 ], [ 128.24809029853779, 2.236585872000205, 0.0 ], [ 128.248069965248277, 2.236562369849253, 0.0 ], [ 128.24796771506999, 2.236434476247951, 0.0 ], [ 128.247936286027851, 2.23638133255514, 0.0 ], [ 128.247815496000129, 2.236306471000092, 0.0 ], [ 128.247720362000081, 2.236229828999967, 0.0 ], [ 128.247701346000071, 2.236191523, 0.0 ], [ 128.247691873000093, 2.236105351000163, 0.0 ], [ 128.247720464000025, 2.236028772000168, 0.0 ], [ 128.247739538, 2.235952190000035, 0.0 ], [ 128.247844248000177, 2.235913947000142, 0.0 ], [ 128.247859377163508, 2.235922654185857, 0.0 ], [ 128.247910850000011, 2.235952278000013, 0.0 ], [ 128.248101232000153, 2.235885357000086, 0.0 ], [ 128.24811082700009, 2.235732176000113, 0.0 ], [ 128.248110839566806, 2.235707622457254, 0.0 ], [ 128.248110876000055, 2.235636435000287, 0.0 ], [ 128.248120436999983, 2.235550273000058, 0.0 ], [ 128.248120466000159, 2.235492828000019, 0.0 ], [ 128.24812050500006, 2.235416235000173, 0.0 ], [ 128.248101500000189, 2.235358781000059, 0.0 ], [ 128.248015891999984, 2.235262995000085, 0.0 ], [ 128.247971172897081, 2.235212959732791, 0.0 ], [ 128.247930284000034, 2.235167210000099, 0.0 ], [ 128.247863702000018, 2.235090583000044, 0.0 ], [ 128.247844677000074, 2.235071425000058, 0.0 ], [ 128.24773053200019, 2.234946902000161, 0.0 ], [ 128.24766391, 2.234946868000179, 0.0 ], [ 128.24758777200006, 2.23494682900008, 0.0 ], [ 128.247502076000131, 2.235023378000108, 0.0 ], [ 128.247435411000055, 2.235109510000086, 0.0 ], [ 128.247254513, 2.235243455000101, 0.0 ], [ 128.247171724241156, 2.235281841343067, 0.0 ], [ 128.247130758000111, 2.235300836000135, 0.0 ], [ 128.247016550000097, 2.235300776000145, 0.0 ], [ 128.246963085163969, 2.23530074903681, 0.0 ], [ 128.246873789000091, 2.23530070400011, 0.0 ], [ 128.246692965000051, 2.235291036000035, 0.0 ], [ 128.246626348000177, 2.235281427000018, 0.0 ], [ 128.246340875000072, 2.235185539000099, 0.0 ], [ 128.246191233127661, 2.23510813987724, 0.0 ], [ 128.245988826, 2.235003449000147, 0.0 ], [ 128.245874697000062, 2.234850204000168, 0.0 ], [ 128.24584622800009, 2.234687430000179, 0.0 ], [ 128.245855804, 2.234572545, 0.0 ], [ 128.245836861000129, 2.234390627000039, 0.0 ], [ 128.24581925618881, 2.234230491696621, 0.0 ], [ 128.245817914000071, 2.234218283000188, 0.0 ], [ 128.245790766291606, 2.234072213778063, 0.0 ], [ 128.245789441000028, 2.234065083000303, 0.0 ], [ 128.245787552852647, 2.234038298040616, 0.0 ], [ 128.245787062462313, 2.234031341442289, 0.0 ], [ 128.245779992000251, 2.233931041000062, 0.0 ], [ 128.245780064000058, 2.233787429000074, 0.0 ], [ 128.245789626, 2.233701267000015, 0.0 ], [ 128.245789666000036, 2.233624674000168, 0.0 ], [ 128.245751668999986, 2.233481042, 0.0 ], [ 128.245713634000111, 2.233414004000167, 0.0 ], [ 128.245732761000198, 2.233232105000297, 0.0 ], [ 128.245742377000255, 2.233040627999969, 0.0 ], [ 128.24580908100026, 2.232877903000144, 0.0 ], [ 128.24582401865959, 2.232852172788569, 0.0 ], [ 128.245875760000189, 2.232763048000095, 0.0 ], [ 128.245941499829627, 2.232621526248636, 0.0 ], [ 128.245942455000289, 2.232619470000145, 0.0 ], [ 128.246018667000016, 2.232475898000189, 0.0 ], [ 128.246066361000061, 2.232265292000136, 0.0 ], [ 128.246133065000066, 2.232102567000084, 0.0 ], [ 128.246190248000147, 2.231949411000016, 0.0 ], [ 128.246190311000078, 2.231824947000065, 0.0 ], [ 128.246123743000197, 2.231719597000051, 0.0 ], [ 128.246028599000141, 2.231662103000077, 0.0 ], [ 128.245895410000116, 2.231556720000128, 0.0 ], [ 128.245819301000068, 2.231499236, 0.0 ], [ 128.245752728000184, 2.23140346000008, 0.0 ], [ 128.245695673000085, 2.231307689000062, 0.0 ], [ 128.245667160000011, 2.231231082000021, 0.0 ], [ 128.245648169000077, 2.231144905000064, 0.0 ], [ 128.245638695999986, 2.231058733000054, 0.0 ], [ 128.245629222000019, 2.230972562000148, 0.0 ], [ 128.245629296000033, 2.230828950000159, 0.0 ], [ 128.245610329000186, 2.230694902000038, 0.0 ], [ 128.245600855999982, 2.230608730000029, 0.0 ], [ 128.245562889000183, 2.23040765400009, 0.0 ], [ 128.245543903000197, 2.230311903000256, 0.0 ], [ 128.245524971000208, 2.230110837000325, 0.0 ], [ 128.24538229900017, 2.229938429000072, 0.0 ], [ 128.24531574500017, 2.229804357000035, 0.0 ], [ 128.245306306000174, 2.2296511670001, 0.0 ], [ 128.245344473000017, 2.229459705000067, 0.0 ], [ 128.245354043999981, 2.229354393999984, 0.0 ], [ 128.245344596000081, 2.229220352000084, 0.0 ], [ 128.245278047000028, 2.229076706000114, 0.0 ], [ 128.2452115090002, 2.228913912000337, 0.0 ], [ 128.245163990000123, 2.228779850000081, 0.0 ], [ 128.245106960000015, 2.228636208000069, 0.0 ], [ 128.245087988999984, 2.228511734999983, 0.0 ], [ 128.245059489999989, 2.228406405000158, 0.0 ], [ 128.245059578000195, 2.228234071000088, 0.0 ], [ 128.245088198000047, 2.228100049000034, 0.0 ], [ 128.245126316000182, 2.228004327000122, 0.0 ], [ 128.245145405000102, 2.227899021000098, 0.0 ], [ 128.24515262233578, 2.227726867379147, 0.0 ], [ 128.245155038000092, 2.227669247000108, 0.0 ], [ 128.245155102000098, 2.227544784000032, 0.0 ], [ 128.245126603999978, 2.227439453999977, 0.0 ], [ 128.245050553000027, 2.227267081000036, 0.0 ], [ 128.244945931000046, 2.227132990000029, 0.0 ], [ 128.244875217202747, 2.227014292824947, 0.0 ], [ 128.244774765000301, 2.226845678000074, 0.0 ], [ 128.244755306278961, 2.226817173784923, 0.0 ], [ 128.24467015400009, 2.226692437999986, 0.0 ], [ 128.244679758000075, 2.226520109000034, 0.0 ], [ 128.244755965000166, 2.226386111000181, 0.0 ], [ 128.244803600000154, 2.226290394000159, 0.0 ], [ 128.244822713000048, 2.226137218000076, 0.0 ], [ 128.244822868999989, 2.225830847000054, 0.0 ], [ 128.244832460000197, 2.225687240000126, 0.0 ], [ 128.24483257100016, 2.225467035000122, 0.0 ], [ 128.244832669000147, 2.225275553000131, 0.0 ], [ 128.244794677000044, 2.225122348000127, 0.0 ], [ 128.24474555395372, 2.225016314324932, 0.0 ], [ 128.244728129, 2.224978702000158, 0.0 ], [ 128.244623571000261, 2.224720146999971, 0.0 ], [ 128.24456654500031, 2.224566932000187, 0.0 ], [ 128.244519013000144, 2.224461592000182, 0.0 ], [ 128.244489850374947, 2.224402843978965, 0.0 ], [ 128.244461966999978, 2.224346673000355, 0.0 ], [ 128.244433464000025, 2.224250918000167, 0.0 ], [ 128.244424044000169, 2.224059431, 0.0 ], [ 128.244376526000337, 2.223925369000142, 0.0 ], [ 128.244338505000059, 2.22382960800013, 0.0 ], [ 128.24422443, 2.223571048000053, 0.0 ], [ 128.24415626315519, 2.22251123800487, 0.0 ], [ 128.244124908847624, 2.222023763365029, 0.0 ], [ 128.244111118000063, 2.221809353000026, 0.0 ], [ 128.244073356000172, 2.221206164000137, 0.0 ], [ 128.243921234999988, 2.220899715000087, 0.0 ], [ 128.243988056, 2.22050721, 0.0 ], [ 128.244073896, 2.220143438000092, 0.0 ], [ 128.244016934000086, 2.219865760000061, 0.0 ], [ 128.243988450000046, 2.219731708000154, 0.0 ], [ 128.243998094000261, 2.219482786000186, 0.0 ], [ 128.244055406, 2.219071129000099, 0.0 ], [ 128.244036605, 2.218611562000035, 0.0 ], [ 128.244046244000032, 2.218372213, 0.0 ], [ 128.244046356000013, 2.218152009000107, 0.0 ], [ 128.244046453000095, 2.217960527000059, 0.0 ], [ 128.244008471, 2.217788173000031, 0.0 ], [ 128.243999042000013, 2.217615834000072, 0.0 ], [ 128.244009620431115, 2.217461481636974, 0.0 ], [ 128.236497716668822, 2.217443866095266, 0.0 ], [ 128.231970791930593, 2.206257425142497, 0.0 ], [ 128.236396589544682, 2.200760870295483, 0.0 ], [ 128.241678993049163, 2.200760870403485, 0.0 ], [ 128.241569059151288, 2.202536764570481, 0.0 ], [ 128.241602862000036, 2.202532532000134, 0.0 ], [ 128.241617646751934, 2.202532539485503, 0.0 ], [ 128.241707550000086, 2.202532585000028, 0.0 ], [ 128.24175512400015, 2.202556544000174, 0.0 ], [ 128.241807451000085, 2.202590080999983, 0.0 ], [ 128.241855037000164, 2.202590105000183, 0.0 ], [ 128.241812251000141, 2.202508703000035, 0.0 ], [ 128.24178375100027, 2.202408161000051, 0.0 ], [ 128.241783968498652, 2.202406852271963, 0.0 ], [ 128.241807616000045, 2.202264561000049, 0.0 ], [ 128.241879055, 2.202144921000126, 0.0 ], [ 128.241920995410254, 2.202080595035624, 0.0 ], [ 128.24196953800012, 2.202006143000176, 0.0 ], [ 128.242174202000228, 2.201915294000059, 0.0 ], [ 128.242326088315934, 2.201835938057399, 0.0 ], [ 128.242412193000035, 2.201790951000135, 0.0 ], [ 128.242541948113711, 2.201762866815557, 0.0 ], [ 128.242654907000087, 2.201738418000161, 0.0 ], [ 128.242748517994613, 2.201721987305802, 0.0 ], [ 128.242845266000103, 2.201705006000054, 0.0 ], [ 128.242949965000179, 2.201685912000073, 0.0 ], [ 128.243097488000188, 2.201671625000017, 0.0 ], [ 128.243249771999984, 2.201652555000067, 0.0 ], [ 128.243272835618086, 2.201649129651685, 0.0 ], [ 128.243378262000164, 2.201633471999969, 0.0 ], [ 128.24344013400011, 2.201614355000288, 0.0 ], [ 128.243554361000037, 2.201571331000082, 0.0 ], [ 128.243616256000081, 2.201504343000067, 0.0 ], [ 128.243606770000014, 2.201442106000115, 0.0 ], [ 128.243573479999981, 2.201403793000053, 0.0 ], [ 128.24358916937237, 2.201353375149381, 0.0 ], [ 128.243597311000258, 2.201327212000023, 0.0 ], [ 128.243640163000094, 2.201279364000186, 0.0 ], [ 128.243728854765635, 2.201273325810292, 0.0 ], [ 128.243849547000195, 2.201265109000132, 0.0 ], [ 128.243887599000089, 2.201298637999969, 0.0 ], [ 128.243911372000042, 2.201336947000072, 0.0 ], [ 128.243949395000072, 2.201427920000014, 0.0 ], [ 128.243992183000017, 2.201504535000254, 0.0 ], [ 128.244044495999987, 2.201566794000143, 0.0 ], [ 128.244106348000059, 2.201585973000078, 0.0 ], [ 128.244187258000125, 2.201557292000075, 0.0 ], [ 128.244173011000129, 2.201499840000111, 0.0 ], [ 128.244111184000047, 2.201432788999966, 0.0 ], [ 128.244069778086299, 2.201373716528792, 0.0 ], [ 128.243997060000169, 2.201269972000091, 0.0 ], [ 128.243954273000099, 2.20118856900001, 0.0 ], [ 128.243950577001073, 2.201128578523992, 0.0 ], [ 128.243949554000181, 2.201111974000185, 0.0 ], [ 128.243968749148252, 2.201073402362397, 0.0 ], [ 128.243982897000024, 2.20104497300008, 0.0 ], [ 128.244011469000014, 2.201006691000089, 0.0 ], [ 128.244063829000282, 2.200973208000051, 0.0 ], [ 128.244135208000074, 2.200973245000171, 0.0 ], [ 128.244220237131202, 2.20097328772971, 0.0 ], [ 128.244244655000188, 2.200973300000101, 0.0 ], [ 128.244311272000118, 2.200978121000048, 0.0 ], [ 128.24438823019031, 2.200927686228113, 0.0 ], [ 128.244389177340366, 2.200927065510427, 0.0 ], [ 128.244420755000192, 2.200906371000144, 0.0 ], [ 128.244499282826922, 2.200869244608043, 0.0 ], [ 128.244501670000176, 2.200868116000095, 0.0 ], [ 128.244507310406874, 2.200861502932469, 0.0 ], [ 128.244558807000061, 2.200801126000044, 0.0 ], [ 128.24456205607143, 2.200797860777811, 0.0 ], [ 128.244564080236813, 2.200795826550631, 0.0 ], [ 128.244499926444831, 2.200754855870798, 0.0 ], [ 128.237995528386705, 2.196782303699478, 0.0 ], [ 128.241873357010348, 2.191255120345829, 0.0 ], [ 128.246679868469045, 2.189875032703071, 0.0 ], [ 128.248228363474567, 2.191762718581117, 0.0 ], [ 128.248489965529728, 2.19209669121551, 0.0 ], [ 128.248493745965305, 2.192092258718333, 0.0 ], [ 128.248531829000171, 2.192047607000063, 0.0 ], [ 128.248550908000084, 2.191956663000042, 0.0 ], [ 128.248562372152008, 2.191927051371465, 0.0 ], [ 128.248584261, 2.191870512999969, 0.0 ], [ 128.248655720000187, 2.19170778900002, 0.0 ], [ 128.248684319249918, 2.191705405645906, 0.0 ], [ 128.248712826000059, 2.191703030000099, 0.0 ], [ 128.248755678000265, 2.191650393999964, 0.0 ], [ 128.248760455999985, 2.191612100000043, 0.0 ], [ 128.248741456000147, 2.191545072000167, 0.0 ], [ 128.248808156000194, 2.191382345000079, 0.0 ], [ 128.248884441000172, 2.191085586000155, 0.0 ], [ 128.249008288999988, 2.190831934000129, 0.0 ], [ 128.249013107000195, 2.190712260000168, 0.0 ], [ 128.249022674000202, 2.190611736000051, 0.0 ], [ 128.249098954000146, 2.190324550000071, 0.0 ], [ 128.249108553000241, 2.190161796000098, 0.0 ], [ 128.249118128000049, 2.190042124000342, 0.0 ], [ 128.249146739999986, 2.189922462000026, 0.0 ], [ 128.249146778000153, 2.189845868000077, 0.0 ], [ 128.249137304000072, 2.189759696000067, 0.0 ], [ 128.249085010000016, 2.189659142000096, 0.0 ], [ 128.249037467000079, 2.189572951000116, 0.0 ], [ 128.248970917000037, 2.189434092000282, 0.0 ], [ 128.248942395000199, 2.189376634000155, 0.0 ], [ 128.248904393000089, 2.189242576000083, 0.0 ], [ 128.248904436000174, 2.189156409000134, 0.0 ], [ 128.248899770000065, 2.18896971100014, 0.0 ], [ 128.248914077000308, 2.188907487000165, 0.0 ], [ 128.248952195000101, 2.188806978000287, 0.0 ], [ 128.248990330000169, 2.188672959000087, 0.0 ], [ 128.249023675000217, 2.188601170000141, 0.0 ], [ 128.249052284000157, 2.188486295000131, 0.0 ], [ 128.249099916000205, 2.188390577000177, 0.0 ], [ 128.249099955000105, 2.188313985000093, 0.0 ], [ 128.249114273, 2.188227824000136, 0.0 ], [ 128.249119072000184, 2.188146447000235, 0.0 ], [ 128.249081038000185, 2.18807940900001, 0.0 ], [ 128.249052500000147, 2.188050672000031, 0.0 ], [ 128.249004953000025, 2.187974054999984, 0.0 ], [ 128.248981209, 2.187878302000172, 0.0 ], [ 128.248986003000226, 2.1878064980001, 0.0 ], [ 128.248995564000097, 2.187715549000302, 0.0 ], [ 128.249000351000035, 2.187658106000242, 0.0 ], [ 128.248976602000056, 2.187571928000068, 0.0 ], [ 128.248905255000153, 2.187509660000046, 0.0 ], [ 128.248871971000057, 2.187456986000144, 0.0 ], [ 128.248753094000079, 2.18728459100015, 0.0 ], [ 128.248672271, 2.187140939000187, 0.0 ], [ 128.248658031000076, 2.187069125000107, 0.0 ], [ 128.248653308, 2.186997317000021, 0.0 ], [ 128.248629599000054, 2.186829758000101, 0.0 ], [ 128.248629651000101, 2.186724443000173, 0.0 ], [ 128.248615408000063, 2.18665741600006, 0.0 ], [ 128.248448925000019, 2.186528082, 0.0 ], [ 128.248349077000171, 2.186365272000046, 0.0 ], [ 128.248292008000107, 2.186298223999984, 0.0 ], [ 128.248258717000084, 2.186259911000093, 0.0 ], [ 128.248182630000059, 2.186159344000032, 0.0 ], [ 128.248149395000127, 2.186010929000133, 0.0 ], [ 128.24813518400012, 2.185881671000061, 0.0 ], [ 128.24813523300017, 2.185781142, 0.0 ], [ 128.248120998000218, 2.185699755000144, 0.0 ], [ 128.248125826000091, 2.185560932000101, 0.0 ], [ 128.248111620000117, 2.185422100000153, 0.0 ], [ 128.24807836, 2.185321555000086, 0.0 ], [ 128.248068900000106, 2.185206662000269, 0.0 ], [ 128.248007128000012, 2.185029509000117, 0.0 ], [ 128.247926306000039, 2.184881069000085, 0.0 ], [ 128.247835999000102, 2.184670393000033, 0.0 ], [ 128.247812249000134, 2.184584214000097, 0.0 ], [ 128.247826591, 2.184450183000138, 0.0 ], [ 128.247883760000235, 2.184316174000116, 0.0 ], [ 128.247955200000291, 2.184191747000057, 0.0 ], [ 128.248026630000027, 2.184086468000146, 0.0 ], [ 128.248093356, 2.183871083000156, 0.0 ], [ 128.248102926000087, 2.183765772000243, 0.0 ], [ 128.248102981000187, 2.18365567, 0.0 ], [ 128.248188764999981, 2.183392425000022, 0.0 ], [ 128.248193592, 2.183253603000253, 0.0 ], [ 128.248198389000066, 2.183177012000045, 0.0 ], [ 128.248207971000028, 2.183047766000186, 0.0 ], [ 128.248174767999984, 2.18283233200009, 0.0 ], [ 128.248155772, 2.182755729000064, 0.0 ], [ 128.248194007000052, 2.182420654000169, 0.0 ], [ 128.248208354000099, 2.182277049000106, 0.0 ], [ 128.248213177999986, 2.182143014000076, 0.0 ], [ 128.24821800100014, 2.182013765000136, 0.0 ], [ 128.248213323000044, 2.181851003000019, 0.0 ], [ 128.248222858430466, 2.181801256473647, 0.0 ], [ 128.248237178000039, 2.181726551, 0.0 ], [ 128.248256290000199, 2.181568588000175, 0.0 ], [ 128.248289745000164, 2.181276594000167, 0.0 ], [ 128.248361192000147, 2.181137805000162, 0.0 ], [ 128.248370815000158, 2.180922392000184, 0.0 ], [ 128.248408955000258, 2.180778799000108, 0.0 ], [ 128.248466128000103, 2.180635216000042, 0.0 ], [ 128.248485230999989, 2.180496401000028, 0.0 ], [ 128.248485259000063, 2.18043895600016, 0.0 ], [ 128.248537648, 2.180348028000083, 0.0 ], [ 128.248570984000111, 2.180295387000058, 0.0 ], [ 128.248628124000192, 2.180218823000132, 0.0 ], [ 128.248670977000302, 2.180166186000122, 0.0 ], [ 128.248728095000047, 2.18013270500012, 0.0 ], [ 128.248804255000067, 2.180084873000055, 0.0 ], [ 128.248861376000121, 2.180046605000086, 0.0 ], [ 128.248980362000196, 2.179998795000074, 0.0 ], [ 128.249032715000197, 2.179979672000172, 0.0 ], [ 128.249123127000075, 2.17997971799997, 0.0 ], [ 128.249134359968565, 2.179980706315917, 0.0 ], [ 128.249232568000139, 2.179989347000174, 0.0 ], [ 128.249308678, 2.180042043000071, 0.0 ], [ 128.249418186000071, 2.179917634000162, 0.0 ], [ 128.24926598, 2.179783520000114, 0.0 ], [ 128.249136149703503, 2.17977101531568, 0.0 ], [ 128.248866284000172, 2.17974502300018, 0.0 ], [ 128.248661656000166, 2.179768856000124, 0.0 ], [ 128.248428509000149, 2.179730442000164, 0.0 ], [ 128.2483857080002, 2.179677763000142, 0.0 ], [ 128.248304863000016, 2.179577194000047, 0.0 ], [ 128.248276372000049, 2.179457503000037, 0.0 ], [ 128.248262118000156, 2.179414412000085, 0.0 ], [ 128.248243105, 2.179371320000087, 0.0 ], [ 128.248214586999978, 2.179304286000047, 0.0 ], [ 128.248190828000105, 2.17923725500009, 0.0 ], [ 128.248176569000037, 2.179203739000172, 0.0 ], [ 128.248133774000166, 2.179141485000173, 0.0 ], [ 128.248109995000021, 2.179112751000275, 0.0 ], [ 128.248086217, 2.179084017000037, 0.0 ], [ 128.248057682000081, 2.179050493000091, 0.0 ], [ 128.2479435, 2.179007351999985, 0.0 ], [ 128.247876895000076, 2.178978596000093, 0.0 ], [ 128.247838860000087, 2.178911558000038, 0.0 ], [ 128.247800830000159, 2.17883494600011, 0.0 ], [ 128.247743797000084, 2.178696092000165, 0.0 ], [ 128.247739065000104, 2.178643433000162, 0.0 ], [ 128.247648687000236, 2.178576368000052, 0.0 ], [ 128.247662995000013, 2.178509356000347, 0.0 ], [ 128.247686816000169, 2.178451924000057, 0.0 ], [ 128.247710633000082, 2.178404065000109, 0.0 ], [ 128.247729693000196, 2.178351417000158, 0.0 ], [ 128.247739240000186, 2.1782891900001, 0.0 ], [ 128.247763073000101, 2.178207822000103, 0.0 ], [ 128.247782157000302, 2.17810730400015, 0.0 ], [ 128.247801222, 2.17804508100005, 0.0 ], [ 128.247777506, 2.177891882999972, 0.0 ], [ 128.247768043000036, 2.177781776000188, 0.0 ], [ 128.247758583000149, 2.177666881, 0.0 ], [ 128.247763424999988, 2.177499337000029, 0.0 ], [ 128.247773011000021, 2.177360515999964, 0.0 ], [ 128.2477825630003, 2.177288716000077, 0.0 ], [ 128.247782639000178, 2.177135529000111, 0.0 ], [ 128.247773255000055, 2.176867450000032, 0.0 ], [ 128.247768541999989, 2.176776493000091, 0.0 ], [ 128.247801951000156, 2.176575453000112, 0.0 ], [ 128.247840073000106, 2.176465370000358, 0.0 ], [ 128.247835488000163, 2.176115912000057, 0.0 ], [ 128.247830772000128, 2.176029742000026, 0.0 ], [ 128.247854650000022, 2.175857420000114, 0.0 ], [ 128.247868996000079, 2.175713816000154, 0.0 ], [ 128.24788092158596, 2.175612277889059, 0.0 ], [ 128.247888111000151, 2.175551065000093, 0.0 ], [ 128.247902456, 2.175412247000168, 0.0 ], [ 128.247850217000035, 2.175201590000028, 0.0 ], [ 128.247850314000146, 2.175005321000071, 0.0 ], [ 128.247859878000071, 2.174909584000034, 0.0 ], [ 128.247840882000077, 2.174832982000112, 0.0 ], [ 128.247836185000295, 2.174708516000123, 0.0 ], [ 128.247845806000299, 2.174497890000111, 0.0 ], [ 128.247869642000154, 2.174411735000148, 0.0 ], [ 128.247903012000023, 2.174287288000243, 0.0 ], [ 128.247950645000031, 2.174191570000176, 0.0 ], [ 128.248041084000192, 2.174134171000105, 0.0 ], [ 128.248093463000117, 2.174062391, 0.0 ], [ 128.248217206000135, 2.174019370000281, 0.0 ], [ 128.248274307000173, 2.174019398000098, 0.0 ], [ 128.248282311088559, 2.173924940617212, 0.0 ], [ 128.248298239000036, 2.173736973000132, 0.0 ], [ 128.24813170600018, 2.173708167000029, 0.0 ], [ 128.24797263359207, 2.173660505279429, 0.0 ], [ 128.247955668, 2.173655422000195, 0.0 ], [ 128.247945914534597, 2.173643144283574, 0.0 ], [ 128.247917624, 2.17360753200012, 0.0 ], [ 128.247812980000248, 2.173521312000105, 0.0 ], [ 128.247798724000148, 2.173483009000051, 0.0 ], [ 128.24778446000002, 2.173459066000134, 0.0 ], [ 128.247660811000031, 2.173315393000052, 0.0 ], [ 128.247608758546988, 2.173245499830557, 0.0 ], [ 128.247589481000205, 2.173219615000107, 0.0 ], [ 128.247532420000169, 2.173138207000136, 0.0 ], [ 128.247465851000214, 2.173037644999966, 0.0 ], [ 128.247423079000072, 2.172927522000179, 0.0 ], [ 128.247385067000067, 2.17281261300019, 0.0 ], [ 128.247361349000101, 2.172664202000078, 0.0 ], [ 128.247328088999978, 2.172563657000183, 0.0 ], [ 128.247290086, 2.172434387000351, 0.0 ], [ 128.247290128, 2.17234822000006, 0.0 ], [ 128.247256875000147, 2.172233314000152, 0.0 ], [ 128.247261684000108, 2.172132788000169, 0.0 ], [ 128.247295086000207, 2.171946109000259, 0.0 ], [ 128.247285632000143, 2.171816853000052, 0.0 ], [ 128.247285671000071, 2.171740261000082, 0.0 ], [ 128.247261947000055, 2.171601424000073, 0.0 ], [ 128.24724772600004, 2.171491315000083, 0.0 ], [ 128.247247773000112, 2.171395572999984, 0.0 ], [ 128.247257335000057, 2.171304624000015, 0.0 ], [ 128.247262125000105, 2.171242394000216, 0.0 ], [ 128.247262176000021, 2.171137079000118, 0.0 ], [ 128.24724806499998, 2.170806765000123, 0.0 ], [ 128.247243394000037, 2.170629641000232, 0.0 ], [ 128.24721962500027, 2.170581759000185, 0.0 ], [ 128.247195861000108, 2.170524302000103, 0.0 ], [ 128.247148319000047, 2.170438111000351, 0.0 ], [ 128.247053223000052, 2.170289664000051, 0.0 ], [ 128.246991400000155, 2.170213040000135, 0.0 ], [ 128.246948699000086, 2.169959305000021, 0.0 ], [ 128.246929704000166, 2.169882702000165, 0.0 ], [ 128.246896430000078, 2.169810880000056, 0.0 ], [ 128.246858405000097, 2.169724694000024, 0.0 ], [ 128.246768058000157, 2.169595398000184, 0.0 ], [ 128.246730011000039, 2.169552295000074, 0.0 ], [ 128.246677690000183, 2.169509185000038, 0.0 ], [ 128.246606336000099, 2.169461279000188, 0.0 ], [ 128.246544497000031, 2.169418164999968, 0.0 ], [ 128.24649692700018, 2.169389419000083, 0.0 ], [ 128.246470543436402, 2.169364413397374, 0.0 ], [ 128.246416069999981, 2.169312785000159, 0.0 ], [ 128.246292391000111, 2.169231342999978, 0.0 ], [ 128.246249579000136, 2.169202599000073, 0.0 ], [ 128.246202016000183, 2.169159492000176, 0.0 ], [ 128.246140221, 2.169025423, 0.0 ], [ 128.246097452000043, 2.168910512000024, 0.0 ], [ 128.246021371000069, 2.168800372000135, 0.0 ], [ 128.245973843000087, 2.168685458000027, 0.0 ], [ 128.24596778840646, 2.168679360942236, 0.0 ], [ 128.245907258000301, 2.168618406000177, 0.0 ], [ 128.245883485, 2.168580097000131, 0.0 ], [ 128.245864472000193, 2.168537004000029, 0.0 ], [ 128.245831189000342, 2.16848433000007, 0.0 ], [ 128.24580745600008, 2.168364642000143, 0.0 ], [ 128.245807472000251, 2.168331132000048, 0.0 ], [ 128.245836049000189, 2.168278489000046, 0.0 ], [ 128.245869380000016, 2.168235422000123, 0.0 ], [ 128.24590746900023, 2.16819235700018, 0.0 ], [ 128.245907479000238, 2.168173210000078, 0.0 ], [ 128.245907509000034, 2.168110978000129, 0.0 ], [ 128.245840907000115, 2.168077435000101, 0.0 ], [ 128.24577385110112, 2.168073653520082, 0.0 ], [ 128.245755258, 2.16807260500002, 0.0 ], [ 128.245707694000174, 2.16802949700002, 0.0 ], [ 128.245650616000034, 2.16798159800004, 0.0 ], [ 128.245640482360017, 2.167747607676916, 0.0 ], [ 128.245636870233596, 2.167664202049139, 0.0 ], [ 128.245635326000041, 2.167628545000071, 0.0 ], [ 128.24562346200014, 2.167562717000123, 0.0 ], [ 128.245653265000215, 2.167437071000051, 0.0 ], [ 128.245677098000073, 2.167353310000124, 0.0 ], [ 128.245653351000186, 2.167263539999965, 0.0 ], [ 128.245653390000115, 2.167185751000034, 0.0 ], [ 128.24565757988691, 2.167110550880636, 0.0 ], [ 128.245659391000316, 2.167078044999982, 0.0 ], [ 128.245605949000037, 2.1668925190001, 0.0 ], [ 128.245498938000054, 2.166784757000074, 0.0 ], [ 128.245446680523372, 2.166732134344159, 0.0 ], [ 128.245433541000097, 2.166718903000287, 0.0 ], [ 128.245391920000174, 2.166688962000023, 0.0 ], [ 128.245314616000172, 2.166647037000018, 0.0 ], [ 128.245255146000176, 2.166623072000107, 0.0 ], [ 128.24520167, 2.166509352000105, 0.0 ], [ 128.245166029000046, 2.166413593000072, 0.0 ], [ 128.245130365000108, 2.166365705000032, 0.0 ], [ 128.245142341, 2.166204146999974, 0.0 ], [ 128.245154302000032, 2.166072509000116, 0.0 ], [ 128.245136478000148, 2.166030614000078, 0.0 ], [ 128.245088932000129, 2.16595280000007, 0.0 ], [ 128.245065182000047, 2.165869014000065, 0.0 ], [ 128.24505924800016, 2.165839092000056, 0.0 ], [ 128.244922540000033, 2.165641558000061, 0.0 ], [ 128.244833370000123, 2.165539788000161, 0.0 ], [ 128.244684759000137, 2.165354214999979, 0.0 ], [ 128.244607462000062, 2.165300322000064, 0.0 ], [ 128.244506392000062, 2.165204530000153, 0.0 ], [ 128.244446967000016, 2.16509080700024, 0.0 ], [ 128.24435780300027, 2.164977069999964, 0.0 ], [ 128.244286468000013, 2.164893261000031, 0.0 ], [ 128.244197356000058, 2.164671814000144, 0.0 ], [ 128.244155791000111, 2.164528182000311, 0.0 ], [ 128.244054763000094, 2.164348616000041, 0.0 ], [ 128.243971578000014, 2.164169060000062, 0.0 ], [ 128.243876469000014, 2.164049336000119, 0.0 ], [ 128.24381703200001, 2.163959549000082, 0.0 ], [ 128.243745736000022, 2.163797950000117, 0.0 ], [ 128.243668521000103, 2.163576509000165, 0.0 ], [ 128.243615050000017, 2.163450822000186, 0.0 ], [ 128.243597251000068, 2.163361056000042, 0.0 ], [ 128.243561686999982, 2.163109717000111, 0.0 ], [ 128.243561755000172, 2.162972089000107, 0.0 ], [ 128.243561817000312, 2.162846429000354, 0.0 ], [ 128.24356788999998, 2.162595112000247, 0.0 ], [ 128.243591747000295, 2.162463479999985, 0.0 ], [ 128.243603691000061, 2.162367744000108, 0.0 ], [ 128.243623967061467, 2.162319083495845, 0.0 ], [ 128.243710883000034, 2.162110494000104, 0.0 ], [ 128.243853737000336, 2.161907115000076, 0.0 ], [ 128.243948957000015, 2.161805438000101, 0.0 ], [ 128.244115502000199, 2.16180552100019, 0.0 ], [ 128.244210671, 2.161805569000024, 0.0 ], [ 128.244288005000044, 2.161787656000057, 0.0 ], [ 128.244347015750776, 2.161796591131065, 0.0 ], [ 128.244406956, 2.16180566700001, 0.0 ], [ 128.244454591999983, 2.161703966000061, 0.0 ], [ 128.244389421680779, 2.161679774779657, 0.0 ], [ 128.244341599000194, 2.161662023000019, 0.0 ], [ 128.24429406500019, 2.161560274000067, 0.0 ], [ 128.244300057000117, 2.161470519000034, 0.0 ], [ 128.244282275000018, 2.161344851000081, 0.0 ], [ 128.244258533000078, 2.161243113000012, 0.0 ], [ 128.244208650365835, 2.161107411240323, 0.0 ], [ 128.244199133000137, 2.161081520000039, 0.0 ], [ 128.244145654, 2.160973785000294, 0.0 ], [ 128.243997026000187, 2.160824114999969, 0.0 ], [ 128.243953808214172, 2.160769712664035, 0.0 ], [ 128.243949471000064, 2.160764253000025, 0.0 ], [ 128.243925700000176, 2.16072235400003, 0.0 ], [ 128.243800850000156, 2.16060261500013, 0.0 ], [ 128.243746067735742, 2.160590776783863, 0.0 ], [ 128.243717586000315, 2.160584622000158, 0.0 ], [ 128.243622446999979, 2.160524737000117, 0.0 ], [ 128.243580875999982, 2.160393071000045, 0.0 ], [ 128.24357499300001, 2.160261424000055, 0.0 ], [ 128.243563148, 2.160159693000083, 0.0 ], [ 128.243598972000058, 2.159884455000053, 0.0 ], [ 128.243598984000272, 2.159860520000109, 0.0 ], [ 128.243616890000197, 2.159734868000044, 0.0 ], [ 128.243616931000133, 2.159651095000129, 0.0 ], [ 128.243593178000168, 2.159573293000051, 0.0 ], [ 128.243527855, 2.15935784300018, 0.0 ], [ 128.2435208536277, 2.15933263910432, 0.0 ], [ 128.243486293000132, 2.159208226000146, 0.0 ], [ 128.243453167345336, 2.159145203210471, 0.0 ], [ 128.243379329000135, 2.159004723000066, 0.0 ], [ 128.243355616, 2.158843148000131, 0.0 ], [ 128.243379489000148, 2.158681597000169, 0.0 ], [ 128.243379581000198, 2.158496098, 0.0 ], [ 128.243385593000198, 2.158364457000062, 0.0 ], [ 128.243314306000201, 2.158184907000134, 0.0 ], [ 128.24334059414943, 2.157963699252718, 0.0 ], [ 128.243337563536215, 2.157877705633382, 0.0 ], [ 128.243338118275688, 2.157871042368754, 0.0 ], [ 128.243332363, 2.157754080000076, 0.0 ], [ 128.243320541000088, 2.157604479000043, 0.0 ], [ 128.243314658, 2.157472831000177, 0.0 ], [ 128.243314738000066, 2.157311268000058, 0.0 ], [ 128.243344570000062, 2.157125785000062, 0.0 ], [ 128.243350559000049, 2.157042015000058, 0.0 ], [ 128.243356561000013, 2.156934308000132, 0.0 ], [ 128.243362544000064, 2.156862506000039, 0.0 ], [ 128.24335667200009, 2.156706923000058, 0.0 ], [ 128.24333292200015, 2.1566231380001, 0.0 ], [ 128.243273492000071, 2.156521383000325, 0.0 ], [ 128.243243796000201, 2.156431611000358, 0.0 ], [ 128.243166596, 2.156180252000069, 0.0 ], [ 128.243166708000075, 2.155952867000166, 0.0 ], [ 128.243166814000091, 2.155737449000128, 0.0 ], [ 128.243232399000107, 2.155420339000159, 0.0 ], [ 128.243268135000193, 2.155324615000041, 0.0 ], [ 128.243286056000187, 2.15516904500015, 0.0 ], [ 128.243268289000042, 2.155013457000053, 0.0 ], [ 128.243286195000081, 2.154887806000091, 0.0 ], [ 128.243351667000155, 2.154798081000024, 0.0 ], [ 128.243494440000148, 2.154756265000116, 0.0 ], [ 128.243607456000262, 2.154750338000042, 0.0 ], [ 128.243666992000016, 2.154636675000177, 0.0 ], [ 128.24371462100018, 2.154546942000138, 0.0 ], [ 128.243744405, 2.154457199000035, 0.0 ], [ 128.243768318000065, 2.154211874000111, 0.0 ], [ 128.2437683590002, 2.154128101000026, 0.0 ], [ 128.243762432000153, 2.154086211000106, 0.0 ], [ 128.243720876000083, 2.153924627000039, 0.0 ], [ 128.243756639999987, 2.15376906500012, 0.0 ], [ 128.243798342000076, 2.153637442, 0.0 ], [ 128.243828141000193, 2.153517780000072, 0.0 ], [ 128.243869827, 2.153416076000155, 0.0 ], [ 128.243893648000011, 2.153356249000069, 0.0 ], [ 128.243935327, 2.153272497000274, 0.0 ], [ 128.243988979000136, 2.153027187000021, 0.0 ], [ 128.243977133000016, 2.152925456000048, 0.0 ], [ 128.243977167999986, 2.152853650000168, 0.0 ], [ 128.243947493000036, 2.152721991000021, 0.0 ], [ 128.243989203000154, 2.152572417000101, 0.0 ], [ 128.244060651000012, 2.152428840000027, 0.0 ], [ 128.244179649000074, 2.152351110000154, 0.0 ], [ 128.244268904999984, 2.152279348000092, 0.0 ], [ 128.244280845000134, 2.152189597000188, 0.0 ], [ 128.244274962000048, 2.152057950000028, 0.0 ], [ 128.244275000000101, 2.15198016, 0.0 ], [ 128.244280975000123, 2.15192630900026, 0.0 ], [ 128.244281010000094, 2.151854502999982, 0.0 ], [ 128.24424538400001, 2.151728825000078, 0.0 ], [ 128.244179967000122, 2.151704857000084, 0.0 ], [ 128.244156232, 2.151591152000151, 0.0 ], [ 128.244150304000044, 2.15154926200006, 0.0 ], [ 128.244108697000087, 2.151489404000074, 0.0 ], [ 128.244090873000204, 2.15144750800016, 0.0 ], [ 128.244055206000183, 2.151405603000171, 0.0 ], [ 128.244025475000143, 2.151387637000084, 0.0 ], [ 128.244013612000089, 2.151321808999967, 0.0 ], [ 128.244019627000029, 2.151184184000045, 0.0 ], [ 128.244019662000113, 2.151112378000164, 0.0 ], [ 128.244049468000043, 2.150980748999984, 0.0 ], [ 128.244091139000233, 2.150908964, 0.0 ], [ 128.244162562000014, 2.150813258000085, 0.0 ], [ 128.244233964000017, 2.150759439000183, 0.0 ], [ 128.244251809000019, 2.150759448000088, 0.0 ], [ 128.244275627000064, 2.150705606000088, 0.0 ], [ 128.244234020999983, 2.150645747000169, 0.0 ], [ 128.244198365000074, 2.150579907000065, 0.0 ], [ 128.244186531000167, 2.150454241000148, 0.0 ], [ 128.244222272000201, 2.150346550000051, 0.0 ], [ 128.24431750800008, 2.150208969000119, 0.0 ], [ 128.244365106000117, 2.150179073000289, 0.0 ], [ 128.244495998000247, 2.15010733300005, 0.0 ], [ 128.2445911960003, 2.150047542000152, 0.0 ], [ 128.244662598000218, 2.149993723000079, 0.0 ], [ 128.244787548000062, 2.149910011000031, 0.0 ], [ 128.244823271000058, 2.149838223000131, 0.0 ], [ 128.244757899000177, 2.149724498000069, 0.0 ], [ 128.244728197000057, 2.149646694000012, 0.0 ], [ 128.244728220000269, 2.149598823000076, 0.0 ], [ 128.244728256000116, 2.149527016999969, 0.0 ], [ 128.24474019900012, 2.149431282000136, 0.0 ], [ 128.244764032, 2.149347520000163, 0.0 ], [ 128.244817615000301, 2.149245822000069, 0.0 ], [ 128.244871173000291, 2.149191994000091, 0.0 ], [ 128.244954468000032, 2.14914416500028, 0.0 ], [ 128.24500801200017, 2.149120256000174, 0.0 ], [ 128.245037769000078, 2.149084368000047, 0.0 ], [ 128.245049695, 2.149024534999967, 0.0 ], [ 128.245085239326016, 2.148946619020194, 0.0 ], [ 128.245115194000135, 2.148880956000256, 0.0 ], [ 128.245121200000284, 2.148761282000123, 0.0 ], [ 128.245145066000163, 2.148611699000128, 0.0 ], [ 128.245216463000105, 2.148569847000033, 0.0 ], [ 128.24531758700013, 2.148551946000055, 0.0 ], [ 128.245397897744482, 2.148526020787869, 0.0 ], [ 128.245484158000153, 2.1484981750001, 0.0 ], [ 128.245585274000177, 2.148498225000139, 0.0 ], [ 128.245751842000089, 2.148450437000065, 0.0 ], [ 128.245876753000033, 2.148444515000107, 0.0 ], [ 128.24599571300007, 2.148444574000052, 0.0 ], [ 128.246132491, 2.148498497000161, 0.0 ], [ 128.24620978599998, 2.148558373000128, 0.0 ], [ 128.246257363000012, 2.148570364000137, 0.0 ], [ 128.246340630000276, 2.148582373000182, 0.0 ], [ 128.246423902000032, 2.148582414000089, 0.0 ], [ 128.246477446000085, 2.148558506000029, 0.0 ], [ 128.246495325000041, 2.148486708000177, 0.0 ], [ 128.24647340966257, 2.148446978061373, 0.0 ], [ 128.246465611000048, 2.148432840000111, 0.0 ], [ 128.246283404891727, 2.148343745685111, 0.0 ], [ 128.245853114000141, 2.148133344000029, 0.0 ], [ 128.245359512000164, 2.147965552000187, 0.0 ], [ 128.244996741999984, 2.147845695000115, 0.0 ], [ 128.244675644000012, 2.14765405300011, 0.0 ], [ 128.244705402, 2.147618165000153, 0.0 ], [ 128.245032454000096, 2.147797841999989, 0.0 ], [ 128.245389272000097, 2.147923680000133, 0.0 ], [ 128.245882869000184, 2.148103440000057, 0.0 ], [ 128.246477534000036, 2.148378991000016, 0.0 ], [ 128.246525120000115, 2.148373030000187, 0.0 ], [ 128.246537096000196, 2.148211474000107, 0.0 ], [ 128.246544072983255, 2.14818870204175, 0.0 ], [ 128.246560926, 2.148133696000059, 0.0 ], [ 128.24656094000008, 2.148103776000255, 0.0 ], [ 128.246537169999982, 2.148061878000021, 0.0 ], [ 128.24644937102093, 2.148061833717918, 0.0 ], [ 128.246418209000211, 2.148061817999974, 0.0 ], [ 128.246364677000059, 2.148061791999964, 0.0 ], [ 128.246227873000151, 2.148061724000172, 0.0 ], [ 128.246174341000113, 2.148061698000334, 0.0 ], [ 128.246067289000138, 2.148037709000051, 0.0 ], [ 128.245989964000017, 2.148037671000054, 0.0 ], [ 128.24588886900014, 2.147995734, 0.0 ], [ 128.24582941200012, 2.147947834000149, 0.0 ], [ 128.245710488000185, 2.147875969000154, 0.0 ], [ 128.245680795000311, 2.147780213000033, 0.0 ], [ 128.245621379000227, 2.147648539000159, 0.0 ], [ 128.245597667000055, 2.147486964000052, 0.0 ], [ 128.24559174700002, 2.14742712300017, 0.0 ], [ 128.24559179100001, 2.147337365000169, 0.0 ], [ 128.245603752000051, 2.147205727000141, 0.0 ], [ 128.245627592000091, 2.1471099970002, 0.0 ], [ 128.245681199000018, 2.146954444000017, 0.0 ], [ 128.245681250000047, 2.146852719000037, 0.0 ], [ 128.245716996000027, 2.146733061000077, 0.0 ], [ 128.245746786000012, 2.146631350000291, 0.0 ], [ 128.245794482000036, 2.14640398900002, 0.0 ], [ 128.245919396000062, 2.146392083000137, 0.0 ], [ 128.246056267000284, 2.146254523000096, 0.0 ], [ 128.246109849000135, 2.146152825000058, 0.0 ], [ 128.246169393000031, 2.146021210000072, 0.0 ], [ 128.246182119975941, 2.145957355272912, 0.0 ], [ 128.246187281000147, 2.145931461000032, 0.0 ], [ 128.246294418000048, 2.145781918000182, 0.0 ], [ 128.2463896470002, 2.145656304999989, 0.0 ], [ 128.246409545351611, 2.14561432068831, 0.0 ], [ 128.246449189000117, 2.145530675000089, 0.0 ], [ 128.246574217000187, 2.145285399000045, 0.0 ], [ 128.246598064000267, 2.145171718000142, 0.0 ], [ 128.246627843000027, 2.145093943000176, 0.0 ], [ 128.246657618000057, 2.145022152000024, 0.0 ], [ 128.246663659000063, 2.144830673000058, 0.0 ], [ 128.246669672000024, 2.144699031000186, 0.0 ], [ 128.246628056000077, 2.144657124, 0.0 ], [ 128.246538866, 2.144597241000099, 0.0 ], [ 128.246515091000106, 2.14456132700019, 0.0 ], [ 128.246574607000071, 2.144489550000173, 0.0 ], [ 128.246634116000081, 2.144429742000056, 0.0 ], [ 128.246687668000021, 2.144387881000057, 0.0 ], [ 128.246765024000041, 2.144322097000099, 0.0 ], [ 128.246848328000027, 2.144256316000053, 0.0 ], [ 128.246925672000089, 2.144214467000097, 0.0 ], [ 128.247007917861538, 2.144161334700641, 0.0 ], [ 128.247011152148133, 2.14415904675036, 0.0 ], [ 128.247040400825171, 2.144137490385105, 0.0 ], [ 128.247071952744591, 2.144114236523365, 0.0 ], [ 128.247098222000062, 2.144094876000054, 0.0 ], [ 128.247103093794948, 2.144089979713613, 0.0 ], [ 128.247169633000084, 2.144023106000134, 0.0 ], [ 128.247306478000127, 2.143939400000136, 0.0 ], [ 128.247371918000226, 2.143915497000023, 0.0 ], [ 128.247467121000312, 2.143843738000044, 0.0 ], [ 128.247520670000057, 2.143807861000028, 0.0 ], [ 128.247591838392481, 2.143760180968172, 0.0 ], [ 128.247609920000144, 2.143748067000047, 0.0 ], [ 128.247621833000011, 2.143712170000185, 0.0 ], [ 128.247633781000076, 2.143604467000046, 0.0 ], [ 128.247675459000192, 2.143520714000147, 0.0 ], [ 128.247770693000206, 2.143383133000043, 0.0 ], [ 128.24778854600001, 2.143365191000158, 0.0 ], [ 128.247931344000079, 2.14326952000016, 0.0 ], [ 128.248134500670261, 2.143211233747138, 0.0 ], [ 128.248181195000114, 2.143197837000173, 0.0 ], [ 128.248222845000186, 2.14316793800009, 0.0 ], [ 128.248240721000201, 2.143102125000041, 0.0 ], [ 128.248202851596915, 2.143089405136834, 0.0 ], [ 128.248115834000117, 2.143060177000109, 0.0 ], [ 128.248038519, 2.143042187000049, 0.0 ], [ 128.247877944000123, 2.143000221000136, 0.0 ], [ 128.247854173000036, 2.14295832200014, 0.0 ], [ 128.247812560000057, 2.142910431000189, 0.0 ], [ 128.247753153000048, 2.142760806000127, 0.0 ], [ 128.247729393000185, 2.142694972000014, 0.0 ], [ 128.247616458000039, 2.142539337000017, 0.0 ], [ 128.247557021000119, 2.142449550000151, 0.0 ], [ 128.247521380000279, 2.142353791000119, 0.0 ], [ 128.247527460000128, 2.142084521000072, 0.0 ], [ 128.24750964200004, 2.142030658000124, 0.0 ], [ 128.247503770000066, 2.141875075000144, 0.0 ], [ 128.247503796000245, 2.1418212210001, 0.0 ], [ 128.247485984000036, 2.141755390000071, 0.0 ], [ 128.247414664000161, 2.1416416630002, 0.0 ], [ 128.247265984999984, 2.141599702000179, 0.0 ], [ 128.24712921, 2.141539796000188, 0.0 ], [ 128.247093534000101, 2.141515843000092, 0.0 ], [ 128.247111428000125, 2.14141412700036, 0.0 ], [ 128.247123367000171, 2.141324375000068, 0.0 ], [ 128.247248348000056, 2.141174842, 0.0 ], [ 128.24728406600002, 2.14111502000003, 0.0 ], [ 128.247307913000071, 2.141001340000059, 0.0 ], [ 128.247319855000086, 2.140905604000125, 0.0 ], [ 128.247230674000065, 2.140827770999976, 0.0 ], [ 128.247099847000158, 2.140767868000069, 0.0 ], [ 128.247052296000192, 2.140702022000141, 0.0 ], [ 128.247040449000195, 2.140600291000169, 0.0 ], [ 128.247058334, 2.140516526000056, 0.0 ], [ 128.247147632000264, 2.140355007000153, 0.0 ], [ 128.247343971000049, 2.140241411000148, 0.0 ], [ 128.247397529000068, 2.140187583000113, 0.0 ], [ 128.247546304, 2.140032077000058, 0.0 ], [ 128.247647478000061, 2.13991245, 0.0 ], [ 128.247683198000203, 2.139846644999977, 0.0 ], [ 128.247760565999982, 2.139756926000131, 0.0 ], [ 128.247891453000051, 2.139691169000117, 0.0 ], [ 128.247901933817616, 2.139689667977336, 0.0 ], [ 128.248016369000311, 2.139673279000021, 0.0 ], [ 128.248040170000053, 2.139655339000171, 0.0 ], [ 128.248004511000062, 2.139595483000164, 0.0 ], [ 128.247945179207562, 2.139595453842162, 0.0 ], [ 128.247927188000148, 2.139595445000168, 0.0 ], [ 128.24781419100006, 2.139565470000093, 0.0 ], [ 128.247754737000037, 2.139511586000083, 0.0 ], [ 128.247725021000036, 2.139463701000124, 0.0 ], [ 128.247665564000158, 2.139415801000041, 0.0 ], [ 128.247600162999987, 2.13936191400012, 0.0 ], [ 128.247516944000154, 2.139254164000249, 0.0 ], [ 128.247493187, 2.139182347000087, 0.0 ], [ 128.247463485, 2.139104542000154, 0.0 ], [ 128.24749330400013, 2.13894299300017, 0.0 ], [ 128.24758853199998, 2.138817379000102, 0.0 ], [ 128.247612359000044, 2.138745586000085, 0.0 ], [ 128.247624302000048, 2.138649849999979, 0.0 ], [ 128.247660013000285, 2.138601997000024, 0.0 ], [ 128.247654106000113, 2.138518221000027, 0.0 ], [ 128.247719588000194, 2.13840456000014, 0.0 ], [ 128.24776721300006, 2.138320810000153, 0.0 ], [ 128.247785092000044, 2.138249012000074, 0.0 ], [ 128.247695910000147, 2.138171179000097, 0.0 ], [ 128.247559148000022, 2.138087338000161, 0.0 ], [ 128.247481897000171, 2.137937704000023, 0.0 ], [ 128.247422468000082, 2.137835949000078, 0.0 ], [ 128.247386829000078, 2.137734207000164, 0.0 ], [ 128.247351185000156, 2.137644432000116, 0.0 ], [ 128.247333391000069, 2.137542698000231, 0.0 ], [ 128.247351269000205, 2.137470901000086, 0.0 ], [ 128.247357255000082, 2.137393114000133, 0.0 ], [ 128.247274007000186, 2.137345203000166, 0.0 ], [ 128.247256283000155, 2.137099857000066, 0.0 ], [ 128.247244416000143, 2.137040012, 0.0 ], [ 128.247268285999979, 2.136878461000094, 0.0 ], [ 128.247274333000064, 2.136675014000219, 0.0 ], [ 128.247274386000271, 2.136567303999982, 0.0 ], [ 128.247238741000245, 2.136477530000035, 0.0 ], [ 128.247197185000203, 2.136315945999967, 0.0 ], [ 128.247161572000209, 2.136160348999965, 0.0 ], [ 128.247161617000046, 2.13607059100002, 0.0 ], [ 128.247161657000078, 2.135986817, 0.0 ], [ 128.247197431999979, 2.13580731999997, 0.0 ], [ 128.247197467000092, 2.135735514000089, 0.0 ], [ 128.247209398000081, 2.135663714000032, 0.0 ], [ 128.247197543000055, 2.135579934000021, 0.0 ], [ 128.247138098000022, 2.135508099, 0.0 ], [ 128.247072694000138, 2.135460197000158, 0.0 ], [ 128.246924065, 2.135316511000156, 0.0 ], [ 128.246882463999981, 2.135244685000089, 0.0 ], [ 128.246811153000039, 2.135113005, 0.0 ], [ 128.246692319000175, 2.134855642000105, 0.0 ], [ 128.246692368000112, 2.134753917000126, 0.0 ], [ 128.246692456000119, 2.134574402000113, 0.0 ], [ 128.246692549000045, 2.134382920000064, 0.0 ], [ 128.246692625000037, 2.13422734, 0.0 ], [ 128.246621325000177, 2.134071725000183, 0.0 ], [ 128.246538112000138, 2.133952008000165, 0.0 ], [ 128.246496546000088, 2.133808375000058, 0.0 ], [ 128.246520422000089, 2.133634856000185, 0.0 ], [ 128.246484767000055, 2.13356901600008, 0.0 ], [ 128.246395577000129, 2.133509134000065, 0.0 ], [ 128.246484859999981, 2.133377534000033, 0.0 ], [ 128.246461115000074, 2.133281781, 0.0 ], [ 128.246377887000079, 2.133191982000142, 0.0 ], [ 128.246241082000068, 2.133197898999981, 0.0 ], [ 128.246181605000061, 2.13319188500003, 0.0 ], [ 128.246139996000011, 2.133138011000028, 0.0 ], [ 128.246270903000067, 2.133030366000071, 0.0 ], [ 128.246312548000077, 2.133012435000125, 0.0 ], [ 128.246330423999979, 2.132946622000076, 0.0 ], [ 128.246330455000106, 2.132880800000122, 0.0 ], [ 128.246336453, 2.132779078000056, 0.0 ], [ 128.246336496999987, 2.132689320000281, 0.0 ], [ 128.246294997000149, 2.132408060000103, 0.0 ], [ 128.246295065, 2.132270432000098, 0.0 ], [ 128.24627730500012, 2.132096892000107, 0.0 ], [ 128.246271389000157, 2.132031066000025, 0.0 ], [ 128.246295265000043, 2.131857548000028, 0.0 ], [ 128.246295359000186, 2.131666065000104, 0.0 ], [ 128.246295388000107, 2.131606227000133, 0.0 ], [ 128.246313327000053, 2.131408769000132, 0.0 ], [ 128.246331245000164, 2.131259182000064, 0.0 ], [ 128.246361007000132, 2.131211326000028, 0.0 ], [ 128.246414577000081, 2.131133563000105, 0.0 ], [ 128.246337370000191, 2.130894171000023, 0.0 ], [ 128.246337405000276, 2.130822366000188, 0.0 ], [ 128.246283934000047, 2.130696678999982, 0.0 ], [ 128.246176924000082, 2.130588917000125, 0.0 ], [ 128.246099650000133, 2.13048715400015, 0.0 ], [ 128.246105644000039, 2.130391416000066, 0.0 ], [ 128.246129474000071, 2.130313637000086, 0.0 ], [ 128.246141391, 2.130271757, 0.0 ], [ 128.246218867000238, 2.129954652000151, 0.0 ], [ 128.246254596000057, 2.12987089600017, 0.0 ], [ 128.246302214, 2.129799114000093, 0.0 ], [ 128.246343885000073, 2.129727328000172, 0.0 ], [ 128.246355833000024, 2.129619625000032, 0.0 ], [ 128.24642130100014, 2.129535883000074, 0.0 ], [ 128.246468898000103, 2.129505988000175, 0.0 ], [ 128.246540291000059, 2.12947012, 0.0 ], [ 128.246612938614334, 2.129425505093593, 0.0 ], [ 128.246647386000262, 2.129404350000073, 0.0 ], [ 128.246754495000204, 2.129308661999971, 0.0 ], [ 128.246802122000275, 2.129218928000057, 0.0 ], [ 128.246748624000105, 2.129153079, 0.0 ], [ 128.246679600346823, 2.129145735396435, 0.0 ], [ 128.246635618, 2.129141056000151, 0.0 ], [ 128.246498801, 2.129170908000162, 0.0 ], [ 128.246391733000195, 2.129182823000348, 0.0 ], [ 128.246177666000108, 2.129063041, 0.0 ], [ 128.246140782939477, 2.12899852210171, 0.0 ], [ 128.246111185237964, 2.12894674735594, 0.0 ], [ 128.246064750000045, 2.128865518999987, 0.0 ], [ 128.246017278000039, 2.128638111000043, 0.0 ], [ 128.245997806267354, 2.1285448359327, 0.0 ], [ 128.245981204079158, 2.128465306788883, 0.0 ], [ 128.245922332000163, 2.128183293000063, 0.0 ], [ 128.245922384000181, 2.128075584000101, 0.0 ], [ 128.245993951000145, 2.127680686000133, 0.0 ], [ 128.246095118000085, 2.127573026999983, 0.0 ], [ 128.246202198000191, 2.127537177000078, 0.0 ], [ 128.24622610600008, 2.127297835000149, 0.0 ], [ 128.246244005000221, 2.127184151000165, 0.0 ], [ 128.246345178000155, 2.127064525000208, 0.0 ], [ 128.246333311000143, 2.127004680000141, 0.0 ], [ 128.245209214000141, 2.126878467000097, 0.0 ], [ 128.245215186000081, 2.126830599000016, 0.0 ], [ 128.246369028000316, 2.126944859000104, 0.0 ], [ 128.24652369400016, 2.12690304900002, 0.0 ], [ 128.246577245000225, 2.126861188000021, 0.0 ], [ 128.246660542000285, 2.12680737400018, 0.0 ], [ 128.246618954000013, 2.126711613000168, 0.0 ], [ 128.246505981000013, 2.126633767000101, 0.0 ], [ 128.246351374999989, 2.126549918000024, 0.0 ], [ 128.246220565000016, 2.126460096000017, 0.0 ], [ 128.246137311000098, 2.126424152000083, 0.0 ], [ 128.245935117000045, 2.126352247000056, 0.0 ], [ 128.245863817000185, 2.126196632000074, 0.0 ], [ 128.245786552000112, 2.126076918000138, 0.0 ], [ 128.245733114000103, 2.125885408999977, 0.0 ], [ 128.245697519000146, 2.12569390900012, 0.0 ], [ 128.245655938999988, 2.125580195000168, 0.0 ], [ 128.245655986000173, 2.125484454000116, 0.0 ], [ 128.245697763000152, 2.125191267000104, 0.0 ], [ 128.245745480000096, 2.124916033999966, 0.0 ], [ 128.245745588000062, 2.124694633000048, 0.0 ], [ 128.245751596000076, 2.124568975000159, 0.0 ], [ 128.245751667, 2.124425363000171, 0.0 ], [ 128.245763637000067, 2.124269789999971, 0.0 ], [ 128.245775679000161, 2.123970604000079, 0.0 ], [ 128.245823363000198, 2.12376119300012, 0.0 ], [ 128.245894787000111, 2.123659503000056, 0.0 ], [ 128.246043546000209, 2.123533917000146, 0.0 ], [ 128.246061436000076, 2.123438184000122, 0.0 ], [ 128.246114996000045, 2.123378372000105, 0.0 ], [ 128.246216157000021, 2.123282680000045, 0.0 ], [ 128.246245926000114, 2.12322285600004, 0.0 ], [ 128.246251882999985, 2.123204908000162, 0.0 ], [ 128.246305450999984, 2.123127144000136, 0.0 ], [ 128.246347110000102, 2.123079294000092, 0.0 ], [ 128.246448271000077, 2.12298360300008, 0.0 ], [ 128.246501822999988, 2.12294174200008, 0.0 ], [ 128.246591055000152, 2.122911866000265, 0.0 ], [ 128.246668390000053, 2.122887969000146, 0.0 ], [ 128.246793316000065, 2.122846143000062, 0.0 ], [ 128.246900399000168, 2.122804309000173, 0.0 ], [ 128.246983696, 2.122750496000037, 0.0 ], [ 128.247043195000032, 2.122708637000073, 0.0 ], [ 128.247120555000265, 2.122630886000081, 0.0 ], [ 128.247186035, 2.122523209000178, 0.0 ], [ 128.247197954000058, 2.122475343000133, 0.0 ], [ 128.247168271000305, 2.12235565300017, 0.0 ], [ 128.247102854000076, 2.122337669000103, 0.0 ], [ 128.24713263700005, 2.122247927000103, 0.0 ], [ 128.247263539000045, 2.122146265000084, 0.0 ], [ 128.24734088000011, 2.1221104, 0.0 ], [ 128.24744202600013, 2.122044628000254, 0.0 ], [ 128.247525337000184, 2.121960894000097, 0.0 ], [ 128.247614619000132, 2.121829294, 0.0 ], [ 128.247691994000178, 2.121721623000099, 0.0 ], [ 128.247745552000168, 2.121667795000064, 0.0 ], [ 128.247751525000098, 2.121613943000057, 0.0 ], [ 128.247854874858007, 2.121605329306647, 0.0 ], [ 128.247894281000157, 2.121602045000145, 0.0 ], [ 128.247983526000183, 2.121548234000044, 0.0 ], [ 128.247970500449554, 2.121472008877106, 0.0 ], [ 128.247953870000032, 2.121374688000059, 0.0 ], [ 128.247971751, 2.1212969070001, 0.0 ], [ 128.24801937200013, 2.121219141000097, 0.0 ], [ 128.24809671800017, 2.1211713080001, 0.0 ], [ 128.24828117800007, 2.121015818000047, 0.0 ], [ 128.248388289000189, 2.12091414600036, 0.0 ], [ 128.248453753000234, 2.120836387000054, 0.0 ], [ 128.248554972000051, 2.120621019000168, 0.0 ], [ 128.248620460000069, 2.120495391000247, 0.0 ], [ 128.248727648000084, 2.120232154000064, 0.0 ], [ 128.248888349, 2.120010831000116, 0.0 ], [ 128.248953830000318, 2.119897170000059, 0.0 ], [ 128.249031225000039, 2.119747612000083, 0.0 ], [ 128.249120510000097, 2.119610027000022, 0.0 ], [ 128.249233604000068, 2.119436550000102, 0.0 ], [ 128.249328828000074, 2.119316921000063, 0.0 ], [ 128.249370431684127, 2.119252304269423, 0.0 ], [ 128.249394304, 2.119215227000212, 0.0 ], [ 128.249489525000143, 2.119101581000223, 0.0 ], [ 128.249566891000171, 2.119011861000047, 0.0 ], [ 128.249620445000318, 2.118964016000121, 0.0 ], [ 128.249715649000194, 2.118886273000158, 0.0 ], [ 128.249793009000058, 2.118808521000119, 0.0 ], [ 128.249864412000193, 2.118748717000131, 0.0 ], [ 128.24989411449792, 2.118717292794884, 0.0 ], [ 128.249977480000069, 2.118629095000188, 0.0 ], [ 128.25006676100017, 2.118497495000156, 0.0 ], [ 128.250134668091135, 2.118332621765774, 0.0 ], [ 128.250138220000252, 2.118323998000108, 0.0 ], [ 128.250156107000038, 2.118234250000114, 0.0 ], [ 128.250157922250082, 2.118228779991342, 0.0 ], [ 128.250185889, 2.118144505999965, 0.0 ], [ 128.250245397000157, 2.118084697000086, 0.0 ], [ 128.250298946000044, 2.11804882000007, 0.0 ], [ 128.250358447000139, 2.118000978000168, 0.0 ], [ 128.250396819318752, 2.117984111048258, 0.0 ], [ 128.250453633, 2.117959138000117, 0.0 ], [ 128.250554748000098, 2.117959186000292, 0.0 ], [ 128.250649897000102, 2.117995136000047, 0.0 ], [ 128.250703488000312, 2.117869502000132, 0.0 ], [ 128.250649974000197, 2.117833573000098, 0.0 ], [ 128.250626206000334, 2.117785690000118, 0.0 ], [ 128.250572698000013, 2.117737793000174, 0.0 ], [ 128.250567950556501, 2.117731737288124, 0.0 ], [ 128.250540819000065, 2.117697129000021, 0.0 ], [ 128.250483534000068, 2.117624057000171, 0.0 ], [ 128.250453806000081, 2.117600107000328, 0.0 ], [ 128.250406240000046, 2.117564181000035, 0.0 ], [ 128.250382472000041, 2.117516299000159, 0.0 ], [ 128.250394405000037, 2.117438515000117, 0.0 ], [ 128.250453930000134, 2.117342803000156, 0.0 ], [ 128.250471785000059, 2.117318875000307, 0.0 ], [ 128.250483750000029, 2.117175270000075, 0.0 ], [ 128.250513541, 2.117067575000136, 0.0 ], [ 128.250549306000011, 2.116906029000062, 0.0 ], [ 128.250567210000071, 2.116780377000168, 0.0 ], [ 128.250573193000122, 2.116708574000029, 0.0 ], [ 128.25056136300006, 2.116570939999974, 0.0 ], [ 128.250555512000318, 2.116367486, 0.0 ], [ 128.250555651000099, 2.116080263000129, 0.0 ], [ 128.250561684000303, 2.115900750000151, 0.0 ], [ 128.250555897000112, 2.115565653000033, 0.0 ], [ 128.250555957000273, 2.115439992, 0.0 ], [ 128.250567905, 2.11533228800016, 0.0 ], [ 128.250562052000163, 2.115134819000105, 0.0 ], [ 128.250514550000162, 2.114967249000074, 0.0 ], [ 128.250496798000057, 2.114775757000018, 0.0 ], [ 128.250478994000076, 2.114691975000028, 0.0 ], [ 128.250449312000086, 2.11457228400019, 0.0 ], [ 128.250401815, 2.114392746000078, 0.0 ], [ 128.250372122000272, 2.114296990000128, 0.0 ], [ 128.250342437000057, 2.114183282000113, 0.0 ], [ 128.250294978000255, 2.11392595500024, 0.0 ], [ 128.25028913800017, 2.113698565999982, 0.0 ], [ 128.250277254999986, 2.113674625000045, 0.0 ], [ 128.250170279, 2.113495058000012, 0.0 ], [ 128.250158429000038, 2.113399311000023, 0.0 ], [ 128.250140606000144, 2.11335741500011, 0.0 ], [ 128.2501168430002, 2.113297565000153, 0.0 ], [ 128.250087152000077, 2.113195826000152, 0.0 ], [ 128.250063395000069, 2.113124008000057, 0.0 ], [ 128.250063424000103, 2.113064168999983, 0.0 ], [ 128.250063467, 2.112974412000142, 0.0 ], [ 128.250051614000057, 2.11288464900025, 0.0 ], [ 128.250015972999989, 2.112788890000047, 0.0 ], [ 128.249972137941995, 2.112696164973272, 0.0 ], [ 128.245330637163391, 2.112629048959378, 0.0 ], [ 128.245392221855781, 2.108260882837612, 0.0 ], [ 128.245400079610221, 2.106970673050569, 0.0 ], [ 128.251945431966988, 2.107141976510547, 0.0 ], [ 128.251999346000019, 2.107075285000064, 0.0 ], [ 128.252058859000158, 2.107003508000104, 0.0 ], [ 128.252112455000059, 2.106865905000348, 0.0 ], [ 128.252195805000241, 2.106698397000173, 0.0 ], [ 128.252338762000107, 2.106261646000178, 0.0 ], [ 128.252374494000037, 2.106165922000059, 0.0 ], [ 128.252380488000171, 2.106070184000145, 0.0 ], [ 128.252398360000029, 2.106010353999978, 0.0 ], [ 128.252410296000306, 2.10592658600018, 0.0 ], [ 128.25069162600002, 2.105381227000066, 0.0 ], [ 128.25070949900018, 2.105321397000068, 0.0 ], [ 128.252428179000134, 2.105842821000066, 0.0 ], [ 128.252511512000154, 2.105711216000088, 0.0 ], [ 128.252588923000076, 2.105525754000041, 0.0 ], [ 128.252636545000286, 2.105442004000054, 0.0 ], [ 128.252725845000072, 2.105268516000081, 0.0 ], [ 128.252755619, 2.105196724000165, 0.0 ], [ 128.252803238000183, 2.105118957000229, 0.0 ], [ 128.252886625000059, 2.10487365900002, 0.0 ], [ 128.252946192000081, 2.10468819, 0.0 ], [ 128.253035518000019, 2.104460846000052, 0.0 ], [ 128.253136782000041, 2.104143752000084, 0.0 ], [ 128.253261784000046, 2.103940361000071, 0.0 ], [ 128.253380821000036, 2.103772870000114, 0.0 ], [ 128.253517721000065, 2.103563502000043, 0.0 ], [ 128.253607004000031, 2.103425916000048, 0.0 ], [ 128.253708168000088, 2.103318256000023, 0.0 ], [ 128.253785575000023, 2.103138778000072, 0.0 ], [ 128.253892702, 2.103001202000031, 0.0 ], [ 128.253952252000175, 2.102851634000103, 0.0 ], [ 128.253904725000069, 2.102731934000133, 0.0 ], [ 128.25377988600016, 2.102594246000138, 0.0 ], [ 128.253773953000064, 2.102564324000127, 0.0 ], [ 128.253803754000018, 2.102432694000072, 0.0 ], [ 128.253893014000113, 2.102342979000013, 0.0 ], [ 128.25399415900003, 2.102277205000121, 0.0 ], [ 128.25400609100015, 2.102199421000079, 0.0 ], [ 128.254012101000029, 2.102067778999981, 0.0 ], [ 128.253928880000188, 2.101966014000026, 0.0 ], [ 128.253863531000064, 2.101804419000075, 0.0 ], [ 128.253881411000265, 2.101726638000116, 0.0 ], [ 128.253923069000024, 2.101678786000036, 0.0 ], [ 128.253982581000145, 2.101607009000077, 0.0 ], [ 128.254083740000027, 2.101511316000256, 0.0 ], [ 128.254113561000139, 2.10133779900002, 0.0 ], [ 128.254173111000085, 2.101188231000038, 0.0 ], [ 128.254202902000173, 2.10108053700003, 0.0 ], [ 128.254266812000054, 2.100938022000036, 0.0 ], [ 128.25437394100004, 2.100794460999964, 0.0 ], [ 128.254397778000083, 2.100698730000147, 0.0 ], [ 128.254302633000151, 2.100656799000148, 0.0 ], [ 128.254278873000288, 2.100590965000037, 0.0 ], [ 128.254243223000202, 2.100513156999967, 0.0 ], [ 128.254207612000187, 2.10035157700014, 0.0 ], [ 128.25420169800006, 2.10027976800012, 0.0 ], [ 128.254201715, 2.100243865000265, 0.0 ], [ 128.254130387000117, 2.100148089000129, 0.0 ], [ 128.254106646000196, 2.100040368, 0.0 ], [ 128.254088854000287, 2.099932650000027, 0.0 ], [ 128.254077003999981, 2.099836904000085, 0.0 ], [ 128.254071104000076, 2.099735175000092, 0.0 ], [ 128.254112793000075, 2.099621502, 0.0 ], [ 128.254166351000094, 2.09956169000003, 0.0 ], [ 128.254231835000127, 2.099442044000113, 0.0 ], [ 128.254273492000124, 2.099394194000013, 0.0 ], [ 128.254344917000111, 2.099286519000088, 0.0 ], [ 128.254404472000118, 2.099124983000081, 0.0 ], [ 128.25441640400004, 2.09904719900004, 0.0 ], [ 128.254428356000176, 2.098927527000058, 0.0 ], [ 128.254446265000155, 2.098789908000129, 0.0 ], [ 128.254446305000101, 2.098706134000111, 0.0 ], [ 128.254422567000091, 2.09859243000011, 0.0 ], [ 128.254428569000055, 2.098478740000132, 0.0 ], [ 128.254416747000022, 2.09832315400024, 0.0 ], [ 128.254398952000059, 2.098221420000187, 0.0 ], [ 128.254381143000046, 2.098149606000106, 0.0 ], [ 128.25436928100018, 2.098077794000176, 0.0 ], [ 128.254351469000056, 2.098011963000147, 0.0 ], [ 128.254208832000103, 2.097778525000023, 0.0 ], [ 128.254089909000157, 2.097706662, 0.0 ], [ 128.254036450000029, 2.097557040000083, 0.0 ], [ 128.253988884, 2.09752111400013, 0.0 ], [ 128.253953248000101, 2.097413387000188, 0.0 ], [ 128.253977102000135, 2.097281755000153, 0.0 ], [ 128.254006903000203, 2.097150124000166, 0.0 ], [ 128.254012877000122, 2.097096272000158, 0.0 ], [ 128.254054596000145, 2.09691677700016, 0.0 ], [ 128.254102221000267, 2.096827042000256, 0.0 ], [ 128.25417959100011, 2.096725354, 0.0 ], [ 128.254215309000045, 2.09665954899998, 0.0 ], [ 128.254191546000129, 2.096599699000024, 0.0 ], [ 128.254025047000113, 2.09651584500017, 0.0 ], [ 128.253965597000132, 2.096455978000108, 0.0 ], [ 128.253935892000044, 2.096384158000035, 0.0 ], [ 128.253888369000123, 2.096258474000138, 0.0 ], [ 128.253840891000095, 2.096037050000063, 0.0 ], [ 128.253823076000316, 2.095977202000086, 0.0 ], [ 128.253698206000166, 2.095905337000091, 0.0 ], [ 128.253644727000051, 2.095797602000175, 0.0 ], [ 128.25349609700001, 2.095659903000068, 0.0 ], [ 128.253395012000254, 2.095600015000059, 0.0 ], [ 128.253311793000051, 2.095492266000122, 0.0 ], [ 128.253252343000071, 2.095432399000061, 0.0 ], [ 128.253169119000148, 2.095336618000033, 0.0 ], [ 128.25307400600002, 2.095228863000101, 0.0 ], [ 128.253050226, 2.095204917000047, 0.0 ], [ 128.25299078700013, 2.095121114000164, 0.0 ], [ 128.252931409000183, 2.094911652000064, 0.0 ], [ 128.252931426000146, 2.094875749000209, 0.0 ], [ 128.252955296000067, 2.094708212000115, 0.0 ], [ 128.252967257, 2.094570590000103, 0.0 ], [ 128.252925642, 2.094528681999975, 0.0 ], [ 128.252931638000149, 2.094426960000078, 0.0 ], [ 128.252949504000156, 2.094379098000217, 0.0 ], [ 128.252967376000214, 2.094319268000049, 0.0 ], [ 128.252985239000054, 2.094277390000173, 0.0 ], [ 128.25298529438453, 2.094159792661685, 0.0 ], [ 128.252985301000052, 2.094145746000095, 0.0 ], [ 128.252985327, 2.094091891000176, 0.0 ], [ 128.252997282, 2.093966235999972, 0.0 ], [ 128.253027071999981, 2.093858541000032, 0.0 ], [ 128.253092535000036, 2.093780783, 0.0 ], [ 128.253169886999984, 2.093714997000063, 0.0 ], [ 128.25324723200012, 2.093667163000021, 0.0 ], [ 128.253308933218676, 2.093662759475023, 0.0 ], [ 128.253330504000104, 2.093661220000172, 0.0 ], [ 128.253421241634754, 2.09363978641511, 0.0 ], [ 128.253431628000129, 2.093637333000061, 0.0 ], [ 128.253627886000203, 2.093679313000167, 0.0 ], [ 128.253740886000173, 2.093697319000057, 0.0 ], [ 128.253949022000143, 2.093775209000057, 0.0 ], [ 128.254026326000115, 2.093811149000032, 0.0 ], [ 128.254276253000057, 2.093559947000017, 0.0 ], [ 128.254278179044462, 2.093531086883274, 0.0 ], [ 128.254282243000034, 2.093470192000155, 0.0 ], [ 128.254288225000181, 2.093398389000185, 0.0 ], [ 128.254306131000106, 2.093266753000138, 0.0 ], [ 128.254306164000013, 2.093194946000097, 0.0 ], [ 128.254300293999989, 2.093033381000168, 0.0 ], [ 128.254312271000231, 2.092859855000028, 0.0 ], [ 128.254318252000047, 2.092788051000127, 0.0 ], [ 128.254318289, 2.092710261000093, 0.0 ], [ 128.254312373000062, 2.092644436000057, 0.0 ], [ 128.254324308, 2.092560668000033, 0.0 ], [ 128.254383823000097, 2.092482905999987, 0.0 ], [ 128.254496885000094, 2.092369267000096, 0.0 ], [ 128.254592095000106, 2.092273571000021, 0.0 ], [ 128.254634724568035, 2.092255725426469, 0.0 ], [ 128.254663482000041, 2.092243687, 0.0 ], [ 128.254740821000013, 2.09220782000034, 0.0 ], [ 128.254841956000064, 2.092159998000113, 0.0 ], [ 128.25491062879982, 2.092122838451417, 0.0 ], [ 128.254919296999986, 2.092118148, 0.0 ], [ 128.255032336000198, 2.092052379000165, 0.0 ], [ 128.255048580349552, 2.092044519866591, 0.0 ], [ 128.255192964000202, 2.091974666000055, 0.0 ], [ 128.255264341000128, 2.09196871600011, 0.0 ], [ 128.25544281400002, 2.091885028000092, 0.0 ], [ 128.25559748200007, 2.091831247000356, 0.0 ], [ 128.255764060000018, 2.091747552000073, 0.0 ], [ 128.255996095000086, 2.091598067000063, 0.0 ], [ 128.256015701356404, 2.091581758481993, 0.0 ], [ 128.256168649000159, 2.091454537000118, 0.0 ], [ 128.256240023000032, 2.091454571000099, 0.0 ], [ 128.256295961162408, 2.091434854622605, 0.0 ], [ 128.256453059910399, 2.091379482436309, 0.0 ], [ 128.25657910400011, 2.091335056000048, 0.0 ], [ 128.256662385, 2.091311160000032, 0.0 ], [ 128.25685868399998, 2.091263383000069, 0.0 ], [ 128.257031176000055, 2.091251496999973, 0.0 ], [ 128.25716202500027, 2.091257543000154, 0.0 ], [ 128.257245314000187, 2.09121569600012, 0.0 ], [ 128.257281037000183, 2.09113792300019, 0.0 ], [ 128.257259831287087, 2.09112510884546, 0.0 ], [ 128.257221576, 2.091101992000119, 0.0 ], [ 128.257275191000048, 2.090922502000012, 0.0 ], [ 128.257304958000162, 2.090862677000132, 0.0 ], [ 128.257352568000186, 2.090802860999986, 0.0 ], [ 128.257406127000053, 2.090743048000093, 0.0 ], [ 128.25745039131175, 2.090737131837614, 0.0 ], [ 128.257495348999981, 2.090731123000125, 0.0 ], [ 128.257632146000191, 2.090737172000161, 0.0 ], [ 128.257703495000186, 2.090791060000186, 0.0 ], [ 128.257798626000152, 2.090862912999967, 0.0 ], [ 128.257822355, 2.090994568000155, 0.0 ], [ 128.257929320000102, 2.091198070000075, 0.0 ], [ 128.257959016000058, 2.091287841000167, 0.0 ], [ 128.257982763000172, 2.091383595000082, 0.0 ], [ 128.258024364000335, 2.091455420000102, 0.0 ], [ 128.25810763299998, 2.09145546100018, 0.0 ], [ 128.258137406000031, 2.091383668, 0.0 ], [ 128.258208880000296, 2.091168284000105, 0.0 ], [ 128.258315984895233, 2.091029878048345, 0.0 ], [ 128.258333860000192, 2.091006779000168, 0.0 ], [ 128.258524274000109, 2.090827354000169, 0.0 ], [ 128.258673003000098, 2.09075561800006, 0.0 ], [ 128.258863437000031, 2.090534307000155, 0.0 ], [ 128.258940809, 2.090426634000039, 0.0 ], [ 128.259071733000013, 2.090271116000168, 0.0 ], [ 128.259137207000066, 2.090169421000155, 0.0 ], [ 128.259202669000018, 2.09009166200002, 0.0 ], [ 128.259244320000192, 2.090055779000181, 0.0 ], [ 128.259323886479791, 2.089990803303351, 0.0 ], [ 128.259334827124661, 2.089976218286438, 0.0 ], [ 128.259423981765821, 2.089858533327061, 0.0 ], [ 128.2594288, 2.08984643100007, 0.0 ], [ 128.259446731, 2.089660941000034, 0.0 ], [ 128.25951221800014, 2.08952932700015, 0.0 ], [ 128.259577660000076, 2.089493456000298, 0.0 ], [ 128.259607433000127, 2.089421663000109, 0.0 ], [ 128.259666947999989, 2.089343901000063, 0.0 ], [ 128.259655090999985, 2.089260122000155, 0.0 ], [ 128.259696743000035, 2.089224238000043, 0.0 ], [ 128.259780046000259, 2.089152471000034, 0.0 ], [ 128.259809796000098, 2.089128550000112, 0.0 ], [ 128.259803890000171, 2.089038790000131, 0.0 ], [ 128.259881271000012, 2.088913165000121, 0.0 ], [ 128.259946721000091, 2.088859342000035, 0.0 ], [ 128.259964581000162, 2.088823446999982, 0.0 ], [ 128.259970562, 2.088751644000183, 0.0 ], [ 128.25997655, 2.088667873000077, 0.0 ], [ 128.259988468000302, 2.088620007000031, 0.0 ], [ 128.26003013600004, 2.088548221000167, 0.0 ], [ 128.260107474000023, 2.088512355000034, 0.0 ], [ 128.260166966000128, 2.088482464000094, 0.0 ], [ 128.260190786000152, 2.088422636000132, 0.0 ], [ 128.26025626200007, 2.088314958000127, 0.0 ], [ 128.26030982000006, 2.088255145000062, 0.0 ], [ 128.260369317000141, 2.088213286000041, 0.0 ], [ 128.260470465999987, 2.088135544000181, 0.0 ], [ 128.260595426000094, 2.08801592500015, 0.0 ], [ 128.260672786000072, 2.087932189000127, 0.0 ], [ 128.26075014400007, 2.087854435000111, 0.0 ], [ 128.260875090000127, 2.087764737000158, 0.0 ], [ 128.260940541000053, 2.087710912000034, 0.0 ], [ 128.261011950000096, 2.087633156000038, 0.0 ], [ 128.261077399000072, 2.087585316000115, 0.0 ], [ 128.261154734000314, 2.087555433999967, 0.0 ], [ 128.261249909000156, 2.087531543000068, 0.0 ], [ 128.26130550460752, 2.087531569289581, 0.0 ], [ 128.26134507499998, 2.087531588000161, 0.0 ], [ 128.261416447000073, 2.087531621000039, 0.0 ], [ 128.26148187000021, 2.087537636000092, 0.0 ], [ 128.261535383999984, 2.087573565000128, 0.0 ], [ 128.261624598000139, 2.087579591000121, 0.0 ], [ 128.261773333000036, 2.087495887000102, 0.0 ], [ 128.261898258000059, 2.087448075000054, 0.0 ], [ 128.261975594000063, 2.087418193000076, 0.0 ], [ 128.262058876000197, 2.087388313000076, 0.0 ], [ 128.262189750000061, 2.087340504000111, 0.0 ], [ 128.262237335000094, 2.08733454200035, 0.0 ], [ 128.262344396000202, 2.087334593000094, 0.0 ], [ 128.262439569000179, 2.087316686000122, 0.0 ], [ 128.262516910000016, 2.08727483500013, 0.0 ], [ 128.26255345470085, 2.087243351158463, 0.0 ], [ 128.262558561000077, 2.087238952000064, 0.0 ], [ 128.262647792000024, 2.087209075000203, 0.0 ], [ 128.262656340781149, 2.087205496073011, 0.0 ], [ 128.262719179000186, 2.08717918900004, 0.0 ], [ 128.26277867400006, 2.087143314000173, 0.0 ], [ 128.26286196800001, 2.087089499000057, 0.0 ], [ 128.262927430000076, 2.087011740000093, 0.0 ], [ 128.26296906800016, 2.08700577500008, 0.0 ], [ 128.263088040000042, 2.08696992800003, 0.0 ], [ 128.263157343363986, 2.086877054367505, 0.0 ], [ 128.263177313000114, 2.086850293000168, 0.0 ], [ 128.263272520000072, 2.086760580000088, 0.0 ], [ 128.263415336000179, 2.086611051000091, 0.0 ], [ 128.263433191000104, 2.086587124000175, 0.0 ], [ 128.263433229000128, 2.086503350000157, 0.0 ], [ 128.263445156000074, 2.086437533000095, 0.0 ], [ 128.263451134000064, 2.086371714000108, 0.0 ], [ 128.263559026947149, 2.086273596927754, 0.0 ], [ 128.263576091000203, 2.086258079, 0.0 ], [ 128.263647489000249, 2.086204258000066, 0.0 ], [ 128.26368594705545, 2.08617848987575, 0.0 ], [ 128.263736734000076, 2.086144461, 0.0 ], [ 128.263831940000017, 2.086054749000084, 0.0 ], [ 128.263830261812785, 2.086047134493015, 0.0 ], [ 128.263808199000067, 2.085947028000305, 0.0 ], [ 128.26383799300001, 2.085827365000057, 0.0 ], [ 128.263903433000081, 2.085797475999982, 0.0 ], [ 128.263992678, 2.085737679000147, 0.0 ], [ 128.264147346000186, 2.085683898000013, 0.0 ], [ 128.264252883948274, 2.085695744820612, 0.0 ], [ 128.264254400000112, 2.085695915000031, 0.0 ], [ 128.264343620000062, 2.085689974000161, 0.0 ], [ 128.264450694000033, 2.085660104, 0.0 ], [ 128.264545895000168, 2.085582359000057, 0.0 ], [ 128.264615453456571, 2.085538667274988, 0.0 ], [ 128.264688684, 2.085492669000075, 0.0 ], [ 128.264843373000048, 2.085391016000131, 0.0 ], [ 128.264950467000034, 2.085319260000063, 0.0 ], [ 128.265027794000019, 2.085307328000113, 0.0 ], [ 128.265200299000156, 2.085265522000042, 0.0 ], [ 128.265242640234277, 2.085264843504546, 0.0 ], [ 128.265563117000141, 2.085259708000081, 0.0 ], [ 128.265569057000079, 2.085277663000056, 0.0 ], [ 128.266026993000196, 2.085373619, 0.0 ], [ 128.266187558000041, 2.085427550000133, 0.0 ], [ 128.266220258000061, 2.085454493000157, 0.0 ], [ 128.26637074300001, 2.085374123000065, 0.0 ], [ 128.266383910000258, 2.085266077000199, 0.0 ], [ 128.266383932868024, 2.085216956558043, 0.0 ], [ 128.266383949000186, 2.085182304000114, 0.0 ], [ 128.266407778000115, 2.085098540999979, 0.0 ], [ 128.266425688, 2.084954936000088, 0.0 ], [ 128.26642572199998, 2.084883130000037, 0.0 ], [ 128.26644359000008, 2.084829284000023, 0.0 ], [ 128.266455505000039, 2.084787402000074, 0.0 ], [ 128.266503113000084, 2.084733570000083, 0.0 ], [ 128.266574522000013, 2.084655813000154, 0.0 ], [ 128.266574547000317, 2.084601959000111, 0.0 ], [ 128.266574575000135, 2.084542119000333, 0.0 ], [ 128.266574911291713, 2.084541105495475, 0.0 ], [ 128.266586486000023, 2.08450622200013, 0.0 ], [ 128.266598400999982, 2.084464341000114, 0.0 ], [ 128.266657913000103, 2.084392562000119, 0.0 ], [ 128.266693639000067, 2.084308805000205, 0.0 ], [ 128.266735301000153, 2.084248985000045, 0.0 ], [ 128.266997058000015, 2.084129431000121, 0.0 ], [ 128.267127927000132, 2.084093588999962, 0.0 ], [ 128.267240970000302, 2.084015851000118, 0.0 ], [ 128.267300465000034, 2.083979977000184, 0.0 ], [ 128.267395699000048, 2.083830425000031, 0.0 ], [ 128.26743738900015, 2.083710766000024, 0.0 ], [ 128.267502848000134, 2.083638991000043, 0.0 ], [ 128.267598011999979, 2.083639036000135, 0.0 ], [ 128.267693182000102, 2.083627112000045, 0.0 ], [ 128.267931124, 2.083561401000168, 0.0 ], [ 128.268002514000244, 2.083525531000078, 0.0 ], [ 128.268044162000024, 2.083495631000063, 0.0 ], [ 128.267990696000169, 2.083357978000151, 0.0 ], [ 128.268014529000055, 2.083268231000091, 0.0 ], [ 128.26806811700007, 2.083142594000094, 0.0 ], [ 128.268121683000089, 2.083064829000137, 0.0 ], [ 128.268175227000114, 2.083034935000114, 0.0 ], [ 128.268246614000049, 2.083005049000178, 0.0 ], [ 128.268347732000024, 2.082993129000044, 0.0 ], [ 128.268383008478509, 2.082993144816556, 0.0 ], [ 128.268383418000184, 2.082993145000046, 0.0 ], [ 128.268466671000056, 2.083029087, 0.0 ], [ 128.268490437000054, 2.083082953000029, 0.0 ], [ 128.268514209000017, 2.083124851000093, 0.0 ], [ 128.268543934000149, 2.08315478500009, 0.0 ], [ 128.268609357000145, 2.083160799000097, 0.0 ], [ 128.268740243999986, 2.083083070000101, 0.0 ], [ 128.26890086700007, 2.083011338000063, 0.0 ], [ 128.269043615000186, 2.08301140500032, 0.0 ], [ 128.269180444000057, 2.082945647000031, 0.0 ], [ 128.26932259857719, 2.082878687916946, 0.0 ], [ 128.269370813999984, 2.082855977000066, 0.0 ], [ 128.269525507000225, 2.082748340000137, 0.0 ], [ 128.269662344000153, 2.082664629000078, 0.0 ], [ 128.269745652000069, 2.082580894000159, 0.0 ], [ 128.26989438200016, 2.082503173000021, 0.0 ], [ 128.269976700914839, 2.082474409724682, 0.0 ], [ 128.270031203, 2.082455366000033, 0.0 ], [ 128.27019181600005, 2.082407569999987, 0.0 ], [ 128.270340497, 2.082437557999981, 0.0 ], [ 128.270459427000077, 2.082491468, 0.0 ], [ 128.270489194000078, 2.082431644000053, 0.0 ], [ 128.27053680100002, 2.082377811000129, 0.0 ], [ 128.270590331000079, 2.082377836000035, 0.0 ], [ 128.2706914460002, 2.082371899000179, 0.0 ], [ 128.270739031000147, 2.08236593700002, 0.0 ], [ 128.270846094, 2.082360004000179, 0.0 ], [ 128.27091746500011, 2.082366020000109, 0.0 ], [ 128.271030464000205, 2.082384024000021, 0.0 ], [ 128.271173203000188, 2.082402042000069, 0.0 ], [ 128.271244561000202, 2.082437979000133, 0.0 ], [ 128.271369431000011, 2.082509843000025, 0.0 ], [ 128.27141698300008, 2.082575688000077, 0.0 ], [ 128.271470475000086, 2.082659487000171, 0.0 ], [ 128.271535856000213, 2.082755259000067, 0.0 ], [ 128.271660694000019, 2.082898930000169, 0.0 ], [ 128.271696332, 2.083006657000112, 0.0 ], [ 128.271749785000083, 2.083174230000054, 0.0 ], [ 128.271791358000087, 2.083305894000091, 0.0 ], [ 128.271791314000069, 2.08340163600019, 0.0 ], [ 128.271791262000079, 2.083515329000079, 0.0 ], [ 128.271791205000113, 2.083640991000038, 0.0 ], [ 128.271791158000013, 2.083742717000064, 0.0 ], [ 128.271814927000122, 2.083790598000064, 0.0 ], [ 128.271868457000068, 2.083790623000142, 0.0 ], [ 128.271898196000052, 2.083790637000163, 0.0 ], [ 128.271969559000013, 2.083814606000089, 0.0 ], [ 128.27199926500009, 2.083886426000163, 0.0 ], [ 128.272005191000034, 2.08393430000001, 0.0 ], [ 128.271999215000136, 2.083994136, 0.0 ], [ 128.272011081000045, 2.084059963000016, 0.0 ], [ 128.27207054500002, 2.084089911000035, 0.0 ], [ 128.272141926999979, 2.084071993000123, 0.0 ], [ 128.272189509000071, 2.084072014000071, 0.0 ], [ 128.272225168000062, 2.084131869000145, 0.0 ], [ 128.272290577, 2.084167803000071, 0.0 ], [ 128.272326256000241, 2.084185771000136, 0.0 ], [ 128.272326228000082, 2.084245610000039, 0.0 ], [ 128.27232620900017, 2.084287497000048, 0.0 ], [ 128.272344037000011, 2.084323408999978, 0.0 ], [ 128.272373759000033, 2.084359326000026, 0.0 ], [ 128.272403484000051, 2.08438925900009, 0.0 ], [ 128.272480783000191, 2.084437166000101, 0.0 ], [ 128.272593789000069, 2.084443202000045, 0.0 ], [ 128.27267109100012, 2.084485125000072, 0.0 ], [ 128.272712690000048, 2.084562934000189, 0.0 ], [ 128.272851314127337, 2.084667634083984, 0.0 ], [ 128.27293858985945, 2.084557667273372, 0.0 ], [ 128.27707442040716, 2.079369002011674, 0.0 ], [ 128.278526278196722, 2.080406206365353, 0.0 ], [ 128.278602958000164, 2.08029317200004, 0.0 ], [ 128.27871600600028, 2.080203465000181, 0.0 ], [ 128.278888538000018, 2.080101818, 0.0 ], [ 128.279055117000183, 2.080012137000154, 0.0 ], [ 128.27915624000002, 2.079988248, 0.0 ], [ 128.279168217858995, 2.079985241202394, 0.0 ], [ 128.27927521, 2.079958383000132, 0.0 ], [ 128.279614259000112, 2.079904684000041, 0.0 ], [ 128.279858126000136, 2.07988684500009, 0.0 ], [ 128.280084134000049, 2.079904899000155, 0.0 ], [ 128.280327969000012, 2.079958867000187, 0.0 ], [ 128.280589631000197, 2.08004874500017, 0.0 ], [ 128.280779914000021, 2.080150558000127, 0.0 ], [ 128.280904783000068, 2.080228405000071, 0.0 ], [ 128.280952319000306, 2.08033015400008, 0.0 ], [ 128.281023606000048, 2.080521671000042, 0.0 ], [ 128.281050619828278, 2.080597877899493, 0.0 ], [ 128.281083008000195, 2.080689246000134, 0.0 ], [ 128.281106745000301, 2.080808935000164, 0.0 ], [ 128.281118610000021, 2.080874762, 0.0 ], [ 128.28112452600007, 2.080946572000073, 0.0 ], [ 128.281124494000068, 2.081018379000113, 0.0 ], [ 128.281094730000149, 2.081072219000077, 0.0 ], [ 128.28110060800006, 2.081227803, 0.0 ], [ 128.281124366000057, 2.081299621000086, 0.0 ], [ 128.281124350000113, 2.08133552400011, 0.0 ], [ 128.281177853, 2.081395387000043, 0.0 ], [ 128.281195682000288, 2.081425315, 0.0 ], [ 128.28123729, 2.081485172999975, 0.0 ], [ 128.281261059000116, 2.081533054000147, 0.0 ], [ 128.281278876000073, 2.081592902000125, 0.0 ], [ 128.281278798000102, 2.081766434000087, 0.0 ], [ 128.281278768000078, 2.081832257000087, 0.0 ], [ 128.281266837000061, 2.08191004200006, 0.0 ], [ 128.28126681, 2.081969880000031, 0.0 ], [ 128.281266769000212, 2.082059639000078, 0.0 ], [ 128.281260791000108, 2.082125459000053, 0.0 ], [ 128.281254800000028, 2.082221199000116, 0.0 ], [ 128.281230968000017, 2.082310945000074, 0.0 ], [ 128.281227630550433, 2.082336041022245, 0.0 ], [ 128.281418977674292, 2.082472738596379, 0.0 ], [ 128.281571338879047, 2.082581584549644, 0.0 ], [ 128.281558070000045, 2.082370933999982, 0.0 ], [ 128.281581916000135, 2.082251267000118, 0.0 ], [ 128.28164738800001, 2.082149572000162, 0.0 ], [ 128.281718777, 2.082113701000139, 0.0 ], [ 128.281748582000063, 2.081970102000071, 0.0 ], [ 128.281748647000171, 2.08182648900015, 0.0 ], [ 128.281754635000055, 2.081736733000184, 0.0 ], [ 128.281826063000125, 2.081617088000144, 0.0 ], [ 128.28192132200013, 2.081407696000042, 0.0 ], [ 128.281974879000018, 2.08134788100017, 0.0 ], [ 128.28209387800004, 2.081252194000172, 0.0 ], [ 128.282272418000048, 2.081018904000018, 0.0 ], [ 128.282355752000029, 2.08087532900015, 0.0 ], [ 128.282474782000094, 2.080713819000095, 0.0 ], [ 128.282581869000182, 2.08065402900013, 0.0 ], [ 128.282742505000101, 2.080552376000185, 0.0 ], [ 128.282867455000172, 2.080450708000115, 0.0 ], [ 128.283063813000126, 2.080271279999977, 0.0 ], [ 128.283124776629734, 2.080221351301645, 0.0 ], [ 128.283188211974192, 2.080169398289627, 0.0 ], [ 128.28322446300001, 2.080139709000036, 0.0 ], [ 128.283266129999987, 2.080067921000137, 0.0 ], [ 128.283270200385431, 2.080062855606002, 0.0 ], [ 128.283381838734158, 2.079923927168351, 0.0 ], [ 128.283391104000088, 2.079912397000043, 0.0 ], [ 128.283516100000156, 2.079709003000119, 0.0 ], [ 128.283569724000131, 2.079499591, 0.0 ], [ 128.28366497, 2.079320118000169, 0.0 ], [ 128.283754260000109, 2.079158593000045, 0.0 ], [ 128.283861392000034, 2.078997078000099, 0.0 ], [ 128.283974500000198, 2.07877572600006, 0.0 ], [ 128.284081618000158, 2.078650113000094, 0.0 ], [ 128.284117331000061, 2.078590290000193, 0.0 ], [ 128.284212561000089, 2.078446721000091, 0.0 ], [ 128.284301839, 2.078309131000083, 0.0 ], [ 128.284379201000178, 2.078219409000156, 0.0 ], [ 128.284456566000102, 2.078123702000311, 0.0 ], [ 128.284641011000161, 2.077980173000071, 0.0 ], [ 128.28475406000004, 2.077890465999985, 0.0 ], [ 128.284855218000047, 2.077788786000099, 0.0 ], [ 128.28496232400002, 2.077687108000077, 0.0 ], [ 128.285087257000185, 2.077621343000033, 0.0 ], [ 128.285206245000012, 2.077549590000046, 0.0 ], [ 128.285319252999983, 2.077549641000133, 0.0 ], [ 128.285378731000122, 2.077549668000074, 0.0 ], [ 128.28543827900009, 2.077394114000128, 0.0 ], [ 128.285497856000092, 2.077172738000115, 0.0 ], [ 128.285521674000137, 2.077112910000154, 0.0 ], [ 128.285700193999986, 2.076921506000133, 0.0 ], [ 128.285781563000199, 2.076536814000121, 0.0 ], [ 128.285334699, 2.07626909700025, 0.0 ], [ 128.285278208, 2.076239151999971, 0.0 ], [ 128.285129537000074, 2.076185230000135, 0.0 ], [ 128.284986820000057, 2.076119342000027, 0.0 ], [ 128.284921408000031, 2.076089392000029, 0.0 ], [ 128.284814372, 2.076035489000105, 0.0 ], [ 128.28467761400006, 2.075945668000032, 0.0 ], [ 128.284552742000045, 2.075873804000139, 0.0 ], [ 128.284439761000016, 2.075813915000083, 0.0 ], [ 128.284338673000065, 2.075760013000036, 0.0 ], [ 128.284201933000048, 2.075628306000056, 0.0 ], [ 128.2841484570001, 2.075508604000106, 0.0 ], [ 128.284094970000041, 2.075412837000101, 0.0 ], [ 128.284071206, 2.075352987000087, 0.0 ], [ 128.283993974000026, 2.075155484000049, 0.0 ], [ 128.283993998, 2.075101629000073, 0.0 ], [ 128.283928631000066, 2.074969954000152, 0.0 ], [ 128.283863268000204, 2.074832295000022, 0.0 ], [ 128.283833574999989, 2.074730555000144, 0.0 ], [ 128.283797947000011, 2.074598894000133, 0.0 ], [ 128.283798025000095, 2.074425361000123, 0.0 ], [ 128.283798079000121, 2.074305683000148, 0.0 ], [ 128.28381595800019, 2.074227901000086, 0.0 ], [ 128.283851665000014, 2.074180046000321, 0.0 ], [ 128.283869566, 2.074054393000153, 0.0 ], [ 128.283885830128241, 2.073972767457746, 0.0 ], [ 128.28389341, 2.073934726000118, 0.0 ], [ 128.283893464000215, 2.073815048000142, 0.0 ], [ 128.283911352999979, 2.073713330999965, 0.0 ], [ 128.283964920999978, 2.073629580000045, 0.0 ], [ 128.283988745000187, 2.073557785000105, 0.0 ], [ 128.284042358000278, 2.073372308000273, 0.0 ], [ 128.28408403800006, 2.073270601000104, 0.0 ], [ 128.284125710000097, 2.073186846000055, 0.0 ], [ 128.284173332000108, 2.073097109000173, 0.0 ], [ 128.284268572000173, 2.07292960400008, 0.0 ], [ 128.284310241000185, 2.072851832000197, 0.0 ], [ 128.284357848000099, 2.072797999000102, 0.0 ], [ 128.284464947000032, 2.072708290000037, 0.0 ], [ 128.284536353, 2.072636515000055, 0.0 ], [ 128.284583954000027, 2.072594649000166, 0.0 ], [ 128.284706898931944, 2.072556323543381, 0.0 ], [ 128.284756462999979, 2.07254087300015, 0.0 ], [ 128.284839770000048, 2.072457136000025, 0.0 ], [ 128.284762466000046, 2.072421198000086, 0.0 ], [ 128.284742263147649, 2.072419625272914, 0.0 ], [ 128.284607829000123, 2.072409160000347, 0.0 ], [ 128.284482925999981, 2.072409103000099, 0.0 ], [ 128.284441310000119, 2.072367196000073, 0.0 ], [ 128.284459234000309, 2.072187688000156, 0.0 ], [ 128.284381981999985, 2.072032072000069, 0.0 ], [ 128.284382031000035, 2.071924362, 0.0 ], [ 128.284399901000114, 2.071864532000063, 0.0 ], [ 128.284405881000083, 2.071792728000162, 0.0 ], [ 128.284394026000086, 2.071702964000167, 0.0 ], [ 128.284376234000064, 2.071589262000202, 0.0 ], [ 128.284394101000174, 2.071535415000084, 0.0 ], [ 128.28438221600004, 2.071511474000147, 0.0 ], [ 128.28437038000024, 2.071379824000076, 0.0 ], [ 128.284382283000127, 2.071361878, 0.0 ], [ 128.284429890000041, 2.071308044000034, 0.0 ], [ 128.284441827999984, 2.071212307000337, 0.0 ], [ 128.284447811000035, 2.071134519000112, 0.0 ], [ 128.284382423000096, 2.071050715000127, 0.0 ], [ 128.284352689000087, 2.071038734000126, 0.0 ], [ 128.284364628000134, 2.070942997000088, 0.0 ], [ 128.28437656100013, 2.070859229000064, 0.0 ], [ 128.28438257000002, 2.070721602000162, 0.0 ], [ 128.284317212000104, 2.070571975000121, 0.0 ], [ 128.284293459000054, 2.070488190000049, 0.0 ], [ 128.28426973800012, 2.070332598000107, 0.0 ], [ 128.284269784000088, 2.070230871000149, 0.0 ], [ 128.284269812000133, 2.070165049000025, 0.0 ], [ 128.284299581, 2.070099239000115, 0.0 ], [ 128.284347182000118, 2.0700573740001, 0.0 ], [ 128.284442386, 2.069967660000145, 0.0 ], [ 128.284501896000137, 2.069895879000114, 0.0 ], [ 128.284519753000126, 2.069865968000045, 0.0 ], [ 128.284531666999982, 2.069824086000324, 0.0 ], [ 128.284668506000088, 2.069734390000179, 0.0 ], [ 128.284710167000043, 2.069674571000121, 0.0 ], [ 128.284751839000108, 2.06959081500014, 0.0 ], [ 128.284775704000026, 2.069423277000112, 0.0 ], [ 128.284829309000287, 2.069255753000106, 0.0 ], [ 128.284903228259935, 2.069088627855479, 0.0 ], [ 128.284924570000157, 2.069040376000145, 0.0 ], [ 128.284990051999984, 2.068914743000164, 0.0 ], [ 128.285168565000134, 2.0687353080001, 0.0 ], [ 128.285353013000275, 2.068585795000103, 0.0 ], [ 128.285424429000017, 2.068490084000076, 0.0 ], [ 128.285555329000175, 2.068376450000073, 0.0 ], [ 128.28565049900007, 2.068364525000107, 0.0 ], [ 128.285763533, 2.068304738000051, 0.0 ], [ 128.285834955000013, 2.068197059999988, 0.0 ], [ 128.285965840000102, 2.068119329000069, 0.0 ], [ 128.286032949598706, 2.068119358510671, 0.0 ], [ 128.28605321435461, 2.068104204747442, 0.0 ], [ 128.286114582000209, 2.068011685000045, 0.0 ], [ 128.286150311, 2.06791596, 0.0 ], [ 128.286233588000073, 2.06789804500022, 0.0 ], [ 128.286328771000029, 2.067856202000029, 0.0 ], [ 128.286501293000128, 2.067772505000107, 0.0 ], [ 128.286519077576571, 2.067768040506849, 0.0 ], [ 128.286620262000014, 2.067742640000063, 0.0 ], [ 128.286697572000065, 2.067766610000091, 0.0 ], [ 128.286733247000114, 2.067790562000141, 0.0 ], [ 128.286774889000185, 2.06777262900016, 0.0 ], [ 128.286738839284425, 2.067679239561186, 0.0 ], [ 128.286733304000194, 2.067664900000011, 0.0 ], [ 128.286774962000067, 2.067611063000072, 0.0 ], [ 128.286905823000183, 2.067587187000072, 0.0 ], [ 128.286983051814076, 2.067570866300059, 0.0 ], [ 128.287018841000048, 2.067563303000043, 0.0 ], [ 128.28703246198674, 2.067544135786477, 0.0 ], [ 128.287108113000016, 2.067437681000114, 0.0 ], [ 128.287131950000088, 2.067335965999974, 0.0 ], [ 128.287167671, 2.06725819200011, 0.0 ], [ 128.28723315000002, 2.067138544000159, 0.0 ], [ 128.287286714000146, 2.067060777000051, 0.0 ], [ 128.287352158000061, 2.067018919000134, 0.0 ], [ 128.287379960401694, 2.066985892500043, 0.0 ], [ 128.287417618000148, 2.066941159000066, 0.0 ], [ 128.287465221000247, 2.066893308000147, 0.0 ], [ 128.287500934000121, 2.066833486000179, 0.0 ], [ 128.287530336418371, 2.066750778677374, 0.0 ], [ 128.287530711000016, 2.066749725000079, 0.0 ], [ 128.287548581000209, 2.066689893999978, 0.0 ], [ 128.287608125, 2.06654032300014, 0.0 ], [ 128.287626003000128, 2.066462541000078, 0.0 ], [ 128.287697443000269, 2.066312976000063, 0.0 ], [ 128.28773910400011, 2.066253156000073, 0.0 ], [ 128.287804587000068, 2.066121540000041, 0.0 ], [ 128.287816560000124, 2.065948012999968, 0.0 ], [ 128.287864192, 2.065834340000094, 0.0 ], [ 128.287941554000184, 2.065744617, 0.0 ], [ 128.288060501000018, 2.065762622000022, 0.0 ], [ 128.288119977000036, 2.065762648000032, 0.0 ], [ 128.288209207, 2.065732769000136, 0.0 ], [ 128.288233036000264, 2.065649005000125, 0.0 ], [ 128.28822713100007, 2.065553261, 0.0 ], [ 128.288256962000105, 2.065343837999989, 0.0 ], [ 128.288274833000258, 2.065284007000116, 0.0 ], [ 128.288322441000076, 2.065224190000038, 0.0 ], [ 128.288405758000039, 2.065116517000093, 0.0 ], [ 128.288435512000177, 2.065080628000089, 0.0 ], [ 128.288518818000142, 2.064996890000088, 0.0 ], [ 128.28863006356616, 2.064975623736473, 0.0 ], [ 128.288646429134928, 2.064960145802672, 0.0 ], [ 128.288667573000083, 2.064859328000068, 0.0 ], [ 128.28871519499998, 2.064769591000186, 0.0 ], [ 128.288786604000023, 2.06468584900017, 0.0 ], [ 128.288875845000092, 2.06463203300018, 0.0 ], [ 128.288917104200181, 2.064652811489338, 0.0 ], [ 128.288947202, 2.064667969000141, 0.0 ], [ 128.288970992, 2.064667980000025, 0.0 ], [ 128.289006705000133, 2.064608157000122, 0.0 ], [ 128.289012675000095, 2.064560288, 0.0 ], [ 128.289030542000177, 2.064506441000105, 0.0 ], [ 128.289113815000064, 2.064494510999964, 0.0 ], [ 128.289209014000193, 2.064416763000111, 0.0 ], [ 128.289286356000019, 2.064368927000089, 0.0 ], [ 128.289286383000103, 2.064309087000084, 0.0 ], [ 128.289369681000125, 2.064243302000079, 0.0 ], [ 128.289530307000035, 2.064159600000096, 0.0 ], [ 128.289613578000143, 2.064153654000108, 0.0 ], [ 128.289605213598833, 2.064098792101618, 0.0 ], [ 128.289601717000096, 2.064075858000081, 0.0 ], [ 128.289601733000126, 2.064039955000226, 0.0 ], [ 128.289595812000101, 2.063980113000069, 0.0 ], [ 128.289595843, 2.063908306000257, 0.0 ], [ 128.289595870000056, 2.063848467000185, 0.0 ], [ 128.289607808, 2.063752730000147, 0.0 ], [ 128.289625675000025, 2.063698883000029, 0.0 ], [ 128.289655419000127, 2.063686928000209, 0.0 ], [ 128.289667330000128, 2.063651031000177, 0.0 ], [ 128.289708997000133, 2.063579243000107, 0.0 ], [ 128.289744722999984, 2.06348950000006, 0.0 ], [ 128.289792310000138, 2.063477554000144, 0.0 ], [ 128.289810182000195, 2.063411739000287, 0.0 ], [ 128.289834032000044, 2.063280104000115, 0.0 ], [ 128.289911392999983, 2.06319037999998, 0.0 ], [ 128.290030397000208, 2.063076739999986, 0.0 ], [ 128.290125618000019, 2.062951121000026, 0.0 ], [ 128.29028627200023, 2.062801595000053, 0.0 ], [ 128.290299652212497, 2.062791508351722, 0.0 ], [ 128.290429066000087, 2.062693950000153, 0.0 ], [ 128.290452873000049, 2.062658057000078, 0.0 ], [ 128.290462348453701, 2.062640371791588, 0.0 ], [ 128.290494542, 2.062580285000025, 0.0 ], [ 128.290524307000027, 2.062520459000098, 0.0 ], [ 128.290607597000047, 2.062472626000101, 0.0 ], [ 128.290674040062612, 2.062443415541509, 0.0 ], [ 128.290702779000043, 2.062430781000102, 0.0 ], [ 128.290774170000049, 2.062388926000097, 0.0 ], [ 128.290833666, 2.062347065000097, 0.0 ], [ 128.290890046000044, 2.062254110000139, 0.0 ], [ 128.290982250000042, 2.062197598000069, 0.0 ], [ 128.291174677000043, 2.062033504, 0.0 ], [ 128.291166882000056, 2.062024084000144, 0.0 ], [ 128.291119329999987, 2.061958240000024, 0.0 ], [ 128.291101494000117, 2.061940280000101, 0.0 ], [ 128.291024216000068, 2.061844504000021, 0.0 ], [ 128.290977316321346, 2.061792982703082, 0.0 ], [ 128.277700146298542, 2.061786978746852, 0.0 ], [ 128.277764202393172, 2.070037592921267, 0.0 ], [ 128.261774224433879, 2.069942414480862, 0.0 ], [ 128.261730064668626, 2.06437828406257, 0.0 ], [ 128.261660639503447, 2.06444873171472, 0.0 ], [ 128.261503569455925, 2.064601700609331, 0.0 ], [ 128.261306151644789, 2.06478332693348, 0.0 ], [ 128.261170300370935, 2.064901259777059, 0.0 ], [ 128.260999853702941, 2.065041324824051, 0.0 ], [ 128.260786140836643, 2.065205466604765, 0.0 ], [ 128.260608056561381, 2.065333673558428, 0.0 ], [ 128.2603822528649, 2.065486984627682, 0.0 ], [ 128.260183270597253, 2.065615400650415, 0.0 ], [ 128.259868862394541, 2.065809823270968, 0.0 ], [ 128.25944044540708, 2.066066137831342, 0.0 ], [ 128.257700080072226, 2.067096383624516, 0.0 ], [ 128.255228436354258, 2.068568519943881, 0.0 ], [ 128.247043118286342, 2.073447875342197, 0.0 ], [ 128.245045296790039, 2.074643886334115, 0.0 ], [ 128.244576163774553, 2.074924736536389, 0.0 ], [ 128.244077713406341, 2.07521566461287, 0.0 ], [ 128.243816904980434, 2.075360971017119, 0.0 ], [ 128.2436589676349, 2.075445323330712, 0.0 ], [ 128.243347859095792, 2.075601576908582, 0.0 ], [ 128.243040986134474, 2.075741709944452, 0.0 ], [ 128.242839278138035, 2.075826497009984, 0.0 ], [ 128.242669020039301, 2.075894032326687, 0.0 ], [ 128.242417182599155, 2.075988298416405, 0.0 ], [ 128.242220474761638, 2.07605830235218, 0.0 ], [ 128.241592428277812, 2.076270009968255, 0.0 ], [ 128.239799128654312, 2.076857105962631, 0.0 ], [ 128.235182492214648, 2.078376893778397, 0.0 ], [ 128.234866407177577, 2.078485471900194, 0.0 ], [ 128.234552459575042, 2.078599439914626, 0.0 ], [ 128.234280925881734, 2.078706934137927, 0.0 ], [ 128.234025023598264, 2.078818049052699, 0.0 ], [ 128.233715801340139, 2.078961399996615, 0.0 ], [ 128.233255261319385, 2.079184428938789, 0.0 ], [ 128.230654011790392, 2.080468078790943, 0.0 ], [ 128.230351352383508, 2.08062038163257, 0.0 ], [ 128.230051135793474, 2.08077684421039, 0.0 ], [ 128.229902611880078, 2.08085777523354, 0.0 ], [ 128.229696229717746, 2.080976500704423, 0.0 ], [ 128.229463262761072, 2.081122078085684, 0.0 ], [ 128.229320675012644, 2.081216359868961, 0.0 ], [ 128.228898813622067, 2.081509061311067, 0.0 ], [ 128.226930354836981, 2.082925665790469, 0.0 ], [ 128.22664586283085, 2.083133155782036, 0.0 ], [ 128.226364889210799, 2.08334443695378, 0.0 ], [ 128.226226832479909, 2.083452713464056, 0.0 ], [ 128.226091307388373, 2.083563739491694, 0.0 ], [ 128.225906801805621, 2.083726690945809, 0.0 ], [ 128.225780694465783, 2.08384927198182, 0.0 ], [ 128.22565854770798, 2.083976148362694, 0.0 ], [ 128.225539286678639, 2.084106153481685, 0.0 ], [ 128.225306357211366, 2.084372230214285, 0.0 ], [ 128.224963930077934, 2.084778906424105, 0.0 ], [ 128.223006810681426, 2.087132829880261, 0.0 ], [ 128.216754432649253, 2.094619428385328, 0.0 ], [ 128.213882746297571, 2.09805794591432, 0.0 ], [ 128.211720266770698, 2.100653040306327, 0.0 ], [ 128.211492853439381, 2.100920600421716, 0.0 ], [ 128.21130456263117, 2.101136669626953, 0.0 ], [ 128.211022954853405, 2.101445679520168, 0.0 ], [ 128.210826836653496, 2.101648834623404, 0.0 ], [ 128.210670372577823, 2.101803859847166, 0.0 ], [ 128.210334968298042, 2.10211904071275, 0.0 ], [ 128.210077600159792, 2.102350067895031, 0.0 ], [ 128.209673113754747, 2.102704177707267, 0.0 ], [ 128.208046839956268, 2.104113372976713, 0.0 ], [ 128.205606137016588, 2.106234921179066, 0.0 ], [ 128.194703837476794, 2.115715395986229, 0.0 ], [ 128.198542994963191, 2.121246425299545, 0.0 ], [ 128.199101576493916, 2.122051164405434, 0.0 ], [ 128.203429840571374, 2.128286798344107, 0.0 ], [ 128.200772397354598, 2.130054454758749, 0.0 ], [ 128.194041772020881, 2.134531430991842, 0.0 ], [ 128.190515508023253, 2.136876951767533, 0.0 ], [ 128.189505485569697, 2.137548772362777, 0.0 ], [ 128.187129920326015, 2.139128883453963, 0.0 ], [ 128.182395405279493, 2.142278029058162, 0.0 ], [ 128.172984689313665, 2.131097754185532, 0.0 ], [ 128.171961321223165, 2.132103671642369, 0.0 ], [ 128.169811536932656, 2.134208487760248, 0.0 ], [ 128.163420493817824, 2.140460270839355, 0.0 ], [ 128.161271701696222, 2.1425551876236, 0.0 ], [ 128.160911548028565, 2.142914763487454, 0.0 ], [ 128.160793661030624, 2.143036492214606, 0.0 ], [ 128.160601712639362, 2.143243047141197, 0.0 ], [ 128.160430901773879, 2.143441318301939, 0.0 ], [ 128.160244997882472, 2.143677279375936, 0.0 ], [ 128.160048908683592, 2.143942878312202, 0.0 ], [ 128.159762352863567, 2.144347714464515, 0.0 ], [ 128.15853257917783, 2.146121783244041, 0.0 ], [ 128.156987385943552, 2.148342844997728, 0.0 ], [ 128.156039709394207, 2.149703934846741, 0.0 ], [ 128.128973379625307, 2.188575929962155, 0.0 ], [ 128.07582222204266, 2.416844444812568, 0.0 ], [ 128.183874999936023, 2.452455555431299, 0.0 ], [ 128.242397865592551, 2.446111317311761, 0.0 ], [ 128.242209527894232, 2.445589462794999, 0.0 ] ], [ [ 128.145200293000215, 2.392269236000118, 0.0 ], [ 128.145086186000157, 2.392089655000063, 0.0 ], [ 128.144993460000109, 2.391967529999988, 0.0 ], [ 128.144879348999979, 2.391795129000059, 0.0 ], [ 128.144743826000052, 2.391615534000039, 0.0 ], [ 128.144629719000108, 2.391435953000155, 0.0 ], [ 128.144551301000178, 2.391263574000049, 0.0 ], [ 128.144323052000203, 2.390961855, 0.0 ], [ 128.144237473000175, 2.390825373000098, 0.0 ], [ 128.144151917000016, 2.390652991000024, 0.0 ], [ 128.144059234000082, 2.39045906300015, 0.0 ], [ 128.14397367400008, 2.390293860000099, 0.0 ], [ 128.143859580000225, 2.390092737000031, 0.0 ], [ 128.143816887000156, 2.389870118000033, 0.0 ], [ 128.143745647000145, 2.389633121000031, 0.0 ], [ 128.143624371000072, 2.389503798000248, 0.0 ], [ 128.143524498, 2.389396030000058, 0.0 ], [ 128.143388922000184, 2.389302599000018, 0.0 ], [ 128.143296182000171, 2.38920201500008, 0.0 ], [ 128.143262886583415, 2.389155583402499, 0.0 ], [ 128.142309058538075, 2.389565660014056, 0.0 ], [ 128.140878163550354, 2.390183060658102, 0.0 ], [ 128.140818513797853, 2.390208798151661, 0.0 ], [ 128.139322623615499, 2.390854240290878, 0.0 ], [ 128.136546107515045, 2.39205223614698, 0.0 ], [ 128.136107631343947, 2.392241426623627, 0.0 ], [ 128.133642905074083, 2.385374968799225, 0.0 ], [ 128.127705447356078, 2.370111775323892, 0.0 ], [ 128.13269973442479, 2.367962538286122, 0.0 ], [ 128.128472161014855, 2.356450369601873, 0.0 ], [ 128.127967444053951, 2.355197059948978, 0.0 ], [ 128.130640995007951, 2.354069542901982, 0.0 ], [ 128.131534400168078, 2.353682195993997, 0.0 ], [ 128.132039477001257, 2.353450022456172, 0.0 ], [ 128.132039529000025, 2.353364867000153, 0.0 ], [ 128.132003930000195, 2.353214057000116, 0.0 ], [ 128.131961194000013, 2.353063243000066, 0.0 ], [ 128.131897018999979, 2.35294831699997, 0.0 ], [ 128.131654584000074, 2.352510162000044, 0.0 ], [ 128.131604690999978, 2.352388065000183, 0.0 ], [ 128.131383658000232, 2.351971464999962, 0.0 ], [ 128.131333796, 2.351799105000112, 0.0 ], [ 128.13128390700021, 2.35166982700008, 0.0 ], [ 128.131226880000071, 2.351540545000035, 0.0 ], [ 128.131162714000055, 2.351411258000098, 0.0 ], [ 128.131041478000128, 2.351224493000359, 0.0 ], [ 128.130970173000037, 2.351095201000135, 0.0 ], [ 128.130913155000115, 2.350951558000077, 0.0 ], [ 128.130877547000154, 2.350815109000052, 0.0 ], [ 128.130877636000122, 2.350671501000078, 0.0 ], [ 128.130877730000265, 2.35052071400014, 0.0 ], [ 128.130892091000163, 2.350384295000083, 0.0 ], [ 128.130920778000103, 2.350168902000121, 0.0 ], [ 128.130985106999987, 2.350032516000056, 0.0 ], [ 128.131042312000062, 2.349874583000201, 0.0 ], [ 128.131078067000061, 2.349774080000146, 0.0 ], [ 128.131099548000151, 2.349666388000117, 0.0 ], [ 128.131106779000106, 2.349515605000021, 0.0 ], [ 128.131085480000252, 2.349328902000081, 0.0 ], [ 128.131114118000141, 2.34919249300009, 0.0 ], [ 128.131278363000064, 2.34909207000004, 0.0 ], [ 128.131392604000098, 2.349049060000028, 0.0 ], [ 128.131549705000225, 2.348955813000032, 0.0 ], [ 128.131706772000143, 2.348920009000097, 0.0 ], [ 128.131835289, 2.348877007000112, 0.0 ], [ 128.132013775, 2.348834037000075, 0.0 ], [ 128.132206556000114, 2.348762354000087, 0.0 ], [ 128.132363648000108, 2.348683468000161, 0.0 ], [ 128.132492206000137, 2.348575843000048, 0.0 ], [ 128.13264930800014, 2.348482595000121, 0.0 ], [ 128.132884932000138, 2.348389398000165, 0.0 ], [ 128.133063449, 2.34829616400026, 0.0 ], [ 128.133206278000188, 2.348195728000122, 0.0 ], [ 128.133463277000232, 2.348167166000053, 0.0 ], [ 128.133598881000097, 2.3482103340001, 0.0 ], [ 128.133655983000011, 2.348217549000082, 0.0 ], [ 128.133877317000014, 2.348145884000076, 0.0 ], [ 128.134070071000195, 2.348117282000032, 0.0 ], [ 128.134305699000151, 2.348016904000076, 0.0 ], [ 128.134534180000145, 2.347930881000139, 0.0 ], [ 128.134684112000286, 2.34788789300012, 0.0 ], [ 128.134776934000087, 2.347852048000107, 0.0 ], [ 128.134876911000305, 2.347787487000175, 0.0 ], [ 128.134983995000283, 2.34777319300008, 0.0 ], [ 128.135112517000124, 2.347723010000095, 0.0 ], [ 128.135348137000022, 2.34763699299998, 0.0 ], [ 128.135533774000208, 2.347572484000068, 0.0 ], [ 128.135633743000056, 2.347522283999978, 0.0 ], [ 128.13572666900015, 2.347314111000117, 0.0 ], [ 128.135812462000189, 2.347098753000069, 0.0 ], [ 128.135976764000105, 2.34690498499998, 0.0 ], [ 128.136076789000185, 2.346761439000033, 0.0 ], [ 128.136176863000031, 2.346538910000163, 0.0 ], [ 128.136184191000297, 2.346230158000026, 0.0 ], [ 128.136170020000094, 2.34605782000017, 0.0 ], [ 128.136191518000118, 2.345921405000126, 0.0 ], [ 128.136277254000106, 2.345799393, 0.0 ], [ 128.136370084000163, 2.345749188000013, 0.0 ], [ 128.136441498000039, 2.345698969000068, 0.0 ], [ 128.136505779000089, 2.345641565999983, 0.0 ], [ 128.136570121000062, 2.345483638000076, 0.0 ], [ 128.136627294000135, 2.345375967000165, 0.0 ], [ 128.136648749000045, 2.345311357000298, 0.0 ], [ 128.136670217000045, 2.34522520600018, 0.0 ], [ 128.136684559000145, 2.345117509000091, 0.0 ], [ 128.136684634000034, 2.344995443000073, 0.0 ], [ 128.136649061000043, 2.344801551000216, 0.0 ], [ 128.136649109000217, 2.344722565999973, 0.0 ], [ 128.136627774000175, 2.344593306000149, 0.0 ], [ 128.136592196, 2.344406594000304, 0.0 ], [ 128.136570865000152, 2.344270154000015, 0.0 ], [ 128.136563788000188, 2.344169624000073, 0.0 ], [ 128.13657100500015, 2.34404038200006, 0.0 ], [ 128.136535419000069, 2.343868030000181, 0.0 ], [ 128.13655698400018, 2.343623911000123, 0.0 ], [ 128.136528554000137, 2.343422842000109, 0.0 ], [ 128.136492972000013, 2.343243311000094, 0.0 ], [ 128.136464586000187, 2.342970439000056, 0.0 ], [ 128.136407633000175, 2.342719090000116, 0.0 ], [ 128.136307898000013, 2.342388731000085, 0.0 ], [ 128.136215253000017, 2.342137360000152, 0.0 ], [ 128.136065541000107, 2.3418213300003, 0.0 ], [ 128.136022782000055, 2.341706418, 0.0 ], [ 128.13594437499998, 2.341519680000033, 0.0 ], [ 128.135901601000199, 2.341426308000279, 0.0 ], [ 128.135823216000034, 2.341203668000162, 0.0 ], [ 128.135723376000101, 2.34104563700015, 0.0 ], [ 128.135509450000171, 2.340679306000141, 0.0 ], [ 128.135345374000252, 2.340506875000131, 0.0 ], [ 128.135238418000284, 2.340312938000181, 0.0 ], [ 128.134938743999982, 2.340090161000148, 0.0 ], [ 128.134838846000093, 2.340025475000118, 0.0 ], [ 128.134524839000136, 2.339896034000162, 0.0 ], [ 128.13438212000014, 2.33981696100011, 0.0 ], [ 128.134239380000054, 2.339773790000152, 0.0 ], [ 128.134118064000148, 2.339716272000032, 0.0 ], [ 128.133932502000107, 2.339658714000052, 0.0 ], [ 128.133718368999979, 2.33962985900007, 0.0 ], [ 128.133511384, 2.339586648000136, 0.0 ], [ 128.133397184000017, 2.339565037, 0.0 ], [ 128.133261573999988, 2.339536231000125, 0.0 ], [ 128.133125954000292, 2.339521786000091, 0.0 ], [ 128.132769055000011, 2.339492843000073, 0.0 ], [ 128.132255099000304, 2.339485342000103, 0.0 ], [ 128.132155168000139, 2.3394781, 0.0 ], [ 128.131983865000024, 2.339449272000138, 0.0 ], [ 128.131919620000161, 2.339449232000106, 0.0 ], [ 128.131798286000048, 2.339420435000307, 0.0 ], [ 128.131534177000134, 2.339405910000267, 0.0 ], [ 128.131412811000217, 2.339427376000117, 0.0 ], [ 128.131305737000019, 2.339427308999973, 0.0 ], [ 128.131205791000156, 2.33944160700014, 0.0 ], [ 128.131048722000031, 2.339484591000143, 0.0 ], [ 128.130927365000019, 2.339491696000096, 0.0 ], [ 128.130848809000071, 2.339549091000151, 0.0 ], [ 128.130748815000032, 2.339642373, 0.0 ], [ 128.130727355000175, 2.33971416300011, 0.0 ], [ 128.130648635000057, 2.340037231, 0.0 ], [ 128.130612868000071, 2.34015927500019, 0.0 ], [ 128.130534249000192, 2.340317195000068, 0.0 ], [ 128.130484206000204, 2.340439229000082, 0.0 ], [ 128.130441286000035, 2.340582810000114, 0.0 ], [ 128.130391221000053, 2.340740746000051, 0.0 ], [ 128.130348329000071, 2.340841245000092, 0.0 ], [ 128.130341938199166, 2.340888170392362, 0.0 ], [ 128.130326817000054, 2.340999200000113, 0.0 ], [ 128.130212515000011, 2.341142736000108, 0.0 ], [ 128.130148234000302, 2.341200139000137, 0.0 ], [ 128.13007681100018, 2.341264718000047, 0.0 ], [ 128.129976808, 2.34137236099997, 0.0 ], [ 128.129976615537743, 2.341372433463278, 0.0 ], [ 128.129919688000058, 2.341393867000022, 0.0 ], [ 128.12970547200004, 2.34150143800008, 0.0 ], [ 128.129612633000164, 2.341566003000025, 0.0 ], [ 128.129498367000082, 2.341652096000132, 0.0 ], [ 128.129426944000301, 2.341716675000042, 0.0 ], [ 128.129348377000127, 2.341788430000065, 0.0 ], [ 128.129305503000154, 2.341860206000149, 0.0 ], [ 128.129205553, 2.341881685000033, 0.0 ], [ 128.129169888000177, 2.341838580000115, 0.0 ], [ 128.129027208999986, 2.341694884000105, 0.0 ], [ 128.128877363000214, 2.341601446000197, 0.0 ], [ 128.128656066000161, 2.341615668000145, 0.0 ], [ 128.128534687000155, 2.341658675000076, 0.0 ], [ 128.128463263000043, 2.341723253000055, 0.0 ], [ 128.128398983000125, 2.34178065600014, 0.0 ], [ 128.128341854000013, 2.341816522000044, 0.0 ], [ 128.128277605000193, 2.341823662000138, 0.0 ], [ 128.128256195000034, 2.34181646900015, 0.0 ], [ 128.128199132000162, 2.341744629000061, 0.0 ], [ 128.128135011000126, 2.3415435390001, 0.0 ], [ 128.128042341000054, 2.341335251000146, 0.0 ], [ 128.127935426, 2.341076690000136, 0.0 ], [ 128.127799985000109, 2.340775030000032, 0.0 ], [ 128.127728716000178, 2.340588296000021, 0.0 ], [ 128.127586122999986, 2.34030817300004, 0.0 ], [ 128.127500579000042, 2.340121430000124, 0.0 ], [ 128.127436436000124, 2.339956242000142, 0.0 ], [ 128.127372337000082, 2.339719250000257, 0.0 ], [ 128.127365287000174, 2.339575638000099, 0.0 ], [ 128.127401077000144, 2.339417691999983, 0.0 ], [ 128.127465411000088, 2.339274125000088, 0.0 ], [ 128.127479803000227, 2.339087445000132, 0.0 ], [ 128.12741571300009, 2.338836092, 0.0 ], [ 128.127330146000048, 2.338685251000072, 0.0 ], [ 128.127251691000055, 2.338577496000142, 0.0 ], [ 128.12714471400011, 2.338419461000115, 0.0 ], [ 128.127042579000289, 2.338127396000175, 0.0 ], [ 128.126983182000089, 2.337983752000185, 0.0 ], [ 128.126929714000056, 2.337870029000101, 0.0 ], [ 128.126694402000197, 2.337461798000163, 0.0 ], [ 128.126599349000202, 2.337260689000117, 0.0 ], [ 128.126542402000013, 2.337002160000168, 0.0 ], [ 128.126437908000042, 2.336676584000031, 0.0 ], [ 128.126304855000029, 2.33636056500012, 0.0 ], [ 128.12623834300004, 2.336178622000034, 0.0 ], [ 128.126067077000215, 2.33609235, 0.0 ], [ 128.125952930000125, 2.335986966000177, 0.0 ], [ 128.125895882, 2.33589119300018, 0.0 ], [ 128.125857889000031, 2.335766710000257, 0.0 ], [ 128.125838948000137, 2.335613516000194, 0.0 ], [ 128.125810608000052, 2.335268841000186, 0.0 ], [ 128.12568706700003, 2.334962402000144, 0.0 ], [ 128.125611043000021, 2.334770878000086, 0.0 ], [ 128.125530576863156, 2.334597924572506, 0.0 ], [ 128.125468467000132, 2.334464426000125, 0.0 ], [ 128.125392479000055, 2.334215460000166, 0.0 ], [ 128.125316502000032, 2.333947346000173, 0.0 ], [ 128.125221497000069, 2.33366964600009, 0.0 ], [ 128.125174044000318, 2.333449417999987, 0.0 ], [ 128.125126575000053, 2.333257911999965, 0.0 ], [ 128.125088639000268, 2.333037691000129, 0.0 ], [ 128.125022140000027, 2.332836600000121, 0.0 ], [ 128.124993735000061, 2.332597236000197, 0.0 ], [ 128.124993907000061, 2.33231959600016, 0.0 ], [ 128.124994019000127, 2.332137693000107, 0.0 ], [ 128.12498465500002, 2.331888768, 0.0 ], [ 128.124946761000274, 2.331601530000056, 0.0 ], [ 128.124927880000058, 2.331352600000059, 0.0 ], [ 128.125013699000306, 2.331094160000021, 0.0 ], [ 128.125023317000199, 2.330931411000107, 0.0 ], [ 128.125023412000104, 2.330778229999964, 0.0 ], [ 128.125005009306136, 2.33053561793497, 0.0 ], [ 128.125004530000155, 2.330529299000091, 0.0 ], [ 128.12500463, 2.330366544000185, 0.0 ], [ 128.124997636000074, 2.330133178000096, 0.0 ], [ 128.125027464000141, 2.329995574000236, 0.0 ], [ 128.125093101000147, 2.329666515000099, 0.0 ], [ 128.125134826000107, 2.329528917000062, 0.0 ], [ 128.1252779120002, 2.329008430000102, 0.0 ], [ 128.125295880000266, 2.328810981000174, 0.0 ], [ 128.125343597000068, 2.328601584000182, 0.0 ], [ 128.125361517000073, 2.32848192300014, 0.0 ], [ 128.125403271000181, 2.328296456000146, 0.0 ], [ 128.12543311400006, 2.328134917, 0.0 ], [ 128.125436980220314, 2.328121552307379, 0.0 ], [ 128.125486765000204, 2.327949457000329, 0.0 ], [ 128.125546391000171, 2.327722116000245, 0.0 ], [ 128.125582196000181, 2.327536647000101, 0.0 ], [ 128.125618027000058, 2.32730929100012, 0.0 ], [ 128.125653807000134, 2.327165705000311, 0.0 ], [ 128.125701465, 2.327052046000062, 0.0 ], [ 128.125832441000028, 2.326878603000182, 0.0 ], [ 128.12602887500006, 2.326663314000029, 0.0 ], [ 128.12617764400008, 2.326573652000093, 0.0 ], [ 128.126302640000262, 2.326448074000155, 0.0 ], [ 128.126499039000095, 2.326292622000097, 0.0 ], [ 128.126612175000076, 2.326107198000046, 0.0 ], [ 128.12665987, 2.325933703000146, 0.0 ], [ 128.126713455000043, 2.325855949000128, 0.0 ], [ 128.126844370000157, 2.325778244000162, 0.0 ], [ 128.127022863000093, 2.32571851800003, 0.0 ], [ 128.127207287000232, 2.325688714000023, 0.0 ], [ 128.12732628, 2.325652886999989, 0.0 ], [ 128.127407052658299, 2.325674005039957, 0.0 ], [ 128.127486865000122, 2.325694872000042, 0.0 ], [ 128.127641523000278, 2.325700951999977, 0.0 ], [ 128.127819991, 2.325683111000046, 0.0 ], [ 128.127998495000014, 2.32560543500017, 0.0 ], [ 128.128212723000132, 2.325473928, 0.0 ], [ 128.128397216000025, 2.325330436000059, 0.0 ], [ 128.128528150000051, 2.325222811000117, 0.0 ], [ 128.12881382700013, 2.324983643000052, 0.0 ], [ 128.12891501500016, 2.324881984000058, 0.0 ], [ 128.129063806000062, 2.324756419000096, 0.0 ], [ 128.129159048, 2.324648773000035, 0.0 ], [ 128.129272128999986, 2.32455310500012, 0.0 ], [ 128.129403070000308, 2.324433513000031, 0.0 ], [ 128.129575647000109, 2.324319932000094, 0.0 ], [ 128.129700650999979, 2.324182385000029, 0.0 ], [ 128.129790000000156, 2.323984980000092, 0.0 ], [ 128.129837698000074, 2.323805501000095, 0.0 ], [ 128.129897254000156, 2.323691849000113, 0.0 ], [ 128.129992471000151, 2.323626088000083, 0.0 ], [ 128.130117456000079, 2.32351846000006, 0.0 ], [ 128.130319684999989, 2.323554486000035, 0.0 ], [ 128.130480291, 2.323560569000108, 0.0 ], [ 128.130569531000077, 2.323542674000123, 0.0 ], [ 128.130617188000059, 2.323429014000112, 0.0 ], [ 128.130641073000305, 2.323279437999985, 0.0 ], [ 128.130664952000075, 2.323141829000065, 0.0 ], [ 128.130736419000044, 2.323004249000064, 0.0 ], [ 128.130766253000019, 2.32285467600002, 0.0 ], [ 128.130825935000189, 2.322531597000023, 0.0 ], [ 128.130867838000171, 2.322100799999987, 0.0 ], [ 128.130909614000046, 2.321879431000071, 0.0 ], [ 128.130939477000169, 2.32168198900007, 0.0 ], [ 128.130945532000027, 2.321508468000046, 0.0 ], [ 128.130945677000085, 2.321269122000103, 0.0 ], [ 128.130922044000016, 2.321005827000078, 0.0 ], [ 128.130886485, 2.320790394000142, 0.0 ], [ 128.13079753100007, 2.320341566000081, 0.0 ], [ 128.130732195000036, 2.320179967000171, 0.0 ], [ 128.130690648000268, 2.320030350000309, 0.0 ], [ 128.130631235000209, 2.31991064000016, 0.0 ], [ 128.130577797000086, 2.319749049, 0.0 ], [ 128.130542183000301, 2.319623371000091, 0.0 ], [ 128.130447156000031, 2.319377983000038, 0.0 ], [ 128.130405619000015, 2.319210415000044, 0.0 ], [ 128.130378640660609, 2.319089891135206, 0.0 ], [ 128.130364092, 2.31902489600003, 0.0 ], [ 128.130328496000146, 2.318869299000084, 0.0 ], [ 128.130269121000083, 2.318689753000115, 0.0 ], [ 128.130209844000063, 2.318348649000142, 0.0 ], [ 128.130150450000173, 2.3181990220001, 0.0 ], [ 128.130079166000058, 2.318037419000178, 0.0 ], [ 128.129954347000165, 2.317875784000023, 0.0 ], [ 128.129906813000133, 2.317786, 0.0 ], [ 128.129805762000018, 2.317666264000081, 0.0 ], [ 128.129716610000145, 2.317540553000242, 0.0 ], [ 128.129680981000064, 2.31743880900018, 0.0 ], [ 128.129627503000137, 2.317343037000057, 0.0 ], [ 128.129615709000035, 2.317175488000146, 0.0 ], [ 128.129526616, 2.31695403800012, 0.0 ], [ 128.129496942000031, 2.316840331000037, 0.0 ], [ 128.129461383, 2.3166248980001, 0.0 ], [ 128.129461481999982, 2.316463339000109, 0.0 ], [ 128.129461595000066, 2.316277847000037, 0.0 ], [ 128.129497385, 2.31611631100003, 0.0 ], [ 128.129533204000012, 2.315906905000077, 0.0 ], [ 128.129568968000029, 2.315787254000043, 0.0 ], [ 128.1296225520002, 2.315709500000025, 0.0 ], [ 128.129759521000068, 2.315458272000171, 0.0 ], [ 128.129789340000087, 2.315332633000026, 0.0 ], [ 128.129813211000027, 2.315206992000185, 0.0 ], [ 128.129908547000099, 2.314943771000174, 0.0 ], [ 128.129991907000061, 2.314812182000026, 0.0 ], [ 128.130134733000176, 2.314710548000107, 0.0 ], [ 128.13027758500013, 2.314567029000046, 0.0 ], [ 128.130366910999982, 2.314405526000144, 0.0 ], [ 128.1304681040003, 2.314291898000135, 0.0 ], [ 128.130616890000027, 2.314172317000101, 0.0 ], [ 128.130712146000036, 2.314040736000152, 0.0 ], [ 128.130825229000152, 2.31393908300015, 0.0 ], [ 128.130956206000036, 2.313759655000069, 0.0 ], [ 128.130997899, 2.313669925999988, 0.0 ], [ 128.131075321, 2.313520382000093, 0.0 ], [ 128.131122993000076, 2.313382788000069, 0.0 ], [ 128.131182569000174, 2.313233233, 0.0 ], [ 128.131212583660499, 2.313180472495617, 0.0 ], [ 128.131230208000119, 2.313149492000093, 0.0 ], [ 128.131349269000083, 2.312999973999979, 0.0 ], [ 128.131468304000123, 2.312892342000168, 0.0 ], [ 128.131587328, 2.312802661000092, 0.0 ], [ 128.13166471100007, 2.312718937000113, 0.0 ], [ 128.131718275999987, 2.312671100000158, 0.0 ], [ 128.131813506000043, 2.312581405000116, 0.0 ], [ 128.131849255000105, 2.312485688000095, 0.0 ], [ 128.131879031000238, 2.312431854000067, 0.0 ], [ 128.131926691000075, 2.3123122100003, 0.0 ], [ 128.131934008508864, 2.312273897852549, 0.0 ], [ 128.131980399000099, 2.312031012000092, 0.0 ], [ 128.131998316999983, 2.311911350000174, 0.0 ], [ 128.13205191900019, 2.311803677000057, 0.0 ], [ 128.132159052999981, 2.311702020999974, 0.0 ], [ 128.132224512000192, 2.311660175999975, 0.0 ], [ 128.132319746000235, 2.311564496000244, 0.0 ], [ 128.13239715300017, 2.311438887000065, 0.0 ], [ 128.132444766000248, 2.311397031000126, 0.0 ], [ 128.132504306000072, 2.311307312999986, 0.0 ], [ 128.13256982599998, 2.311163745000045, 0.0 ], [ 128.132706783000202, 2.310930467000106, 0.0 ], [ 128.13285555300024, 2.310834820000082, 0.0 ], [ 128.132950733000115, 2.310828895000042, 0.0 ], [ 128.133069703000018, 2.310828968000124, 0.0 ], [ 128.13313517200001, 2.310769172000164, 0.0 ], [ 128.133188778000203, 2.310655516000168, 0.0 ], [ 128.133218578000168, 2.310559795000132, 0.0 ], [ 128.133278162000096, 2.310398274000022, 0.0 ], [ 128.133308020000072, 2.310206815000071, 0.0 ], [ 128.133349688000152, 2.310158971000021, 0.0 ], [ 128.133403301000243, 2.310033348000047, 0.0 ], [ 128.13342722900029, 2.309811967000087, 0.0 ], [ 128.133480867000088, 2.30964445799998, 0.0 ], [ 128.13352258600014, 2.30951284300005, 0.0 ], [ 128.133564291000056, 2.309405163000178, 0.0 ], [ 128.133653572000043, 2.309315463000075, 0.0 ], [ 128.133689307000139, 2.309243681000168, 0.0 ], [ 128.133754820000121, 2.30911208100008, 0.0 ], [ 128.133754874000118, 2.309022326000047, 0.0 ], [ 128.133762657825031, 2.308967753882712, 0.0 ], [ 128.133778769000031, 2.30885479900013, 0.0 ], [ 128.133838305000012, 2.308771065000145, 0.0 ], [ 128.133925200611287, 2.308727425979555, 0.0 ], [ 128.13393351000002, 2.308723253000097, 0.0 ], [ 128.134070452000145, 2.308513910000272, 0.0 ], [ 128.134086990425175, 2.308457000160388, 0.0 ], [ 128.134112177999981, 2.30837032800008, 0.0 ], [ 128.134141982000159, 2.308268623000118, 0.0 ], [ 128.13423612357505, 2.308153025832212, 0.0 ], [ 128.13424913500009, 2.308137049000095, 0.0 ], [ 128.134338416000077, 2.308047349000105, 0.0 ], [ 128.134421748999983, 2.307957645000158, 0.0 ], [ 128.134493159000016, 2.30790982000002, 0.0 ], [ 128.134635945000099, 2.307874005000144, 0.0 ], [ 128.134674738679877, 2.307850623615707, 0.0 ], [ 128.134725205000223, 2.307820207000134, 0.0 ], [ 128.134784711000151, 2.307784341, 0.0 ], [ 128.134862110000057, 2.307670699000028, 0.0 ], [ 128.134951457000255, 2.307473293000044, 0.0 ], [ 128.134999106000208, 2.30737160100017, 0.0 ], [ 128.135124187000173, 2.30710241300011, 0.0 ], [ 128.135272975000248, 2.306976846999988, 0.0 ], [ 128.135475295000077, 2.306857297000079, 0.0 ], [ 128.135701406000038, 2.306743746000165, 0.0 ], [ 128.135808630000042, 2.306492498000182, 0.0 ], [ 128.135844401000071, 2.306360880000113, 0.0 ], [ 128.135921875000093, 2.306121581000126, 0.0 ], [ 128.135981446000159, 2.305978009000115, 0.0 ], [ 128.136094542999984, 2.305852422000328, 0.0 ], [ 128.13612796469917, 2.305756554157426, 0.0 ], [ 128.136136255000082, 2.305732773999977, 0.0 ], [ 128.136189881000035, 2.30558321600023, 0.0 ], [ 128.13627325000013, 2.305433675000018, 0.0 ], [ 128.136356601000188, 2.305314053000075, 0.0 ], [ 128.136451910000204, 2.30509271600016, 0.0 ], [ 128.136559084000169, 2.304925239000056, 0.0 ], [ 128.136606729000135, 2.304829529000131, 0.0 ], [ 128.136672253, 2.304679978000138, 0.0 ], [ 128.136743731999985, 2.304518462999965, 0.0 ], [ 128.136809262000014, 2.304356945000109, 0.0 ], [ 128.13686290300015, 2.304183451000142, 0.0 ], [ 128.136928425000065, 2.304033900000149, 0.0 ], [ 128.136928559000097, 2.303812505, 0.0 ], [ 128.136916727000198, 2.303704790999973, 0.0 ], [ 128.136922733000119, 2.303609057000074, 0.0 ], [ 128.136928739000126, 2.303513322000014, 0.0 ], [ 128.136994223000187, 2.303429591000111, 0.0 ], [ 128.137059724000181, 2.303315941000165, 0.0 ], [ 128.137101439000048, 2.303190310000332, 0.0 ], [ 128.137131289000195, 2.303010818000018, 0.0 ], [ 128.13713136800024, 2.302879178000126, 0.0 ], [ 128.137119569000077, 2.302717612000095, 0.0 ], [ 128.13713523362739, 2.302576571433121, 0.0 ], [ 128.137143492000035, 2.302502215000118, 0.0 ], [ 128.137149477000065, 2.302442382000264, 0.0 ], [ 128.137179305999979, 2.302298792000101, 0.0 ], [ 128.137250759000125, 2.302179163000061, 0.0 ], [ 128.137365273933796, 2.302044102429476, 0.0 ], [ 128.137387671000027, 2.302017686999989, 0.0 ], [ 128.137488870000197, 2.301892093000106, 0.0 ], [ 128.137539255259497, 2.301816166731783, 0.0 ], [ 128.137560316000048, 2.301784430000169, 0.0 ], [ 128.137631763000059, 2.301676768000164, 0.0 ], [ 128.137709172000058, 2.301545174000069, 0.0 ], [ 128.137792515000314, 2.30143751900016, 0.0 ], [ 128.137852057000117, 2.301341816000161, 0.0 ], [ 128.13795923400005, 2.301168356000176, 0.0 ], [ 128.138072326000128, 2.301048752000043, 0.0 ], [ 128.138155694000147, 2.300899211, 0.0 ], [ 128.138227158000177, 2.300761630000068, 0.0 ], [ 128.138274849999988, 2.300588133000019, 0.0 ], [ 128.13829875899998, 2.300396670000111, 0.0 ], [ 128.13833456100005, 2.300211199000102, 0.0 ], [ 128.13837032700016, 2.300085563000039, 0.0 ], [ 128.138429908, 2.299924041000167, 0.0 ], [ 128.138513237000069, 2.299840321000147, 0.0 ], [ 128.138608458999983, 2.299762591000103, 0.0 ], [ 128.138673956000019, 2.299654925000084, 0.0 ], [ 128.138679962000168, 2.299559190000081, 0.0 ], [ 128.138679558159623, 2.299555308398908, 0.0 ], [ 128.138668132999982, 2.299445493000178, 0.0 ], [ 128.138662268000047, 2.299307866000049, 0.0 ], [ 128.13868016, 2.299230089000105, 0.0 ], [ 128.138715904000122, 2.299140354999964, 0.0 ], [ 128.138787325000038, 2.299074579000035, 0.0 ], [ 128.13892416500002, 2.299032776000047, 0.0 ], [ 128.1390609540002, 2.299074744000165, 0.0 ], [ 128.139070877882745, 2.299078078242872, 0.0 ], [ 128.139275055000098, 2.299146678000056, 0.0 ], [ 128.139447539000088, 2.299182684000187, 0.0 ], [ 128.139578408, 2.299176780000039, 0.0 ], [ 128.139727155000031, 2.299117034000062, 0.0 ], [ 128.139786687000168, 2.299039282000024, 0.0 ], [ 128.13983431400024, 2.298973491000027, 0.0 ], [ 128.139881941000226, 2.298907699999972, 0.0 ], [ 128.139959328000117, 2.298812008000084, 0.0 ], [ 128.140060501000079, 2.298728298000071, 0.0 ], [ 128.140137875000022, 2.298656541000071, 0.0 ], [ 128.140209281000097, 2.298614698999984, 0.0 ], [ 128.140316404, 2.298530992999986, 0.0 ], [ 128.140369979000042, 2.298465203999967, 0.0 ], [ 128.140429510000075, 2.298387453000033, 0.0 ], [ 128.140471192000035, 2.298315674000036, 0.0 ], [ 128.140506926000171, 2.29824389200013, 0.0 ], [ 128.140572441000018, 2.298106307000012, 0.0 ], [ 128.140608181000033, 2.298022558000127, 0.0 ], [ 128.140626084, 2.29792683, 0.0 ], [ 128.140626137999988, 2.297837075000132, 0.0 ], [ 128.1406261730003, 2.297777238000094, 0.0 ], [ 128.140656006000057, 2.29762766500005, 0.0 ], [ 128.140715540000173, 2.297543930000131, 0.0 ], [ 128.140792925999989, 2.297448238000015, 0.0 ], [ 128.140929788000079, 2.297370533000105, 0.0 ], [ 128.14101905000004, 2.29731075, 0.0 ], [ 128.14113209900006, 2.297262949000071, 0.0 ], [ 128.141215410000285, 2.29720914600017, 0.0 ], [ 128.141298706000129, 2.297179279000261, 0.0 ], [ 128.14138795400001, 2.297143431000109, 0.0 ], [ 128.141524833000034, 2.297035808000203, 0.0 ], [ 128.14159626, 2.29695806300009, 0.0 ], [ 128.14164985, 2.29686834, 0.0 ], [ 128.141691528000109, 2.296802546000094, 0.0 ], [ 128.141846276999985, 2.296653047000234, 0.0 ], [ 128.141886353044555, 2.296609906050947, 0.0 ], [ 128.141929609000016, 2.296563342000184, 0.0 ], [ 128.14209028500008, 2.296449750000023, 0.0 ], [ 128.142191430000224, 2.296413908999967, 0.0 ], [ 128.142286630000143, 2.296372081000072, 0.0 ], [ 128.142387786000171, 2.296318289000056, 0.0 ], [ 128.142506773000122, 2.296288442000161, 0.0 ], [ 128.142590083000044, 2.296234639999966, 0.0 ], [ 128.142709048000114, 2.296240695000051, 0.0 ], [ 128.142798274000029, 2.29624074900005, 0.0 ], [ 128.142845909000101, 2.296162990000084, 0.0 ], [ 128.14281619900018, 2.296109119000164, 0.0 ], [ 128.142816245000148, 2.296031331000108, 0.0 ], [ 128.142911456000292, 2.295971553000129, 0.0 ], [ 128.143036391000095, 2.295941708999976, 0.0 ], [ 128.14314348100001, 2.295911856000089, 0.0 ], [ 128.143214916, 2.295822144000112, 0.0 ], [ 128.143286352999979, 2.295726448000039, 0.0 ], [ 128.143339947000186, 2.295630742000128, 0.0 ], [ 128.143411364000116, 2.295570948000147, 0.0 ], [ 128.14355418, 2.295481279000115, 0.0 ], [ 128.14371482400017, 2.295421539000131, 0.0 ], [ 128.143839779999979, 2.295355794000101, 0.0 ], [ 128.143911190000011, 2.295307968000031, 0.0 ], [ 128.143964776000047, 2.295224229000155, 0.0 ], [ 128.144119492000044, 2.295128583000065, 0.0 ], [ 128.144232523000113, 2.295110700000066, 0.0 ], [ 128.144399064999988, 2.295134735000034, 0.0 ], [ 128.144607257000047, 2.29514084400006, 0.0 ], [ 128.144886834000175, 2.295141012000101, 0.0 ], [ 128.145237785000148, 2.29515319, 0.0 ], [ 128.145277546308733, 2.295160110602808, 0.0 ], [ 128.145410272000134, 2.29518321200004, 0.0 ], [ 128.14550544100004, 2.29519523700003, 0.0 ], [ 128.145671993000036, 2.295201321000035, 0.0 ], [ 128.145838540000199, 2.29521937200002, 0.0 ], [ 128.146016982000077, 2.2952374300001, 0.0 ], [ 128.146254927000058, 2.295225605000098, 0.0 ], [ 128.146439329000117, 2.295225716000175, 0.0 ], [ 128.146695137000137, 2.295183984000289, 0.0 ], [ 128.146843905000168, 2.29508833500006, 0.0 ], [ 128.14700457, 2.294992692000052, 0.0 ], [ 128.147159272000039, 2.294920981000076, 0.0 ], [ 128.147186299658159, 2.294907716147748, 0.0 ], [ 128.147682887000315, 2.294663997000157, 0.0 ], [ 128.147778098000089, 2.294604216999971, 0.0 ], [ 128.147885206000041, 2.29454444400011, 0.0 ], [ 128.148010148000139, 2.294502634000025, 0.0 ], [ 128.148146990000072, 2.294454846000349, 0.0 ], [ 128.148271932000256, 2.294413036000094, 0.0 ], [ 128.148379050999978, 2.294335312000044, 0.0 ], [ 128.148474263999987, 2.294269549000035, 0.0 ], [ 128.148569489000124, 2.294185834000132, 0.0 ], [ 128.148640941000025, 2.294066203000056, 0.0 ], [ 128.148706449000059, 2.293940585000143, 0.0 ], [ 128.148771931000027, 2.293856852999966, 0.0 ], [ 128.148920741000069, 2.293689399000129, 0.0 ], [ 128.149009985, 2.293659534000085, 0.0 ], [ 128.149117085000171, 2.293611729000133, 0.0 ], [ 128.149295603000013, 2.293504129000098, 0.0 ], [ 128.149343205, 2.293480223000074, 0.0 ], [ 128.149438433000086, 2.293390525000121, 0.0 ], [ 128.149539620000041, 2.293282879000117, 0.0 ], [ 128.149628921000357, 2.293157275000169, 0.0 ], [ 128.149694424000018, 2.293037641000069, 0.0 ], [ 128.149771807000093, 2.292947932000175, 0.0 ], [ 128.149855152000185, 2.292834292000179, 0.0 ], [ 128.149938483, 2.292744586000026, 0.0 ], [ 128.149938523000031, 2.292678766000109, 0.0 ], [ 128.149926664000049, 2.292612939000265, 0.0 ], [ 128.149980257000124, 2.292517231000147, 0.0 ], [ 128.150051620000085, 2.292547193000131, 0.0 ], [ 128.150093207000026, 2.292636973000299, 0.0 ], [ 128.150146710000143, 2.292690858000071, 0.0 ], [ 128.150224044000169, 2.292684920000113, 0.0 ], [ 128.150307336000054, 2.292661036000084, 0.0 ], [ 128.150438226000119, 2.292619228000148, 0.0 ], [ 128.150521523000151, 2.292589359000261, 0.0 ], [ 128.150592929, 2.29254751600007, 0.0 ], [ 128.150664328000147, 2.292517640000085, 0.0 ], [ 128.150801177000034, 2.292457885000033, 0.0 ], [ 128.150997500000017, 2.292416116000026, 0.0 ], [ 128.151158154000171, 2.292338425000082, 0.0 ], [ 128.151378271000198, 2.292296670000099, 0.0 ], [ 128.151455632000051, 2.292242863000183, 0.0 ], [ 128.151473534000132, 2.292147134000174, 0.0 ], [ 128.151485516000065, 2.292003533000297, 0.0 ], [ 128.15152719, 2.291943721000109, 0.0 ], [ 128.15160458, 2.291842045000067, 0.0 ], [ 128.151675989000267, 2.291794218000121, 0.0 ], [ 128.151735484, 2.291776302000244, 0.0 ], [ 128.151779101906953, 2.291764363703465, 0.0 ], [ 128.151866371000068, 2.291740478000122, 0.0 ], [ 128.151973447000017, 2.291734559000076, 0.0 ], [ 128.152157878999986, 2.291680815000063, 0.0 ], [ 128.15225898200012, 2.291716777000033, 0.0 ], [ 128.152283808984834, 2.291739280096465, 0.0 ], [ 128.152318435000183, 2.291770665, 0.0 ], [ 128.152377895000086, 2.291812587000095, 0.0 ], [ 128.152431406000204, 2.29185450500006, 0.0 ], [ 128.152490870000179, 2.291890442000068, 0.0 ], [ 128.152538436000185, 2.291926372000034, 0.0 ], [ 128.152609785000095, 2.291980268000032, 0.0 ], [ 128.152669256000166, 2.29200423800006, 0.0 ], [ 128.152734653000124, 2.292064114000084, 0.0 ], [ 128.152740557000101, 2.292141906000098, 0.0 ], [ 128.152740500000021, 2.292237644000011, 0.0 ], [ 128.152764245000043, 2.292321430000015, 0.0 ], [ 128.152811790000186, 2.292393263, 0.0 ], [ 128.152889091000105, 2.292441178000161, 0.0 ], [ 128.153008061, 2.292441249000092, 0.0 ], [ 128.15309729100008, 2.29243531800006, 0.0 ], [ 128.153168690000257, 2.292405442000074, 0.0 ], [ 128.153305532000189, 2.292357654, 0.0 ], [ 128.153376924000071, 2.292339745000219, 0.0 ], [ 128.153412622, 2.292327799000134, 0.0 ], [ 128.153489969000105, 2.29229792600006, 0.0 ], [ 128.153591095999985, 2.29229200300017, 0.0 ], [ 128.153662488000094, 2.292274094000049, 0.0 ], [ 128.153710082000089, 2.292262156000107, 0.0 ], [ 128.153769574000052, 2.292250223999986, 0.0 ], [ 128.153840970000147, 2.292226331000052, 0.0 ], [ 128.153948101000168, 2.292124672000114, 0.0 ], [ 128.153995730999981, 2.2920528960002, 0.0 ], [ 128.154031467000294, 2.291975129999968, 0.0 ], [ 128.154073173, 2.291861465000068, 0.0 ], [ 128.154102978000054, 2.291753776000121, 0.0 ], [ 128.154131575043579, 2.291691546203538, 0.0 ], [ 128.15413871500013, 2.291676009000184, 0.0 ], [ 128.154192279000284, 2.291628172000059, 0.0 ], [ 128.154346960000197, 2.291592361000027, 0.0 ], [ 128.154436186000083, 2.291592414000093, 0.0 ], [ 128.154525406000033, 2.291604435000125, 0.0 ], [ 128.154545308908695, 2.291616129566705, 0.0 ], [ 128.154562628776233, 2.291626306387343, 0.0 ], [ 128.154596763000171, 2.29164636300004, 0.0 ], [ 128.154674078000056, 2.291670343000078, 0.0 ], [ 128.154745435000081, 2.291712272000098, 0.0 ], [ 128.15489413200018, 2.291736294000089, 0.0 ], [ 128.154977383000045, 2.291784213000085, 0.0 ], [ 128.155013038000078, 2.291844071000241, 0.0 ], [ 128.155066550000129, 2.29188598900015, 0.0 ], [ 128.155155743999984, 2.291939894999984, 0.0 ], [ 128.155244979, 2.291927979999969, 0.0 ], [ 128.155352085000345, 2.291868207000107, 0.0 ], [ 128.155405657000188, 2.291808402000015, 0.0 ], [ 128.155459235000166, 2.291736630000116, 0.0 ], [ 128.155560436000059, 2.291605048000064, 0.0 ], [ 128.155643731000168, 2.291575180000109, 0.0 ], [ 128.155762725000017, 2.291533364000031, 0.0 ], [ 128.155911443000235, 2.291521485000032, 0.0 ], [ 128.156036339000138, 2.291557461000139, 0.0 ], [ 128.156101764999988, 2.291569467000101, 0.0 ], [ 128.156280110000097, 2.291755067000167, 0.0 ], [ 128.156357391, 2.291838884000242, 0.0 ], [ 128.156381146000143, 2.291904719000115, 0.0 ], [ 128.156482238000166, 2.291958632000046, 0.0 ], [ 128.156696354000132, 2.292006629000184, 0.0 ], [ 128.156886712000073, 2.291994773999988, 0.0 ], [ 128.15698190000009, 2.291970895000077, 0.0 ], [ 128.157065214000113, 2.291911108000021, 0.0 ], [ 128.157309118000029, 2.291881333000105, 0.0 ], [ 128.157499479000052, 2.291863495000087, 0.0 ], [ 128.157677950000078, 2.291833683000108, 0.0 ], [ 128.157796979000153, 2.291732030000106, 0.0 ], [ 128.158017103, 2.291678307000041, 0.0 ], [ 128.158302709000026, 2.291540851000206, 0.0 ], [ 128.158582285000051, 2.29154101600011, 0.0 ], [ 128.158701268000044, 2.291517152000096, 0.0 ], [ 128.158808383000149, 2.291445410000222, 0.0 ], [ 128.158903618000153, 2.29134374400013, 0.0 ], [ 128.158933444000127, 2.291200153999967, 0.0 ], [ 128.159070352000043, 2.291038675000038, 0.0 ], [ 128.159177494000204, 2.29091906399998, 0.0 ], [ 128.159278676000071, 2.290817401000026, 0.0 ], [ 128.15930255400005, 2.290673806000142, 0.0 ], [ 128.15930267300007, 2.290470361000076, 0.0 ], [ 128.159284946000042, 2.290266905000124, 0.0 ], [ 128.159279183000052, 2.289949766000063, 0.0 ], [ 128.159320934000192, 2.289758313000164, 0.0 ], [ 128.15934479400002, 2.289644637000151, 0.0 ], [ 128.159404333000083, 2.289548933000218, 0.0 ], [ 128.159505513000084, 2.289453253000147, 0.0 ], [ 128.159618617000064, 2.289309711000158, 0.0 ], [ 128.159655412586147, 2.28914528152302, 0.0 ], [ 128.15968422, 2.289016549000053, 0.0 ], [ 128.159743754000033, 2.288932812000155, 0.0 ], [ 128.159844967999987, 2.288777296000092, 0.0 ], [ 128.159928372000195, 2.288561932, 0.0 ], [ 128.159952235000077, 2.288442273000157, 0.0 ], [ 128.160011765000036, 2.288364519000083, 0.0 ], [ 128.160184294, 2.288322736000111, 0.0 ], [ 128.160315167000107, 2.288310845000127, 0.0 ], [ 128.160481744000293, 2.288275040999963, 0.0 ], [ 128.160549276249043, 2.288242600335253, 0.0 ], [ 128.160618596000035, 2.288209301000052, 0.0 ], [ 128.160719755000031, 2.288149524000175, 0.0 ], [ 128.160832809000084, 2.288089753000122, 0.0 ], [ 128.160945847000107, 2.28805990100011, 0.0 ], [ 128.160987479, 2.288071893000222, 0.0 ], [ 128.161106438000132, 2.288089914000011, 0.0 ], [ 128.161195660000061, 2.288095950000184, 0.0 ], [ 128.161415757000071, 2.288090096000075, 0.0 ], [ 128.161600131000199, 2.288138074000301, 0.0 ], [ 128.161653686999983, 2.28810220300005, 0.0 ], [ 128.161742934999978, 2.288066353000147, 0.0 ], [ 128.161879742000195, 2.288078401000064, 0.0 ], [ 128.161974910000026, 2.288090425000177, 0.0 ], [ 128.162153357000165, 2.288102496000193, 0.0 ], [ 128.162313965000152, 2.288102591000097, 0.0 ], [ 128.16239725300008, 2.288084689000073, 0.0 ], [ 128.16244484, 2.28808471700006, 0.0 ], [ 128.162539999000018, 2.288114691000033, 0.0 ], [ 128.162575668000017, 2.288150615000176, 0.0 ], [ 128.162629180000152, 2.288192531000107, 0.0 ], [ 128.162706464000024, 2.28827036500013, 0.0 ], [ 128.16278375300007, 2.288342214000124, 0.0 ], [ 128.16284911300022, 2.288467911000112, 0.0 ], [ 128.162872872000094, 2.288527761000125, 0.0 ], [ 128.162896620000083, 2.288605564000079, 0.0 ], [ 128.163015555000101, 2.288665470000069, 0.0 ], [ 128.163128564000061, 2.288683488000117, 0.0 ], [ 128.163265375000123, 2.288689551000175, 0.0 ], [ 128.163431900000177, 2.288743503000034, 0.0 ], [ 128.163711426000049, 2.288833422000095, 0.0 ], [ 128.163955276999985, 2.288893402000098, 0.0 ], [ 128.164169379000214, 2.288965331999975, 0.0 ], [ 128.164347809000191, 2.289007322000088, 0.0 ], [ 128.164466774000175, 2.28901337600007, 0.0 ], [ 128.164609520000084, 2.289043378000031, 0.0 ], [ 128.164686829000146, 2.289079326000206, 0.0 ], [ 128.164704646999979, 2.28912720500017, 0.0 ], [ 128.164793835000182, 2.289193077999982, 0.0 ], [ 128.164984181999984, 2.289199174000146, 0.0 ], [ 128.16510908300026, 2.289229165000052, 0.0 ], [ 128.165198280999988, 2.289277086000026, 0.0 ], [ 128.165329116000265, 2.289331017000165, 0.0 ], [ 128.16547184800001, 2.289384954000071, 0.0 ], [ 128.165715679000044, 2.289480835000119, 0.0 ], [ 128.165983315000176, 2.289558780000049, 0.0 ], [ 128.166274730000026, 2.289660673000071, 0.0 ], [ 128.166471008000116, 2.289696690000085, 0.0 ], [ 128.166774321000048, 2.289798591000078, 0.0 ], [ 128.167053864000167, 2.289858591000097, 0.0 ], [ 128.167178750000033, 2.289912518000051, 0.0 ], [ 128.167380966000081, 2.289966489000165, 0.0 ], [ 128.167565317000111, 2.290056353000125, 0.0 ], [ 128.167624787999983, 2.290080321000118, 0.0 ], [ 128.167719935000122, 2.290128247000041, 0.0 ], [ 128.167821018000012, 2.29020011, 0.0 ], [ 128.167993482000128, 2.290272015000027, 0.0 ], [ 128.168100512999985, 2.290343882, 0.0 ], [ 128.168165897000108, 2.290427693000083, 0.0 ], [ 128.168201574000108, 2.290451648000214, 0.0 ], [ 128.168397835000036, 2.29051758300028, 0.0 ], [ 128.168546513000109, 2.29057750700008, 0.0 ], [ 128.168683303000051, 2.290619473000163, 0.0 ], [ 128.168903351000012, 2.290697389000058, 0.0 ], [ 128.169028218000108, 2.290787218000105, 0.0 ], [ 128.169206609000042, 2.290895029000068, 0.0 ], [ 128.169432585000067, 2.291008851000071, 0.0 ], [ 128.169551530000035, 2.291050806000044, 0.0 ], [ 128.169729933000184, 2.291140665000114, 0.0 ], [ 128.170098665000154, 2.291266538000343, 0.0 ], [ 128.170205710000204, 2.291314470000032, 0.0 ], [ 128.170354401000139, 2.291350459000057, 0.0 ], [ 128.17054471700007, 2.291410407000228, 0.0 ], [ 128.170788567000017, 2.291476370000112, 0.0 ], [ 128.171109733000065, 2.291566312999976, 0.0 ], [ 128.171300067000033, 2.291596342000104, 0.0 ], [ 128.171407146000064, 2.291584437000097, 0.0 ], [ 128.171538020000298, 2.291572545000178, 0.0 ], [ 128.171734312000012, 2.291584627000077, 0.0 ], [ 128.171847333000045, 2.291584693000288, 0.0 ], [ 128.172162602000043, 2.291584875000126, 0.0 ], [ 128.172727765000076, 2.291483481000057, 0.0 ], [ 128.173096584000263, 2.291459760000123, 0.0 ], [ 128.173245330000185, 2.291400010000189, 0.0 ], [ 128.173483300000157, 2.291346294000164, 0.0 ], [ 128.173739150000159, 2.291232752000043, 0.0 ], [ 128.174054440000162, 2.291197033000174, 0.0 ], [ 128.174161522000048, 2.291179144000012, 0.0 ], [ 128.174399502000114, 2.291107477000025, 0.0 ], [ 128.174542272000025, 2.291095592000033, 0.0 ], [ 128.174631503000199, 2.291089660000068, 0.0 ], [ 128.174756434000159, 2.291065798000034, 0.0 ], [ 128.174857562000142, 2.291059873, 0.0 ], [ 128.175053875000117, 2.291036052000095, 0.0 ], [ 128.17518473800007, 2.291042111000138, 0.0 ], [ 128.17539292100011, 2.291066166000064, 0.0 ], [ 128.175523783999978, 2.29107222600004, 0.0 ], [ 128.175791466000192, 2.291072381000163, 0.0 ], [ 128.176011558999988, 2.29107250800007, 0.0 ], [ 128.176185404911706, 2.29106095082193, 0.0 ], [ 128.176184908914365, 2.290743872185544, 0.0 ], [ 128.176178975202447, 2.286950598862859, 0.0 ], [ 128.18440239233675, 2.286893491518754, 0.0 ], [ 128.184464470750271, 2.295505902321963, 0.0 ], [ 128.182088674506304, 2.295523657440925, 0.0 ], [ 128.18213751000016, 2.295600951000039, 0.0 ], [ 128.182237335000281, 2.29579488100012, 0.0 ], [ 128.182301481000053, 2.295967249000171, 0.0 ], [ 128.182394196, 2.296110911000142, 0.0 ], [ 128.182472634000163, 2.296254566000016, 0.0 ], [ 128.182579597000085, 2.29644850000011, 0.0 ], [ 128.18267232900007, 2.296563441000103, 0.0 ], [ 128.182772141000299, 2.296778912999968, 0.0 ], [ 128.183057429000286, 2.297202724000158, 0.0 ], [ 128.183221469000017, 2.297446955, 0.0 ], [ 128.183299912000024, 2.297583429000099, 0.0 ], [ 128.183399749000017, 2.297755817000166, 0.0 ], [ 128.183449652, 2.297870734000185, 0.0 ], [ 128.183492420000306, 2.297978465000142, 0.0 ], [ 128.183547807036433, 2.298067722493954, 0.0 ], [ 128.183563737000071, 2.298093394000148, 0.0 ], [ 128.183592249000156, 2.298165215000097, 0.0 ], [ 128.183649297000073, 2.298265774000186, 0.0 ], [ 128.183734886999986, 2.298387891000062, 0.0 ], [ 128.183763423000045, 2.29841663000002, 0.0 ], [ 128.183813337000146, 2.298510005000026, 0.0 ], [ 128.18382760200015, 2.298531555000067, 0.0 ], [ 128.183948862000079, 2.298689594000052, 0.0 ], [ 128.18402018300003, 2.298797343, 0.0 ], [ 128.18410578100017, 2.298905099000023, 0.0 ], [ 128.184162825000158, 2.299012838000351, 0.0 ], [ 128.184234138000051, 2.29913494800013, 0.0 ], [ 128.184298325000071, 2.299235512000109, 0.0 ], [ 128.184391069000156, 2.299328911000146, 0.0 ], [ 128.184462422000109, 2.299379215000045, 0.0 ], [ 128.184526634000093, 2.299436696000044, 0.0 ], [ 128.184590866000093, 2.299458274000074, 0.0 ], [ 128.184690756, 2.299537317000159, 0.0 ], [ 128.184769232000122, 2.299616347000096, 0.0 ], [ 128.184869126000166, 2.299688210000284, 0.0 ], [ 128.184947549000071, 2.299860585000033, 0.0 ], [ 128.184997459000073, 2.29996114100004, 0.0 ], [ 128.185018846000133, 2.300011416000189, 0.0 ], [ 128.185054492000035, 2.300090422000153, 0.0 ], [ 128.185090118000033, 2.300205330999972, 0.0 ], [ 128.185197098000089, 2.300370542000053, 0.0 ], [ 128.185304106000075, 2.300485492000178, 0.0 ], [ 128.185361114000074, 2.300657856000044, 0.0 ], [ 128.185432427, 2.300779965000288, 0.0 ], [ 128.185525130000059, 2.300945169000102, 0.0 ], [ 128.185575033000049, 2.301060085000189, 0.0 ], [ 128.185603517000089, 2.301182170000061, 0.0 ], [ 128.185646289000147, 2.301282721000121, 0.0 ], [ 128.185696175000174, 2.301426359000118, 0.0 ], [ 128.185803164000021, 2.301577210000062, 0.0 ], [ 128.185838806000078, 2.301663397000198, 0.0 ], [ 128.185895810000034, 2.301842941000132, 0.0 ], [ 128.185902887000196, 2.301950652000073, 0.0 ], [ 128.185959916000201, 2.302087114000187, 0.0 ], [ 128.185988338000101, 2.302316905000054, 0.0 ], [ 128.186031062000069, 2.302503623000064, 0.0 ], [ 128.186059525, 2.302661608999984, 0.0 ], [ 128.186102273000159, 2.302805244000069, 0.0 ], [ 128.18622342, 2.303164337000055, 0.0 ], [ 128.18628044400009, 2.30330797900018, 0.0 ], [ 128.186358879000039, 2.303458814000123, 0.0 ], [ 128.186437315000035, 2.303609649000123, 0.0 ], [ 128.186501505, 2.303703032000101, 0.0 ], [ 128.186594205000205, 2.303875417000086, 0.0 ], [ 128.186651262000026, 2.303961615000106, 0.0 ], [ 128.186751104000081, 2.304126823000104, 0.0 ], [ 128.186808149000143, 2.304234564000012, 0.0 ], [ 128.186850914000019, 2.304349476000312, 0.0 ], [ 128.186922218000035, 2.304485946000056, 0.0 ], [ 128.186945423035439, 2.304536950682121, 0.0 ], [ 128.189766439186968, 2.304477764140586, 0.0 ], [ 128.194054646277408, 2.304480210588622, 0.0 ], [ 128.194049584119256, 2.313448250376724, 0.0 ], [ 128.181215774408969, 2.313367023750744, 0.0 ], [ 128.181340850525402, 2.309585404376151, 0.0 ], [ 128.1813534353291, 2.309194580885617, 0.0 ], [ 128.181315986000044, 2.309214644000122, 0.0 ], [ 128.181144614000203, 2.309307891000118, 0.0 ], [ 128.180916135000047, 2.309401105, 0.0 ], [ 128.180873289, 2.309429802000182, 0.0 ], [ 128.18074473100009, 2.309551796000164, 0.0 ], [ 128.180637607000079, 2.309637899000108, 0.0 ], [ 128.180530484000059, 2.309724002, 0.0 ], [ 128.180473336000063, 2.309795774000065, 0.0 ], [ 128.180309086000193, 2.309917746000054, 0.0 ], [ 128.18022337, 2.310018223000101, 0.0 ], [ 128.180080526000097, 2.31015456900019, 0.0 ], [ 128.180009094000042, 2.310240693000026, 0.0 ], [ 128.179823432, 2.31035547300013, 0.0 ], [ 128.17970201600005, 2.310470289000022, 0.0 ], [ 128.179637738000082, 2.310527696000065, 0.0 ], [ 128.179494903000062, 2.310649681000143, 0.0 ], [ 128.179416328000201, 2.310742982000136, 0.0 ], [ 128.179302046000203, 2.310864982999988, 0.0 ], [ 128.179187764000147, 2.310986984000067, 0.0 ], [ 128.179052029000218, 2.311173598000039, 0.0 ], [ 128.179009171000047, 2.311223836000124, 0.0 ], [ 128.178916352000073, 2.311259685000322, 0.0 ], [ 128.178823484000048, 2.311381698000048, 0.0 ], [ 128.178794878000161, 2.311475027000029, 0.0 ], [ 128.178779283978429, 2.311506353966819, 0.0 ], [ 128.178730559000087, 2.311604238000143, 0.0 ], [ 128.178630524000027, 2.311776512, 0.0 ], [ 128.178566226000044, 2.311869820000084, 0.0 ], [ 128.17850908200009, 2.311934411000037, 0.0 ], [ 128.178323425000116, 2.312042009000038, 0.0 ], [ 128.178266290000096, 2.312092240000027, 0.0 ], [ 128.178187719000078, 2.312178359000143, 0.0 ], [ 128.178116266000274, 2.312300386, 0.0 ], [ 128.178037700000203, 2.312379325000052, 0.0 ], [ 128.177966263, 2.312472629000126, 0.0 ], [ 128.177787732000269, 2.312601774000086, 0.0 ], [ 128.177723450000116, 2.312666360000094, 0.0 ], [ 128.177694876000231, 2.312702246000072, 0.0 ], [ 128.177616302000132, 2.312795546000132, 0.0 ], [ 128.17750919, 2.312860108000166, 0.0 ], [ 128.177409200000028, 2.312953396000069, 0.0 ], [ 128.177380643000077, 2.312960560000136, 0.0 ], [ 128.177209267000279, 2.313060986000096, 0.0 ], [ 128.177109252000122, 2.313197357000093, 0.0 ], [ 128.177016396000113, 2.313297829000021, 0.0 ], [ 128.176944947000123, 2.313412674000062, 0.0 ], [ 128.176887779, 2.313520348000055, 0.0 ], [ 128.176837715000119, 2.31368546900012, 0.0 ], [ 128.176773400000201, 2.3138075, 0.0 ], [ 128.176751970000026, 2.313836208999988, 0.0 ], [ 128.176644816000021, 2.313972575000093, 0.0 ], [ 128.176537634000027, 2.314159203999964, 0.0 ], [ 128.176516120000059, 2.314331523000135, 0.0 ], [ 128.176501773000012, 2.314453582, 0.0 ], [ 128.176501731, 2.314525387000174, 0.0 ], [ 128.176508845000029, 2.314568474000111, 0.0 ], [ 128.176601544000022, 2.314740859000039, 0.0 ], [ 128.17660865600007, 2.314783945999977, 0.0 ], [ 128.176608619000035, 2.314848569999981, 0.0 ], [ 128.17663714800014, 2.31489167, 0.0 ], [ 128.176672839000133, 2.314891690000195, 0.0 ], [ 128.176737084, 2.314891727000088, 0.0 ], [ 128.176822669000074, 2.315021024999965, 0.0 ], [ 128.176808367000035, 2.315064100000086, 0.0 ], [ 128.176708406000188, 2.315107125000338, 0.0 ], [ 128.176715503000281, 2.315178933000083, 0.0 ], [ 128.1768011, 2.315286691000098, 0.0 ], [ 128.176843835000085, 2.315451865000113, 0.0 ], [ 128.176843744000024, 2.315609836000306, 0.0 ], [ 128.176843673000093, 2.315731904000074, 0.0 ], [ 128.176865051000021, 2.315796540000122, 0.0 ], [ 128.176865005000053, 2.315875524999967, 0.0 ], [ 128.176907773000039, 2.315983257000028, 0.0 ], [ 128.176986240000247, 2.316076649000081, 0.0 ], [ 128.177043276000148, 2.316198750000183, 0.0 ], [ 128.177164541, 2.316349610000031, 0.0 ], [ 128.177371438999984, 2.316543604000116, 0.0 ], [ 128.177435642000091, 2.316615445000082, 0.0 ], [ 128.177535533000281, 2.316694489000042, 0.0 ], [ 128.177621135000066, 2.316795065, 0.0 ], [ 128.177685313000069, 2.316909990000056, 0.0 ], [ 128.177735227000312, 2.317003365000062, 0.0 ], [ 128.177849394000049, 2.317082417, 0.0 ], [ 128.177956399000067, 2.317204547000188, 0.0 ], [ 128.178063403000124, 2.317326678000029, 0.0 ], [ 128.178234648000142, 2.317456025000183, 0.0 ], [ 128.178348835000065, 2.317499175000023, 0.0 ], [ 128.178470167000199, 2.317535148000047, 0.0 ], [ 128.178548563000277, 2.317750607000221, 0.0 ], [ 128.178641304000024, 2.317851188000134, 0.0 ], [ 128.178712620000027, 2.31796611700014, 0.0 ], [ 128.178733994000225, 2.318037934000131, 0.0 ], [ 128.178798206000209, 2.31809541500013, 0.0 ], [ 128.178905247000074, 2.318152922000025, 0.0 ], [ 128.178976592999987, 2.318217587000163, 0.0 ], [ 128.17899081600001, 2.31831094100005, 0.0 ], [ 128.17899790000024, 2.318404292000026, 0.0 ], [ 128.178997822000014, 2.318540720000158, 0.0 ], [ 128.17894779100024, 2.318648398000164, 0.0 ], [ 128.178912034000035, 2.318763264999972, 0.0 ], [ 128.178869137000305, 2.318878127000062, 0.0 ], [ 128.178811969000066, 2.318985801000281, 0.0 ], [ 128.178747658, 2.319100651000042, 0.0 ], [ 128.178590557, 2.319201085000146, 0.0 ], [ 128.178511994, 2.319272844000125, 0.0 ], [ 128.178426285000086, 2.319358959000056, 0.0 ], [ 128.178376263, 2.319452277000153, 0.0 ], [ 128.178326216000045, 2.319588675999967, 0.0 ], [ 128.178276185000271, 2.319696353000097, 0.0 ], [ 128.178226146000128, 2.319818392000172, 0.0 ], [ 128.178204673000067, 2.319918906000112, 0.0 ], [ 128.17817605400009, 2.32003377600006, 0.0 ], [ 128.178175984694121, 2.32015321278675, 0.0 ], [ 128.178175954000267, 2.320206108000094, 0.0 ], [ 128.178175805, 2.320464604000165, 0.0 ], [ 128.17818271500002, 2.320859533999965, 0.0 ], [ 128.178204044000125, 2.321010336000029, 0.0 ], [ 128.178318161000192, 2.321175553000103, 0.0 ], [ 128.178439420999979, 2.321333593000019, 0.0 ], [ 128.178496457000023, 2.321455695, 0.0 ], [ 128.178596307, 2.32160654300003, 0.0 ], [ 128.178602627579238, 2.321616887931385, 0.0 ], [ 128.178653360000339, 2.321699922000051, 0.0 ], [ 128.178746054000015, 2.321879487999979, 0.0 ], [ 128.178761285208083, 2.321902133003221, 0.0 ], [ 128.178895831000062, 2.322102169, 0.0 ], [ 128.178988583000063, 2.322181209000178, 0.0 ], [ 128.179102747000087, 2.322267441, 0.0 ], [ 128.17915980799998, 2.322346459000187, 0.0 ], [ 128.179238276000063, 2.32243985100007, 0.0 ], [ 128.17932387800019, 2.322540428000138, 0.0 ], [ 128.179388049000039, 2.322669714000028, 0.0 ], [ 128.179437888000024, 2.322892337000041, 0.0 ], [ 128.179480648000066, 2.323014430000114, 0.0 ], [ 128.179544835000087, 2.323114994000092, 0.0 ], [ 128.17959476200005, 2.323186827000086, 0.0 ], [ 128.179608939000076, 2.323359167000091, 0.0 ], [ 128.179580316000141, 2.323481219000086, 0.0 ], [ 128.179580278000088, 2.323545842000045, 0.0 ], [ 128.179551683000085, 2.323617630000115, 0.0 ], [ 128.179494522000113, 2.323710943000265, 0.0 ], [ 128.179358852000036, 2.323782668999968, 0.0 ], [ 128.1793131996927, 2.323835089583782, 0.0 ], [ 128.179308851000059, 2.323840083000107, 0.0 ], [ 128.179304518204816, 2.323838627380155, 0.0 ], [ 128.179244619000286, 2.323818504000029, 0.0 ], [ 128.179144699000034, 2.323789724000108, 0.0 ], [ 128.179073311, 2.323796863000097, 0.0 ], [ 128.178916264000208, 2.323803951000173, 0.0 ], [ 128.1788306280001, 2.323760818000039, 0.0 ], [ 128.178716465000292, 2.323674586000038, 0.0 ], [ 128.178630846, 2.323602731, 0.0 ], [ 128.178552291000045, 2.323660129000132, 0.0 ], [ 128.178480854000099, 2.323753433000035, 0.0 ], [ 128.178473661000083, 2.323846775000163, 0.0 ], [ 128.178416500000111, 2.323940088000142, 0.0 ], [ 128.178416422000026, 2.324076516000047, 0.0 ], [ 128.178298631867932, 2.324218530004543, 0.0 ], [ 128.178570978832113, 2.324219012366597, 0.0 ], [ 128.181589809061251, 2.324220774780599, 0.0 ], [ 128.182114300296661, 2.324217191787853, 0.0 ], [ 128.185809817714897, 2.339546058041889, 0.0 ], [ 128.185232026460312, 2.339541232076101, 0.0 ], [ 128.182478499501457, 2.339539621426184, 0.0 ], [ 128.18159052186283, 2.339531310212635, 0.0 ], [ 128.181626819, 2.339645639000139, 0.0 ], [ 128.181662345000149, 2.339932878000184, 0.0 ], [ 128.181683698, 2.3400405980002, 0.0 ], [ 128.181683594000106, 2.340220109000029, 0.0 ], [ 128.181669242000083, 2.340349350000167, 0.0 ], [ 128.181633367000131, 2.340665269000112, 0.0 ], [ 128.181633321000049, 2.340744254000185, 0.0 ], [ 128.181511838000205, 2.340966777000176, 0.0 ], [ 128.181464677154509, 2.341049683025517, 0.0 ], [ 128.181426090000031, 2.341117517000043, 0.0 ], [ 128.181326006000148, 2.341368774000159, 0.0 ], [ 128.181283109000077, 2.341483636000078, 0.0 ], [ 128.181190217000193, 2.341641552000169, 0.0 ], [ 128.181140194, 2.341734869000163, 0.0 ], [ 128.181068743000054, 2.341849714000148, 0.0 ], [ 128.181032983999984, 2.341964580000081, 0.0 ], [ 128.180925820000056, 2.342115307000028, 0.0 ], [ 128.180890099000067, 2.342165550000175, 0.0 ], [ 128.180861499000315, 2.342244517000041, 0.0 ], [ 128.180840001000178, 2.342388114000129, 0.0 ], [ 128.180725627000101, 2.342660904000127, 0.0 ], [ 128.180675588000298, 2.342782942999975, 0.0 ], [ 128.180668398000051, 2.342869105000034, 0.0 ], [ 128.180668286000099, 2.343062977000272, 0.0 ], [ 128.180668199, 2.34321376600002, 0.0 ], [ 128.180718051000213, 2.343414848000123, 0.0 ], [ 128.180710762000189, 2.343673341000112, 0.0 ], [ 128.180660726000127, 2.343788199000016, 0.0 ], [ 128.180596443000098, 2.343852786000127, 0.0 ], [ 128.180553570000029, 2.343924565000123, 0.0 ], [ 128.180553512000159, 2.344025091000105, 0.0 ], [ 128.180610364000131, 2.34446313300009, 0.0 ], [ 128.180610318000049, 2.344542118000164, 0.0 ], [ 128.180617356000056, 2.344714453000109, 0.0 ], [ 128.180645789000067, 2.344922703000123, 0.0 ], [ 128.180702825, 2.3450448050001, 0.0 ], [ 128.180702763000198, 2.345152511000152, 0.0 ], [ 128.180702662000016, 2.345324843000185, 0.0 ], [ 128.180666870000067, 2.345497153000053, 0.0 ], [ 128.180616810000032, 2.345655094000052, 0.0 ], [ 128.180545379000108, 2.345734036000181, 0.0 ], [ 128.180473960000171, 2.345791438000163, 0.0 ], [ 128.180288294000064, 2.34590621600006, 0.0 ], [ 128.180074049000012, 2.346064060000117, 0.0 ], [ 128.179959737000303, 2.346229143000017, 0.0 ], [ 128.179902600000077, 2.346279372000026, 0.0 ], [ 128.179838325000077, 2.346329598000068, 0.0 ], [ 128.179731173000022, 2.346458783, 0.0 ], [ 128.179681161000047, 2.34653055800004, 0.0 ], [ 128.179616799000172, 2.346731573000057, 0.0 ], [ 128.179552456000096, 2.346896686000093, 0.0 ], [ 128.179552368000117, 2.347047475000068, 0.0 ], [ 128.179573674000125, 2.347234180000157, 0.0 ], [ 128.179580692000172, 2.347442417000082, 0.0 ], [ 128.179637644000053, 2.347708128000079, 0.0 ], [ 128.179737490000178, 2.347866157000113, 0.0 ], [ 128.179808749999978, 2.348081613000033, 0.0 ], [ 128.179919794677943, 2.348139973622097, 0.0 ], [ 128.180137019000085, 2.348254138000186, 0.0 ], [ 128.180286876000281, 2.348340392000182, 0.0 ], [ 128.180429591, 2.348433822000117, 0.0 ], [ 128.180572302000058, 2.348534432000065, 0.0 ], [ 128.180779259000104, 2.348635081000169, 0.0 ], [ 128.180929167000016, 2.348635169000147, 0.0 ], [ 128.181029105000192, 2.348635228000091, 0.0 ], [ 128.181228945000043, 2.348699970000097, 0.0 ], [ 128.181250360000149, 2.348699982000084, 0.0 ], [ 128.181343135, 2.348743120000108, 0.0 ], [ 128.181364474999981, 2.348872380000329, 0.0 ], [ 128.181407244000042, 2.348980113000096, 0.0 ], [ 128.181464276000014, 2.349109395000141, 0.0 ], [ 128.181471322000078, 2.349267369000074, 0.0 ], [ 128.181578312000056, 2.349418222, 0.0 ], [ 128.181685238000199, 2.349676782000074, 0.0 ], [ 128.181820782000017, 2.349827651000055, 0.0 ], [ 128.181870697, 2.349921027000164, 0.0 ], [ 128.181920604000283, 2.350028763000183, 0.0 ], [ 128.18196338300001, 2.350114954000105, 0.0 ], [ 128.181977573000125, 2.350265752000155, 0.0 ], [ 128.181998897000057, 2.35042373400006, 0.0 ], [ 128.182048766000094, 2.350596095000072, 0.0 ], [ 128.182141411000202, 2.350861827000188, 0.0 ], [ 128.182141315000166, 2.351026977000174, 0.0 ], [ 128.182134093000144, 2.351170583000169, 0.0 ], [ 128.182041159000022, 2.351400303000162, 0.0 ], [ 128.182033953000172, 2.351515186000142, 0.0 ], [ 128.182033894999989, 2.351615712000295, 0.0 ], [ 128.182088667519992, 2.351775790039141, 0.0 ], [ 128.182105159000201, 2.351823988000149, 0.0 ], [ 128.182133645999983, 2.351938891000145, 0.0 ], [ 128.182133558, 2.352089682000099, 0.0 ], [ 128.182140629000173, 2.352204573000109, 0.0 ], [ 128.182140520000047, 2.352391265000051, 0.0 ], [ 128.18213332400012, 2.352491787000019, 0.0 ], [ 128.182068918000112, 2.352764607000041, 0.0 ], [ 128.182026025, 2.352872289000061, 0.0 ], [ 128.182018828000054, 2.35297281100003, 0.0 ], [ 128.182018765000151, 2.353080518000354, 0.0 ], [ 128.182025803000187, 2.353252853000129, 0.0 ], [ 128.182054281000063, 2.35338211800007, 0.0 ], [ 128.182054227000066, 2.353475464000155, 0.0 ], [ 128.182054156000135, 2.353597532000152, 0.0 ], [ 128.182054118000309, 2.353662156000155, 0.0 ], [ 128.182011182000338, 2.35384164300018, 0.0 ], [ 128.181982557000168, 2.353963693000139, 0.0 ], [ 128.181968217000048, 2.354071392000094, 0.0 ], [ 128.181939622000073, 2.354143180000165, 0.0 ], [ 128.18192524000014, 2.354322683000021, 0.0 ], [ 128.181967983000021, 2.354473498000118, 0.0 ], [ 128.181967849000188, 2.354703273000041, 0.0 ], [ 128.181989180000272, 2.354846894000104, 0.0 ], [ 128.181996239000085, 2.35498332800006, 0.0 ], [ 128.182088906000189, 2.355213157000151, 0.0 ], [ 128.18211736400005, 2.355378324000242, 0.0 ], [ 128.182152994, 2.355486052000061, 0.0 ], [ 128.182224257000115, 2.355694328000083, 0.0 ], [ 128.182274131000185, 2.355859508000094, 0.0 ], [ 128.182338297000086, 2.355995975000098, 0.0 ], [ 128.18226685800002, 2.356089279000173, 0.0 ], [ 128.18218833000023, 2.356096413000216, 0.0 ], [ 128.182109752000173, 2.356189712000059, 0.0 ], [ 128.182088265000033, 2.356311768000182, 0.0 ], [ 128.182088207000106, 2.356412294000165, 0.0 ], [ 128.182088127000014, 2.356548723000174, 0.0 ], [ 128.182088093000033, 2.356606167000109, 0.0 ], [ 128.182130853000189, 2.356728260000181, 0.0 ], [ 128.18216649200005, 2.356821626999988, 0.0 ], [ 128.18220211700006, 2.356936536000034, 0.0 ], [ 128.182251998000197, 2.357087355000147, 0.0 ], [ 128.182316044000316, 2.357432055000061, 0.0 ], [ 128.182315927000076, 2.357633107000027, 0.0 ], [ 128.18240152100006, 2.357748045000108, 0.0 ], [ 128.1824586, 2.35779834200008, 0.0 ], [ 128.182594173000183, 2.357898949000172, 0.0 ], [ 128.182644093, 2.357985144000111, 0.0 ], [ 128.182679723000291, 2.358092872000099, 0.0 ], [ 128.182701104000074, 2.358150328000079, 0.0 ], [ 128.182743886, 2.358236519, 0.0 ], [ 128.182786658000026, 2.358337070000062, 0.0 ], [ 128.182822304000183, 2.358416077000129, 0.0 ], [ 128.182907867000011, 2.358588458999975, 0.0 ], [ 128.182957769000012, 2.358703375000118, 0.0 ], [ 128.183029070000174, 2.35884702700008, 0.0 ], [ 128.183078989999984, 2.358933222000189, 0.0 ], [ 128.18317886200029, 2.3590481680003, 0.0 ], [ 128.183200252000091, 2.359091264000142, 0.0 ], [ 128.183278683999987, 2.359249281000131, 0.0 ], [ 128.183385686000037, 2.359378592000098, 0.0 ], [ 128.183428421000116, 2.359543768000094, 0.0 ], [ 128.183428357999986, 2.359651475000021, 0.0 ], [ 128.183421144999983, 2.359780719000242, 0.0 ], [ 128.183428183000018, 2.359953054000186, 0.0 ], [ 128.183435204, 2.360154111000043, 0.0 ], [ 128.183413700000074, 2.360304889000077, 0.0 ], [ 128.183399340000022, 2.360448489000078, 0.0 ], [ 128.183406415, 2.360556201000122, 0.0 ], [ 128.183399227000194, 2.360642362000022, 0.0 ], [ 128.183399134000041, 2.36080033200011, 0.0 ], [ 128.183406147, 2.361015750000206, 0.0 ], [ 128.183448768000034, 2.361374799000145, 0.0 ], [ 128.183462971000125, 2.361504056000114, 0.0 ], [ 128.183484323000101, 2.361611775000029, 0.0 ], [ 128.183484273000062, 2.36169794000017, 0.0 ], [ 128.183548461000072, 2.361798505000024, 0.0 ], [ 128.183619775000125, 2.361920615000031, 0.0 ], [ 128.183707426525046, 2.362131204336549, 0.0 ], [ 128.183712446000072, 2.362143264000054, 0.0 ], [ 128.183805146000026, 2.362315650000085, 0.0 ], [ 128.183847911000043, 2.362430563000089, 0.0 ], [ 128.183883539999982, 2.362538291000134, 0.0 ], [ 128.183997615000266, 2.362782493999987, 0.0 ], [ 128.184026089000184, 2.3629189400001, 0.0 ], [ 128.184061710000037, 2.363041028000054, 0.0 ], [ 128.184125861000098, 2.363206218000072, 0.0 ], [ 128.184190041000079, 2.363321143000065, 0.0 ], [ 128.184225713000131, 2.363357066000105, 0.0 ], [ 128.184239923000035, 2.363471962, 0.0 ], [ 128.184261267000096, 2.363594041999988, 0.0 ], [ 128.184309545881774, 2.363666978464493, 0.0 ], [ 128.185523079346211, 2.363671283760879, 0.0 ], [ 128.18581241670276, 2.363666182380597, 0.0 ], [ 128.183400162009519, 2.357464578166116, 0.0 ], [ 128.183103946612164, 2.351233794479413, 0.0 ], [ 128.18298028673027, 2.348609825260951, 0.0 ], [ 128.18507902282451, 2.348567974563992, 0.0 ], [ 128.185674437901042, 2.348575306485372, 0.0 ], [ 128.188726470103006, 2.363648702912428, 0.0 ], [ 128.183982509334101, 2.373239216654156, 0.0 ], [ 128.177699040364587, 2.375784535718992, 0.0 ], [ 128.177087173587751, 2.375413376871734, 0.0 ], [ 128.176196920341653, 2.374834896853883, 0.0 ], [ 128.176188035000195, 2.374891282000021, 0.0 ], [ 128.176176871143156, 2.37497326291026, 0.0 ], [ 128.176166525000184, 2.37504923900002, 0.0 ], [ 128.176145033000012, 2.375178474000164, 0.0 ], [ 128.176136562724309, 2.37521811883795, 0.0 ], [ 128.176102083000046, 2.375379500000122, 0.0 ], [ 128.176073443000149, 2.375523092000094, 0.0 ], [ 128.176051955000133, 2.375645147000114, 0.0 ], [ 128.175951806000029, 2.37599692900011, 0.0 ], [ 128.175951661000227, 2.37624106400034, 0.0 ], [ 128.175937274000148, 2.376427747000037, 0.0 ], [ 128.175951482000045, 2.376542643000164, 0.0 ], [ 128.175994225000153, 2.376693458000092, 0.0 ], [ 128.176029875000012, 2.376765283999987, 0.0 ], [ 128.176058361000173, 2.376880188000086, 0.0 ], [ 128.176108268000092, 2.376987925000037, 0.0 ], [ 128.176143893000102, 2.377102834000026, 0.0 ], [ 128.17620806, 2.377239301000031, 0.0 ], [ 128.176265083000175, 2.377382944000146, 0.0 ], [ 128.17630069100025, 2.377526574000115, 0.0 ], [ 128.176407689, 2.377663067000129, 0.0 ], [ 128.176443267000195, 2.37785696100002, 0.0 ], [ 128.176550248000012, 2.378022175000183, 0.0 ], [ 128.176600159, 2.378122732000235, 0.0 ], [ 128.176642961000169, 2.378173020000134, 0.0 ], [ 128.176714257000043, 2.378323853000098, 0.0 ], [ 128.176764164, 2.378431590000218, 0.0 ], [ 128.176814036000195, 2.37859677, 0.0 ], [ 128.176863926000095, 2.378733228000101, 0.0 ], [ 128.176870975000014, 2.378884021999965, 0.0 ], [ 128.176928015000129, 2.37899894300017, 0.0 ], [ 128.176963598000128, 2.379185656000061, 0.0 ], [ 128.177006366000114, 2.379293388000121, 0.0 ], [ 128.177120469000073, 2.379487329000085, 0.0 ], [ 128.177213216000013, 2.379580730999975, 0.0 ], [ 128.177291663000204, 2.379710026000111, 0.0 ], [ 128.177355856000048, 2.379803410000022, 0.0 ], [ 128.177434330000182, 2.379889623000168, 0.0 ], [ 128.177498497000073, 2.380026090000172, 0.0 ], [ 128.177641145000138, 2.380234408000149, 0.0 ], [ 128.177683884000089, 2.380392404000077, 0.0 ], [ 128.177740865, 2.38060785200014, 0.0 ], [ 128.177755070000075, 2.380729929000041, 0.0 ], [ 128.177797838000032, 2.380837661000044, 0.0 ], [ 128.177826340999985, 2.380923843000119, 0.0 ], [ 128.177847702000093, 2.381017202000066, 0.0 ], [ 128.177904726000037, 2.381160845000352, 0.0 ], [ 128.177954594000056, 2.381333206000135, 0.0 ], [ 128.178018731000151, 2.381519936000132, 0.0 ], [ 128.178054365000094, 2.38162048400011, 0.0 ], [ 128.178082851000084, 2.381735389000085, 0.0 ], [ 128.178118463, 2.381871838000109, 0.0 ], [ 128.178125563000066, 2.381936467000059, 0.0 ], [ 128.178211061000042, 2.382216556, 0.0 ], [ 128.178210994000295, 2.382331443000055, 0.0 ], [ 128.178210915999983, 2.382460691000063, 0.0 ], [ 128.17821084400029, 2.382582759000229, 0.0 ], [ 128.17820361699998, 2.382733544000188, 0.0 ], [ 128.178196389000249, 2.382884329000148, 0.0 ], [ 128.178174866000148, 2.38306382800016, 0.0 ], [ 128.178160520000205, 2.383178706000252, 0.0 ], [ 128.17814614100007, 2.383351029000039, 0.0 ], [ 128.178131787000069, 2.383480268000141, 0.0 ], [ 128.178096026000048, 2.383595134000075, 0.0 ], [ 128.178067407000043, 2.383702824000067, 0.0 ], [ 128.178067352000198, 2.383796169000049, 0.0 ], [ 128.178070839524679, 2.383817294682103, 0.0 ], [ 128.178088691000085, 2.383925430000033, 0.0 ], [ 128.17805283200002, 2.384205447, 0.0 ], [ 128.178024222000175, 2.384298775000105, 0.0 ], [ 128.178038367000312, 2.384521378000101, 0.0 ], [ 128.178016738000082, 2.384880387000067, 0.0 ], [ 128.178023804000077, 2.385002459000078, 0.0 ], [ 128.17803089200001, 2.385088629000051, 0.0 ], [ 128.178030794000136, 2.385253779000038, 0.0 ], [ 128.178016406000182, 2.385440462000133, 0.0 ], [ 128.178009211999978, 2.385533804000033, 0.0 ], [ 128.178002022000072, 2.38561996500016, 0.0 ], [ 128.177987634000118, 2.385806648000085, 0.0 ], [ 128.177987506000107, 2.386022062000109, 0.0 ], [ 128.177958776000054, 2.386316443000055, 0.0 ], [ 128.177894323000118, 2.386661066000045, 0.0 ], [ 128.17788706500005, 2.386862114000167, 0.0 ], [ 128.177801163000225, 2.387264168000058, 0.0 ], [ 128.177793965000177, 2.38736469100013, 0.0 ], [ 128.177729626000087, 2.387515441000119, 0.0 ], [ 128.177672423000075, 2.387673377000055, 0.0 ], [ 128.177486733, 2.387816874000123, 0.0 ], [ 128.177401022000112, 2.38789580800011, 0.0 ], [ 128.177150959000045, 2.388247499000159, 0.0 ], [ 128.177079478000081, 2.388405425999963, 0.0 ], [ 128.177043734000193, 2.388491569999985, 0.0 ], [ 128.17694361300002, 2.388793088000057, 0.0 ], [ 128.17690783000009, 2.388943857000016, 0.0 ], [ 128.176814936999989, 2.389094590000127, 0.0 ], [ 128.17671492400018, 2.38921659700003, 0.0 ], [ 128.176593464000092, 2.389388855000049, 0.0 ], [ 128.176450549, 2.38962572400004, 0.0 ], [ 128.176364774, 2.389812364000022, 0.0 ], [ 128.176029050000096, 2.390156823000041, 0.0 ], [ 128.175950483000037, 2.390228579999984, 0.0 ], [ 128.175821871000238, 2.390422375000128, 0.0 ], [ 128.175707558000084, 2.390580275000047, 0.0 ], [ 128.175536084000186, 2.390824307000173, 0.0 ], [ 128.175428922, 2.390960671000073, 0.0 ], [ 128.175307415, 2.39121191300012, 0.0 ], [ 128.175250237000228, 2.391326765000031, 0.0 ], [ 128.175185903000056, 2.391470336000054, 0.0 ], [ 128.175107269999984, 2.391649799000106, 0.0 ], [ 128.175050066000239, 2.39180773400011, 0.0 ], [ 128.17501427900001, 2.391965683000137, 0.0 ], [ 128.174957127000283, 2.392037453, 0.0 ], [ 128.174821393000087, 2.392202521000172, 0.0 ], [ 128.174699962000062, 2.392324515000155, 0.0 ], [ 128.174585692000022, 2.392410611000173, 0.0 ], [ 128.174457161000163, 2.392467977000138, 0.0 ], [ 128.174364346000033, 2.392489463000118, 0.0 ], [ 128.174135938000148, 2.392439061, 0.0 ], [ 128.17385034400013, 2.392517873000144, 0.0 ], [ 128.173686076000052, 2.392647021000186, 0.0 ], [ 128.173585997, 2.392876735000186, 0.0 ], [ 128.173550349594251, 2.392957280297537, 0.0 ], [ 128.173528810000192, 2.393005949000042, 0.0 ], [ 128.173500183000186, 2.393127999, 0.0 ], [ 128.17348584900023, 2.393221336000181, 0.0 ], [ 128.173457192000086, 2.393393649000132, 0.0 ], [ 128.173442815000016, 2.393558791000317, 0.0 ], [ 128.173299796000038, 2.393967990000135, 0.0 ], [ 128.17323544000007, 2.394147461000159, 0.0 ], [ 128.173235363000089, 2.394276709, 0.0 ], [ 128.173235277000089, 2.394420318000073, 0.0 ], [ 128.173199450000055, 2.394642890000057, 0.0 ], [ 128.173177969000193, 2.394750584000064, 0.0 ], [ 128.173142203000083, 2.394872629000133, 0.0 ], [ 128.173127865000055, 2.394973147000087, 0.0 ], [ 128.17312781000021, 2.395066493000172, 0.0 ], [ 128.173134826999984, 2.395267550000028, 0.0 ], [ 128.173106143000126, 2.39548294499997, 0.0 ], [ 128.173091793000026, 2.39560500400006, 0.0 ], [ 128.173063186000036, 2.395691152000097, 0.0 ], [ 128.173055970000149, 2.39582039600009, 0.0 ], [ 128.173041637000068, 2.3959137330001, 0.0 ], [ 128.173020199000092, 2.39594962200016, 0.0 ], [ 128.172977285000087, 2.396086024000056, 0.0 ], [ 128.172955778000158, 2.396236801000214, 0.0 ], [ 128.172941437000162, 2.396344498000132, 0.0 ], [ 128.172927068000121, 2.396495279000078, 0.0 ], [ 128.172912739000111, 2.39658143600019, 0.0 ], [ 128.172876946000059, 2.396746565000115, 0.0 ], [ 128.172862605000176, 2.396854262000033, 0.0 ], [ 128.172841120000157, 2.396969136000109, 0.0 ], [ 128.172798201000177, 2.397112719, 0.0 ], [ 128.172740975000096, 2.397306556000159, 0.0 ], [ 128.172748015000138, 2.397471711000037, 0.0 ], [ 128.172612263000104, 2.397665500000187, 0.0 ], [ 128.172547915000081, 2.397830611000074, 0.0 ], [ 128.172490732999989, 2.397952644000157, 0.0 ], [ 128.17243355399998, 2.398067496000067, 0.0 ], [ 128.172333533999989, 2.398196684000084, 0.0 ], [ 128.172147764000073, 2.398469427000179, 0.0 ], [ 128.172033471000162, 2.398591425000177, 0.0 ], [ 128.171947734000099, 2.398713440000051, 0.0 ], [ 128.171926296000265, 2.398749330000157, 0.0 ], [ 128.171904836000039, 2.39882112100014, 0.0 ], [ 128.171883381000015, 2.398885732000053, 0.0 ], [ 128.171811925000128, 2.399000575000059, 0.0 ], [ 128.171769049000289, 2.399072354000055, 0.0 ], [ 128.171733308000256, 2.399151317000132, 0.0 ], [ 128.171711850000264, 2.399223108000114, 0.0 ], [ 128.171675995000072, 2.399488763000136, 0.0 ], [ 128.171661666000091, 2.399574918999974, 0.0 ], [ 128.171633017000062, 2.399732871000082, 0.0 ], [ 128.171632952000181, 2.39984057800001, 0.0 ], [ 128.171590016000181, 2.400012883000158, 0.0 ], [ 128.171575629999978, 2.400192385000082, 0.0 ], [ 128.171575539000258, 2.400343174000056, 0.0 ], [ 128.17150388800016, 2.400781137000137, 0.0 ], [ 128.171453758000069, 2.401046783000083, 0.0 ], [ 128.171432254999985, 2.401190377999967, 0.0 ], [ 128.171410752000014, 2.401333974000125, 0.0 ], [ 128.17138923700017, 2.401499111000021, 0.0 ], [ 128.171374885000176, 2.401621170000112, 0.0 ], [ 128.171339140000185, 2.401707313000031, 0.0 ], [ 128.17126767900001, 2.401829338000085, 0.0 ], [ 128.171246163000063, 2.401994474000105, 0.0 ], [ 128.171174650000097, 2.402202662999968, 0.0 ], [ 128.171131749000182, 2.402317524000182, 0.0 ], [ 128.171124580000196, 2.402367783000159, 0.0 ], [ 128.171095969, 2.402461111000036, 0.0 ], [ 128.171060158000017, 2.402654961000109, 0.0 ], [ 128.171045829, 2.402741118000052, 0.0 ], [ 128.171031448000093, 2.402913440000077, 0.0 ], [ 128.171002849000132, 2.402985226000169, 0.0 ], [ 128.170959952000061, 2.403092907000087, 0.0 ], [ 128.170931336000166, 2.403193415999965, 0.0 ], [ 128.170902708000284, 2.403315466000151, 0.0 ], [ 128.170888361000124, 2.403430344000072, 0.0 ], [ 128.170866841000105, 2.403602660999979, 0.0 ], [ 128.170802362000018, 2.403983185000072, 0.0 ], [ 128.170766613000154, 2.404076509000106, 0.0 ], [ 128.170737997000032, 2.404177017999985, 0.0 ], [ 128.170702229000199, 2.404299063000053, 0.0 ], [ 128.170695061000032, 2.40434932200003, 0.0 ], [ 128.170645003000203, 2.404492900000037, 0.0 ], [ 128.170594975000171, 2.404586215000052, 0.0 ], [ 128.170516397, 2.404672332000132, 0.0 ], [ 128.170473530000322, 2.404729749000182, 0.0 ], [ 128.170444945000185, 2.404779995000069, 0.0 ], [ 128.17041633700012, 2.404866143000107, 0.0 ], [ 128.170373358, 2.405110252000157, 0.0 ], [ 128.170344724000188, 2.405239482000183, 0.0 ], [ 128.170316121000013, 2.405318449000049, 0.0 ], [ 128.170273216000027, 2.405440491000036, 0.0 ], [ 128.170237461000028, 2.405540994999967, 0.0 ], [ 128.170187429000066, 2.405641490000051, 0.0 ], [ 128.170115898000034, 2.405878401, 0.0 ], [ 128.170080157000029, 2.405957364000074, 0.0 ], [ 128.170037268000101, 2.406050683000046, 0.0 ], [ 128.169937252000153, 2.406172690000118, 0.0 ], [ 128.169865830000134, 2.406230089000132, 0.0 ], [ 128.169822967000044, 2.406280326000115, 0.0 ], [ 128.169701487000111, 2.406481304000067, 0.0 ], [ 128.169680044000046, 2.406524374000071, 0.0 ], [ 128.169587163000045, 2.406653565, 0.0 ], [ 128.169522866000165, 2.406732510000041, 0.0 ], [ 128.169458569000085, 2.406811456000013, 0.0 ], [ 128.169408572000151, 2.406854507000106, 0.0 ], [ 128.169215639000043, 2.407163148000166, 0.0 ], [ 128.169179906000039, 2.407227750000175, 0.0 ], [ 128.169129874000163, 2.407328245000087, 0.0 ], [ 128.169086989000078, 2.407414385000096, 0.0 ], [ 128.169029783000155, 2.407572319, 0.0 ], [ 128.168986907000175, 2.407644097000059, 0.0 ], [ 128.168929728000307, 2.40775894899997, 0.0 ], [ 128.16889399100009, 2.407830731000046, 0.0 ], [ 128.168872527000048, 2.40790970300003, 0.0 ], [ 128.168843924000129, 2.407988670000065, 0.0 ], [ 128.168801026000295, 2.40809635100004, 0.0 ], [ 128.168772428000096, 2.408168137000075, 0.0 ], [ 128.168715239000079, 2.408297350000055, 0.0 ], [ 128.168693784000169, 2.40836196100014, 0.0 ], [ 128.168650886, 2.408469641000181, 0.0 ], [ 128.168622274000057, 2.408562969000058, 0.0 ], [ 128.168600810000271, 2.408641941000042, 0.0 ], [ 128.168579363000049, 2.40869219000001, 0.0 ], [ 128.168565029000064, 2.40878552700002, 0.0 ], [ 128.168550717000102, 2.408842962000051, 0.0 ], [ 128.168529249000102, 2.408929114000102, 0.0 ], [ 128.16850778, 2.409015266000096, 0.0 ], [ 128.168493450000142, 2.409101422000163, 0.0 ], [ 128.168450557, 2.409201922000079, 0.0 ], [ 128.168421971000157, 2.409252167000091, 0.0 ], [ 128.168386238000153, 2.4093167690001, 0.0 ], [ 128.168286235000068, 2.409417234000159, 0.0 ], [ 128.168229064000087, 2.409517726000104, 0.0 ], [ 128.168171897000065, 2.409611036, 0.0 ], [ 128.168143303000164, 2.409675642000025, 0.0 ], [ 128.168121839, 2.409754614000178, 0.0 ], [ 128.168078954000038, 2.40984075300014, 0.0 ], [ 128.168028913000171, 2.409955609, 0.0 ], [ 128.167957477000044, 2.410034550000092, 0.0 ], [ 128.167907453000197, 2.410120684000105, 0.0 ], [ 128.167843131000012, 2.410242712000069, 0.0 ], [ 128.167785994000013, 2.410285758999976, 0.0 ], [ 128.167764569000241, 2.410300107000126, 0.0 ], [ 128.167757404000071, 2.410343185000102, 0.0 ], [ 128.167643023000181, 2.410608791000072, 0.0 ], [ 128.167621523000179, 2.410745206000058, 0.0 ], [ 128.167600072000226, 2.410802636000029, 0.0 ], [ 128.167550044000194, 2.410895951000043, 0.0 ], [ 128.16750716400017, 2.410974910000049, 0.0 ], [ 128.167400026000223, 2.411068189000048, 0.0 ], [ 128.167321464000082, 2.411125585000037, 0.0 ], [ 128.167257171000045, 2.411197349000076, 0.0 ], [ 128.167199991000075, 2.411312200999987, 0.0 ], [ 128.167107087000062, 2.41147729300019, 0.0 ], [ 128.167049907000091, 2.411592145999975, 0.0 ], [ 128.167021286, 2.411699834, 0.0 ], [ 128.166942703000103, 2.411793132000071, 0.0 ], [ 128.166814161000161, 2.411864857000069, 0.0 ], [ 128.166707028000104, 2.411950956, 0.0 ], [ 128.166614128000191, 2.412108868000132, 0.0 ], [ 128.166564117000092, 2.412173461, 0.0 ], [ 128.166528349000117, 2.41229550700018, 0.0 ], [ 128.166430110109985, 2.412477263054654, 0.0 ], [ 128.166392559000059, 2.412546738000117, 0.0 ], [ 128.166278291, 2.412625652000031, 0.0 ], [ 128.166049840999989, 2.412639872000169, 0.0 ], [ 128.165692929000073, 2.412596570000119, 0.0 ], [ 128.165503570768209, 2.412525693320162, 0.0 ], [ 128.165281571691679, 2.413117607357207, 0.0 ], [ 128.165111632797078, 2.413507143872096, 0.0 ], [ 128.164050934209143, 2.415938488004144, 0.0 ], [ 128.162307229655397, 2.419935395099571, 0.0 ], [ 128.149952253082205, 2.414753095315234, 0.0 ], [ 128.151846928081653, 2.410743355945727, 0.0 ], [ 128.15347921580053, 2.407288882407783, 0.0 ], [ 128.153933473987848, 2.406172826352531, 0.0 ], [ 128.153829562000027, 2.406068177000065, 0.0 ], [ 128.153722592000094, 2.405888600000026, 0.0 ], [ 128.153515778000013, 2.40555099200003, 0.0 ], [ 128.153458738000126, 2.405436070000063, 0.0 ], [ 128.153358929000063, 2.40522059600005, 0.0 ], [ 128.153294761000069, 2.40509130800018, 0.0 ], [ 128.153244860000171, 2.404976390000058, 0.0 ], [ 128.153194938000269, 2.404897375000189, 0.0 ], [ 128.153123635000014, 2.404760903000068, 0.0 ], [ 128.153066588000314, 2.404660342000057, 0.0 ], [ 128.15302381800015, 2.404559789000133, 0.0 ], [ 128.152981065000034, 2.404430515000115, 0.0 ], [ 128.152966849000222, 2.40432998100033, 0.0 ], [ 128.15295983900009, 2.404121745000169, 0.0 ], [ 128.152852883000122, 2.403920627000047, 0.0 ], [ 128.15278878400008, 2.40367645300006, 0.0 ], [ 128.152724607000181, 2.40356152600009, 0.0 ], [ 128.152624781000071, 2.403374773000166, 0.0 ], [ 128.152603471000106, 2.403202431000124, 0.0 ], [ 128.152567924000067, 2.402965455000014, 0.0 ], [ 128.152529888430507, 2.402833372004125, 0.0 ], [ 128.152503813000038, 2.402742822, 0.0 ], [ 128.152425464000061, 2.402455557000109, 0.0 ], [ 128.152397011000033, 2.402290390000076, 0.0 ], [ 128.152397069000102, 2.402197045000036, 0.0 ], [ 128.152347248000154, 2.401952880000181, 0.0 ], [ 128.152276012000129, 2.401708702000064, 0.0 ], [ 128.152176137000055, 2.401600933000111, 0.0 ], [ 128.152062011000083, 2.401450073999968, 0.0 ], [ 128.151940751000183, 2.401292030000036, 0.0 ], [ 128.15184089300007, 2.401155540000105, 0.0 ], [ 128.151748174000289, 2.401019054000188, 0.0 ], [ 128.151676854000101, 2.400911303999977, 0.0 ], [ 128.151541361000227, 2.400681445999965, 0.0 ], [ 128.151405840000052, 2.400494671000047, 0.0 ], [ 128.151327426000165, 2.400315111000112, 0.0 ], [ 128.151063569000229, 2.399869763000027, 0.0 ], [ 128.150835274000059, 2.39963984700006, 0.0 ], [ 128.15070685800012, 2.39951051900016, 0.0 ], [ 128.150585588000013, 2.39936683600007, 0.0 ], [ 128.150478628000059, 2.399172898000018, 0.0 ], [ 128.150414465000011, 2.399036430000137, 0.0 ], [ 128.150378841999981, 2.398921522000023, 0.0 ], [ 128.150328982000104, 2.398741980000069, 0.0 ], [ 128.150257728000128, 2.398526524000204, 0.0 ], [ 128.150214989000233, 2.39837570900005, 0.0 ], [ 128.150165134000048, 2.398188987000083, 0.0 ], [ 128.150100943000183, 2.398095602000069, 0.0 ], [ 128.150029628000055, 2.397980671000084, 0.0 ], [ 128.1499583290001, 2.397837019000064, 0.0 ], [ 128.14983707400026, 2.397671794000189, 0.0 ], [ 128.149722944000132, 2.397528114000182, 0.0 ], [ 128.149594515000189, 2.397420329000056, 0.0 ], [ 128.149451799000275, 2.39732689400006, 0.0 ], [ 128.149323357000156, 2.397240649000139, 0.0 ], [ 128.149216317000196, 2.397175959000096, 0.0 ], [ 128.149102151000164, 2.397089723000079, 0.0 ], [ 128.149002298999989, 2.396946051999976, 0.0 ], [ 128.148930979000028, 2.396838302000163, 0.0 ], [ 128.148838278000056, 2.396673095000041, 0.0 ], [ 128.148738417000089, 2.396543785, 0.0 ], [ 128.148617140000027, 2.396414462000052, 0.0 ], [ 128.148524381000101, 2.396342599999968, 0.0 ], [ 128.148438771000173, 2.396256381000057, 0.0 ], [ 128.148338883000037, 2.396170154000117, 0.0 ], [ 128.148246151000166, 2.396055209999986, 0.0 ], [ 128.147982168000084, 2.395818092000127, 0.0 ], [ 128.14784662200006, 2.395674399000029, 0.0 ], [ 128.147718229, 2.395509170000138, 0.0 ], [ 128.147561298000142, 2.395315201000131, 0.0 ], [ 128.147411480000159, 2.395164319000116, 0.0 ], [ 128.14719034200013, 2.394905687, 0.0 ], [ 128.146983499000015, 2.394618341000068, 0.0 ], [ 128.146676648000124, 2.3944386390001, 0.0 ], [ 128.146562487000182, 2.394345223000186, 0.0 ], [ 128.146498315, 2.394223116000092, 0.0 ], [ 128.146419857000069, 2.39411536100016, 0.0 ], [ 128.146320004999978, 2.393971690000114, 0.0 ], [ 128.146220167000223, 2.393806479000033, 0.0 ], [ 128.146113175000067, 2.393662804000144, 0.0 ], [ 128.146056165000203, 2.393504799000084, 0.0 ], [ 128.145999126000191, 2.393389878000107, 0.0 ], [ 128.145899265, 2.393260568000073, 0.0 ], [ 128.145835093000159, 2.393138460999979, 0.0 ], [ 128.145792337000188, 2.393016368000076, 0.0 ], [ 128.145692472000036, 2.39289423800011, 0.0 ], [ 128.145542623000296, 2.39279361900003, 0.0 ], [ 128.145478411000312, 2.392736135000121, 0.0 ], [ 128.145335740000149, 2.392570897000099, 0.0 ], [ 128.145271604000044, 2.39239134700017, 0.0 ], [ 128.145200293000215, 2.392269236000118, 0.0 ] ], [ [ 128.166712347000015, 2.414938018000043, 0.0 ], [ 128.166709163626109, 2.414902552339981, 0.0 ], [ 128.166705257000189, 2.414859029000183, 0.0 ], [ 128.166690997000018, 2.41483029900013, 0.0 ], [ 128.166660393325486, 2.414797277110722, 0.0 ], [ 128.166591120000106, 2.414722530000176, 0.0 ], [ 128.166491155000216, 2.414758371000061, 0.0 ], [ 128.16644863095766, 2.414811768978324, 0.0 ], [ 128.166434001000283, 2.414830140000049, 0.0 ], [ 128.166391120000071, 2.41490909800018, 0.0 ], [ 128.166169848000095, 2.414858698000103, 0.0 ], [ 128.165991423000122, 2.414786784000171, 0.0 ], [ 128.16592722200005, 2.41470776, 0.0 ], [ 128.165927253000149, 2.414657497000064, 0.0 ], [ 128.165970138, 2.414571359000206, 0.0 ], [ 128.166005853000087, 2.41453547900005, 0.0 ], [ 128.166024668706058, 2.414502406379313, 0.0 ], [ 128.1660344390001, 2.414485233000164, 0.0 ], [ 128.165998820000112, 2.414363144000106, 0.0 ], [ 128.165984577000103, 2.414305692000142, 0.0 ], [ 128.165902300960255, 2.414246502898379, 0.0 ], [ 128.165884678000083, 2.414233825000168, 0.0 ], [ 128.165856136000201, 2.414212267000153, 0.0 ], [ 128.165777665149221, 2.414175065074517, 0.0 ], [ 128.165734812000096, 2.414154749000033, 0.0 ], [ 128.165677763000048, 2.414054187000033, 0.0 ], [ 128.165649247, 2.413989546000095, 0.0 ], [ 128.165585016000023, 2.413960785000143, 0.0 ], [ 128.165463696000046, 2.413896086000023, 0.0 ], [ 128.16545668900028, 2.413680668000155, 0.0 ], [ 128.165492461000184, 2.413551443000188, 0.0 ], [ 128.165563967000139, 2.413357616000042, 0.0 ], [ 128.165628287000118, 2.413242769000021, 0.0 ], [ 128.165671146, 2.413199712000107, 0.0 ], [ 128.165725562029337, 2.413148462326263, 0.0 ], [ 128.165785431000103, 2.413092076999988, 0.0 ], [ 128.165863993000016, 2.413034681000226, 0.0 ], [ 128.165949662000088, 2.41302755400011, 0.0 ], [ 128.166006729000145, 2.413099393000266, 0.0 ], [ 128.166028110000042, 2.413156850000121, 0.0 ], [ 128.166063817000236, 2.413135330000102, 0.0 ], [ 128.166128123, 2.413042025000152, 0.0 ], [ 128.166149548000107, 2.413027677, 0.0 ], [ 128.166228083000163, 2.413013364000165, 0.0 ], [ 128.166320887000182, 2.413013422000176, 0.0 ], [ 128.166385110000078, 2.413056543000095, 0.0 ], [ 128.166399357000131, 2.413106816000095, 0.0 ], [ 128.166406260936668, 2.41311724644271, 0.0 ], [ 128.166413621000032, 2.413128366000081, 0.0 ], [ 128.166477862000278, 2.413142766000021, 0.0 ], [ 128.166527820000141, 2.413164338000058, 0.0 ], [ 128.166577760000195, 2.413214632000119, 0.0 ], [ 128.166592007000048, 2.413264904000187, 0.0 ], [ 128.166620541000128, 2.413300824000317, 0.0 ], [ 128.16673474000001, 2.413336796000124, 0.0 ], [ 128.166898852000145, 2.41346614500003, 0.0 ], [ 128.166948789000088, 2.413523618999989, 0.0 ], [ 128.166977314000036, 2.413573900000187, 0.0 ], [ 128.166955867000155, 2.413624150000088, 0.0 ], [ 128.166927298, 2.41364567300019, 0.0 ], [ 128.166941559000037, 2.413674404000119, 0.0 ], [ 128.167048618000081, 2.413710372000082, 0.0 ], [ 128.167127136000204, 2.413724781000155, 0.0 ], [ 128.167191372000019, 2.41374636200004, 0.0 ], [ 128.167319830000338, 2.413811065000175, 0.0 ], [ 128.167426895000034, 2.413839851999967, 0.0 ], [ 128.167533964000057, 2.413861459000259, 0.0 ], [ 128.167598256000105, 2.413789695, 0.0 ], [ 128.167762399999987, 2.413868781000133, 0.0 ], [ 128.167762365000243, 2.413926224000022, 0.0 ], [ 128.167798029000181, 2.413976509000179, 0.0 ], [ 128.167876523999979, 2.414026820000175, 0.0 ], [ 128.167947890000022, 2.414062766000143, 0.0 ], [ 128.167983561999989, 2.41409869000006, 0.0 ], [ 128.167969254000212, 2.414148945000079, 0.0 ], [ 128.167947812000051, 2.41419201400015, 0.0 ], [ 128.167940633000029, 2.414256634000026, 0.0 ], [ 128.167986016980734, 2.414276955154207, 0.0 ], [ 128.168004866000018, 2.41428539500015, 0.0 ], [ 128.168140454000167, 2.41436446300014, 0.0 ], [ 128.168097564000021, 2.414457783000046, 0.0 ], [ 128.168061818000041, 2.414543926000135, 0.0 ], [ 128.168054636000051, 2.414615725000146, 0.0 ], [ 128.168033163000132, 2.414709058000141, 0.0 ], [ 128.16799738600011, 2.414845464000052, 0.0 ], [ 128.168004402000179, 2.415046519999976, 0.0 ], [ 128.167997203, 2.415147042000114, 0.0 ], [ 128.168025635000021, 2.415348111000185, 0.0 ], [ 128.168104105000083, 2.41544150600015, 0.0 ], [ 128.168154037, 2.415506160000177, 0.0 ], [ 128.1681968, 2.415621074000115, 0.0 ], [ 128.168132503000038, 2.415700019000326, 0.0 ], [ 128.167996901000123, 2.415642492000075, 0.0 ], [ 128.167832734000172, 2.415599308000082, 0.0 ], [ 128.167668556000052, 2.415577666000047, 0.0 ], [ 128.167511516000189, 2.41555602700015, 0.0 ], [ 128.167461553000038, 2.415541636000114, 0.0 ], [ 128.167368792000133, 2.415469774000031, 0.0 ], [ 128.167318843000203, 2.415433842000084, 0.0 ], [ 128.167233195000193, 2.415405067000052, 0.0 ], [ 128.167147529000175, 2.415405014000157, 0.0 ], [ 128.166997663000046, 2.415325937000091, 0.0 ], [ 128.166983434, 2.415246944000045, 0.0 ], [ 128.166954904, 2.415203844000018, 0.0 ], [ 128.166840754000276, 2.415088886000092, 0.0 ], [ 128.166797969000044, 2.415009875000067, 0.0 ], [ 128.166712347000015, 2.414938018000043, 0.0 ] ], [ [ 128.157654773000075, 2.287466773000063, 0.0 ], [ 128.157482265000226, 2.287472655000045, 0.0 ], [ 128.15732166799998, 2.287454609000122, 0.0 ], [ 128.157208672, 2.287412657000061, 0.0 ], [ 128.157143264000155, 2.287370732000055, 0.0 ], [ 128.157054068000065, 2.287316826, 0.0 ], [ 128.156970818000076, 2.287268908000157, 0.0 ], [ 128.156881603000102, 2.287250904000246, 0.0 ], [ 128.156798349000127, 2.287208969000062, 0.0 ], [ 128.156774573000092, 2.287179036000169, 0.0 ], [ 128.15673891400013, 2.287125162000166, 0.0 ], [ 128.156685409, 2.287071277000052, 0.0 ], [ 128.156566493000099, 2.286981451999964, 0.0 ], [ 128.156453498000133, 2.286939499000141, 0.0 ], [ 128.156382123000157, 2.286927490000153, 0.0 ], [ 128.156334522000037, 2.286951396000177, 0.0 ], [ 128.156316652000072, 2.286993272000074, 0.0 ], [ 128.156304724000023, 2.287047118000089, 0.0 ], [ 128.15630469200002, 2.28710097100003, 0.0 ], [ 128.156179747000095, 2.287148766000143, 0.0 ], [ 128.155983449, 2.287148650000119, 0.0 ], [ 128.155979957615358, 2.28714312379293, 0.0 ], [ 128.154655251000776, 2.288171836535468, 0.0 ], [ 128.152885430903183, 2.289418827276904, 0.0 ], [ 128.152340478673381, 2.289802792021704, 0.0 ], [ 128.152192896316677, 2.289906820280919, 0.0 ], [ 128.150859625353945, 2.287920374119778, 0.0 ], [ 128.148384347053934, 2.284359615868822, 0.0 ], [ 128.148198450184481, 2.284092197310088, 0.0 ], [ 128.150900084000085, 2.282825419000118, 0.0 ], [ 128.150947709000064, 2.282759627000189, 0.0 ], [ 128.15095231742859, 2.282757312583442, 0.0 ], [ 128.151102414000178, 2.282681932000059, 0.0 ], [ 128.151227362000185, 2.282628152000029, 0.0 ], [ 128.151370144000083, 2.282592335000174, 0.0 ], [ 128.151530772000086, 2.282556528000157, 0.0 ], [ 128.151721146000199, 2.282514756000069, 0.0 ], [ 128.151822279000129, 2.282496865000098, 0.0 ], [ 128.151988845000091, 2.282479012000123, 0.0 ], [ 128.152125662000088, 2.282473109000079, 0.0 ], [ 128.152286268000097, 2.282473203999984, 0.0 ], [ 128.152417133000171, 2.282473283000285, 0.0 ], [ 128.152547995000162, 2.28247934300009, 0.0 ], [ 128.152702647000154, 2.282491402000062, 0.0 ], [ 128.152827556000119, 2.282503444000043, 0.0 ], [ 128.152952469000041, 2.282509502000152, 0.0 ], [ 128.153261751000031, 2.282569522000131, 0.0 ], [ 128.153654314000136, 2.282623607000289, 0.0 ], [ 128.153957651000013, 2.282677640000032, 0.0 ], [ 128.154136062, 2.28274955000012, 0.0 ], [ 128.154338248000045, 2.282851392000226, 0.0 ], [ 128.154558280000145, 2.282953244000112, 0.0 ], [ 128.154802144000058, 2.282989291000149, 0.0 ], [ 128.155010296000199, 2.28306121800017, 0.0 ], [ 128.15520659000012, 2.283067317000019, 0.0 ], [ 128.155414778000107, 2.283079408000049, 0.0 ], [ 128.155551584000222, 2.283091456000022, 0.0 ], [ 128.155694339000064, 2.283103508000124, 0.0 ], [ 128.155813303000144, 2.28310956200005, 0.0 ], [ 128.155973911000132, 2.283109656000079, 0.0 ], [ 128.156104766000198, 2.283127685000068, 0.0 ], [ 128.156277269000128, 2.283127787000069, 0.0 ], [ 128.156420021, 2.283145822000222, 0.0 ], [ 128.156747159000105, 2.283187901000076, 0.0 ], [ 128.156985068000012, 2.28323591000003, 0.0 ], [ 128.157163500000024, 2.283271918000026, 0.0 ], [ 128.157335968000069, 2.283331856000189, 0.0 ], [ 128.157472771000101, 2.283349888999965, 0.0 ], [ 128.157645237000196, 2.283415811000111, 0.0 ], [ 128.157883135, 2.283481772000129, 0.0 ], [ 128.157977688247314, 2.283502966065669, 0.0 ], [ 128.157990193000131, 2.283505769000101, 0.0 ], [ 128.158073461000072, 2.28352376900034, 0.0 ], [ 128.158156738000088, 2.283523818000049, 0.0 ], [ 128.158269734000072, 2.283565771000099, 0.0 ], [ 128.158358946, 2.283589758, 0.0 ], [ 128.158608727000086, 2.283679660000189, 0.0 ], [ 128.15874552, 2.28371564300005, 0.0 ], [ 128.158929855000082, 2.283829441000023, 0.0 ], [ 128.159019050000069, 2.283883348000132, 0.0 ], [ 128.159185571000052, 2.283943282000109, 0.0 ], [ 128.159322298, 2.284092954000073, 0.0 ], [ 128.159447138, 2.284224669000082, 0.0 ], [ 128.159577899000027, 2.284404257000177, 0.0 ], [ 128.159643276000196, 2.284500034000189, 0.0 ], [ 128.159726515000074, 2.284565904000317, 0.0 ], [ 128.159833545000055, 2.284637772000053, 0.0 ], [ 128.159922720000026, 2.284727579000276, 0.0 ], [ 128.160023781000149, 2.284835345000146, 0.0 ], [ 128.160106975000275, 2.284979002000057, 0.0 ], [ 128.160124730000092, 2.285134589000052, 0.0 ], [ 128.160106784000021, 2.285308106000059, 0.0 ], [ 128.160088886000125, 2.285397851000141, 0.0 ], [ 128.160059040000192, 2.28557734400016, 0.0 ], [ 128.160041129000177, 2.28569102400013, 0.0 ], [ 128.160005379000012, 2.285792725000134, 0.0 ], [ 128.159862450000077, 2.286079858000164, 0.0 ], [ 128.159779099000019, 2.286205466000069, 0.0 ], [ 128.159695733, 2.286355010000023, 0.0 ], [ 128.159576688000016, 2.286486580999963, 0.0 ], [ 128.159427912000154, 2.286600183000132, 0.0 ], [ 128.159320815000086, 2.286642006000136, 0.0 ], [ 128.159213705000298, 2.286707764000084, 0.0 ], [ 128.15908874600018, 2.286779495000076, 0.0 ], [ 128.159017351000188, 2.286803387000077, 0.0 ], [ 128.158940001, 2.286839244000134, 0.0 ], [ 128.158862639000034, 2.28689305100005, 0.0 ], [ 128.158773389000061, 2.286934885000108, 0.0 ], [ 128.15867222000017, 2.287012613000172, 0.0 ], [ 128.15857701000013, 2.287072394000063, 0.0 ], [ 128.158541302000344, 2.28710229100011, 0.0 ], [ 128.15845799600001, 2.287150112000062, 0.0 ], [ 128.15842225600008, 2.287233862000107, 0.0 ], [ 128.158362727000025, 2.287311615000021, 0.0 ], [ 128.158291318000096, 2.287359441999968, 0.0 ], [ 128.158208030000281, 2.28737734400005, 0.0 ], [ 128.158035508000211, 2.287407161000147, 0.0 ], [ 128.157862982000182, 2.287442961000067, 0.0 ], [ 128.157654773000075, 2.287466773000063, 0.0 ] ], [ [ 128.218171332883315, 2.259464145655671, 0.0 ], [ 128.223352842568687, 2.247403623335459, 0.0 ], [ 128.225019282051761, 2.248208992697244, 0.0 ], [ 128.233505320089733, 2.251996053405663, 0.0 ], [ 128.232795583940032, 2.253334757559571, 0.0 ], [ 128.228360526982414, 2.261700074172495, 0.0 ], [ 128.227613333071844, 2.263109401782685, 0.0 ], [ 128.220254188267489, 2.260231453332666, 0.0 ], [ 128.218171332883315, 2.259464145655671, 0.0 ] ], [ [ 128.237637325237728, 2.235085426361024, 0.0 ], [ 128.237571138419952, 2.224996687746739, 0.0 ], [ 128.2392246697801, 2.224972663188055, 0.0 ], [ 128.23948956813885, 2.224971204858547, 0.0 ], [ 128.239954546736129, 2.224970971418827, 0.0 ], [ 128.244410658472447, 2.224973273400167, 0.0 ], [ 128.245630536080256, 2.235032124145221, 0.0 ], [ 128.239911289360151, 2.235081200292086, 0.0 ], [ 128.239436795178449, 2.235071853569764, 0.0 ], [ 128.2392194817198, 2.235073336057497, 0.0 ], [ 128.238493885752149, 2.235085873273761, 0.0 ], [ 128.237637325237728, 2.235085426361024, 0.0 ] ], [ [ 128.219168570511641, 2.218158795719034, 0.0 ], [ 128.218952547814155, 2.227122232510566, 0.0 ], [ 128.214726366953386, 2.22711968025402, 0.0 ], [ 128.209947269609387, 2.227083914266359, 0.0 ], [ 128.210147168254224, 2.218028514949367, 0.0 ], [ 128.219168570511641, 2.218158795719034, 0.0 ] ], [ [ 128.19422111807566, 2.21173720450787, 0.0 ], [ 128.194125007347765, 2.229927168081474, 0.0 ], [ 128.174782224282893, 2.229864489659064, 0.0 ], [ 128.171082604127804, 2.229854068349539, 0.0 ], [ 128.170091847902853, 2.229858263517825, 0.0 ], [ 128.168153706855009, 2.229872174640036, 0.0 ], [ 128.168166610503448, 2.206775061575228, 0.0 ], [ 128.194159924936201, 2.206909127425547, 0.0 ], [ 128.194182556146728, 2.207776950358209, 0.0 ], [ 128.194208782714185, 2.208782649438489, 0.0 ], [ 128.19422111807566, 2.21173720450787, 0.0 ] ], [ [ 128.213011628985413, 2.20785145201512, 0.0 ], [ 128.212421121621901, 2.206311490555095, 0.0 ], [ 128.212321876, 2.206459084000131, 0.0 ], [ 128.212231398000171, 2.206583499000033, 0.0 ], [ 128.212169464000198, 2.206722290000017, 0.0 ], [ 128.212112298000051, 2.206841934000181, 0.0 ], [ 128.211974149000156, 2.207129082000108, 0.0 ], [ 128.211859843000042, 2.207320501000083, 0.0 ], [ 128.211759823000165, 2.207492781000098, 0.0 ], [ 128.211540746000054, 2.207842117000041, 0.0 ], [ 128.21140266200004, 2.20800480200029, 0.0 ], [ 128.211293119000032, 2.208186650000243, 0.0 ], [ 128.211150251000021, 2.208397203000175, 0.0 ], [ 128.211016906000026, 2.208598186000188, 0.0 ], [ 128.210912131000185, 2.208760889000075, 0.0 ], [ 128.210821649000167, 2.208894877000148, 0.0 ], [ 128.210788267000083, 2.209028896000121, 0.0 ], [ 128.210697752000073, 2.209225115000094, 0.0 ], [ 128.210631043000035, 2.209392626000181, 0.0 ], [ 128.210569119000041, 2.20951226800014, 0.0 ], [ 128.210478666000057, 2.20958881200005, 0.0 ], [ 128.210378705000124, 2.209646203000091, 0.0 ], [ 128.210213095443464, 2.20957520451958, 0.0 ], [ 128.210155104, 2.209550342999989, 0.0 ], [ 128.210050448000032, 2.209488056000112, 0.0 ], [ 128.209926729000017, 2.209483203000104, 0.0 ], [ 128.20986963200005, 2.209473598000159, 0.0 ], [ 128.209850605000128, 2.209459227000082, 0.0 ], [ 128.209779818916303, 2.209387942821194, 0.0 ], [ 128.209779264000161, 2.209387384000082, 0.0 ], [ 128.209722197, 2.209320335000143, 0.0 ], [ 128.209679385000157, 2.209291590000191, 0.0 ], [ 128.209574732000078, 2.209224515000017, 0.0 ], [ 128.209512906000299, 2.2091574640001, 0.0 ], [ 128.209432037000141, 2.209109551000097, 0.0 ], [ 128.209341680000165, 2.209004188, 0.0 ], [ 128.209294125000014, 2.208946718000049, 0.0 ], [ 128.209194235000012, 2.208870072000138, 0.0 ], [ 128.20907531400016, 2.208788629000025, 0.0 ], [ 128.208965901000283, 2.208726340000112, 0.0 ], [ 128.208851731000067, 2.208659260000104, 0.0 ], [ 128.208789882, 2.208635292000053, 0.0 ], [ 128.208666202999979, 2.208553846000087, 0.0 ], [ 128.2085900820002, 2.208525083999973, 0.0 ], [ 128.20849970200004, 2.208462803999964, 0.0 ], [ 128.208395029000116, 2.208434026000077, 0.0 ], [ 128.208342701000078, 2.208405275000132, 0.0 ], [ 128.208266576999989, 2.208381299000109, 0.0 ], [ 128.208152396000031, 2.208333368000126, 0.0 ], [ 128.208133382, 2.208295063000037, 0.0 ], [ 128.20813816600014, 2.20824719400008, 0.0 ], [ 128.208152465000097, 2.208204120000062, 0.0 ], [ 128.20817629300015, 2.208137114000067, 0.0 ], [ 128.208185843, 2.208074888000056, 0.0 ], [ 128.208109745000087, 2.208003042000144, 0.0 ], [ 128.208024118000225, 2.207950339000149, 0.0 ], [ 128.207962257000162, 2.207950306000043, 0.0 ], [ 128.20790990500015, 2.207964637999965, 0.0 ], [ 128.20786708600005, 2.207950254000025, 0.0 ], [ 128.207857602000303, 2.207888018000062, 0.0 ], [ 128.207862389000042, 2.207835363000015, 0.0 ], [ 128.207867166999989, 2.207797070000141, 0.0 ], [ 128.207810098000067, 2.207734808000168, 0.0 ], [ 128.207772039000105, 2.207715639000071, 0.0 ], [ 128.207738750000061, 2.207677325000077, 0.0 ], [ 128.207705473000232, 2.207615077000128, 0.0 ], [ 128.20765791300002, 2.207567181000059, 0.0 ], [ 128.207638897000237, 2.207533661000298, 0.0 ], [ 128.207581814, 2.207495335000146, 0.0 ], [ 128.207558034000044, 2.207471387000112, 0.0 ], [ 128.207539018000233, 2.20743786700018, 0.0 ], [ 128.207515248000021, 2.207394772000271, 0.0 ], [ 128.207486727000258, 2.207337312000107, 0.0 ], [ 128.207472474000014, 2.207294221000041, 0.0 ], [ 128.207443956, 2.207231975000013, 0.0 ], [ 128.207420186000036, 2.207188879, 0.0 ], [ 128.207391652000155, 2.207155355000055, 0.0 ], [ 128.207372649000234, 2.2070979, 0.0 ], [ 128.207277544000135, 2.20697338700029, 0.0 ], [ 128.207225215000079, 2.206944637000049, 0.0 ], [ 128.207168118000112, 2.206935032000047, 0.0 ], [ 128.207082489000044, 2.206887116000189, 0.0 ], [ 128.207063478, 2.206844023999963, 0.0 ], [ 128.207058757000027, 2.206772215000171, 0.0 ], [ 128.207092082, 2.206743511000127, 0.0 ], [ 128.207130171000131, 2.206705236000061, 0.0 ], [ 128.207134943999989, 2.206676516000186, 0.0 ], [ 128.207120695000043, 2.206628638000097, 0.0 ], [ 128.207092173000291, 2.20657117800016, 0.0 ], [ 128.207063645000034, 2.206528080000112, 0.0 ], [ 128.206939930000061, 2.206513653000116, 0.0 ], [ 128.206897116000022, 2.206489695000073, 0.0 ], [ 128.206859091000069, 2.206408295000075, 0.0 ], [ 128.206835346000133, 2.206317329, 0.0 ], [ 128.206835404000117, 2.206207228000039, 0.0 ], [ 128.206754545000052, 2.206140166000182, 0.0 ], [ 128.20672129600004, 2.206025260000104, 0.0 ], [ 128.206730847000131, 2.205963034000092, 0.0 ], [ 128.206778452000179, 2.205924764000144, 0.0 ], [ 128.206783236000064, 2.205876896000064, 0.0 ], [ 128.206730915000065, 2.205833785000152, 0.0 ], [ 128.206692859000299, 2.205809829000145, 0.0 ], [ 128.206669087000108, 2.205771520000042, 0.0 ], [ 128.206635794999983, 2.205737993000071, 0.0 ], [ 128.206583466000069, 2.205709244000047, 0.0 ], [ 128.20653589600019, 2.205680496000184, 0.0 ], [ 128.206526404000073, 2.205632621, 0.0 ], [ 128.206554973000124, 2.205599127000084, 0.0 ], [ 128.206535967000121, 2.205546459000175, 0.0 ], [ 128.20649316300009, 2.205503352999983, 0.0 ], [ 128.206464636000192, 2.205455468000025, 0.0 ], [ 128.206431344000038, 2.205421941, 0.0 ], [ 128.206379036000016, 2.205354895000141, 0.0 ], [ 128.206355279000121, 2.205287864000184, 0.0 ], [ 128.206312488000179, 2.205220823000047, 0.0 ], [ 128.20628872100005, 2.205172939000022, 0.0 ], [ 128.206279224000127, 2.205134638000117, 0.0 ], [ 128.206264968, 2.205096335000064, 0.0 ], [ 128.206250708000056, 2.205067605000181, 0.0 ], [ 128.206226930000042, 2.20503887000001, 0.0 ], [ 128.206169858000152, 2.204981395000174, 0.0 ], [ 128.206141327000154, 2.204943084000092, 0.0 ], [ 128.206117557000169, 2.204899988000079, 0.0 ], [ 128.206098541000159, 2.204866468000148, 0.0 ], [ 128.206089037000055, 2.204842528000314, 0.0 ], [ 128.206074777, 2.204813799000305, 0.0 ], [ 128.206065277000079, 2.204780284000094, 0.0 ], [ 128.206046261000097, 2.204746765000095, 0.0 ], [ 128.205989209000222, 2.204650994000076, 0.0 ], [ 128.205965437, 2.204612686000133, 0.0 ], [ 128.205936901000086, 2.20458394800005, 0.0 ], [ 128.205922633000199, 2.204569580000112, 0.0 ], [ 128.20590838000021, 2.204526489000159, 0.0 ], [ 128.205898878000056, 2.204497762000187, 0.0 ], [ 128.205889379000126, 2.204464246999975, 0.0 ], [ 128.205884629999986, 2.204445096000086, 0.0 ], [ 128.205870368000063, 2.204421154000045, 0.0 ], [ 128.20581809799998, 2.204282303000014, 0.0 ], [ 128.205784846, 2.204172184000072, 0.0 ], [ 128.205761086000024, 2.20410994000008, 0.0 ], [ 128.205718285000302, 2.204062046000047, 0.0 ], [ 128.205694510000058, 2.204028525000183, 0.0 ], [ 128.20565649500017, 2.203927977000035, 0.0 ], [ 128.20564223400001, 2.203899247000152, 0.0 ], [ 128.205623225000068, 2.203851367000084, 0.0 ], [ 128.205566162000054, 2.203779532000112, 0.0 ], [ 128.205537636, 2.203731645000118, 0.0 ], [ 128.20550912500002, 2.203655038000079, 0.0 ], [ 128.205499631000151, 2.203611950000095, 0.0 ], [ 128.205480630000096, 2.203549709000185, 0.0 ], [ 128.205456860000112, 2.203506612000069, 0.0 ], [ 128.205385563000135, 2.203353390000188, 0.0 ], [ 128.205366572000088, 2.20327200100013, 0.0 ], [ 128.205357098, 2.203190616000029, 0.0 ], [ 128.205347624000154, 2.203109232000031, 0.0 ], [ 128.205319124000056, 2.203013476000137, 0.0 ], [ 128.205285860000316, 2.202927293000187, 0.0 ], [ 128.205281147000022, 2.202841124000088, 0.0 ], [ 128.205285953000271, 2.202750173000083, 0.0 ], [ 128.205285989000089, 2.202683155000045, 0.0 ], [ 128.205305046, 2.202640081000026, 0.0 ], [ 128.205319342000251, 2.202601793999974, 0.0 ], [ 128.205324139, 2.202529991000176, 0.0 ], [ 128.205333696, 2.202453404000323, 0.0 ], [ 128.205333732000099, 2.202386385000011, 0.0 ], [ 128.20531948100006, 2.202338508000082, 0.0 ], [ 128.205309998000075, 2.202276272000063, 0.0 ], [ 128.205300508000136, 2.202223609000042, 0.0 ], [ 128.205295775000167, 2.202175736000072, 0.0 ], [ 128.20528152000017, 2.202137433000019, 0.0 ], [ 128.205276796999982, 2.202070412000068, 0.0 ], [ 128.205267304999978, 2.202022537000119, 0.0 ], [ 128.205248309000012, 2.20195072100006, 0.0 ], [ 128.205219910000068, 2.201663485000096, 0.0 ], [ 128.205200972000057, 2.201481569000122, 0.0 ], [ 128.205186750000138, 2.201381034000065, 0.0 ], [ 128.205186783000045, 2.201318803000162, 0.0 ], [ 128.205182073000032, 2.201227847000097, 0.0 ], [ 128.205172601000271, 2.201141675999963, 0.0 ], [ 128.205139345, 2.201041131000068, 0.0 ], [ 128.205087065000129, 2.200921428000242, 0.0 ], [ 128.205091851, 2.200868772000149, 0.0 ], [ 128.205101386000024, 2.200835269000095, 0.0 ], [ 128.20514900900011, 2.200763489000053, 0.0 ], [ 128.205196642, 2.200672561000147, 0.0 ], [ 128.205225234000153, 2.200595985, 0.0 ], [ 128.205225262000084, 2.200543327000105, 0.0 ], [ 128.20521578300017, 2.20047151700004, 0.0 ], [ 128.205215829000167, 2.200385351000022, 0.0 ], [ 128.20519682699998, 2.200323110000113, 0.0 ], [ 128.205182593000217, 2.20024651000017, 0.0 ], [ 128.205206415999982, 2.200189078000051, 0.0 ], [ 128.20521119600005, 2.200145998000039, 0.0 ], [ 128.205215991000131, 2.20007898200015, 0.0 ], [ 128.205216024, 2.200016751000077, 0.0 ], [ 128.205206533999984, 2.199964088000058, 0.0 ], [ 128.205178016000076, 2.199901842000088, 0.0 ], [ 128.205068626000156, 2.199796469000318, 0.0 ], [ 128.205044861, 2.199743800000135, 0.0 ], [ 128.205040138000044, 2.199676778000082, 0.0 ], [ 128.205125844000094, 2.199576297000022, 0.0 ], [ 128.20518296200018, 2.199547606000067, 0.0 ], [ 128.205240100000083, 2.199480618000052, 0.0 ], [ 128.205268692000317, 2.19940404099998, 0.0 ], [ 128.2052639730002, 2.199327447000031, 0.0 ], [ 128.205240239000062, 2.199217332999979, 0.0 ], [ 128.205221241000089, 2.19915030500016, 0.0 ], [ 128.205197527000081, 2.199001894000049, 0.0 ], [ 128.205197559000112, 2.198939663000146, 0.0 ], [ 128.205211868000077, 2.198877439000114, 0.0 ], [ 128.205221423000097, 2.198805639000057, 0.0 ], [ 128.205221453000235, 2.198748195000064, 0.0 ], [ 128.205216724999985, 2.198690748000047, 0.0 ], [ 128.205202487000264, 2.198618936000115, 0.0 ], [ 128.205164440000061, 2.198580619000097, 0.0 ], [ 128.205107365000202, 2.198527931000172, 0.0 ], [ 128.205116903000317, 2.198489641000038, 0.0 ], [ 128.205193046000062, 2.198475320000171, 0.0 ], [ 128.205264425000081, 2.198475359000099, 0.0 ], [ 128.205402429000145, 2.198461071000111, 0.0 ], [ 128.205426252000024, 2.198403640000265, 0.0 ], [ 128.205335851000285, 2.198384444000112, 0.0 ], [ 128.20529303400005, 2.198365273000036, 0.0 ], [ 128.205283534000131, 2.198331759000098, 0.0 ], [ 128.205293080000018, 2.198279106000086, 0.0 ], [ 128.205335934000203, 2.198226471999987, 0.0 ], [ 128.205393069000223, 2.198164271999985, 0.0 ], [ 128.205450206999984, 2.198097284000141, 0.0 ], [ 128.205478793000083, 2.198030281, 0.0 ], [ 128.205493120999989, 2.197929762000115, 0.0 ], [ 128.205493155000227, 2.197867530000337, 0.0 ], [ 128.205512236000089, 2.197776586999964, 0.0 ], [ 128.205512266999989, 2.197719143000029, 0.0 ], [ 128.205517059000016, 2.197656915000038, 0.0 ], [ 128.205540891000055, 2.197580335000112, 0.0 ], [ 128.205588504000133, 2.197527704000095, 0.0 ], [ 128.205633867972978, 2.19751346930434, 0.0 ], [ 128.205673539674507, 2.197332843858361, 0.0 ], [ 128.205664760000076, 2.197302754000134, 0.0 ], [ 128.205655316000019, 2.19716392600003, 0.0 ], [ 128.20566962700002, 2.197096915999964, 0.0 ], [ 128.205681951528248, 2.197051548845478, 0.0 ], [ 128.205683930000049, 2.197044266000034, 0.0 ], [ 128.205698294000058, 2.196876728000063, 0.0 ], [ 128.205736388000076, 2.196828878000189, 0.0 ], [ 128.205791008139244, 2.19679800889736, 0.0 ], [ 128.205812547000136, 2.196785836000174, 0.0 ], [ 128.205845884000126, 2.196733197000185, 0.0 ], [ 128.205850676000153, 2.196670968000262, 0.0 ], [ 128.205884028000099, 2.196589606000089, 0.0 ], [ 128.20589834900008, 2.196503448000101, 0.0 ], [ 128.205898392000194, 2.196422069, 0.0 ], [ 128.205898438000048, 2.196335902000044, 0.0 ], [ 128.205899771128287, 2.196302809401175, 0.0 ], [ 128.205903259, 2.196216229000015, 0.0 ], [ 128.205931855999978, 2.196130079000171, 0.0 ], [ 128.205946151, 2.196091790000139, 0.0 ], [ 128.20594648949313, 2.19609120255393, 0.0 ], [ 128.205998543000049, 2.196000865000315, 0.0 ], [ 128.206031898000106, 2.195914716000061, 0.0 ], [ 128.206046203000113, 2.195857280000098, 0.0 ], [ 128.206074810999979, 2.195751981000171, 0.0 ], [ 128.206127242000179, 2.195584464000092, 0.0 ], [ 128.206117527085411, 2.195535461587099, 0.0 ], [ 128.206108259000047, 2.195488713000032, 0.0 ], [ 128.206055943, 2.195436028000016, 0.0 ], [ 128.206055960171369, 2.195403862881847, 0.0 ], [ 128.20605598900022, 2.195349861000125, 0.0 ], [ 128.206075053000035, 2.195292428000073, 0.0 ], [ 128.206151227000078, 2.1952206630001, 0.0 ], [ 128.206175042000012, 2.195177593000039, 0.0 ], [ 128.206203626000018, 2.195115377000093, 0.0 ], [ 128.206270311, 2.194990949999977, 0.0 ], [ 128.206322672000141, 2.194957469000144, 0.0 ], [ 128.206332709971292, 2.194949903885061, 0.0 ], [ 128.206360756000066, 2.194928767000078, 0.0 ], [ 128.206475033000032, 2.19479000500013, 0.0 ], [ 128.206508403000157, 2.194675134000135, 0.0 ], [ 128.206443323232605, 2.19468445078553, 0.0 ], [ 128.206441778000112, 2.194684672000051, 0.0 ], [ 128.20647036800014, 2.194612882000172, 0.0 ], [ 128.206492621166007, 2.194603568352704, 0.0 ], [ 128.20652748200007, 2.194588978000298, 0.0 ], [ 128.206584601, 2.194555499000102, 0.0 ], [ 128.206646496000275, 2.194493301000136, 0.0 ], [ 128.206689352000097, 2.194435880000071, 0.0 ], [ 128.206727435000175, 2.194407178000177, 0.0 ], [ 128.206817910000126, 2.194287551000116, 0.0 ], [ 128.206865520000179, 2.194239706000189, 0.0 ], [ 128.20692267299998, 2.194143996000093, 0.0 ], [ 128.206936968, 2.194105708000109, 0.0 ], [ 128.206994160999983, 2.193933406000042, 0.0 ], [ 128.207027509000085, 2.193861617999971, 0.0 ], [ 128.207037063, 2.193789818000084, 0.0 ], [ 128.207039845993535, 2.19374540261066, 0.0 ], [ 128.207041862000182, 2.193713228000148, 0.0 ], [ 128.207041877000023, 2.193684507000171, 0.0 ], [ 128.207094231000127, 2.193665386000077, 0.0 ], [ 128.207127058124087, 2.193662401545281, 0.0 ], [ 128.207146577000202, 2.193660627000156, 0.0 ], [ 128.207260809000076, 2.193608031000053, 0.0 ], [ 128.207322677000178, 2.19359370300009, 0.0 ], [ 128.20741787200015, 2.19354588300007, 0.0 ], [ 128.207508304000015, 2.193507635000117, 0.0 ], [ 128.207593994, 2.19343587600008, 0.0 ], [ 128.207655890000154, 2.193368890000044, 0.0 ], [ 128.2077034980002, 2.193325833000131, 0.0 ], [ 128.207755872000092, 2.19326841600008, 0.0 ], [ 128.207851062000117, 2.193230171000039, 0.0 ], [ 128.20790817200006, 2.19321584, 0.0 ], [ 128.207951018000216, 2.193177567000134, 0.0 ], [ 128.207998626000034, 2.193134509000118, 0.0 ], [ 128.208050995000121, 2.193086667000102, 0.0 ], [ 128.208060535000158, 2.19304358900024, 0.0 ], [ 128.208089108000053, 2.193000521000045, 0.0 ], [ 128.208127178000012, 2.192995754000094, 0.0 ], [ 128.208184283000236, 2.192990997000151, 0.0 ], [ 128.208298490000061, 2.192986271000109, 0.0 ], [ 128.20836511100012, 2.192981519000056, 0.0 ], [ 128.20839845600014, 2.192914519000055, 0.0 ], [ 128.208450832000011, 2.192852315000038, 0.0 ], [ 128.208479413000163, 2.192794886000172, 0.0 ], [ 128.2085032210002, 2.19276617700001, 0.0 ], [ 128.20860316400001, 2.19273750800005, 0.0 ], [ 128.208665012000182, 2.192761476000101, 0.0 ], [ 128.208726866, 2.192775870000049, 0.0 ], [ 128.20882205000018, 2.192747199000053, 0.0 ], [ 128.208902958000181, 2.192723307000051, 0.0 ], [ 128.208993392, 2.192680271000199, 0.0 ], [ 128.209102855000083, 2.19264682, 0.0 ], [ 128.20910762600019, 2.192622888000188, 0.0 ], [ 128.209131445999986, 2.192570243000147, 0.0 ], [ 128.209179041000169, 2.192551121000179, 0.0 ], [ 128.209240909000272, 2.192536793000045, 0.0 ], [ 128.209298018999988, 2.192522462, 0.0 ], [ 128.209388430000331, 2.19252251, 0.0 ], [ 128.209416981000118, 2.192522525000129, 0.0 ], [ 128.209469337000172, 2.19249861700007, 0.0 ], [ 128.209531226000053, 2.192445994000081, 0.0 ], [ 128.209569308, 2.192417292000016, 0.0 ], [ 128.20963116900009, 2.192417324000019, 0.0 ], [ 128.209716807000035, 2.192446092000126, 0.0 ], [ 128.20976915300011, 2.192441332000044, 0.0 ], [ 128.209807248000146, 2.192388695000034, 0.0 ], [ 128.209821547000018, 2.192345620000139, 0.0 ], [ 128.209921486000184, 2.192326525000055, 0.0 ], [ 128.20994052, 2.192326535000063, 0.0 ], [ 128.210059477000158, 2.192336172000069, 0.0 ], [ 128.210149890999986, 2.192331433000106, 0.0 ], [ 128.210221291000011, 2.192288387000133, 0.0 ], [ 128.210306969000044, 2.192240563000042, 0.0 ], [ 128.210373605000058, 2.192207090000069, 0.0 ], [ 128.210440237000029, 2.192183189000104, 0.0 ], [ 128.210502105000018, 2.19216886099997, 0.0 ], [ 128.210554454000174, 2.192159315000083, 0.0 ], [ 128.210597280000314, 2.192159337000078, 0.0 ], [ 128.210666730853035, 2.192157948096337, 0.0 ], [ 128.210830448999985, 2.192154674000165, 0.0 ], [ 128.210916093, 2.192173868000111, 0.0 ], [ 128.210992224000137, 2.192183482000019, 0.0 ], [ 128.211049313000188, 2.19220744800009, 0.0 ], [ 128.211093263855787, 2.192230885340677, 0.0 ], [ 128.211095383186915, 2.191943037539772, 0.0 ], [ 128.211096067352372, 2.19063579735257, 0.0 ], [ 128.215119148092725, 2.190637922145527, 0.0 ], [ 128.215145772438831, 2.185190810606457, 0.0 ], [ 128.220974945071788, 2.185145991996478, 0.0 ], [ 128.220966793952329, 2.185442935017762, 0.0 ], [ 128.220904626081705, 2.190648799943232, 0.0 ], [ 128.216520757841039, 2.190638659855153, 0.0 ], [ 128.216470458140975, 2.195856492455277, 0.0 ], [ 128.213429815616223, 2.195825188699076, 0.0 ], [ 128.213096431487855, 2.19582663335666, 0.0 ], [ 128.213183925000038, 2.195952029000182, 0.0 ], [ 128.213259990000182, 2.196086106, 0.0 ], [ 128.213345517000079, 2.196330290000162, 0.0 ], [ 128.21339776000022, 2.196521798000163, 0.0 ], [ 128.21344525200027, 2.196698943000172, 0.0 ], [ 128.213516547000012, 2.196856952000359, 0.0 ], [ 128.213564070000189, 2.196976653000036, 0.0 ], [ 128.213625823, 2.197182528000156, 0.0 ], [ 128.213692317000181, 2.197421914000017, 0.0 ], [ 128.213730272999982, 2.197637350000093, 0.0 ], [ 128.213830081000083, 2.197867181000049, 0.0 ], [ 128.213882345000087, 2.198020393000092, 0.0 ], [ 128.214005984000096, 2.198178430000099, 0.0 ], [ 128.214077300000213, 2.198298143000159, 0.0 ], [ 128.214077197000023, 2.198494411000069, 0.0 ], [ 128.214043831999987, 2.198599708000131, 0.0 ], [ 128.214019949000061, 2.198772028, 0.0 ], [ 128.213977057000278, 2.198896467999987, 0.0 ], [ 128.213924639000055, 2.199040051000054, 0.0 ], [ 128.213886480000014, 2.199212364000062, 0.0 ], [ 128.2138673930001, 2.199312881000082, 0.0 ], [ 128.213810256000102, 2.199379869000154, 0.0 ], [ 128.213757879000099, 2.199442072000011, 0.0 ], [ 128.21367692900003, 2.199547344000053, 0.0 ], [ 128.213567393000147, 2.199719619000177, 0.0 ], [ 128.213510226000153, 2.199844051000354, 0.0 ], [ 128.213495852000023, 2.200030736999963, 0.0 ], [ 128.21354335, 2.200198308999973, 0.0 ], [ 128.21361461, 2.200423336000028, 0.0 ], [ 128.213709712000053, 2.200552636000111, 0.0 ], [ 128.213784603932567, 2.200669967919396, 0.0 ], [ 128.213795296000029, 2.200686719000088, 0.0 ], [ 128.213845639663049, 2.200742363817199, 0.0 ], [ 128.213904143684744, 2.200807028272834, 0.0 ], [ 128.214523068492326, 2.200810650847984, 0.0 ], [ 128.220888396247886, 2.200930701108746, 0.0 ], [ 128.221918470247687, 2.20096762751109, 0.0 ], [ 128.221849603334448, 2.206621887776976, 0.0 ], [ 128.220439124715853, 2.209032996879216, 0.0 ], [ 128.220254186830857, 2.21643296692821, 0.0 ], [ 128.211120526584381, 2.216332977103605, 0.0 ], [ 128.211188084634017, 2.210329983647853, 0.0 ], [ 128.213011628985413, 2.20785145201512, 0.0 ] ], [ [ 128.209504617000078, 2.215824577999967, 0.0 ], [ 128.209468868000016, 2.215938249999965, 0.0 ], [ 128.209284486000087, 2.215914216000101, 0.0 ], [ 128.209153657000201, 2.215854309000065, 0.0 ], [ 128.208915817000019, 2.215686635000054, 0.0 ], [ 128.208802871000074, 2.215554932000089, 0.0 ], [ 128.208731547000042, 2.215453169000057, 0.0 ], [ 128.208672121000149, 2.215345429000024, 0.0 ], [ 128.208588897, 2.21524964400004, 0.0 ], [ 128.208458068000112, 2.215189737000117, 0.0 ], [ 128.208362913000059, 2.21515976700033, 0.0 ], [ 128.208291556000148, 2.21511784100005, 0.0 ], [ 128.208214258000197, 2.2150639460001, 0.0 ], [ 128.208136989000053, 2.214956197000163, 0.0 ], [ 128.208083499000281, 2.214872396000089, 0.0 ], [ 128.20805379600003, 2.21480057399998, 0.0 ], [ 128.208041915000052, 2.214770649000115, 0.0 ], [ 128.208012228, 2.214668909000011, 0.0 ], [ 128.208006322000074, 2.214591116000065, 0.0 ], [ 128.208000414999987, 2.214513324000222, 0.0 ], [ 128.208000472000066, 2.214405617000068, 0.0 ], [ 128.208000517000187, 2.214321843999983, 0.0 ], [ 128.208000571000156, 2.214220120000106, 0.0 ], [ 128.207988722000181, 2.214130357000045, 0.0 ], [ 128.207994718000094, 2.214040604, 0.0 ], [ 128.208042341000095, 2.213968824000119, 0.0 ], [ 128.208113767000071, 2.213879106000149, 0.0 ], [ 128.208232729000173, 2.213885153000035, 0.0 ], [ 128.208282816308355, 2.213885179840759, 0.0 ], [ 128.208327900000171, 2.213885204000121, 0.0 ], [ 128.208434942000139, 2.213933131999965, 0.0 ], [ 128.208547929, 2.213987047000102, 0.0 ], [ 128.208623989280198, 2.214006218731128, 0.0 ], [ 128.208643089, 2.214011033000134, 0.0 ], [ 128.208839348000168, 2.214070976000017, 0.0 ], [ 128.208946374000192, 2.214148823000357, 0.0 ], [ 128.209071239000053, 2.214238646000069, 0.0 ], [ 128.209178231000095, 2.214382314000204, 0.0 ], [ 128.209219817000161, 2.214478077000023, 0.0 ], [ 128.209297062, 2.214633696000021, 0.0 ], [ 128.209338626000061, 2.214771345000145, 0.0 ], [ 128.209356388000145, 2.214926932000139, 0.0 ], [ 128.209302835999978, 2.214962806000073, 0.0 ], [ 128.209231447000064, 2.214980719999971, 0.0 ], [ 128.20917787200014, 2.215058480000039, 0.0 ], [ 128.209172952288412, 2.215084798466194, 0.0 ], [ 128.209159976999985, 2.215154211000026, 0.0 ], [ 128.209171794000184, 2.215303811000354, 0.0 ], [ 128.209206932332194, 2.215362796128773, 0.0 ], [ 128.209260938000028, 2.215453453000293, 0.0 ], [ 128.209385745000048, 2.215650985000082, 0.0 ], [ 128.209504617000078, 2.215824577999967, 0.0 ] ], [ [ 128.216059510925305, 2.182029305649962, 0.0 ], [ 128.216080489631366, 2.172804366981381, 0.0 ], [ 128.217080199514811, 2.17282329980219, 0.0 ], [ 128.217530679417763, 2.172835298592076, 0.0 ], [ 128.217535686000105, 2.172780222000085, 0.0 ], [ 128.21755356100013, 2.17272039300002, 0.0 ], [ 128.217589283000024, 2.17265458999998, 0.0 ], [ 128.217607151000124, 2.172606729000051, 0.0 ], [ 128.217607188000187, 2.172534924000047, 0.0 ], [ 128.217577485000078, 2.172463103000041, 0.0 ], [ 128.217589427000206, 2.172373351999966, 0.0 ], [ 128.217601324000015, 2.172373358000186, 0.0 ], [ 128.217613237999984, 2.17233746200003, 0.0 ], [ 128.217631104, 2.172295585000029, 0.0 ], [ 128.217666808000303, 2.172265684000138, 0.0 ], [ 128.217708469000144, 2.172217836000073, 0.0 ], [ 128.217708484000013, 2.172187917000031, 0.0 ], [ 128.217714463000107, 2.172128083000018, 0.0 ], [ 128.217738277000052, 2.172086209000099, 0.0 ], [ 128.217756130000083, 2.172068266000167, 0.0 ], [ 128.217768042000188, 2.172038354000165, 0.0 ], [ 128.217768051000121, 2.172020402000101, 0.0 ], [ 128.217779959000012, 2.171996473000149, 0.0 ], [ 128.217809721000208, 2.171954601999971, 0.0 ], [ 128.217833528000114, 2.17192469600019, 0.0 ], [ 128.217857339, 2.171888806000026, 0.0 ], [ 128.217875199000076, 2.17185889600006, 0.0 ], [ 128.217898997000106, 2.171846940000137, 0.0 ], [ 128.217910908999983, 2.171817028000134, 0.0 ], [ 128.217940661000142, 2.171793108000145, 0.0 ], [ 128.217964472000034, 2.171757217999982, 0.0 ], [ 128.217994234000088, 2.171715346999974, 0.0 ], [ 128.218029944000023, 2.171673479000105, 0.0 ], [ 128.218047797000139, 2.171655537, 0.0 ], [ 128.218059711999985, 2.171619640000131, 0.0 ], [ 128.218083544, 2.171541863000015, 0.0 ], [ 128.218125205000177, 2.171494015000178, 0.0 ], [ 128.218244225, 2.171380384999963, 0.0 ], [ 128.218333467000207, 2.171338545000253, 0.0 ], [ 128.218398908000125, 2.171314643000073, 0.0 ], [ 128.218440559000072, 2.17128474599997, 0.0 ], [ 128.218529780000125, 2.171284792000165, 0.0 ], [ 128.218565460000036, 2.171302762000038, 0.0 ], [ 128.218595194000017, 2.171314746000178, 0.0 ], [ 128.2187082, 2.1713267720001, 0.0 ], [ 128.218732018000168, 2.171278914000197, 0.0 ], [ 128.218732027000073, 2.171260963000066, 0.0 ], [ 128.218785599000029, 2.17118320100019, 0.0 ], [ 128.218856954000188, 2.171225125000091, 0.0 ], [ 128.218886682000033, 2.171249075000162, 0.0 ], [ 128.218946160000286, 2.171255089999989, 0.0 ], [ 128.218999692000097, 2.171255118000033, 0.0 ], [ 128.219195960000178, 2.171291122000127, 0.0 ], [ 128.219267333000147, 2.171297143, 0.0 ], [ 128.219540947000013, 2.171291301000053, 0.0 ], [ 128.219594470000146, 2.171309281000163, 0.0 ], [ 128.219677734000101, 2.171327275000011, 0.0 ], [ 128.219772903, 2.171327325000049, 0.0 ], [ 128.219868066000203, 2.171339341000134, 0.0 ], [ 128.220046477000068, 2.171399272000031, 0.0 ], [ 128.220254119298829, 2.171470720680589, 0.0 ], [ 128.22029030500002, 2.17148317200008, 0.0 ], [ 128.220462773000122, 2.171531132000098, 0.0 ], [ 128.220611446999982, 2.171585063000066, 0.0 ], [ 128.220772030000035, 2.171615065000026, 0.0 ], [ 128.220908802000139, 2.171680958000082, 0.0 ], [ 128.221093136000121, 2.171788761000016, 0.0 ], [ 128.2211585310001, 2.171854617000121, 0.0 ], [ 128.22118229900002, 2.171902500000101, 0.0 ], [ 128.221182262000042, 2.171974305000106, 0.0 ], [ 128.221170335000011, 2.172034137000253, 0.0 ], [ 128.22106324600017, 2.172081952000041, 0.0 ], [ 128.220837152000058, 2.17221347800006, 0.0 ], [ 128.220593247000124, 2.172279173000106, 0.0 ], [ 128.220432622000175, 2.172332944, 0.0 ], [ 128.220301734000032, 2.172392714000182, 0.0 ], [ 128.21996263600019, 2.172506230000124, 0.0 ], [ 128.219848132679971, 2.172576085424339, 0.0 ], [ 128.219796038000112, 2.172607867000124, 0.0 ], [ 128.219581821999981, 2.172775302000048, 0.0 ], [ 128.219450924000142, 2.172853024000062, 0.0 ], [ 128.219439179650948, 2.172860660285608, 0.0 ], [ 128.220097681315536, 2.172880441812594, 0.0 ], [ 128.225335185675902, 2.172979610052437, 0.0 ], [ 128.225214828772295, 2.18201506618351, 0.0 ], [ 128.216059510925305, 2.182029305649962, 0.0 ] ], [ [ 128.217841870894603, 2.1705451303269, 0.0 ], [ 128.21784666914138, 2.161189322740825, 0.0 ], [ 128.227134440759528, 2.161239170457577, 0.0 ], [ 128.227168408657548, 2.170587034344408, 0.0 ], [ 128.226846647816473, 2.170595157515379, 0.0 ], [ 128.217841870894603, 2.1705451303269, 0.0 ] ], [ [ 128.210758374567348, 2.16437031859158, 0.0 ], [ 128.210744930175764, 2.167362200164121, 0.0 ], [ 128.208609210043477, 2.167361079277271, 0.0 ], [ 128.208371925165011, 2.167360954556557, 0.0 ], [ 128.208382727870202, 2.164349865557256, 0.0 ], [ 128.210758374567348, 2.16437031859158, 0.0 ] ], [ [ 128.219109625451068, 2.160043688066764, 0.0 ], [ 128.219221201129329, 2.151662128959572, 0.0 ], [ 128.219231873337861, 2.150860363018979, 0.0 ], [ 128.228439329064798, 2.150912943143453, 0.0 ], [ 128.228410812657984, 2.160295532128487, 0.0 ], [ 128.227451148491241, 2.160259280688763, 0.0 ], [ 128.219109625451068, 2.160043688066764, 0.0 ] ], [ [ 128.212560880959103, 2.148879655478084, 0.0 ], [ 128.212405934313978, 2.157575278865635, 0.0 ], [ 128.204706970742194, 2.157519957335353, 0.0 ], [ 128.2047847470661, 2.148822386355675, 0.0 ], [ 128.212560880959103, 2.148879655478084, 0.0 ] ], [ [ 128.224224492000047, 2.140668652000045, 0.0 ], [ 128.224200722000063, 2.140626753000049, 0.0 ], [ 128.224099640000048, 2.14056088000001, 0.0 ], [ 128.224034213000181, 2.140560847000131, 0.0 ], [ 128.223962828000225, 2.140578760999972, 0.0 ], [ 128.223891453000277, 2.140578725000183, 0.0 ], [ 128.223843869000092, 2.140578701000152, 0.0 ], [ 128.223784369000299, 2.140620557000091, 0.0 ], [ 128.223665401000034, 2.140638448000061, 0.0 ], [ 128.223519752532042, 2.140626805818613, 0.0 ], [ 128.22343938800006, 2.140620382000122, 0.0 ], [ 128.223356128000177, 2.140596404000121, 0.0 ], [ 128.223302619, 2.14055449, 0.0 ], [ 128.223171821000022, 2.140440731000127, 0.0 ], [ 128.223100497, 2.140338970000129, 0.0 ], [ 128.22302323100007, 2.140225239000074, 0.0 ], [ 128.222969741000043, 2.140141439000047, 0.0 ], [ 128.222910301000297, 2.140063618999988, 0.0 ], [ 128.222844910000134, 2.139991780000173, 0.0 ], [ 128.222837559113231, 2.139978205960688, 0.0 ], [ 128.222809255000101, 2.139925940000239, 0.0 ], [ 128.222726024000025, 2.139848109000126, 0.0 ], [ 128.222700126835633, 2.139827617203593, 0.0 ], [ 128.222688238893483, 2.139818210563476, 0.0 ], [ 128.222642785000033, 2.139782244000059, 0.0 ], [ 128.222529811000072, 2.1397103810001, 0.0 ], [ 128.222476288000024, 2.139692403000026, 0.0 ], [ 128.222387085, 2.13966243800013, 0.0 ], [ 128.222264099361581, 2.139685939362379, 0.0 ], [ 128.22226216500016, 2.139686309000069, 0.0 ], [ 128.222149110000146, 2.139776008000069, 0.0 ], [ 128.222071774000142, 2.139799904000142, 0.0 ], [ 128.222024191000145, 2.139799880000112, 0.0 ], [ 128.221952816000197, 2.139799844000095, 0.0 ], [ 128.221845792000067, 2.13972199900013, 0.0 ], [ 128.221744719000156, 2.139638175000129, 0.0 ], [ 128.221715030000013, 2.139536435000081, 0.0 ], [ 128.221643734000025, 2.139380820000099, 0.0 ], [ 128.221600057255131, 2.139276316354369, 0.0 ], [ 128.22159620700026, 2.139267104000112, 0.0 ], [ 128.221542736000032, 2.139147401000059, 0.0 ], [ 128.221536834000034, 2.139057639999976, 0.0 ], [ 128.221435788000093, 2.138919962000158, 0.0 ], [ 128.221364467000143, 2.138812217, 0.0 ], [ 128.221328852000255, 2.138668588000145, 0.0 ], [ 128.221358682000044, 2.138489089000131, 0.0 ], [ 128.221418237000279, 2.138339525000163, 0.0 ], [ 128.221477786000037, 2.138201928000057, 0.0 ], [ 128.221543249000177, 2.138130156000159, 0.0 ], [ 128.221596823000027, 2.138046410000186, 0.0 ], [ 128.22166872836624, 2.137999654594409, 0.0 ], [ 128.221697971, 2.137980640000023, 0.0 ], [ 128.221763410000193, 2.137956738000014, 0.0 ], [ 128.221793162000125, 2.137932818000024, 0.0 ], [ 128.22181103300008, 2.137878973000057, 0.0 ], [ 128.221828918999989, 2.137795209000046, 0.0 ], [ 128.221817068000149, 2.137705446000041, 0.0 ], [ 128.221803991204496, 2.137656483144383, 0.0 ], [ 128.221775511, 2.137549846000127, 0.0 ], [ 128.22169831100004, 2.13730447200004, 0.0 ], [ 128.221658338740525, 2.137211851331585, 0.0 ], [ 128.221638902000194, 2.137166814000011, 0.0 ], [ 128.221561681000111, 2.136963325000181, 0.0 ], [ 128.221520111, 2.136831661000087, 0.0 ], [ 128.221472619000195, 2.1366521220001, 0.0 ], [ 128.221448880999986, 2.136544402000026, 0.0 ], [ 128.221407291000077, 2.136454624000066, 0.0 ], [ 128.221383541000137, 2.136370839000165, 0.0 ], [ 128.22137762600002, 2.136305014000129, 0.0 ], [ 128.221359819000071, 2.136233199000173, 0.0 ], [ 128.221383653000089, 2.136149438000075, 0.0 ], [ 128.221395591000032, 2.136065672000029, 0.0 ], [ 128.221371872000049, 2.135922048000054, 0.0 ], [ 128.221318340000124, 2.135922021000169, 0.0 ], [ 128.221205345000271, 2.135892045000161, 0.0 ], [ 128.221104251000014, 2.135850107000067, 0.0 ], [ 128.221032918000077, 2.135766297000088, 0.0 ], [ 128.221015117000178, 2.135682515000042, 0.0 ], [ 128.221080577000038, 2.135616726000023, 0.0 ], [ 128.221140071000036, 2.135586837000119, 0.0 ], [ 128.221271079549268, 2.135582785660233, 0.0 ], [ 128.221330407000295, 2.13558095100018, 0.0 ], [ 128.221419608, 2.135616899000127, 0.0 ], [ 128.221473179000071, 2.13553913700008, 0.0 ], [ 128.221473224000164, 2.135449380000067, 0.0 ], [ 128.221497051999989, 2.13537758700005, 0.0 ], [ 128.22153875300009, 2.135245965000024, 0.0 ], [ 128.221550716, 2.13511432700011, 0.0 ], [ 128.221574537000237, 2.135054501000127, 0.0 ], [ 128.221586467000037, 2.134988686000099, 0.0 ], [ 128.221586508000058, 2.134904912000139, 0.0 ], [ 128.221586557, 2.134809172000189, 0.0 ], [ 128.221598489000115, 2.134737372000132, 0.0 ], [ 128.221640164000036, 2.134659604000091, 0.0 ], [ 128.221669921000142, 2.13462371700001, 0.0 ], [ 128.221711596000176, 2.134545948999971, 0.0 ], [ 128.2217294820002, 2.134462184000085, 0.0 ], [ 128.221729506000059, 2.134414314000025, 0.0 ], [ 128.221670032999981, 2.134402316000092, 0.0 ], [ 128.221580832000171, 2.134366368000144, 0.0 ], [ 128.221509478000115, 2.134324445000118, 0.0 ], [ 128.221506298452795, 2.134320816127286, 0.0 ], [ 128.221420310000184, 2.134222676000149, 0.0 ], [ 128.221360873000179, 2.134138871000061, 0.0 ], [ 128.221331184000263, 2.13403713200006, 0.0 ], [ 128.221331211000233, 2.133983278000074, 0.0 ], [ 128.221349094000146, 2.133905498000046, 0.0 ], [ 128.221366957000299, 2.133869604000268, 0.0 ], [ 128.221396768000091, 2.13372600800011, 0.0 ], [ 128.221361099000177, 2.133690087000048, 0.0 ], [ 128.221313568999989, 2.133582355000044, 0.0 ], [ 128.221254151000011, 2.13346264900008, 0.0 ], [ 128.221277994000133, 2.133360936000088, 0.0 ], [ 128.221248278000161, 2.133313051000131, 0.0 ], [ 128.221176921000023, 2.133277111000154, 0.0 ], [ 128.221135295000153, 2.133259139000074, 0.0 ], [ 128.221117472000032, 2.133217243, 0.0 ], [ 128.221194828000051, 2.133151461000068, 0.0 ], [ 128.221260297000043, 2.133067721000089, 0.0 ], [ 128.221284122000128, 2.133001912000054, 0.0 ], [ 128.221290100000118, 2.132942077000167, 0.0 ], [ 128.221266330000049, 2.132900179000046, 0.0 ], [ 128.221165230000111, 2.132870208000156, 0.0 ], [ 128.22102844700018, 2.132834236, 0.0 ], [ 128.221046311000123, 2.132792358000132, 0.0 ], [ 128.221070117000039, 2.13276245100002, 0.0 ], [ 128.221093918000037, 2.132744512000044, 0.0 ], [ 128.221248594, 2.132684752000102, 0.0 ], [ 128.221308106, 2.132618961000049, 0.0 ], [ 128.221355744000192, 2.132511277000049, 0.0 ], [ 128.221367682000135, 2.132427510000128, 0.0 ], [ 128.221367733000051, 2.132325785000148, 0.0 ], [ 128.221320222000116, 2.132182150000062, 0.0 ], [ 128.221225100000083, 2.132092344000284, 0.0 ], [ 128.221195442000038, 2.131930767000141, 0.0 ], [ 128.221195496000036, 2.131823059000113, 0.0 ], [ 128.221201495000173, 2.131721337000045, 0.0 ], [ 128.221278910999985, 2.131535879000182, 0.0 ], [ 128.221391988000022, 2.131404293000116, 0.0 ], [ 128.221409853000154, 2.131362416000115, 0.0 ], [ 128.221427741000042, 2.131272668000122, 0.0 ], [ 128.221421865000224, 2.131129054000325, 0.0 ], [ 128.221380251, 2.131087146000084, 0.0 ], [ 128.221380316999984, 2.130955502000177, 0.0 ], [ 128.221433891000174, 2.130871757000079, 0.0 ], [ 128.221481512000054, 2.130793991000246, 0.0 ], [ 128.221612436000072, 2.130656431000034, 0.0 ], [ 128.221636308000114, 2.130494881000175, 0.0 ], [ 128.221648270000031, 2.130363243000147, 0.0 ], [ 128.221672128000108, 2.13023161200033, 0.0 ], [ 128.221672200000029, 2.130088001000104, 0.0 ], [ 128.221648460000068, 2.129986264000081, 0.0 ], [ 128.221595001000168, 2.12984262600014, 0.0 ], [ 128.221577215999986, 2.129722941000069, 0.0 ], [ 128.221565357, 2.129651129000024, 0.0 ], [ 128.221559541000147, 2.12938783900006, 0.0 ], [ 128.221648886000111, 2.129136565000067, 0.0 ], [ 128.221708434000107, 2.128998968000133, 0.0 ], [ 128.221779786947621, 2.128860699838243, 0.0 ], [ 128.221763056658773, 2.121933891757521, 0.0 ], [ 128.222494474114086, 2.121929802078171, 0.0 ], [ 128.222482788000178, 2.12183141100013, 0.0 ], [ 128.222449557000203, 2.121678209000037, 0.0 ], [ 128.222487704000031, 2.121515469000087, 0.0 ], [ 128.222559156000074, 2.121362320000117, 0.0 ], [ 128.2225306790003, 2.121213908000072, 0.0 ], [ 128.222426078000126, 2.121051095000041, 0.0 ], [ 128.222321463000043, 2.120917005000138, 0.0 ], [ 128.222254955000011, 2.120701555000096, 0.0 ], [ 128.222307351000126, 2.120591480000087, 0.0 ], [ 128.222316920000111, 2.120486169, 0.0 ], [ 128.222316992000145, 2.120342558000118, 0.0 ], [ 128.222240897000091, 2.120265927000105, 0.0 ], [ 128.222179075000184, 2.12019409100003, 0.0 ], [ 128.222155360000073, 2.120040893000124, 0.0 ], [ 128.222126836000029, 2.119988222000132, 0.0 ], [ 128.22213167400011, 2.11983025100011, 0.0 ], [ 128.222160304000084, 2.119667507000145, 0.0 ], [ 128.222222210000126, 2.119571798000095, 0.0 ], [ 128.222236533000114, 2.119476064000025, 0.0 ], [ 128.22232223, 2.119380366000087, 0.0 ], [ 128.222379346, 2.119346886000188, 0.0 ], [ 128.222469785000243, 2.11928469999998, 0.0 ], [ 128.222531724000163, 2.119121972000016, 0.0 ], [ 128.222584141000283, 2.118968813000038, 0.0 ], [ 128.222598492000202, 2.118815634999975, 0.0 ], [ 128.22260330800006, 2.118700749000084, 0.0 ], [ 128.222627135000153, 2.118628956000066, 0.0 ], [ 128.222669986, 2.118576319000113, 0.0 ], [ 128.222746159000025, 2.118494978, 0.0 ], [ 128.22278425600004, 2.118432766000012, 0.0 ], [ 128.222827119000016, 2.11835619500016, 0.0 ], [ 128.222855706999979, 2.118279617000042, 0.0 ], [ 128.222860509000242, 2.118193453, 0.0 ], [ 128.222870144000098, 2.117954105000138, 0.0 ], [ 128.222870210000082, 2.117820069000231, 0.0 ], [ 128.222870265000182, 2.117709966000064, 0.0 ], [ 128.22289891, 2.117518500000074, 0.0 ], [ 128.222927522000049, 2.117394051000132, 0.0 ], [ 128.223027556000119, 2.117173898000147, 0.0 ], [ 128.223070402000161, 2.117130835000012, 0.0 ], [ 128.223114896395799, 2.117092693495692, 0.0 ], [ 128.223232253000106, 2.116992093000078, 0.0 ], [ 128.223356009000071, 2.116910776000054, 0.0 ], [ 128.223427397000108, 2.116882089000228, 0.0 ], [ 128.223598739000039, 2.116796009000041, 0.0 ], [ 128.223808124000215, 2.116753031000031, 0.0 ], [ 128.223979446000016, 2.11670524699997, 0.0 ], [ 128.224126963000089, 2.116686173, 0.0 ], [ 128.224303031000062, 2.116662326000097, 0.0 ], [ 128.224545703000075, 2.116662448999989, 0.0 ], [ 128.224640868000023, 2.116662496000117, 0.0 ], [ 128.224850250000117, 2.116629093000086, 0.0 ], [ 128.224969228000077, 2.116586069000107, 0.0 ], [ 128.225045406000135, 2.116495153000187, 0.0 ], [ 128.225136594610007, 2.116345202313994, 0.0 ], [ 128.225202558000177, 2.116236732000061, 0.0 ], [ 128.225321570000204, 2.116126689999987, 0.0 ], [ 128.225412032000122, 2.116016634000119, 0.0 ], [ 128.225559584000024, 2.115925754000045, 0.0 ], [ 128.225688083000136, 2.115873160000149, 0.0 ], [ 128.225726003868999, 2.115872497834346, 0.0 ], [ 128.225954550000182, 2.115868507000016, 0.0 ], [ 128.236260479198421, 2.11568419140508, 0.0 ], [ 128.23625231393882, 2.116026612983261, 0.0 ], [ 128.236176679475506, 2.124715077608016, 0.0 ], [ 128.228030942236245, 2.124794219401224, 0.0 ], [ 128.22801478403332, 2.128368018582251, 0.0 ], [ 128.228016304632291, 2.128893017581049, 0.0 ], [ 128.228042990000148, 2.128918398000053, 0.0 ], [ 128.228167849000073, 2.129014202000122, 0.0 ], [ 128.228316505000151, 2.129098050000152, 0.0 ], [ 128.228494859000165, 2.129265686000167, 0.0 ], [ 128.228607827000133, 2.129349517000094, 0.0 ], [ 128.228774342000037, 2.129403454, 0.0 ], [ 128.228940863000162, 2.129445425000029, 0.0 ], [ 128.229006257, 2.129511279000325, 0.0 ], [ 128.229202475000051, 2.129637038000169, 0.0 ], [ 128.229238154000058, 2.129655007000338, 0.0 ], [ 128.229291649000032, 2.129726841000035, 0.0 ], [ 128.229362992000091, 2.129792698000074, 0.0 ], [ 128.229434295000232, 2.129936345000147, 0.0 ], [ 128.229499668999978, 2.130044086000112, 0.0 ], [ 128.229594830000082, 2.130056102000196, 0.0 ], [ 128.229684053999989, 2.130044179000038, 0.0 ], [ 128.229797065000042, 2.130044236000117, 0.0 ], [ 128.229945751000145, 2.130068246000121, 0.0 ], [ 128.230064679000037, 2.130128144000139, 0.0 ], [ 128.230248996000086, 2.130265864000136, 0.0 ], [ 128.230314376, 2.130361638000067, 0.0 ], [ 128.230350027000185, 2.130433461000052, 0.0 ], [ 128.230415389000058, 2.130565138000065, 0.0 ], [ 128.230480756000219, 2.130684847000111, 0.0 ], [ 128.230480727000213, 2.130744685000082, 0.0 ], [ 128.230546073999989, 2.130906281000136, 0.0 ], [ 128.230581720000231, 2.130990072000031, 0.0 ], [ 128.230748226000145, 2.131061962000103, 0.0 ], [ 128.230843342000043, 2.131163733999983, 0.0 ], [ 128.230944413000174, 2.131253541000091, 0.0 ], [ 128.231003862000165, 2.131313409000029, 0.0 ], [ 128.231110883000014, 2.131397237000045, 0.0 ], [ 128.231170312000103, 2.131498992000047, 0.0 ], [ 128.231253541000086, 2.131582807000142, 0.0 ], [ 128.231378376000038, 2.131726480000055, 0.0 ], [ 128.231473492000163, 2.131828253000038, 0.0 ], [ 128.231550777000024, 2.131906081000068, 0.0 ], [ 128.231645911000072, 2.131971951000025, 0.0 ], [ 128.231752928000191, 2.132061762000034, 0.0 ], [ 128.231853987000136, 2.132175505000135, 0.0 ], [ 128.231990712000282, 2.132331152000119, 0.0 ], [ 128.232044214000069, 2.132391017000031, 0.0 ], [ 128.232073879000012, 2.132540628000072, 0.0 ], [ 128.232032185000065, 2.13266028300012, 0.0 ], [ 128.231948855000127, 2.132779918000153, 0.0 ], [ 128.231895288, 2.132851696000046, 0.0 ], [ 128.231847639000051, 2.132983316000093, 0.0 ], [ 128.23176429300031, 2.133132870000054, 0.0 ], [ 128.231675030000105, 2.13322258200003, 0.0 ], [ 128.231651170000077, 2.133360198000049, 0.0 ], [ 128.231573811000175, 2.133431965, 0.0 ], [ 128.231520247000049, 2.133497759000136, 0.0 ], [ 128.231514234000286, 2.133629400000074, 0.0 ], [ 128.231442784999984, 2.133778959000097, 0.0 ], [ 128.231371341000084, 2.133916551000141, 0.0 ], [ 128.231270164000165, 2.134042160000149, 0.0 ], [ 128.231198720000151, 2.134179751999965, 0.0 ], [ 128.231127283000177, 2.134305376000043, 0.0 ], [ 128.231085587000138, 2.134425031000092, 0.0 ], [ 128.231049847, 2.134532722000074, 0.0 ], [ 128.230978457000077, 2.134562605000099, 0.0 ], [ 128.230883254000304, 2.134634363000032, 0.0 ], [ 128.230883207, 2.134730104000027, 0.0 ], [ 128.230862134810394, 2.134788309235887, 0.0 ], [ 128.230859382000176, 2.134795913000232, 0.0 ], [ 128.230848764754199, 2.134804853118736, 0.0 ], [ 128.230639216000185, 2.134981301000153, 0.0 ], [ 128.230508298999979, 2.135106895000035, 0.0 ], [ 128.230430913000276, 2.135232516000031, 0.0 ], [ 128.230359479000043, 2.13535215600018, 0.0 ], [ 128.230246390000019, 2.135507678000068, 0.0 ], [ 128.230145222000033, 2.135615336000114, 0.0 ], [ 128.230079735000203, 2.135734979000119, 0.0 ], [ 128.230038064000013, 2.135806764000108, 0.0 ], [ 128.229960693000265, 2.135902465000128, 0.0 ], [ 128.229835742000176, 2.13599216, 0.0 ], [ 128.229752432000026, 2.136069907000149, 0.0 ], [ 128.229692914000083, 2.136147666000113, 0.0 ], [ 128.229621488, 2.136249355000075, 0.0 ], [ 128.229550056000335, 2.136363012000117, 0.0 ], [ 128.229508367000193, 2.136470699000085, 0.0 ], [ 128.229442880000164, 2.136590342000147, 0.0 ], [ 128.229359570000014, 2.136668090000171, 0.0 ], [ 128.229306018000187, 2.136709950000239, 0.0 ], [ 128.22918702600029, 2.136775712000031, 0.0 ], [ 128.229145354999986, 2.136847494999984, 0.0 ], [ 128.229085828000137, 2.136943207000116, 0.0 ], [ 128.229008442000094, 2.137068828000281, 0.0 ], [ 128.228966756000062, 2.137170531000095, 0.0 ], [ 128.228889396000199, 2.137242298000047, 0.0 ], [ 128.228841768000024, 2.13733203000021, 0.0 ], [ 128.228794146000126, 2.137409797000146, 0.0 ], [ 128.228716772000098, 2.13751148200015, 0.0 ], [ 128.228675107000157, 2.137571299, 0.0 ], [ 128.228496561000128, 2.13778662600015, 0.0 ], [ 128.228353783000188, 2.137840407000056, 0.0 ], [ 128.228240715000055, 2.137954043000093, 0.0 ], [ 128.228115704000146, 2.138163412999973, 0.0 ], [ 128.228056173999988, 2.138265108000155, 0.0 ], [ 128.227949061000089, 2.138366778000034, 0.0 ], [ 128.22787168700026, 2.138468462999981, 0.0 ], [ 128.227824061000064, 2.138552213000025, 0.0 ], [ 128.22776453700007, 2.13864194000007, 0.0 ], [ 128.22766930900022, 2.138761567000074, 0.0 ], [ 128.227585991000069, 2.138857266000115, 0.0 ], [ 128.227526484000236, 2.138911090000136, 0.0 ], [ 128.227431281000094, 2.13898284700008, 0.0 ], [ 128.227336078000093, 2.139054605000183, 0.0 ], [ 128.227264685, 2.139090471000145, 0.0 ], [ 128.227258695000017, 2.139174242000025, 0.0 ], [ 128.227222974, 2.139240045000065, 0.0 ], [ 128.227181299000193, 2.139317813000105, 0.0 ], [ 128.227157472000044, 2.139389607, 0.0 ], [ 128.227092017000103, 2.139443428000106, 0.0 ], [ 128.227032523000133, 2.139473317000181, 0.0 ], [ 128.226943274000178, 2.139533110000059, 0.0 ], [ 128.226871884000019, 2.139562993000141, 0.0 ], [ 128.226812371000022, 2.13962878500007, 0.0 ], [ 128.226764718999988, 2.139766388, 0.0 ], [ 128.226693283000117, 2.139886028000148, 0.0 ], [ 128.22662186, 2.139981733000127, 0.0 ], [ 128.226586148999985, 2.140029585000036, 0.0 ], [ 128.226502847000205, 2.140089381000166, 0.0 ], [ 128.226461197000134, 2.140119278000099, 0.0 ], [ 128.226419570000161, 2.14010130600002, 0.0 ], [ 128.22638388200005, 2.140101287999982, 0.0 ], [ 128.226330329000092, 2.140143147000174, 0.0 ], [ 128.226318413000058, 2.14018502800019, 0.0 ], [ 128.226264848000113, 2.140250822000098, 0.0 ], [ 128.226175602000012, 2.140304631000049, 0.0 ], [ 128.226116105000159, 2.140340504000108, 0.0 ], [ 128.225907914000089, 2.140364333000036, 0.0 ], [ 128.225830567000315, 2.140412164000168, 0.0 ], [ 128.225663995000076, 2.140471918000117, 0.0 ], [ 128.225610433000014, 2.140531729000201, 0.0 ], [ 128.225420039000113, 2.140651308000031, 0.0 ], [ 128.225277237000199, 2.1407529600001, 0.0 ], [ 128.225092808000085, 2.140836640000089, 0.0 ], [ 128.225015464000279, 2.140878487000293, 0.0 ], [ 128.224664487000126, 2.140974049000022, 0.0 ], [ 128.224644372065285, 2.140979363460701, 0.0 ], [ 128.224551461000033, 2.141003910999984, 0.0 ], [ 128.224420604000073, 2.141009828000051, 0.0 ], [ 128.224307586, 2.14102173800012, 0.0 ], [ 128.224200520000039, 2.141027667000173, 0.0 ], [ 128.224045877000066, 2.141021605000049, 0.0 ], [ 128.22404590000005, 2.140973734000056, 0.0 ], [ 128.224070536186673, 2.14093183997403, 0.0 ], [ 128.224123291000268, 2.14084213000001, 0.0 ], [ 128.224164944000108, 2.140806249000149, 0.0 ], [ 128.224200662000015, 2.140746429, 0.0 ], [ 128.224218520999983, 2.140716519000023, 0.0 ], [ 128.224224492000047, 2.140668652000045, 0.0 ] ], [ [ 128.215764814319726, 2.118815685009565, 0.0 ], [ 128.215715013636526, 2.123219727491403, 0.0 ], [ 128.212706420768171, 2.123184902274033, 0.0 ], [ 128.21270988437729, 2.121454072587312, 0.0 ], [ 128.212710240815881, 2.121275926451972, 0.0 ], [ 128.212643029000077, 2.121275892000256, 0.0 ], [ 128.212481248000103, 2.121275810000042, 0.0 ], [ 128.212405103000236, 2.121299706000286, 0.0 ], [ 128.212372764393621, 2.121306498074716, 0.0 ], [ 128.212200475, 2.121342684000069, 0.0 ], [ 128.212038683000145, 2.121361749000187, 0.0 ], [ 128.212015433587425, 2.121366660800732, 0.0 ], [ 128.211948266000036, 2.121380851000311, 0.0 ], [ 128.211781714000125, 2.121404701000187, 0.0 ], [ 128.211710328000066, 2.121428599000353, 0.0 ], [ 128.211548525000097, 2.121471599000188, 0.0 ], [ 128.211391481000049, 2.121509814999968, 0.0 ], [ 128.211282012000169, 2.12156720400003, 0.0 ], [ 128.211134490000035, 2.121595851000166, 0.0 ], [ 128.211048830000067, 2.121619741000188, 0.0 ], [ 128.210896545000168, 2.12165796000005, 0.0 ], [ 128.210831906209791, 2.121672704151762, 0.0 ], [ 128.210791850000049, 2.121681841000168, 0.0 ], [ 128.210687157000024, 2.121705723000047, 0.0 ], [ 128.210591990000097, 2.121705673, 0.0 ], [ 128.210473012000165, 2.121748696000111, 0.0 ], [ 128.210377793, 2.121853961000057, 0.0 ], [ 128.210249273000017, 2.121944849000101, 0.0 ], [ 128.210206420000162, 2.122002271000042, 0.0 ], [ 128.210205853492397, 2.122002802387271, 0.0 ], [ 128.210135011, 2.122069253000063, 0.0 ], [ 128.210087387000016, 2.122150607000037, 0.0 ], [ 128.210011215000122, 2.122227161000183, 0.0 ], [ 128.209939790000107, 2.122327651000148, 0.0 ], [ 128.209877879, 2.122432934000244, 0.0 ], [ 128.20975886800008, 2.122538188000078, 0.0 ], [ 128.209611299000017, 2.12266257400006, 0.0 ], [ 128.209501821000231, 2.122734323000032, 0.0 ], [ 128.209416140000116, 2.122796511000046, 0.0 ], [ 128.209354256000182, 2.122849136000013, 0.0 ], [ 128.209282865000063, 2.122882609000044, 0.0 ], [ 128.209206713000157, 2.12292086600013, 0.0 ], [ 128.209140070000188, 2.122973489000117, 0.0 ], [ 128.209035378000038, 2.122992583000098, 0.0 ], [ 128.20898778800003, 2.123006919000034, 0.0 ], [ 128.208883083000046, 2.123049949000063, 0.0 ], [ 128.208835479000186, 2.123093008000125, 0.0 ], [ 128.208573695000126, 2.123246057000131, 0.0 ], [ 128.208483264000023, 2.123293881000165, 0.0 ], [ 128.208378555000166, 2.123346483999967, 0.0 ], [ 128.208283372000182, 2.123379945000181, 0.0 ], [ 128.208150125000088, 2.12340859800014, 0.0 ], [ 128.20803116400009, 2.123418111000149, 0.0 ], [ 128.207950248000202, 2.123465940000074, 0.0 ], [ 128.207888364000013, 2.123518564, 0.0 ], [ 128.207862272548368, 2.1235424023576, 0.0 ], [ 128.207835998000149, 2.123566408000045, 0.0 ], [ 128.207755083000251, 2.123614236000094, 0.0 ], [ 128.20771223600002, 2.123657297000022, 0.0 ], [ 128.20767891400007, 2.123686003000103, 0.0 ], [ 128.207611003676988, 2.123705484773609, 0.0 ], [ 128.207578975000246, 2.123714673000166, 0.0 ], [ 128.207517108000019, 2.123733789000311, 0.0 ], [ 128.207460011000052, 2.123728971999981, 0.0 ], [ 128.207412435, 2.123714587000335, 0.0 ], [ 128.207355350000171, 2.12368583500006, 0.0 ], [ 128.207283966000062, 2.123704947000078, 0.0 ], [ 128.2071744940001, 2.123767122000118, 0.0 ], [ 128.207160209000079, 2.123786262000124, 0.0 ], [ 128.207084067000181, 2.123805371, 0.0 ], [ 128.20701268500008, 2.123819695000123, 0.0 ], [ 128.206927032000038, 2.123829225000236, 0.0 ], [ 128.206817581000308, 2.12384831700001, 0.0 ], [ 128.206750968000023, 2.123843496000064, 0.0 ], [ 128.206622503000034, 2.123824281000168, 0.0 ], [ 128.20654162300022, 2.123805091000179, 0.0 ], [ 128.206470272000161, 2.123757184000056, 0.0 ], [ 128.206513117000185, 2.123718910000036, 0.0 ], [ 128.206546451000094, 2.123666270000172, 0.0 ], [ 128.206551225000084, 2.123637550000069, 0.0 ], [ 128.20658457200031, 2.123560975000033, 0.0 ], [ 128.206608399000032, 2.123489182000071, 0.0 ], [ 128.20669885300012, 2.123398275000283, 0.0 ], [ 128.206760750000143, 2.123321715000145, 0.0 ], [ 128.206784551000027, 2.123302579000153, 0.0 ], [ 128.206879758000213, 2.123221248999982, 0.0 ], [ 128.206917849000092, 2.123173398000063, 0.0 ], [ 128.206946419, 2.12313511800005, 0.0 ], [ 128.206960705000114, 2.123111189000156, 0.0 ], [ 128.207036887000157, 2.123015488000135, 0.0 ], [ 128.207084506000115, 2.122943708000037, 0.0 ], [ 128.207122599000144, 2.122891070000151, 0.0 ], [ 128.207236842000128, 2.122804963000021, 0.0 ], [ 128.207308235999989, 2.122766703000081, 0.0 ], [ 128.207474824000059, 2.122671049000132, 0.0 ], [ 128.207617619000047, 2.122580168000354, 0.0 ], [ 128.207664129388007, 2.1225147319077, 0.0 ], [ 128.207665236, 2.122513175000051, 0.0 ], [ 128.20770808000006, 2.12247490100009, 0.0 ], [ 128.207855626000168, 2.12239838500011, 0.0 ], [ 128.207912754000034, 2.122340969, 0.0 ], [ 128.208207861000091, 2.122159215000067, 0.0 ], [ 128.208269742000169, 2.122111377000181, 0.0 ], [ 128.20832686900016, 2.122058749000076, 0.0 ], [ 128.208441113000021, 2.121967854000103, 0.0 ], [ 128.208517268, 2.121924810000109, 0.0 ], [ 128.208532303029955, 2.121914017609697, 0.0 ], [ 128.208583909000112, 2.121876974000088, 0.0 ], [ 128.208660068000057, 2.121824357000094, 0.0 ], [ 128.20871718600003, 2.12178609, 0.0 ], [ 128.208817133, 2.121743058, 0.0 ], [ 128.208864729000055, 2.121714360000112, 0.0 ], [ 128.20892185000011, 2.12167130600011, 0.0 ], [ 128.208959941000074, 2.121623455000133, 0.0 ], [ 128.209012304000083, 2.121580399000152, 0.0 ], [ 128.209055141, 2.121556486000032, 0.0 ], [ 128.209131285000097, 2.121532590000186, 0.0 ], [ 128.209221718000094, 2.121484766000151, 0.0 ], [ 128.209245511000148, 2.121479992000104, 0.0 ], [ 128.209312144999984, 2.121446517000095, 0.0 ], [ 128.209407329000214, 2.121408270000188, 0.0 ], [ 128.20944064, 2.121403500000156, 0.0 ], [ 128.209459699000121, 2.121350852000034, 0.0 ], [ 128.209445446999979, 2.121307762000072, 0.0 ], [ 128.209512072000052, 2.121288648000074, 0.0 ], [ 128.209550138000026, 2.121288667000328, 0.0 ], [ 128.209640541000084, 2.121298287000059, 0.0 ], [ 128.209678607000086, 2.121298307000075, 0.0 ], [ 128.209697650000152, 2.121279169000104, 0.0 ], [ 128.20973096800023, 2.121260038000173, 0.0 ], [ 128.20970718800001, 2.121236091000242, 0.0 ], [ 128.209711962000114, 2.121207371000196, 0.0 ], [ 128.209764316, 2.121178676, 0.0 ], [ 128.209830936000202, 2.121173923000072, 0.0 ], [ 128.20987851300012, 2.121183521000148, 0.0 ], [ 128.209926105000022, 2.121164398000076, 0.0 ], [ 128.209973696000105, 2.121150061000037, 0.0 ], [ 128.210116463000048, 2.121111838, 0.0 ], [ 128.210140255000255, 2.12111185100008, 0.0 ], [ 128.21021638900001, 2.121107102000167, 0.0 ], [ 128.210216414000087, 2.121059232000106, 0.0 ], [ 128.210273533000048, 2.121020965000014, 0.0 ], [ 128.210297324000038, 2.121020978000104, 0.0 ], [ 128.210335390000154, 2.121020998000119, 0.0 ], [ 128.210359172000011, 2.121040158000085, 0.0 ], [ 128.210392478000102, 2.121044962000156, 0.0 ], [ 128.210435302000036, 2.121044983000048, 0.0 ], [ 128.210463852000288, 2.121044999000048, 0.0 ], [ 128.210482902000052, 2.121011499000133, 0.0 ], [ 128.210511466000156, 2.120982792000177, 0.0 ], [ 128.210549535000013, 2.120978024000294, 0.0 ], [ 128.210611378000038, 2.121006778000209, 0.0 ], [ 128.210611371, 2.12102113900005, 0.0 ], [ 128.210654190000099, 2.121030735000147, 0.0 ], [ 128.210730323000092, 2.121030774000019, 0.0 ], [ 128.210806453, 2.121035600000084, 0.0 ], [ 128.210849277000165, 2.121035622000079, 0.0 ], [ 128.210896858000041, 2.121040434000121, 0.0 ], [ 128.211015818000163, 2.121035707000033, 0.0 ], [ 128.211106239000031, 2.121007031000146, 0.0 ], [ 128.211158578000067, 2.121011845000169, 0.0 ], [ 128.211315611, 2.120992778000073, 0.0 ], [ 128.211372713000259, 2.120988020000084, 0.0 ], [ 128.211501193000089, 2.120973725000056, 0.0 ], [ 128.21164871700023, 2.120940292, 0.0 ], [ 128.211739130000154, 2.120930763000046, 0.0 ], [ 128.211958042000077, 2.120868644000154, 0.0 ], [ 128.212077021000113, 2.120825622000098, 0.0 ], [ 128.212210248, 2.12083526400005, 0.0 ], [ 128.212240545517574, 2.120832888957978, 0.0 ], [ 128.212322256191754, 2.120826483605128, 0.0 ], [ 128.212452930000012, 2.120816240000238, 0.0 ], [ 128.212648020000046, 2.120816340000089, 0.0 ], [ 128.212711142148208, 2.120825445172841, 0.0 ], [ 128.212711497295999, 2.120647944155622, 0.0 ], [ 128.212719516398323, 2.118814131510021, 0.0 ], [ 128.215764814319726, 2.118815685009565, 0.0 ] ], [ [ 128.269327290000064, 2.077839764999965, 0.0 ], [ 128.26941048, 2.077811918000066, 0.0 ], [ 128.269493657000112, 2.077811957000165, 0.0 ], [ 128.269568829000121, 2.077801720000139, 0.0 ], [ 128.269615308000311, 2.077735003000043, 0.0 ], [ 128.269607064000155, 2.077623215000187, 0.0 ], [ 128.269528454000209, 2.07751219700009, 0.0 ], [ 128.269445346000083, 2.077358785000172, 0.0 ], [ 128.269431537000145, 2.077240262000032, 0.0 ], [ 128.269470238000025, 2.07709487500017, 0.0 ], [ 128.269565825000058, 2.076985482999987, 0.0 ], [ 128.26967469600001, 2.076841402000241, 0.0 ], [ 128.269735793000109, 2.076713312000152, 0.0 ], [ 128.269806167000041, 2.076522369000031, 0.0 ], [ 128.269948720000201, 2.076379177000091, 0.0 ], [ 128.270105326, 2.076312522000023, 0.0 ], [ 128.270256847000013, 2.076229776000105, 0.0 ], [ 128.270325457501229, 2.076201463300379, 0.0 ], [ 128.270334221269167, 2.076192660309857, 0.0 ], [ 128.270416169143203, 2.076157781364089, 0.0 ], [ 128.270548061000113, 2.076027734999968, 0.0 ], [ 128.27064978000007, 2.075791694000088, 0.0 ], [ 128.270757016000061, 2.075643357000161, 0.0 ], [ 128.270923856000053, 2.075591213000109, 0.0 ], [ 128.271047911657519, 2.075587705055227, 0.0 ], [ 128.271109624, 2.075585960000125, 0.0 ], [ 128.271287453000014, 2.075529993000032, 0.0 ], [ 128.27155023000023, 2.075418012000057, 0.0 ], [ 128.271844834, 2.075346079999974, 0.0 ], [ 128.272309840000133, 2.075260641000113, 0.0 ], [ 128.272580176000105, 2.075239852999971, 0.0 ], [ 128.272857438000187, 2.075233010000034, 0.0 ], [ 128.273065387000059, 2.075226134, 0.0 ], [ 128.273280232000133, 2.075288977000127, 0.0 ], [ 128.273446528, 2.075421514000027, 0.0 ], [ 128.273585074000124, 2.075602836000258, 0.0 ], [ 128.273612744000133, 2.075728337000101, 0.0 ], [ 128.27363345500018, 2.075909606000096, 0.0 ], [ 128.273584866000306, 2.076062957000034, 0.0 ], [ 128.273501623000129, 2.076202349000028, 0.0 ], [ 128.273425285, 2.076404489000083, 0.0 ], [ 128.273258770000297, 2.076752990000045, 0.0 ], [ 128.273175507000104, 2.076941181000052, 0.0 ], [ 128.273154600000083, 2.077185174000078, 0.0 ], [ 128.273105991000051, 2.077380356999981, 0.0 ], [ 128.272988078999987, 2.07754761800004, 0.0 ], [ 128.272911767000068, 2.077693985, 0.0 ], [ 128.272793854000014, 2.077861247000158, 0.0 ], [ 128.272699413572667, 2.077962472924866, 0.0 ], [ 128.272689831000065, 2.077972744000078, 0.0 ], [ 128.272558092000025, 2.07806331300003, 0.0 ], [ 128.27241860400008, 2.078113090000159, 0.0 ], [ 128.272134370000202, 2.07821056, 0.0 ], [ 128.271850169000203, 2.078231342000151, 0.0 ], [ 128.271747091040538, 2.078242562212097, 0.0 ], [ 128.271531304000035, 2.078266051000071, 0.0 ], [ 128.271267895000022, 2.078293816000154, 0.0 ], [ 128.270983685000118, 2.078335512000081, 0.0 ], [ 128.27084504900003, 2.078349392000121, 0.0 ], [ 128.270581652, 2.07834927000016, 0.0 ], [ 128.270345992000188, 2.078328247000059, 0.0 ], [ 128.270124185000071, 2.078328144000352, 0.0 ], [ 128.269881583, 2.07832803100007, 0.0 ], [ 128.269673681000057, 2.078237304000083, 0.0 ], [ 128.269541986000121, 2.078230272000041, 0.0 ], [ 128.269361789000044, 2.078181386000097, 0.0 ], [ 128.269257866000061, 2.078076766000151, 0.0 ], [ 128.269250996000181, 2.077944303000095, 0.0 ], [ 128.269327290000064, 2.077839764999965, 0.0 ] ] ] ] } }
]
}
